================ MAD (base, no LoRA) 8-GPU vLLM Run ================
time: 2026-09-11 02:40:20 CST
host: d1n41a24g03
project_root: /data/wangyuheng/jca
python: /data/conda_envs/qwen35/bin/python
vllm_python: /data/conda_envs/drb_py311_clean/bin/python
run_id: baseline_queue_20260911_001457_040_musique_mad
run_dir: /data/wangyuheng/jca/logs/baseline_queue/baseline_queue_20260911_001457/040_musique_mad
output_path: /data/wangyuheng/jca/logs/baseline_queue/baseline_queue_20260911_001457/040_musique_mad/results.jsonl
log_path: /data/wangyuheng/jca/logs/baseline_queue/baseline_queue_20260911_001457/040_musique_mad/run.log
config_path: /data/wangyuheng/jca/logs/baseline_queue/baseline_queue_20260911_001457/040_musique_mad/config.env
command_path: /data/wangyuheng/jca/logs/baseline_queue/baseline_queue_20260911_001457/040_musique_mad/command.txt
summary_path: /data/wangyuheng/jca/logs/baseline_queue/baseline_queue_20260911_001457/040_musique_mad/summary.txt
server_logs:
  A1: /data/wangyuheng/jca/logs/baseline_queue/baseline_queue_20260911_001457/040_musique_mad/A1_server.log
  A2: /data/wangyuheng/jca/logs/baseline_queue/baseline_queue_20260911_001457/040_musique_mad/A2_server.log
  A3: /data/wangyuheng/jca/logs/baseline_queue/baseline_queue_20260911_001457/040_musique_mad/A3_server.log

---------------- Configuration ----------------
Config snapshot written to /data/wangyuheng/jca/logs/baseline_queue/baseline_queue_20260911_001457/040_musique_mad/config.env
SPLIT=dev START=0 LIMIT=2417 N_ROUNDS=3 MAX_CONCURRENCY=64
TEMPERATURE_ROUND0=0.9 TEMPERATURE_DEBATE=0.3
TIE_BREAK_ORDER=A3,A2,A1
TORCH_DTYPE=bfloat16 MAX_NEW_TOKENS=2048 TOP_P=0.95
ENABLE_THINKING=0 LOG_RAW_CHARS=0 API_TIMEOUT=900
HOST=127.0.0.1
A1: model=/data/wangyuheng/models/Qwen3-1.7B served=A1_base port=8201 gpus=0,1 tp=2
A2: model=/data/wangyuheng/models/Qwen3-4B served=A2_base port=8202 gpus=2,3 tp=2
A3: model=/data/wangyuheng/models/Qwen3-8B served=A3_base port=8203 gpus=4,5,6,7 tp=4
GPU_MEMORY_UTILIZATION=0.80 MAX_MODEL_LEN=8192 ENFORCE_EAGER=1
DISABLE_PREFIX_CACHING=1 DISABLE_CHUNKED_PREFILL=1
SERVER_WAIT_TIMEOUT=900 USE_EXISTING_SERVERS=0 KEEP_SERVERS=0 DRY_RUN=0
EXTRA_ARGS=
EXTRA_VLLM_ARGS=

---------------- Preflight ----------------
Python 3.12.13
torch: OK
transformers: OK
vllm: OK
torch_version: 2.10.0+cu128
cuda_available: True
cuda_device_count: 8
vllm_version: 0.18.0

---------------- nvidia-smi before ----------------
Fri Sep 11 02:40:26 2026       
+-----------------------------------------------------------------------------------------+
| NVIDIA-SMI 580.105.08             Driver Version: 580.105.08     CUDA Version: 13.0     |
+-----------------------------------------+------------------------+----------------------+
| GPU  Name                 Persistence-M | Bus-Id          Disp.A | Volatile Uncorr. ECC |
| Fan  Temp   Perf          Pwr:Usage/Cap |           Memory-Usage | GPU-Util  Compute M. |
|                                         |                        |               MIG M. |
|=========================================+========================+======================|
|   0  NVIDIA A800-SXM4-80GB          On  |   00000000:10:00.0 Off |                    0 |
| N/A   26C    P0             56W /  400W |       0MiB /  81920MiB |      0%      Default |
|                                         |                        |             Disabled |
+-----------------------------------------+------------------------+----------------------+
|   1  NVIDIA A800-SXM4-80GB          On  |   00000000:16:00.0 Off |                    0 |
| N/A   24C    P0             56W /  400W |       0MiB /  81920MiB |      0%      Default |
|                                         |                        |             Disabled |
+-----------------------------------------+------------------------+----------------------+
|   2  NVIDIA A800-SXM4-80GB          On  |   00000000:49:00.0 Off |                    0 |
| N/A   24C    P0             55W /  400W |       0MiB /  81920MiB |      0%      Default |
|                                         |                        |             Disabled |
+-----------------------------------------+------------------------+----------------------+
|   3  NVIDIA A800-SXM4-80GB          On  |   00000000:4D:00.0 Off |                    0 |
| N/A   26C    P0             57W /  400W |       0MiB /  81920MiB |      0%      Default |
|                                         |                        |             Disabled |
+-----------------------------------------+------------------------+----------------------+
|   4  NVIDIA A800-SXM4-80GB          On  |   00000000:8A:00.0 Off |                    0 |
| N/A   25C    P0             55W /  400W |       0MiB /  81920MiB |      0%      Default |
|                                         |                        |             Disabled |
+-----------------------------------------+------------------------+----------------------+
|   5  NVIDIA A800-SXM4-80GB          On  |   00000000:8F:00.0 Off |                    0 |
| N/A   26C    P0             59W /  400W |       0MiB /  81920MiB |      0%      Default |
|                                         |                        |             Disabled |
+-----------------------------------------+------------------------+----------------------+
|   6  NVIDIA A800-SXM4-80GB          On  |   00000000:C6:00.0 Off |                    0 |
| N/A   25C    P0             56W /  400W |       0MiB /  81920MiB |      0%      Default |
|                                         |                        |             Disabled |
+-----------------------------------------+------------------------+----------------------+
|   7  NVIDIA A800-SXM4-80GB          On  |   00000000:CA:00.0 Off |                    0 |
| N/A   26C    P0             56W /  400W |       0MiB /  81920MiB |      0%      Default |
|                                         |                        |             Disabled |
+-----------------------------------------+------------------------+----------------------+

+-----------------------------------------------------------------------------------------+
| Processes:                                                                              |
|  GPU   GI   CI              PID   Type   Process name                        GPU Memory |
|        ID   ID                                                               Usage      |
|=========================================================================================|
|  No running processes found                                                             |
+-----------------------------------------------------------------------------------------+

---------------- Runner Command ----------------
/data/conda_envs/qwen35/bin/python baseline/MuSiQue/MAD/run_mad.py --split dev --data-dir musique_data --start 0 --limit 2417 --n-rounds 3 --max-new-tokens 2048 --temperature-round0 0.9 --temperature-debate 0.3 --top-p 0.95 --api-base-a1 http://127.0.0.1:8201/v1 --api-base-a2 http://127.0.0.1:8202/v1 --api-base-a3 http://127.0.0.1:8203/v1 --api-model-a1 A1_base --api-model-a2 A2_base --api-model-a3 A3_base --api-timeout 900 --max-concurrency 64 --tie-break-order A3\,A2\,A1 --output /data/wangyuheng/jca/logs/baseline_queue/baseline_queue_20260911_001457/040_musique_mad/results.jsonl --log-raw-chars 0 
Runner command written to /data/wangyuheng/jca/logs/baseline_queue/baseline_queue_20260911_001457/040_musique_mad/command.txt

---------------- Starting vLLM Base Servers ----------------
Starting A1 base server on GPUs 0,1, TP=2, port=8201
  base_model: /data/wangyuheng/models/Qwen3-1.7B
  served name: A1_base
  server log: /data/wangyuheng/jca/logs/baseline_queue/baseline_queue_20260911_001457/040_musique_mad/A1_server.log
  process_group: 1836870
Starting A2 base server on GPUs 2,3, TP=2, port=8202
  base_model: /data/wangyuheng/models/Qwen3-4B
  served name: A2_base
  server log: /data/wangyuheng/jca/logs/baseline_queue/baseline_queue_20260911_001457/040_musique_mad/A2_server.log
  process_group: 1836873
Starting A3 base server on GPUs 4,5,6,7, TP=4, port=8203
  base_model: /data/wangyuheng/models/Qwen3-8B
  served name: A3_base
  server log: /data/wangyuheng/jca/logs/baseline_queue/baseline_queue_20260911_001457/040_musique_mad/A3_server.log
  process_group: 1836876

---------------- Waiting for Base Models ----------------
A1 ready: ['A1_base']
A2 ready: ['A2_base']
A3 ready: ['A3_base']

---------------- nvidia-smi after server start ----------------
Fri Sep 11 02:41:15 2026       
+-----------------------------------------------------------------------------------------+
| NVIDIA-SMI 580.105.08             Driver Version: 580.105.08     CUDA Version: 13.0     |
+-----------------------------------------+------------------------+----------------------+
| GPU  Name                 Persistence-M | Bus-Id          Disp.A | Volatile Uncorr. ECC |
| Fan  Temp   Perf          Pwr:Usage/Cap |           Memory-Usage | GPU-Util  Compute M. |
|                                         |                        |               MIG M. |
|=========================================+========================+======================|
|   0  NVIDIA A800-SXM4-80GB          On  |   00000000:10:00.0 Off |                    0 |
| N/A   27C    P0             62W /  400W |   66395MiB /  81920MiB |      0%      Default |
|                                         |                        |             Disabled |
+-----------------------------------------+------------------------+----------------------+
|   1  NVIDIA A800-SXM4-80GB          On  |   00000000:16:00.0 Off |                    0 |
| N/A   25C    P0             63W /  400W |   66395MiB /  81920MiB |      0%      Default |
|                                         |                        |             Disabled |
+-----------------------------------------+------------------------+----------------------+
|   2  NVIDIA A800-SXM4-80GB          On  |   00000000:49:00.0 Off |                    0 |
| N/A   25C    P0             61W /  400W |   66401MiB /  81920MiB |      0%      Default |
|                                         |                        |             Disabled |
+-----------------------------------------+------------------------+----------------------+
|   3  NVIDIA A800-SXM4-80GB          On  |   00000000:4D:00.0 Off |                    0 |
| N/A   27C    P0             64W /  400W |   66401MiB /  81920MiB |      0%      Default |
|                                         |                        |             Disabled |
+-----------------------------------------+------------------------+----------------------+
|   4  NVIDIA A800-SXM4-80GB          On  |   00000000:8A:00.0 Off |                    0 |
| N/A   26C    P0             60W /  400W |   66373MiB /  81920MiB |      0%      Default |
|                                         |                        |             Disabled |
+-----------------------------------------+------------------------+----------------------+
|   5  NVIDIA A800-SXM4-80GB          On  |   00000000:8F:00.0 Off |                    0 |
| N/A   27C    P0             65W /  400W |   66373MiB /  81920MiB |      0%      Default |
|                                         |                        |             Disabled |
+-----------------------------------------+------------------------+----------------------+
|   6  NVIDIA A800-SXM4-80GB          On  |   00000000:C6:00.0 Off |                    0 |
| N/A   26C    P0             63W /  400W |   66373MiB /  81920MiB |      0%      Default |
|                                         |                        |             Disabled |
+-----------------------------------------+------------------------+----------------------+
|   7  NVIDIA A800-SXM4-80GB          On  |   00000000:CA:00.0 Off |                    0 |
| N/A   27C    P0             62W /  400W |   66373MiB /  81920MiB |      0%      Default |
|                                         |                        |             Disabled |
+-----------------------------------------+------------------------+----------------------+

+-----------------------------------------------------------------------------------------+
| Processes:                                                                              |
|  GPU   GI   CI              PID   Type   Process name                        GPU Memory |
|        ID   ID                                                               Usage      |
|=========================================================================================|
|    0   N/A  N/A         1840312      C   VLLM::Worker_TP0                      66386MiB |
|    1   N/A  N/A         1840313      C   VLLM::Worker_TP1                      66386MiB |
|    2   N/A  N/A         1840318      C   VLLM::Worker_TP0                      66392MiB |
|    3   N/A  N/A         1840319      C   VLLM::Worker_TP1                      66392MiB |
|    4   N/A  N/A         1840304      C   VLLM::Worker_TP0                      66364MiB |
|    5   N/A  N/A         1840305      C   VLLM::Worker_TP1                      66364MiB |
|    6   N/A  N/A         1840306      C   VLLM::Worker_TP2                      66364MiB |
|    7   N/A  N/A         1840307      C   VLLM::Worker_TP3                      66364MiB |
+-----------------------------------------------------------------------------------------+

---------------- Run Output ----------------
MAD MuSiQue inference
  split: dev
  selected: start=0, n=2417
  n_rounds: 3
  temperature_round0: 0.9
  temperature_debate: 0.3
  max_new_tokens: 2048
  tie_break_order: ['A3', 'A2', 'A1']
  max_concurrency: 64
  output: /data/wangyuheng/jca/logs/baseline_queue/baseline_queue_20260911_001457/040_musique_mad/results.jsonl
  A1 api: http://127.0.0.1:8201/v1 model=A1_base temps=(r0=0.9, deb=0.3)
  A2 api: http://127.0.0.1:8202/v1 model=A2_base temps=(r0=0.9, deb=0.3)
  A3 api: http://127.0.0.1:8203/v1 model=A3_base temps=(r0=0.9, deb=0.3)
[1/2417   0.0% elapsed=22.6s eta=15h09m48s] id=2hop__496732_658428 em=0 f1=0.50 tie=False err=False voters=(A1=Bohol Island, A2=Bohol Island, A3=Bohol Island) final=\boxed{Bohol Island}
[2/2417   0.1% elapsed=22.9s eta=7h41m31s] id=2hop__528263_865831 em=1 f1=1.00 tie=False err=False voters=(A1=Randall County, A2=Randall County, A3=Randall County) final=\boxed{Randall County}
[3/2417   0.1% elapsed=23.3s eta=5h12m32s] id=2hop__635187_861533 em=0 f1=0.00 tie=False err=False voters=(A1=Tanzania, A2=Tanzania, A3=Tanzania) final=\boxed{Tanzania}
[4/2417   0.2% elapsed=23.9s eta=4h00m05s] id=2hop__821197_368148 em=1 f1=1.00 tie=False err=False voters=(A1=Charles County, A2=Charles County, A3=Charles County) final=\boxed{Charles County}
[5/2417   0.2% elapsed=23.9s eta=3h11m59s] id=2hop__231890_595414 em=1 f1=1.00 tie=False err=False voters=(A1=Miller County, A2=Miller County, A3=Miller County) final=\boxed{Miller County}
[6/2417   0.2% elapsed=24.0s eta=2h40m49s] id=2hop__702496_430061 em=1 f1=1.00 tie=False err=False voters=(A1=McDonald County, A2=McDonald County, A3=McDonald County) final=\boxed{McDonald County}
[7/2417   0.3% elapsed=24.4s eta=2h19m55s] id=2hop__411091_625230 em=1 f1=1.00 tie=False err=False voters=(A1=Hancock County, A2=Hancock County, A3=Hancock County) final=\boxed{Hancock County}
[8/2417   0.3% elapsed=24.6s eta=2h03m14s] id=2hop__195917_575657 em=1 f1=1.00 tie=False err=False voters=(A1=Orleans County, A2=Orleans County, A3=Orleans County) final=\boxed{Orleans County}
[9/2417   0.4% elapsed=24.9s eta=1h50m58s] id=2hop__402530_774333 em=1 f1=1.00 tie=False err=False voters=(A1=Crockett County, A2=Crockett, A3=Crockett County) final=\boxed{Crockett County}
[10/2417   0.4% elapsed=24.9s eta=1h39m54s] id=2hop__574419_270105 em=1 f1=1.00 tie=False err=False voters=(A1=Stanley, A2=Stanley, A3=Stanley) final=\boxed{Stanley}
[11/2417   0.5% elapsed=24.9s eta=1h30m51s] id=2hop__175175_347233 em=1 f1=1.00 tie=False err=False voters=(A1=Kenton County, A2=Kenton County, A3=Kenton County) final=\boxed{Kenton County}
[12/2417   0.5% elapsed=25.5s eta=1h25m11s] id=2hop__496961_554601 em=1 f1=1.00 tie=False err=False voters=(A1=Kingscliff, New South Wales, A2=Kingscliff, New South Wales, A3=Kingscliff, New South Wales) final=\boxed{Kingscliff, New South Wales}
[13/2417   0.5% elapsed=25.5s eta=1h18m39s] id=2hop__744055_408817 em=1 f1=1.00 tie=False err=False voters=(A1=Eddie Argos, A2=Eddie Argos, A3=Eddie Argos) final=\boxed{Eddie Argos}
[14/2417   0.6% elapsed=25.8s eta=1h13m44s] id=2hop__731228_609866 em=1 f1=1.00 tie=False err=False voters=(A1=East Dorset, A2=East Dorset, A3=East Dorset) final=\boxed{East Dorset}
[15/2417   0.6% elapsed=26.0s eta=1h09m25s] id=2hop__458131_174974 em=0 f1=0.00 tie=False err=False voters=(A1=Unknown, A2=Unknown, A3=Unknown) final=\boxed{Unknown}
[16/2417   0.7% elapsed=26.0s eta=1h05m06s] id=2hop__274110_413723 em=1 f1=1.00 tie=False err=False voters=(A1=West Berkshire, A2=West Berkshire, A3=West Berkshire) final=\boxed{West Berkshire}
[17/2417   0.7% elapsed=26.3s eta=1h01m59s] id=2hop__505860_650613 em=0 f1=0.80 tie=False err=False voters=(A1=Exeter College, Oxford, A2=Exeter College, Oxford, A3=Exeter College, Oxford) final=\boxed{Exeter College, Oxford}
[18/2417   0.7% elapsed=26.5s eta=58m48s] id=2hop__362107_652514 em=1 f1=1.00 tie=False err=False voters=(A1=Whiston, Merseyside, A2=Knowsley, A3=Knowsley) final=\boxed{Knowsley}
[19/2417   0.8% elapsed=26.5s eta=55m41s] id=2hop__390947_232243 em=0 f1=0.80 tie=False err=False voters=(A1=promote European integration, A2=promote European integration, A3=promote European integration) final=\boxed{promote European integration}
[20/2417   0.8% elapsed=26.5s eta=52m54s] id=2hop__685280_510757 em=1 f1=1.00 tie=False err=False voters=(A1=Peace Corps, A2=Peace Corps, A3=Peace Corps) final=\boxed{Peace Corps}
[21/2417   0.9% elapsed=26.8s eta=50m56s] id=2hop__455158_247871 em=1 f1=1.00 tie=False err=False voters=(A1=Waseca County, A2=Waseca County, A3=Waseca County) final=\boxed{Waseca County}
[22/2417   0.9% elapsed=26.8s eta=48m40s] id=2hop__726717_610238 em=0 f1=0.57 tie=False err=False voters=(A1=National Cycle Network, A2=National Cycle Network, A3=National Cycle Network) final=\boxed{National Cycle Network}
[23/2417   1.0% elapsed=26.9s eta=46m43s] id=2hop__189094_612080 em=1 f1=1.00 tie=False err=False voters=(A1=Maltese Premier League, A2=Maltese Premier League, A3=Maltese Premier League) final=\boxed{Maltese Premier League}
[24/2417   1.0% elapsed=27.0s eta=44m56s] id=2hop__549146_223121 em=1 f1=1.00 tie=False err=False voters=(A1=Asian Man Records, A2=Asian Man Records, A3=Asian Man Records) final=\boxed{Asian Man Records}
[25/2417   1.0% elapsed=27.0s eta=43m07s] id=2hop__628752_538661 em=1 f1=1.00 tie=False err=False voters=(A1=Annapolis, Maryland, A2=Annapolis, Maryland, A3=Annapolis, Maryland) final=\boxed{Annapolis, Maryland}
[26/2417   1.1% elapsed=27.3s eta=41m51s] id=2hop__499577_617190 em=1 f1=1.00 tie=False err=False voters=(A1=Johanne Luise Heiberg, A2=Johanne Luise Heiberg, A3=Johanne Luise Heiberg) final=\boxed{Johanne Luise Heiberg}
[27/2417   1.1% elapsed=27.3s eta=40m18s] id=2hop__304852_758385 em=0 f1=0.50 tie=False err=False voters=(A1=Minnesota, A2=Minnesota, A3=Minnesota) final=\boxed{Minnesota}
[28/2417   1.2% elapsed=27.3s eta=38m53s] id=2hop__832795_350510 em=1 f1=1.00 tie=False err=False voters=(A1=The Jackson 5, A2=The Jackson 5, A3=The Jackson 5) final=\boxed{The Jackson 5}
[29/2417   1.2% elapsed=27.5s eta=37m46s] id=2hop__423972_540249 em=0 f1=0.67 tie=False err=False voters=(A1=Lorenzo de' Medici, A2=Lorenzo de' Medici, A3=Lorenzo de' Medici) final=\boxed{Lorenzo de' Medici}
[30/2417   1.2% elapsed=27.7s eta=36m46s] id=2hop__197470_271394 em=0 f1=0.44 tie=False err=False voters=(A1=Blair International Baccalaureate School, A2=Blair International Baccalaureate School, A3=Blair International Baccalaureate School) final=\boxed{Blair International Baccalaureate School in Pasadena}
[31/2417   1.3% elapsed=27.7s eta=35m34s] id=2hop__569582_304416 em=0 f1=0.57 tie=False err=False voters=(A1=Derrty Entertainment and Universal Recor, A2=Derrty Entertainment and Universal Recor, A3=Derrty Entertainment and Universal Recor) final=\boxed{Derrty Entertainment and Universal Records}
[32/2417   1.3% elapsed=27.7s eta=34m28s] id=2hop__693444_220151 em=1 f1=1.00 tie=True err=False voters=(A1=Not mentioned, A2=Unknown, A3=Joan Erikson) final=\boxed{Joan Erikson}
[33/2417   1.4% elapsed=28.5s eta=34m18s] id=2hop__235471_565925 em=0 f1=0.50 tie=False err=False voters=(A1=Sundazed Records, A2=Sundazed Records, A3=Sundazed Records) final=\boxed{Sundazed Records}
[34/2417   1.4% elapsed=28.5s eta=33m20s] id=2hop__661847_288421 em=0 f1=0.00 tie=False err=False voters=(A1=Def Squad, A2=Def Squad, A3=Def Squad) final=\boxed{Def Squad}
[35/2417   1.4% elapsed=28.8s eta=32m37s] id=2hop__765678_310556 em=1 f1=1.00 tie=False err=False voters=(A1=Valerie Hobson, A2=John Profumo, A3=John Profumo) final=\boxed{John Profumo}
[36/2417   1.5% elapsed=28.8s eta=31m48s] id=2hop__166824_185403 em=1 f1=1.00 tie=False err=False voters=(A1=Lega Pro Prima Divisione, A2=Lega Pro Prima Divisione, A3=Lega Pro Prima Divisione) final=\boxed{Lega Pro Prima Divisione}
[37/2417   1.5% elapsed=29.0s eta=31m08s] id=2hop__342746_679190 em=0 f1=0.00 tie=True err=False voters=(A1=Annabel Brooks, A2=Garson Kanin, A3=Unknown) final=\boxed{Unknown}
[38/2417   1.6% elapsed=29.0s eta=30m19s] id=2hop__354635_174222 em=0 f1=0.40 tie=False err=False voters=(A1=Time Warner Cable, A2=Windjammer Cable, A3=Windjammer Cable) final=\boxed{Windjammer Cable}
[39/2417   1.6% elapsed=29.0s eta=29m31s] id=2hop__335418_279684 em=0 f1=0.55 tie=False err=False voters=(A1=Pittsburgh Pirates, New York Mets, and B, A2=Pittsburgh Pirates, New York Mets, and B, A3=Pittsburgh Pirates) final=\boxed{Pittsburgh Pirates, New York Mets, and Baltimore Orio
[40/2417   1.7% elapsed=29.6s eta=29m16s] id=2hop__673655_316668 em=0 f1=0.00 tie=False err=False voters=(A1=Unknown, A2=saxophone, A3=Unknown) final=\boxed{Unknown}
[41/2417   1.7% elapsed=29.6s eta=28m33s] id=2hop__700093_455653 em=1 f1=1.00 tie=False err=False voters=(A1=Rohana Wijeweera, A2=Rohana Wijeweera, A3=Rohana Wijeweera) final=\boxed{Rohana Wijeweera}
[42/2417   1.7% elapsed=29.6s eta=27m52s] id=2hop__481349_302087 em=1 f1=1.00 tie=False err=False voters=(A1=Bombardier Aerospace, A2=Bombardier Inc., A3=Bombardier Inc.) final=\boxed{Bombardier Inc.}
[43/2417   1.8% elapsed=29.6s eta=27m13s] id=2hop__860241_766393 em=1 f1=1.00 tie=False err=False voters=(A1=Prix Goncourt, A2=Prix Goncourt, A3=Prix Goncourt) final=\boxed{Prix Goncourt}
[44/2417   1.8% elapsed=29.6s eta=26m37s] id=2hop__647996_551681 em=1 f1=1.00 tie=False err=False voters=(A1=Emilia Galotti, A2=Emilia Galotti, A3=Emilia Galotti) final=\boxed{Emilia Galotti}
[45/2417   1.9% elapsed=29.6s eta=26m01s] id=2hop__698577_851686 em=1 f1=1.00 tie=False err=False voters=(A1=The Anderson Tapes, A2=The Anderson Tapes, A3=The Anderson Tapes) final=\boxed{The Anderson Tapes}
[46/2417   1.9% elapsed=29.6s eta=25m27s] id=2hop__697790_864352 em=1 f1=1.00 tie=False err=False voters=(A1=Fletcher Webster, A2=Fletcher Webster, A3=Fletcher Webster) final=\boxed{Fletcher Webster}
[47/2417   1.9% elapsed=30.3s eta=25m28s] id=2hop__701895_752697 em=0 f1=0.00 tie=False err=False voters=(A1=Municipality of Nuevo Laredo, A2=Municipality of Nuevo Laredo, A3=Municipality of Nuevo Laredo) final=\boxed{Municipality of Nuevo Laredo}
[48/2417   2.0% elapsed=30.8s eta=25m18s] id=2hop__29367_29376 em=0 f1=0.00 tie=False err=False voters=(A1=1931 election, A2=1949 election, A3=1931 election) final=\boxed{1931 election}
[49/2417   2.0% elapsed=30.8s eta=24m47s] id=2hop__475070_532404 em=0 f1=0.00 tie=False err=False voters=(A1=Unknown, A2=Unknown, A3=Unknown) final=\boxed{Unknown}
[50/2417   2.1% elapsed=30.8s eta=24m18s] id=2hop__252311_366220 em=0 f1=0.50 tie=False err=False voters=(A1=Mike Medavoy and Robert Z. Leonard, A2=Mike Medavoy and Robert Z. Leonard, A3=Mike Medavoy) final=\boxed{Mike Medavoy and Robert Z. Leonard}
[51/2417   2.1% elapsed=30.8s eta=23m49s] id=2hop__512773_346751 em=0 f1=0.00 tie=False err=False voters=(A1=Prince Edward, A2=Prince Edward, A3=Prince Edward) final=\boxed{Prince Edward}
[52/2417   2.2% elapsed=31.4s eta=23m49s] id=2hop__29368_29376 em=0 f1=0.00 tie=False err=False voters=(A1=1931 election victory, A2=1931 election victory, A3=1931 election victory) final=\boxed{1931 election victory}
[53/2417   2.2% elapsed=31.6s eta=23m28s] id=2hop__341305_332933 em=1 f1=1.00 tie=False err=False voters=(A1=Van Horn, A2=Van Horn, A3=Van Horn) final=\boxed{Van Horn}
[54/2417   2.2% elapsed=31.8s eta=23m10s] id=2hop__259228_793698 em=0 f1=0.00 tie=False err=False voters=(A1=Unable to determine, A2=Unable to determine, A3=Unable to determine) final=\boxed{Unable to determine}
[55/2417   2.3% elapsed=31.9s eta=22m51s] id=2hop__557411_652060 em=0 f1=0.00 tie=False err=False voters=(A1=Not provided, A2=Not provided, A3=Not provided) final=\boxed{Not provided}
[56/2417   2.3% elapsed=31.9s eta=22m27s] id=2hop__403712_793210 em=0 f1=0.29 tie=False err=False voters=(A1=Thomas Baring, A2=Thomas Baring, A3=Henry Baring of Cromer Hall) final=\boxed{Thomas Baring}
[57/2417   2.4% elapsed=33.4s eta=23m03s] id=2hop__207476_625987 em=1 f1=1.00 tie=False err=False voters=(A1=Constance of Burgundy, A2=Marie de' Medici, A3=Marie de' Medici) final=\boxed{Marie de' Medici}
[58/2417   2.4% elapsed=34.0s eta=23m03s] id=2hop__299142_347613 em=0 f1=0.00 tie=False err=False voters=(A1=King Gustav Vasa of Sweden, A2=King Gustav Vasa, A3=King Gustav Vasa of Sweden) final=\boxed{King Gustav Vasa of Sweden}
[59/2417   2.4% elapsed=34.5s eta=22m58s] id=2hop__554167_451128 em=1 f1=1.00 tie=False err=False voters=(A1=Chynna Phillips, A2=Chynna Phillips, A3=Chynna Phillips) final=\boxed{Chynna Phillips}
[60/2417   2.5% elapsed=34.6s eta=22m39s] id=2hop__683835_709167 em=0 f1=0.00 tie=False err=False voters=(A1=The answer is not found in the provided , A2=Not mentioned, A3=Not mentioned) final=\boxed{Not mentioned}
[61/2417   2.5% elapsed=36.8s eta=23m42s] id=2hop__310456_846599 em=0 f1=0.00 tie=True err=False voters=(A1=Stracimir Zavidović, A2=Unknown, A3=Uncertain; no information about Stracimi) final=\boxed{Uncertain; no information about Stracimir's children 
[62/2417   2.6% elapsed=39.7s eta=25m07s] id=2hop__311694_129669 em=0 f1=0.00 tie=False err=False voters=(A1=Portugal, A2=Portugal, A3=Portugal) final=\boxed{Portugal}
[63/2417   2.6% elapsed=41.1s eta=25m37s] id=2hop__709357_136043 em=1 f1=1.00 tie=False err=False voters=(A1=Nina Sky, A2=Nina Sky, A3=Nina Sky) final=\boxed{Nina Sky}
[64/2417   2.6% elapsed=41.6s eta=25m29s] id=2hop__677929_696450 em=1 f1=1.00 tie=False err=False voters=(A1=Larry Gagosian, A2=Larry Gagosian, A3=Larry Gagosian) final=\boxed{Larry Gagosian}
[65/2417   2.7% elapsed=41.8s eta=25m13s] id=2hop__497191_129669 em=1 f1=1.00 tie=False err=False voters=(A1=Lisbon District, A2=Lisbon District, A3=Lisbon District) final=\boxed{Lisbon District}
[66/2417   2.7% elapsed=42.1s eta=25m00s] id=2hop__636597_480615 em=0 f1=0.00 tie=False err=False voters=(A1=Ninghai, A2=Ninghai, A3=Ninghai) final=\boxed{Ninghai}
[67/2417   2.8% elapsed=42.1s eta=24m37s] id=2hop__20268_42004 em=0 f1=0.00 tie=False err=False voters=(A1=Edinburgh, A2=Edinburgh, A3=Edinburgh) final=\boxed{Edinburgh}
[68/2417   2.8% elapsed=42.3s eta=24m21s] id=2hop__373759_136043 em=1 f1=1.00 tie=False err=False voters=(A1=Nina Sky, A2=Nina Sky, A3=Nina Sky) final=\boxed{Nina Sky}
[69/2417   2.9% elapsed=42.4s eta=24m04s] id=2hop__87589_362941 em=0 f1=0.67 tie=False err=False voters=(A1=Paulsdale, Mount Laurel Township, New Je, A2=Paulsdale, Mount Laurel Township, New Je, A3=Paulsdale, Mount Laurel Township, New Je) final=\boxed{Paulsdale, Mount Laurel Township, New Jersey}
[70/2417   2.9% elapsed=42.6s eta=23m47s] id=2hop__115515_779396 em=1 f1=1.00 tie=False err=False voters=(A1=University of Glasgow, A2=University of Glasgow, A3=University of Glasgow) final=\boxed{University of Glasgow}
[71/2417   2.9% elapsed=42.8s eta=23m35s] id=2hop__21075_5028 em=0 f1=0.00 tie=False err=False voters=(A1=N/A, A2=N/A, A3=N/A) final=\boxed{N/A}
[72/2417   3.0% elapsed=43.0s eta=23m20s] id=2hop__61318_362941 em=0 f1=0.67 tie=False err=False voters=(A1=Paulsdale, New Jersey, A2=Paulsdale, Mount Laurel Township, New Je, A3=Paulsdale, Mount Laurel Township, New Je) final=\boxed{Paulsdale, Mount Laurel Township, New Jersey}
[73/2417   3.0% elapsed=43.4s eta=23m15s] id=2hop__159902_362941 em=0 f1=0.00 tie=False err=False voters=(A1=Paulsdale, New Jersey, A2=Paulsdale, New Jersey, A3=Paulsdale, New Jersey) final=\boxed{Paulsdale, New Jersey}
[74/2417   3.1% elapsed=43.6s eta=22m59s] id=2hop__42027_42004 em=0 f1=0.00 tie=False err=False voters=(A1=Edinburgh, A2=Edinburgh, A3=Edinburgh) final=\boxed{Edinburgh}
[75/2417   3.1% elapsed=43.8s eta=22m46s] id=2hop__728887_159109 em=0 f1=0.00 tie=False err=False voters=(A1=Assomada's location is not mentioned in , A2=Unknown, A3=Unknown) final=\boxed{Unknown}
[76/2417   3.1% elapsed=43.9s eta=22m33s] id=2hop__827995_159109 em=0 f1=0.00 tie=False err=False voters=(A1=Sal Island, Cabo Verde, A2=Sal Island, Cabo Verde, A3=two km west-southwest from Espargos on S) final=\boxed{Sal Island, Cabo Verde}
[77/2417   3.2% elapsed=44.5s eta=22m33s] id=2hop__776377_857193 em=1 f1=1.00 tie=False err=False voters=(A1=Delaware River, A2=Delaware River, A3=Delaware River) final=\boxed{Delaware River}
[78/2417   3.2% elapsed=44.5s eta=22m15s] id=2hop__543853_124498 em=1 f1=1.00 tie=False err=False voters=(A1=Louis Chedid, A2=Louis Chedid, A3=Louis Chedid) final=\boxed{Louis Chedid}
[79/2417   3.3% elapsed=45.7s eta=22m31s] id=2hop__77601_814677 em=0 f1=0.40 tie=False err=False voters=(A1=Egyptian pantheon, A2=Egyptian pantheon, A3=Egyptian pantheon) final=\boxed{Egyptian pantheon}
[80/2417   3.3% elapsed=46.0s eta=22m23s] id=2hop__478978_124498 em=1 f1=1.00 tie=False err=False voters=(A1=Louis Chedid, A2=Louis Chedid, A3=Louis Chedid) final=\boxed{Louis Chedid}
[81/2417   3.4% elapsed=46.2s eta=22m13s] id=2hop__132909_33564 em=0 f1=0.86 tie=False err=False voters=(A1=1950s to 1970s, A2=1950s to 1970s, A3=1950s to 1970s) final=\boxed{1950s to 1970s}
[82/2417   3.4% elapsed=46.7s eta=22m09s] id=2hop__471509_136043 em=0 f1=0.50 tie=False err=False voters=(A1=Nicole & Natalie, A2=Nina Sky, A3=Nicole & Natalie) final=\boxed{Nicole & Natalie}
[83/2417   3.4% elapsed=46.7s eta=21m53s] id=2hop__119423_779396 em=1 f1=1.00 tie=False err=False voters=(A1=University of Glasgow, A2=University of Glasgow, A3=University of Glasgow) final=\boxed{University of Glasgow}
[84/2417   3.5% elapsed=46.7s eta=21m37s] id=2hop__201704_135481 em=1 f1=1.00 tie=False err=False voters=(A1=International Tennis Federation, A2=International Tennis Federation, A3=International Tennis Federation) final=\boxed{International Tennis Federation}
[85/2417   3.5% elapsed=47.5s eta=21m42s] id=2hop__819974_129669 em=0 f1=0.00 tie=False err=False voters=(A1=Portugal, A2=Portugal, A3=Portugal) final=\boxed{Portugal}
[86/2417   3.6% elapsed=47.5s eta=21m27s] id=2hop__92051_827343 em=0 f1=0.00 tie=False err=False voters=(A1=Penelope Kent, A2=Unknown, A3=Unknown) final=\boxed{Unknown}
[87/2417   3.6% elapsed=47.7s eta=21m16s] id=2hop__335899_124498 em=1 f1=1.00 tie=False err=False voters=(A1=Louis Chedid, A2=Louis Chedid, A3=Louis Chedid) final=\boxed{Louis Chedid}
[88/2417   3.6% elapsed=47.9s eta=21m08s] id=2hop__485221_544917 em=1 f1=1.00 tie=False err=False voters=(A1=Lake Superior, A2=Lake Superior, A3=Lake Superior) final=\boxed{Lake Superior}
[89/2417   3.7% elapsed=48.0s eta=20m54s] id=2hop__865961_159109 em=0 f1=0.55 tie=False err=False voters=(A1=Cape Verde, A2=central Atlantic Ocean, off the coast of, A3=central Atlantic Ocean, off the coast of) final=\boxed{central Atlantic Ocean, off the coast of Northwest Af
[90/2417   3.7% elapsed=48.7s eta=21m00s] id=2hop__14121_15463 em=1 f1=1.00 tie=False err=False voters=(A1=Hewlett Packard, A2=Hewlett Packard, A3=Hewlett Packard) final=\boxed{Hewlett Packard}
[91/2417   3.8% elapsed=49.0s eta=20m52s] id=2hop__477492_240386 em=0 f1=0.00 tie=False err=False voters=(A1=Island Records, A2=Island Records, A3=Not explicitly mentioned) final=\boxed{Island Records}
[92/2417   3.8% elapsed=49.2s eta=20m43s] id=2hop__648648_173389 em=0 f1=0.00 tie=False err=False voters=(A1=Moston, A2=Chadderton, A3=Chadderton) final=\boxed{Chadderton}
[93/2417   3.8% elapsed=49.2s eta=20m29s] id=2hop__286093_361551 em=1 f1=1.00 tie=False err=False voters=(A1=Bay County, A2=Bay County, A3=Bay County) final=\boxed{Bay County}
[94/2417   3.9% elapsed=50.0s eta=20m35s] id=2hop__861157_135481 em=0 f1=0.40 tie=False err=False voters=(A1=Federation Cup, A2=Federation Cup, A3=International Tennis Federation) final=\boxed{Federation Cup}
[95/2417   3.9% elapsed=50.3s eta=20m30s] id=2hop__665660_135481 em=1 f1=1.00 tie=False err=False voters=(A1=International Tennis Federation, A2=Fed Cup, A3=International Tennis Federation) final=\boxed{International Tennis Federation}
[96/2417   4.0% elapsed=50.5s eta=20m20s] id=2hop__135653_669373 em=0 f1=0.00 tie=False err=False voters=(A1=Ernst Mach, A2=Ernst Mach, A3=Ernst Mach) final=\boxed{Ernst Mach}
[97/2417   4.0% elapsed=50.9s eta=20m16s] id=2hop__563476_61845 em=0 f1=0.00 tie=False err=False voters=(A1=West Ham United, A2=Unknown, A3=Unknown) final=\boxed{Unknown}
[98/2417   4.1% elapsed=50.9s eta=20m04s] id=2hop__133241_33564 em=0 f1=0.22 tie=False err=False voters=(A1=late 1950s or early 1960s, A2=1960s, A3=late 1950s or early 1960s) final=\boxed{late 1950s or early 1960s}
[99/2417   4.1% elapsed=51.3s eta=20m00s] id=2hop__495316_660579 em=0 f1=0.00 tie=False err=False voters=(A1=Not provided in the paragraphs, A2=Maben, A3=Maben) final=\boxed{Maben}
[100/2417   4.1% elapsed=51.4s eta=19m51s] id=2hop__199216_33564 em=0 f1=0.00 tie=False err=False voters=(A1=Post-independence era, A2=Post-independence era, A3=Post-independence era) final=\boxed{Post-independence era}
[101/2417   4.2% elapsed=52.3s eta=20m00s] id=2hop__817096_15463 em=1 f1=1.00 tie=False err=False voters=(A1=Hewlett Packard, A2=Hewlett Packard, A3=Hewlett Packard) final=\boxed{Hewlett Packard}
[102/2417   4.2% elapsed=52.4s eta=19m48s] id=2hop__199513_13732 em=0 f1=0.40 tie=False err=False voters=(A1=12, A2=12, A3=12) final=\boxed{12}
[103/2417   4.3% elapsed=52.5s eta=19m40s] id=2hop__29752_814677 em=0 f1=0.00 tie=False err=False voters=(A1=Osiris, A2=Osiris, A3=Osiris) final=\boxed{Osiris}
[104/2417   4.3% elapsed=53.4s eta=19m48s] id=2hop__256336_714772 em=1 f1=1.00 tie=False err=False voters=(A1=Tina Van Valkenburgh, A2=Lisa Rinna, A3=Lisa Rinna) final=\boxed{Lisa Rinna}
[105/2417   4.3% elapsed=53.4s eta=19m37s] id=2hop__668407_683671 em=1 f1=1.00 tie=False err=False voters=(A1=Yang Xingmi, A2=Yang Xingmi, A3=Yang Xingmi) final=\boxed{Yang Xingmi}
[106/2417   4.4% elapsed=53.7s eta=19m30s] id=2hop__701525_342810 em=0 f1=0.50 tie=False err=False voters=(A1=Falls County, A2=Falls County, A3=Falls County) final=\boxed{Falls County}
[107/2417   4.4% elapsed=54.0s eta=19m25s] id=2hop__135652_669373 em=0 f1=0.00 tie=False err=False voters=(A1=Cannot determine, A2=Cannot determine, A3=Cannot determine) final=\boxed{Cannot determine}
[108/2417   4.5% elapsed=54.2s eta=19m18s] id=2hop__135651_669373 em=0 f1=0.67 tie=False err=False voters=(A1=Charles University, A2=Charles University in Prague, A3=Charles University in Prague) final=\boxed{Charles University in Prague}
[109/2417   4.5% elapsed=54.2s eta=19m08s] id=2hop__59048_827343 em=0 f1=0.50 tie=False err=False voters=(A1=Natalie Wood, A2=Natalie Wood, A3=Natalie Wood) final=\boxed{Natalie Wood}
[110/2417   4.6% elapsed=54.5s eta=19m02s] id=2hop__14095_15463 em=1 f1=1.00 tie=False err=False voters=(A1=Compaq, A2=Hewlett Packard, A3=Hewlett Packard) final=\boxed{Hewlett Packard}
[111/2417   4.6% elapsed=54.8s eta=18m58s] id=2hop__517145_367341 em=0 f1=0.00 tie=False err=False voters=(A1=Unable to determine, A2=Unknown, A3=Unknown) final=\boxed{Unknown}
[112/2417   4.6% elapsed=55.4s eta=19m00s] id=2hop__199513_801817 em=0 f1=0.00 tie=False err=False voters=(A1=Not provided, A2=Not provided, A3=Not provided) final=\boxed{Not provided}
[113/2417   4.7% elapsed=55.6s eta=18m55s] id=2hop__32254_84601 em=0 f1=0.00 tie=False err=False voters=(A1=2007, A2=The question cannot be definitively answ, A3=The question cannot be definitively answ) final=\boxed{The question cannot be definitively answered from the
[114/2417   4.7% elapsed=55.8s eta=18m47s] id=2hop__13731_801817 em=0 f1=0.00 tie=False err=False voters=(A1=Unknown, A2=Unknown, A3=Unknown) final=\boxed{Unknown}
[115/2417   4.8% elapsed=57.3s eta=19m07s] id=2hop__123104_77615 em=1 f1=1.00 tie=False err=False voters=(A1=1912, A2=3 July 1922, A3=1912) final=\boxed{1912}
[116/2417   4.8% elapsed=57.7s eta=19m05s] id=2hop__499003_853511 em=0 f1=0.50 tie=False err=False voters=(A1=Sire Records, A2=Sire Records, A3=Sire Records) final=\boxed{Sire Records}
[117/2417   4.8% elapsed=58.2s eta=19m05s] id=2hop__89764_827343 em=0 f1=0.00 tie=False err=False voters=(A1=Lucy Kellaway, A2=Lucy Kellaway, A3=Lucy Kellaway) final=\boxed{Lucy Kellaway}
[118/2417   4.9% elapsed=58.7s eta=19m03s] id=2hop__198459_61845 em=1 f1=1.00 tie=False err=False voters=(A1=Mido, A2=Mido, A3=Mido) final=\boxed{Mido}
[119/2417   4.9% elapsed=59.0s eta=19m00s] id=2hop__124592_402641 em=0 f1=0.40 tie=False err=False voters=(A1=Hsiao-wen, A2=Hsiao-wen, Hsiao-wu, and Hsiao-yung, A3=Hsiao-wen, Hsiao-wu, and Hsiao-yung) final=\boxed{Hsiao-wen, Hsiao-wu, and Hsiao-yung}
[120/2417   5.0% elapsed=1m01s eta=19m20s] id=2hop__622308_61845 em=0 f1=0.00 tie=False err=False voters=(A1=West Ham United, A2=Silvio Vella, A3=West Ham United) final=\boxed{West Ham United}
[121/2417   5.0% elapsed=1m01s eta=19m13s] id=2hop__256553_617289 em=0 f1=0.00 tie=True err=False voters=(A1=Liu Yin, A2=Unable to determine, A3=Unknown) final=\boxed{Unknown}
[122/2417   5.0% elapsed=1m01s eta=19m03s] id=2hop__645448_77615 em=1 f1=1.00 tie=False err=False voters=(A1=1912, A2=1912, A3=1912) final=\boxed{1912}
[123/2417   5.1% elapsed=1m01s eta=18m58s] id=2hop__391857_162018 em=1 f1=1.00 tie=False err=False voters=(A1=1912, A2=1912, A3=1912) final=\boxed{1912}
[124/2417   5.1% elapsed=1m01s eta=18m56s] id=2hop__82858_654855 em=1 f1=1.00 tie=False err=False voters=(A1=Socialist Party of America, A2=Socialist Party of America, A3=Socialist Party of America) final=\boxed{Socialist Party of America}
[125/2417   5.2% elapsed=1m01s eta=18m47s] id=2hop__780652_93362 em=0 f1=0.00 tie=False err=False voters=(A1=Dil Kya Kare, A2=Raju Chacha, A3=Raju Chacha) final=\boxed{Raju Chacha}
[126/2417   5.2% elapsed=1m02s eta=18m45s] id=2hop__822965_165304 em=1 f1=1.00 tie=False err=False voters=(A1=Kim Braden, A2=Kim Braden, A3=Kim Braden) final=\boxed{Kim Braden}
[127/2417   5.3% elapsed=1m02s eta=18m40s] id=2hop__827755_156034 em=0 f1=0.00 tie=False err=False voters=(A1=Nelson River, A2=Nelson River, A3=Nelson River) final=\boxed{Nelson River}
[128/2417   5.3% elapsed=1m03s eta=18m39s] id=2hop__50910_177869 em=1 f1=1.00 tie=False err=False voters=(A1=Helen Pitts Douglass, A2=Helen Pitts Douglass, A3=Helen Pitts Douglass) final=\boxed{Helen Pitts Douglass}
[129/2417   5.3% elapsed=1m03s eta=18m30s] id=2hop__640262_122868 em=1 f1=1.00 tie=False err=False voters=(A1=University of British Columbia, A2=University of British Columbia, A3=University of British Columbia) final=\boxed{University of British Columbia}
[130/2417   5.4% elapsed=1m04s eta=18m52s] id=2hop__159215_779396 em=1 f1=1.00 tie=False err=False voters=(A1=University of Glasgow, A2=University of Glasgow, A3=University of Glasgow) final=\boxed{University of Glasgow}
[131/2417   5.4% elapsed=1m05s eta=18m46s] id=2hop__632234_122868 em=1 f1=1.00 tie=False err=False voters=(A1=University of British Columbia, A2=University of British Columbia, A3=University of British Columbia) final=\boxed{University of British Columbia}
[132/2417   5.5% elapsed=1m05s eta=18m40s] id=2hop__849534_122868 em=1 f1=1.00 tie=False err=False voters=(A1=University of British Columbia, A2=University of British Columbia, A3=University of British Columbia) final=\boxed{University of British Columbia}
[133/2417   5.5% elapsed=1m05s eta=18m41s] id=2hop__439614_349102 em=1 f1=1.00 tie=False err=False voters=(A1=giant panda, A2=giant panda, A3=giant panda) final=\boxed{giant panda}
[134/2417   5.5% elapsed=1m05s eta=18m33s] id=2hop__401710_456439 em=0 f1=0.00 tie=False err=False voters=(A1=Unknown, A2=Unknown, A3=Unknown) final=\boxed{Unknown}
[135/2417   5.6% elapsed=1m06s eta=18m28s] id=2hop__31585_61048 em=1 f1=1.00 tie=False err=False voters=(A1=Robert Oppenheimer, A2=Robert Oppenheimer, A3=Robert Oppenheimer) final=\boxed{Robert Oppenheimer}
[136/2417   5.6% elapsed=1m06s eta=18m22s] id=2hop__156085_436709 em=0 f1=0.57 tie=False err=False voters=(A1=Walt Disney and Ub Iwerks, A2=Walt Disney and Ub Iwerks, A3=Walt Disney and Ub Iwerks) final=\boxed{Walt Disney and Ub Iwerks}
[137/2417   5.7% elapsed=1m06s eta=18m22s] id=2hop__94507_654855 em=1 f1=1.00 tie=False err=False voters=(A1=Socialist Party of America, A2=Socialist Party of America, A3=Socialist Party of America) final=\boxed{Socialist Party of America}
[138/2417   5.7% elapsed=1m06s eta=18m14s] id=2hop__62823_654855 em=1 f1=1.00 tie=False err=False voters=(A1=Socialist Party of America, A2=Socialist Party of America, A3=Socialist Party of America) final=\boxed{Socialist Party of America}
[139/2417   5.8% elapsed=1m06s eta=18m08s] id=2hop__771727_93362 em=0 f1=0.80 tie=False err=False voters=(A1=Yeh Raaste Hain Pyar Ke, A2=Yeh Raaste Hain Pyar Ke, A3=Yeh Raaste Hain Pyaar Ke) final=\boxed{Yeh Raaste Hain Pyar Ke}
[140/2417   5.8% elapsed=1m07s eta=18m03s] id=2hop__258940_135844 em=0 f1=0.00 tie=False err=False voters=(A1=Tolyatti, A2=Tolyatti, A3=Tolyatti) final=\boxed{Tolyatti}
[141/2417   5.8% elapsed=1m07s eta=18m09s] id=2hop__124412_402641 em=0 f1=0.43 tie=False err=False voters=(A1=Chiang Hsiao-wen, Chiang Hsiao-wu, Winst, A2=Chiang Hsiao-wen, Chiang Hsiao-wu, Winst, A3=Chiang Hsiao-wen, Chiang Hsiao-wu, Winst) final=\boxed{Chiang Hsiao-wen, Chiang Hsiao-wu, Winston Chang, and
[142/2417   5.9% elapsed=1m08s eta=18m06s] id=2hop__613959_135844 em=1 f1=1.00 tie=False err=False voters=(A1=Palmiro Togliatti, A2=Palmiro Togliatti, A3=Palmiro Togliatti) final=\boxed{Palmiro Togliatti}
[143/2417   5.9% elapsed=1m08s eta=18m04s] id=2hop__82270_177869 em=1 f1=1.00 tie=False err=False voters=(A1=Helen Pitts Douglass, A2=Helen Pitts Douglass, A3=Helen Pitts Douglass) final=\boxed{Helen Pitts Douglass}
[144/2417   6.0% elapsed=1m09s eta=18m08s] id=2hop__160223_58067 em=1 f1=1.00 tie=False err=False voters=(A1=A.P.J. Abdul Kalam, A2=A.P.J. Abdul Kalam, A3=A.P.J. Abdul Kalam) final=\boxed{A.P.J. Abdul Kalam}
[145/2417   6.0% elapsed=1m09s eta=18m00s] id=2hop__742831_156034 em=0 f1=0.00 tie=False err=False voters=(A1=Nelson River, A2=Miramichi River, A3=Nelson River) final=\boxed{Nelson River}
[146/2417   6.0% elapsed=1m09s eta=17m52s] id=2hop__747894_135844 em=1 f1=1.00 tie=False err=False voters=(A1=Palmiro Togliatti, A2=Palmiro Togliatti, A3=Palmiro Togliatti) final=\boxed{Palmiro Togliatti}
[147/2417   6.1% elapsed=1m09s eta=17m46s] id=2hop__191125_781346 em=1 f1=1.00 tie=False err=False voters=(A1=Eastern Equatoria, A2=Eastern Equatoria, A3=Eastern Equatoria) final=\boxed{Eastern Equatoria}
[148/2417   6.1% elapsed=1m09s eta=17m43s] id=2hop__77775_162341 em=0 f1=0.91 tie=False err=False voters=(A1=Academy Award for Best Actor, A2=Academy Award for Best Actor, A3=Academy Award for Best Actor) final=\boxed{Academy Award for Best Actor}
[149/2417   6.2% elapsed=1m10s eta=17m39s] id=2hop__16581_16525 em=1 f1=1.00 tie=False err=False voters=(A1=661, A2=661, A3=661) final=\boxed{661}
[150/2417   6.2% elapsed=1m10s eta=17m33s] id=2hop__89991_58067 em=1 f1=1.00 tie=False err=False voters=(A1=A.P.J. Abdul Kalam, A2=A.P.J. Abdul Kalam, A3=A.P.J. Abdul Kalam) final=\boxed{A.P.J. Abdul Kalam}
[151/2417   6.2% elapsed=1m10s eta=17m34s] id=2hop__55966_162341 em=0 f1=0.92 tie=False err=False voters=(A1=Nominated for an Academy Award for Best , A2=Academy Award nomination for Best Suppor, A3=Academy Award nomination for Best Suppor) final=\boxed{Academy Award nomination for Best Supporting Actor}
[152/2417   6.3% elapsed=1m11s eta=17m44s] id=2hop__153573_45901 em=1 f1=1.00 tie=False err=False voters=(A1=Walt Disney, A2=Walt Disney, A3=Walt Disney) final=\boxed{Walt Disney}
[153/2417   6.3% elapsed=1m11s eta=17m37s] id=2hop__83460_456238 em=0 f1=0.00 tie=False err=False voters=(A1=Sam Houston, A2=Sam Houston, A3=Sam Houston) final=\boxed{Sam Houston}
[154/2417   6.4% elapsed=1m11s eta=17m30s] id=2hop__800166_156034 em=0 f1=0.00 tie=False err=False voters=(A1=Nelson River, A2=North Saskatchewan River, A3=Nelson River) final=\boxed{Nelson River}
[155/2417   6.4% elapsed=1m12s eta=17m28s] id=2hop__706637_93362 em=1 f1=1.00 tie=False err=False voters=(A1=Yeh Raaste Hain Pyaar Ke, A2=Yeh Raaste Hain Pyaar Ke, A3=Yeh Raaste Hain Pyaar Ke) final=\boxed{Yeh Raaste Hain Pyaar Ke}
[156/2417   6.5% elapsed=1m12s eta=17m23s] id=2hop__208602_11402 em=0 f1=0.67 tie=False err=False voters=(A1=17.037, A2=17.037, A3=17.037) final=\boxed{17.037}
[157/2417   6.5% elapsed=1m12s eta=17m22s] id=2hop__551235_310309 em=0 f1=0.00 tie=False err=False voters=(A1=The answer is not available., A2=Unknown, A3=Unknown) final=\boxed{Unknown}
[158/2417   6.5% elapsed=1m13s eta=17m20s] id=2hop__76314_177869 em=1 f1=1.00 tie=False err=False voters=(A1=Helen Pitts Douglass, A2=William Cooper Nell, A3=Helen Pitts Douglass) final=\boxed{Helen Pitts Douglass}
[159/2417   6.6% elapsed=1m13s eta=17m13s] id=2hop__488811_30110 em=0 f1=0.80 tie=False err=False voters=(A1=They were expelled by the Soviet Union., A2=Expelled by the Soviet Union, A3=They were expelled by the Soviet Union.) final=\boxed{They were expelled by the Soviet Union.}
[160/2417   6.6% elapsed=1m13s eta=17m08s] id=2hop__109131_343058 em=0 f1=0.00 tie=False err=False voters=(A1=The answer cannot be determined., A2=Unknown, A3=Unknown) final=\boxed{Unknown}
[161/2417   6.7% elapsed=1m13s eta=17m08s] id=2hop__567471_123283 em=0 f1=0.00 tie=False err=False voters=(A1=England, A2=England, A3=England) final=\boxed{England}
[162/2417   6.7% elapsed=1m13s eta=17m01s] id=2hop__153573_44085 em=0 f1=0.25 tie=False err=False voters=(A1=Mickey's Safari in Letterland, A2=Mickey's Safari in Letterland, A3=Mickey's Safari in Letterland) final=\boxed{Mickey's Safari in Letterland}
[163/2417   6.7% elapsed=1m14s eta=17m04s] id=2hop__257831_123283 em=0 f1=0.67 tie=False err=False voters=(A1=John Houseman, A2=Clifton College and London, A3=Clifton College and London) final=\boxed{Clifton College and London}
[164/2417   6.8% elapsed=1m14s eta=17m00s] id=2hop__158010_58067 em=1 f1=1.00 tie=False err=False voters=(A1=A.P.J. Abdul Kalam, A2=A.P.J. Abdul Kalam, A3=A.P.J. Abdul Kalam) final=\boxed{A.P.J. Abdul Kalam}
[165/2417   6.8% elapsed=1m15s eta=16m57s] id=2hop__703493_162341 em=0 f1=0.00 tie=False err=False voters=(A1=No specific recognition mentioned, A2=No specific recognition mentioned, A3=No specific recognition mentioned) final=\boxed{No specific recognition mentioned}
[166/2417   6.9% elapsed=1m15s eta=16m55s] id=2hop__153573_109006 em=0 f1=0.57 tie=False err=False voters=(A1=Walt Disney and Ub Iwerks, A2=Walt Disney and Ub Iwerks, A3=Walt Disney and Ub Iwerks) final=\boxed{Walt Disney and Ub Iwerks}
[167/2417   6.9% elapsed=1m16s eta=17m01s] id=2hop__150866_11402 em=0 f1=0.00 tie=False err=False voters=(A1=Unable to determine from the provided in, A2=Unable to determine from the provided in, A3=Unable to determine from the provided in) final=\boxed{Unable to determine from the provided information}
[168/2417   7.0% elapsed=1m16s eta=16m57s] id=2hop__56851_343058 em=0 f1=0.00 tie=False err=False voters=(A1=Not provided, A2=Not provided, A3=Unknown) final=\boxed{Not provided}
[169/2417   7.0% elapsed=1m16s eta=16m53s] id=2hop__747758_58067 em=0 f1=0.00 tie=False err=False voters=(A1=Shanti Swarup Bhatnagar Medal, A2=Shanti Swarup Bhatnagar Medal, A3=Shanti Swarup Bhatnagar Medal) final=\boxed{Shanti Swarup Bhatnagar Medal}
[170/2417   7.0% elapsed=1m16s eta=16m47s] id=2hop__460946_294723 em=0 f1=0.00 tie=False err=False voters=(A1=Phylicia Rashād, A2=Not specified, A3=Not specified) final=\boxed{Not specified}
[171/2417   7.1% elapsed=1m17s eta=16m56s] id=2hop__488811_30078 em=0 f1=0.80 tie=False err=False voters=(A1=Imperial Russian troops, A2=Foreign troops during the Great Northern, A3=Imperial Russian troops) final=\boxed{Imperial Russian troops}
[172/2417   7.1% elapsed=1m18s eta=16m53s] id=2hop__574496_123283 em=1 f1=1.00 tie=False err=False voters=(A1=Not specified, A2=Clifton College, A3=Clifton College) final=\boxed{Clifton College}
[173/2417   7.2% elapsed=1m18s eta=16m53s] id=2hop__7046_44085 em=1 f1=1.00 tie=False err=False voters=(A1=The Mickey Mouse Club, A2=The Mickey Mouse Club, A3=The Mickey Mouse Club) final=\boxed{The Mickey Mouse Club}
[174/2417   7.2% elapsed=1m18s eta=16m49s] id=2hop__847433_11402 em=0 f1=0.27 tie=False err=False voters=(A1=The total area in square miles cannot be, A2=Cannot determine, A3=The total area in square miles cannot be) final=\boxed{The total area in square miles cannot be determined f
[175/2417   7.2% elapsed=1m19s eta=16m49s] id=2hop__43776_162341 em=0 f1=0.77 tie=False err=False voters=(A1=Nominated for Best Supporting Actor, A2=nominated for Best Supporting Actor for , A3=Nominated for Best Supporting Actor) final=\boxed{Nominated for Best Supporting Actor}
[176/2417   7.3% elapsed=1m20s eta=16m57s] id=2hop__67956_463572 em=0 f1=0.50 tie=False err=False voters=(A1=Epic Records, A2=Epic Records, A3=Epic Records) final=\boxed{Epic Records}
[177/2417   7.3% elapsed=1m20s eta=16m52s] id=2hop__71034_343058 em=0 f1=0.00 tie=False err=False voters=(A1=Unknown, A2=Princess Fiona, A3=Unknown) final=\boxed{Unknown}
[178/2417   7.4% elapsed=1m21s eta=17m03s] id=2hop__88906_55840 em=1 f1=1.00 tie=False err=False voters=(A1=Colin Firth, A2=Colin Firth, A3=Colin Firth) final=\boxed{Colin Firth}
[179/2417   7.4% elapsed=1m22s eta=17m04s] id=2hop__159741_40169 em=0 f1=0.67 tie=False err=False voters=(A1=April 1191, A2=April 1191, A3=April 1191) final=\boxed{April 1191}
[180/2417   7.4% elapsed=1m22s eta=16m58s] id=2hop__28203_55840 em=0 f1=0.00 tie=False err=False voters=(A1=King George VI, A2=King George VI, A3=George VI) final=\boxed{King George VI}
[181/2417   7.5% elapsed=1m22s eta=16m57s] id=2hop__159741_161674 em=1 f1=1.00 tie=False err=False voters=(A1=October, A2=October, A3=October) final=\boxed{October}
[182/2417   7.5% elapsed=1m22s eta=16m51s] id=2hop__71755_463572 em=0 f1=0.50 tie=False err=False voters=(A1=Sharp Records, A2=Sharp Records, A3=Sharp Records) final=\boxed{Sharp Records}
[183/2417   7.6% elapsed=1m23s eta=16m52s] id=2hop__587048_621800 em=1 f1=1.00 tie=False err=False voters=(A1=Senica District, A2=Senica District, A3=Senica District) final=\boxed{Senica District}
[184/2417   7.6% elapsed=1m23s eta=16m46s] id=2hop__64323_55840 em=1 f1=1.00 tie=False err=False voters=(A1=Colin Firth, A2=Colin Firth, A3=Colin Firth) final=\boxed{Colin Firth}
[185/2417   7.7% elapsed=1m23s eta=16m43s] id=2hop__42578_55840 em=1 f1=1.00 tie=False err=False voters=(A1=Colin Firth, A2=Colin Firth, A3=Colin Firth) final=\boxed{Colin Firth}
[186/2417   7.7% elapsed=1m24s eta=16m53s] id=2hop__488811_30113 em=0 f1=0.12 tie=True err=False voters=(A1=The northern part of East Prussia was an, A2=The northern part of East Prussia was a , A3=The northern part of East Prussia was an) final=\boxed{The northern part of East Prussia was annexed as Kali
[187/2417   7.7% elapsed=1m25s eta=16m58s] id=2hop__84103_345851 em=1 f1=1.00 tie=False err=False voters=(A1=Hollywood Records, A2=Hollywood Records, A3=Hollywood Records) final=\boxed{Hollywood Records}
[188/2417   7.8% elapsed=1m26s eta=17m01s] id=2hop__14092_8311 em=0 f1=0.00 tie=False err=False voters=(A1=17 May 1220, A2=17 May 1220, A3=17 May 1220) final=\boxed{17 May 1220}
[189/2417   7.8% elapsed=1m27s eta=17m08s] id=2hop__726892_131968 em=1 f1=1.00 tie=False err=False voters=(A1=River Thames, A2=River Thames, A3=River Thames) final=\boxed{River Thames}
[190/2417   7.9% elapsed=1m27s eta=17m03s] id=2hop__142621_225454 em=0 f1=0.50 tie=False err=False voters=(A1=RB Records, A2=RB Records, A3=RB Records) final=\boxed{RB Records}
[191/2417   7.9% elapsed=1m27s eta=16m58s] id=2hop__204146_850295 em=1 f1=1.00 tie=False err=False voters=(A1=Sanjib Chandra Chattopadhyay, A2=Sanjib Chandra Chattopadhyay, A3=Sanjib Chandra Chattopadhyay) final=\boxed{Sanjib Chandra Chattopadhyay}
[192/2417   7.9% elapsed=1m27s eta=16m52s] id=2hop__40270_11402 em=0 f1=0.00 tie=True err=False voters=(A1=498, A3=Uncertain) final=\boxed{Uncertain}
[193/2417   8.0% elapsed=1m28s eta=16m52s] id=2hop__79875_84469 em=0 f1=0.00 tie=False err=False voters=(A1=Bob, A2=Bob, A3=Bob) final=\boxed{Bob}
[194/2417   8.0% elapsed=1m29s eta=17m03s] id=2hop__79875_72187 em=1 f1=1.00 tie=False err=False voters=(A1=Dottie Hinson, A2=Dottie Hinson, A3=Dottie Hinson) final=\boxed{Dottie Hinson}
[195/2417   8.1% elapsed=1m29s eta=16m57s] id=2hop__95878_88628 em=0 f1=0.00 tie=False err=False voters=(A1=John Wayne, A2=John Wayne, A3=U.S. Marshal Rooster Cogburn) final=\boxed{John Wayne}
[196/2417   8.1% elapsed=1m30s eta=16m58s] id=2hop__734057_88628 em=0 f1=0.00 tie=False err=False voters=(A1=John Wayne, A2=John Wayne, A3=John Wayne) final=\boxed{John Wayne}
[197/2417   8.2% elapsed=1m31s eta=17m00s] id=2hop__13986_161674 em=1 f1=1.00 tie=False err=False voters=(A1=October, A2=October, A3=October) final=\boxed{October}
[198/2417   8.2% elapsed=1m31s eta=17m00s] id=2hop__85713_84469 em=1 f1=1.00 tie=False err=False voters=(A1=Bill Pullman, A2=Bill Pullman, A3=Bill Pullman) final=\boxed{Bill Pullman}
[199/2417   8.2% elapsed=1m31s eta=16m58s] id=2hop__38828_89399 em=0 f1=0.00 tie=False err=False voters=(A1=Popsicles, A2=Popsicles, A3=Popsicles) final=\boxed{Popsicles}
[200/2417   8.3% elapsed=1m31s eta=16m52s] id=2hop__422295_8311 em=1 f1=1.00 tie=False err=False voters=(A1=1216, A2=1216, A3=1216) final=\boxed{1216}
[201/2417   8.3% elapsed=1m32s eta=16m52s] id=2hop__728969_131890 em=0 f1=0.00 tie=False err=False voters=(A1=Deptford Creek, A2=Deptford Creek, A3=Deptford Creek) final=\boxed{Deptford Creek}
[202/2417   8.4% elapsed=1m32s eta=16m50s] id=2hop__693157_131890 em=0 f1=0.00 tie=False err=False voters=(A1=Deptford Creek, A2=Deptford Creek, A3=Deptford Creek) final=\boxed{Deptford Creek}
[203/2417   8.4% elapsed=1m32s eta=16m46s] id=2hop__611178_131968 em=0 f1=0.00 tie=False err=False voters=(A1=The Thames, A2=The Rythe, A3=The Rythe) final=\boxed{The Rythe}
[204/2417   8.4% elapsed=1m32s eta=16m41s] id=2hop__8347_8311 em=0 f1=0.00 tie=False err=False voters=(A1=1220, A3=1220) final=\boxed{1220}
[205/2417   8.5% elapsed=1m32s eta=16m36s] id=2hop__657913_88628 em=0 f1=0.00 tie=False err=False voters=(A1=Cannot be determined, A2=Cannot be determined, A3=Cannot be determined) final=\boxed{Cannot be determined}
[206/2417   8.5% elapsed=1m32s eta=16m31s] id=2hop__176712_8311 em=1 f1=1.00 tie=False err=False voters=(A1=1216, A3=1216) final=\boxed{1216}
[207/2417   8.6% elapsed=1m33s eta=16m30s] id=2hop__581084_828685 em=1 f1=1.00 tie=False err=False voters=(A1=Cornell University, A2=Cornell University, A3=Cornell University) final=\boxed{Cornell University}
[208/2417   8.6% elapsed=1m33s eta=16m28s] id=2hop__25396_593388 em=1 f1=1.00 tie=False err=False voters=(A1=Sir Robert Peel, 1st Baronet, A2=Sir Robert Peel, 1st Baronet, A3=Sir Robert Peel, 1st Baronet) final=\boxed{Sir Robert Peel, 1st Baronet}
[209/2417   8.6% elapsed=1m33s eta=16m24s] id=2hop__28287_89399 em=0 f1=0.00 tie=False err=False voters=(A1=Mary Jo Catlett, A2=Mary Jo Catlett, A3=Mary Jo Catlett) final=\boxed{Mary Jo Catlett}
[210/2417   8.7% elapsed=1m35s eta=16m33s] id=2hop__86689_728109 em=0 f1=0.00 tie=False err=False voters=(A1=Houston Rockets, A2=Houston Rockets, A3=Houston Rockets) final=\boxed{Houston Rockets}
[211/2417   8.7% elapsed=1m35s eta=16m30s] id=2hop__85713_72187 em=1 f1=1.00 tie=False err=False voters=(A1=Dottie Hinson, A2=Dottie Hinson, A3=Dottie Hinson) final=\boxed{Dottie Hinson}
[212/2417   8.8% elapsed=1m35s eta=16m25s] id=2hop__398344_85513 em=0 f1=0.00 tie=False err=False voters=(A1=The release date of the next episode of , A2=The release date of the next episode of , A3=The release date of the next episode of ) final=\boxed{The release date of the next episode of the series th
[213/2417   8.8% elapsed=1m35s eta=16m25s] id=2hop__609313_20273 em=1 f1=1.00 tie=False err=False voters=(A1=1572, A2=1572, A3=1572) final=\boxed{1572}
[214/2417   8.9% elapsed=1m35s eta=16m22s] id=2hop__39063_212301 em=0 f1=0.40 tie=False err=False voters=(A1=Sir Robert Peel, A2=Sir Robert Peel, A3=Sir Robert Peel) final=\boxed{Sir Robert Peel}
[215/2417   8.9% elapsed=1m36s eta=16m19s] id=2hop__623501_297043 em=1 f1=1.00 tie=False err=False voters=(A1=Hunter River, A2=Hunter River, A3=Hunter River) final=\boxed{Hunter River}
[216/2417   8.9% elapsed=1m36s eta=16m21s] id=2hop__25396_212301 em=0 f1=0.50 tie=False err=False voters=(A1=Sidney Peel, A2=Sidney Peel, A3=Sidney Peel) final=\boxed{Sidney Peel}
[217/2417   9.0% elapsed=1m36s eta=16m18s] id=2hop__433694_20273 em=1 f1=1.00 tie=False err=False voters=(A1=1572, A2=1572, A3=1572) final=\boxed{1572}
[218/2417   9.0% elapsed=1m38s eta=16m25s] id=2hop__64175_90973 em=1 f1=1.00 tie=False err=False voters=(A1=Lacey Chabert, A2=Lacey Chabert, A3=Lacey Chabert) final=\boxed{Lacey Chabert}
[219/2417   9.1% elapsed=1m38s eta=16m22s] id=2hop__619265_72380 em=0 f1=0.00 tie=False err=False voters=(A1=2014, A2=Cannot be determined, A3=Cannot be determined) final=\boxed{Cannot be determined}
[220/2417   9.1% elapsed=1m38s eta=16m18s] id=2hop__30032_46621 em=0 f1=0.67 tie=False err=False voters=(A1=3rd century BC, A2=3rd century BC, A3=3rd century BC) final=\boxed{3rd century BC}
[221/2417   9.1% elapsed=1m38s eta=16m16s] id=2hop__799936_20273 em=1 f1=1.00 tie=False err=False voters=(A1=1572, A2=1572, A3=1572) final=\boxed{1572}
[222/2417   9.2% elapsed=1m39s eta=16m17s] id=2hop__50936_90973 em=1 f1=1.00 tie=False err=False voters=(A1=Lacey Chabert, A2=Lacey Chabert, A3=Lacey Chabert) final=\boxed{Lacey Chabert}
[223/2417   9.2% elapsed=1m39s eta=16m14s] id=2hop__157737_46621 em=0 f1=0.25 tie=False err=False voters=(A1=Sun, A2=16th century, A3=16th century) final=\boxed{16th century}
[224/2417   9.3% elapsed=1m39s eta=16m10s] id=2hop__37765_85990 em=0 f1=0.00 tie=False err=False voters=(A1=Republican Party leaders, A2=Republican Party leaders, A3=Republican Party leaders) final=\boxed{Republican Party leaders}
[225/2417   9.3% elapsed=1m40s eta=16m14s] id=2hop__135822_46621 em=0 f1=0.67 tie=False err=False voters=(A1=The Sun, A2=3rd century BC, A3=3rd century BC) final=\boxed{3rd century BC}
[226/2417   9.4% elapsed=1m41s eta=16m15s] id=2hop__216535_370666 em=0 f1=0.00 tie=False err=False voters=(A1=Marne la Vallée, A2=Marne la Vallée, A3=Tianjin) final=\boxed{Marne la Vallée}
[227/2417   9.4% elapsed=1m41s eta=16m11s] id=2hop__48033_90973 em=1 f1=1.00 tie=False err=False voters=(A1=Lacey Chabert, A2=Lacey Chabert, A3=Lacey Chabert) final=\boxed{Lacey Chabert}
[228/2417   9.4% elapsed=1m41s eta=16m09s] id=2hop__39063_593388 em=0 f1=0.75 tie=False err=False voters=(A1=Sir Robert Peel, A2=Sir Robert Peel, A3=Sir Robert Peel) final=\boxed{Sir Robert Peel}
[229/2417   9.5% elapsed=1m41s eta=16m07s] id=2hop__91211_90973 em=0 f1=0.00 tie=False err=False voters=(A1=Unknown, A2=Unknown, A3=Unknown) final=\boxed{Unknown}
[230/2417   9.5% elapsed=1m41s eta=16m02s] id=2hop__599396_19320 em=1 f1=1.00 tie=False err=False voters=(A1=74th, A2=74th, A3=74th) final=\boxed{74th}
[231/2417   9.6% elapsed=1m41s eta=16m00s] id=2hop__46550_85990 em=0 f1=0.00 tie=False err=False voters=(A1=Nancy Pelosi, A2=Nancy Pelosi, A3=Not explicitly stated) final=\boxed{Nancy Pelosi}
[232/2417   9.6% elapsed=1m42s eta=16m02s] id=2hop__66149_85990 em=1 f1=1.00 tie=False err=False voters=(A1=Republican Party, A2=Anti-slavery activists, modernizers, ex , A3=Anti-slavery activists, modernizers, ex ) final=\boxed{Anti-slavery activists, modernizers, ex Whigs, and ex
[233/2417   9.6% elapsed=1m42s eta=16m00s] id=2hop__153532_72380 em=0 f1=0.00 tie=False err=False voters=(A1=April 4, 2014, A2=April 4, 2014, A3=April 4, 2014) final=\boxed{April 4, 2014}
[234/2417   9.7% elapsed=1m43s eta=16m00s] id=2hop__766973_770570 em=1 f1=1.00 tie=False err=False voters=(A1=Rockland County, A2=Rockland County, A3=Rockland County) final=\boxed{Rockland County}
[235/2417   9.7% elapsed=1m43s eta=15m57s] id=2hop__555792_30351 em=1 f1=1.00 tie=False err=False voters=(A1=Ludwig von Mises, A2=Austrian government, A3=Austrian government) final=\boxed{Austrian government}
[236/2417   9.8% elapsed=1m43s eta=15m52s] id=2hop__365236_19320 em=0 f1=0.00 tie=False err=False voters=(A1=Unknown, A2=Unknown, A3=The question cannot be answered based on) final=\boxed{Unknown}
[237/2417   9.8% elapsed=1m43s eta=15m50s] id=2hop__708145_30351 em=1 f1=1.00 tie=False err=False voters=(A1=Ludwig von Mises, A2=the Austrian government, A3=the Austrian government) final=\boxed{the Austrian government}
[238/2417   9.8% elapsed=1m43s eta=15m47s] id=2hop__86458_20273 em=1 f1=1.00 tie=True err=False voters=(A1=The answer cannot be determined from the, A3=1572) final=\boxed{1572}
[239/2417   9.9% elapsed=1m43s eta=15m43s] id=2hop__431934_30351 em=1 f1=1.00 tie=False err=False voters=(A1=the Austrian government, A2=the Austrian government, A3=Austrian government) final=\boxed{Austrian government}
[240/2417   9.9% elapsed=1m44s eta=15m44s] id=2hop__30384_30351 em=0 f1=0.00 tie=False err=False voters=(A1=Ludwig von Mises, A2=Ludwig von Mises, A3=Ludwig von Mises) final=\boxed{Ludwig von Mises}
[241/2417  10.0% elapsed=1m44s eta=15m41s] id=2hop__685045_19320 em=1 f1=1.00 tie=False err=False voters=(A1=74th, A2=74th, A3=74th) final=\boxed{74th}
[242/2417  10.0% elapsed=1m45s eta=15m40s] id=2hop__846388_19320 em=0 f1=0.00 tie=False err=False voters=(A1=Cannot determine, A2=74th, A3=Cannot determine) final=\boxed{Cannot determine}
[243/2417  10.1% elapsed=1m45s eta=15m39s] id=2hop__13986_40169 em=1 f1=1.00 tie=False err=False voters=(A1=1191, A2=1191, A3=1191) final=\boxed{1191}
[244/2417  10.1% elapsed=1m45s eta=15m35s] id=2hop__837900_71701 em=0 f1=0.80 tie=False err=False voters=(A1=November 5, 1941, A2=November 5, 1941, A3=November 5, 1941) final=\boxed{November 5, 1941}
[245/2417  10.1% elapsed=1m45s eta=15m32s] id=2hop__30741_85990 em=0 f1=0.00 tie=False err=False voters=(A1=The answer cannot be determined from the, A2=The answer cannot be determined from the, A3=The answer cannot be determined from the) final=\boxed{The answer cannot be determined from the given paragr
[246/2417  10.2% elapsed=1m45s eta=15m29s] id=2hop__25344_88628 em=0 f1=0.77 tie=False err=False voters=(A1=John Wayne, A2=Mattie Ross and U.S. Marshal Rooster Cog, A3=Mattie Ross and U.S. Marshal Rooster Cog) final=\boxed{Mattie Ross and U.S. Marshal Rooster Cogburn}
[247/2417  10.2% elapsed=1m46s eta=15m31s] id=2hop__203985_524737 em=1 f1=1.00 tie=False err=False voters=(A1=Southwest Independent Soccer League, A2=Southwest Independent Soccer League, A3=Southwest Independent Soccer League) final=\boxed{Southwest Independent Soccer League}
[248/2417  10.3% elapsed=1m46s eta=15m29s] id=2hop__96062_159673 em=1 f1=1.00 tie=False err=False voters=(A1=The Hateful Eight, A2=The Hateful Eight, A3=The Hateful Eight) final=\boxed{The Hateful Eight}
[249/2417  10.3% elapsed=1m46s eta=15m25s] id=2hop__40697_46621 em=0 f1=0.67 tie=False err=False voters=(A1=3rd century BC, A2=Sun, A3=3rd century BC) final=\boxed{3rd century BC}
[250/2417  10.3% elapsed=1m48s eta=15m34s] id=2hop__278022_71701 em=0 f1=0.00 tie=False err=False voters=(A1=1941, A2=1941, A3=1941) final=\boxed{1941}
[251/2417  10.4% elapsed=1m48s eta=15m31s] id=2hop__506035_325512 em=1 f1=1.00 tie=False err=False voters=(A1=Pearl River County, A2=Pearl River County, A3=Pearl River County) final=\boxed{Pearl River County}
[252/2417  10.4% elapsed=1m50s eta=15m42s] id=2hop__810411_159673 em=0 f1=0.00 tie=False err=False voters=(A1=The Computer Wore Tennis Shoes, A2=The Computer Wore Tennis Shoes, A3=The Computer Wore Tennis Shoes) final=\boxed{The Computer Wore Tennis Shoes}
[253/2417  10.5% elapsed=1m50s eta=15m42s] id=2hop__631024_18974 em=0 f1=0.44 tie=False err=False voters=(A1=Chen Zheng and his son Chen Yuanguang, A2=Chen Zheng and his son Chen Yuanguang, A3=Chen Zheng and his son Chen Yuanguang) final=\boxed{Chen Zheng and his son Chen Yuanguang}
[254/2417  10.5% elapsed=1m50s eta=15m38s] id=2hop__107548_124896 em=1 f1=1.00 tie=False err=False voters=(A1=Sir Nicholas Bacon, A2=Sir Nicholas Bacon, A3=Sir Nicholas Bacon) final=\boxed{Sir Nicholas Bacon}
[255/2417  10.6% elapsed=1m51s eta=15m39s] id=2hop__753260_71701 em=0 f1=0.00 tie=False err=False voters=(A1=1895, A2=1895, A3=1895) final=\boxed{1895}
[256/2417  10.6% elapsed=1m51s eta=15m40s] id=2hop__527400_159673 em=1 f1=1.00 tie=False err=False voters=(A1=The Hateful Eight, A2=The Hateful Eight, A3=The Hateful Eight) final=\boxed{The Hateful Eight}
[257/2417  10.6% elapsed=1m52s eta=15m38s] id=2hop__77832_159673 em=0 f1=0.00 tie=False err=False voters=(A1=The Hateful Eight, A2=The Fox and the Hound, A3=The Fox and the Hound) final=\boxed{The Fox and the Hound}
[258/2417  10.7% elapsed=1m52s eta=15m40s] id=2hop__507722_124896 em=1 f1=1.00 tie=False err=False voters=(A1=Sir Nicholas Bacon, A2=Sir Nicholas Bacon, A3=Sir Nicholas Bacon) final=\boxed{Sir Nicholas Bacon}
[259/2417  10.7% elapsed=1m53s eta=15m40s] id=2hop__36747_18974 em=0 f1=0.00 tie=False err=False voters=(A1=Han Bannermen, A2=Han Bannermen, A3=Han Bannermen) final=\boxed{Han Bannermen}
[260/2417  10.8% elapsed=1m53s eta=15m39s] id=2hop__68590_27619 em=0 f1=0.00 tie=False err=False voters=(A1=Frankfurt, Germany, A2=Frankfurt, Germany, A3=Frankfurt, Germany) final=\boxed{Frankfurt, Germany}
[261/2417  10.8% elapsed=1m54s eta=15m38s] id=2hop__68590_27628 em=1 f1=1.00 tie=False err=False voters=(A1=Vitor Constâncio, A2=Vitor Constâncio, A3=Vitor Constâncio) final=\boxed{Vitor Constâncio}
[262/2417  10.8% elapsed=1m54s eta=15m35s] id=2hop__10017_18974 em=0 f1=0.44 tie=False err=False voters=(A1=Chen Zheng and his son Chen Yuanguang, A2=Chen Zheng and Chen Yuanguang, A3=Chen Zheng and his son Chen Yuanguang) final=\boxed{Chen Zheng and his son Chen Yuanguang}
[263/2417  10.9% elapsed=1m54s eta=15m36s] id=2hop__3131_3300 em=0 f1=0.00 tie=False err=False voters=(A1=Diana DeGarmo, A2=Diana DeGarmo, A3=Diana DeGarmo) final=\boxed{Diana DeGarmo}
[264/2417  10.9% elapsed=1m54s eta=15m33s] id=2hop__10122_18974 em=0 f1=0.27 tie=False err=False voters=(A1=Chen Zheng and his son Chen Yuanguang, a, A2=Chen Zheng and his son Chen Yuanguang, a, A3=Chen Zheng and his son Chen Yuanguang, a) final=\boxed{Chen Zheng and his son Chen Yuanguang, and Wang Chao 
[265/2417  11.0% elapsed=1m55s eta=15m32s] id=2hop__24661_66233 em=1 f1=1.00 tie=False err=False voters=(A1=October 3, 2018, A2=October 3, 2018, A3=October 3, 2018) final=\boxed{October 3, 2018}
[266/2417  11.0% elapsed=1m55s eta=15m31s] id=2hop__656411_345851 em=1 f1=1.00 tie=False err=False voters=(A1=Hollywood Records, A2=Hollywood Records, A3=Hollywood Records) final=\boxed{Hollywood Records}
[267/2417  11.0% elapsed=1m56s eta=15m32s] id=2hop__76402_653666 em=1 f1=1.00 tie=False err=False voters=(A1=Lucy Mack Smith, A2=Lucy Mack Smith, A3=Lucy Mack Smith) final=\boxed{Lucy Mack Smith}
[268/2417  11.1% elapsed=1m56s eta=15m34s] id=2hop__269076_449113 em=0 f1=0.00 tie=False err=False voters=(A1=Israel, A2=Israel, A3=Israel) final=\boxed{Israel}
[269/2417  11.1% elapsed=1m57s eta=15m32s] id=2hop__230022_68489 em=1 f1=1.00 tie=False err=False voters=(A1=David Hasselhoff played Michael Knight o, A2=Snapper Foster, A3=Snapper Foster) final=\boxed{Snapper Foster}
[270/2417  11.2% elapsed=1m57s eta=15m30s] id=2hop__24661_81961 em=0 f1=0.33 tie=False err=False voters=(A1=October 3, 2018, A2=October 3, 2018, A3=October 3, 2018) final=\boxed{October 3, 2018}
[271/2417  11.2% elapsed=1m57s eta=15m27s] id=2hop__538735_3296 em=1 f1=1.00 tie=False err=False voters=(A1=Diana DeGarmo, A2=Diana DeGarmo, A3=Diana DeGarmo) final=\boxed{Diana DeGarmo}
[272/2417  11.3% elapsed=1m57s eta=15m23s] id=2hop__143915_68489 em=1 f1=1.00 tie=False err=False voters=(A1=Snapper Foster, A2=Snapper Foster, A3=Snapper Foster) final=\boxed{Snapper Foster}
[273/2417  11.3% elapsed=1m57s eta=15m21s] id=2hop__107690_124896 em=1 f1=1.00 tie=False err=False voters=(A1=Sir Nicholas Bacon, A2=Sir Nicholas Bacon, A3=Sir Nicholas Bacon) final=\boxed{Sir Nicholas Bacon}
[274/2417  11.3% elapsed=1m58s eta=15m20s] id=2hop__233551_746883 em=0 f1=0.00 tie=False err=False voters=(A1=Robert Curthose, A2=Cannot be determined, A3=Cannot be determined) final=\boxed{Cannot be determined}
[275/2417  11.4% elapsed=1m58s eta=15m18s] id=2hop__13592_85544 em=1 f1=1.00 tie=False err=False voters=(A1=38, A2=38, A3=38) final=\boxed{38}
[276/2417  11.4% elapsed=1m58s eta=15m17s] id=2hop__73717_653666 em=1 f1=1.00 tie=False err=False voters=(A1=Lucy Mack Smith, A2=Lucy Mack Smith, A3=Lucy Mack Smith) final=\boxed{Lucy Mack Smith}
[277/2417  11.5% elapsed=1m58s eta=15m14s] id=2hop__27650_27619 em=0 f1=0.00 tie=False err=False voters=(A1=European Central Bank, A2=European Central Bank, A3=European Central Bank) final=\boxed{European Central Bank}
[278/2417  11.5% elapsed=1m59s eta=15m14s] id=2hop__593688_292889 em=1 f1=1.00 tie=False err=False voters=(A1=Senegal, A2=Senegal, A3=Senegal) final=\boxed{Senegal}
[279/2417  11.5% elapsed=1m59s eta=15m13s] id=2hop__124933_653666 em=1 f1=1.00 tie=False err=False voters=(A1=Lucy Mack Smith, A2=Emma Hale Smith, A3=Lucy Mack Smith) final=\boxed{Lucy Mack Smith}
[280/2417  11.6% elapsed=1m59s eta=15m09s] id=2hop__598467_68489 em=1 f1=1.00 tie=False err=False voters=(A1=Snapper Foster, A2=Snapper Foster, A3=Snapper Foster) final=\boxed{Snapper Foster}
[281/2417  11.6% elapsed=1m59s eta=15m08s] id=2hop__26642_66233 em=1 f1=1.00 tie=False err=False voters=(A1=October 3, 2018, A2=October 3, 2018, A3=October 3, 2018) final=\boxed{October 3, 2018}
[282/2417  11.7% elapsed=2m00s eta=15m08s] id=2hop__811015_3300 em=0 f1=0.00 tie=False err=False voters=(A1=3, A2=3, A3=3) final=\boxed{3}
[283/2417  11.7% elapsed=2m00s eta=15m04s] id=2hop__142842_68489 em=1 f1=1.00 tie=False err=False voters=(A1=Snapper Foster, A2=Snapper Foster, A3=Snapper Foster) final=\boxed{Snapper Foster}
[284/2417  11.8% elapsed=2m00s eta=15m05s] id=2hop__538735_3299 em=0 f1=0.67 tie=False err=False voters=(A1=five, A2=five, A3=five) final=\boxed{five}
[285/2417  11.8% elapsed=2m01s eta=15m06s] id=2hop__252521_80650 em=1 f1=1.00 tie=False err=False voters=(A1=Martin Short, A2=Martin Short, A3=Martin Short) final=\boxed{Martin Short}
[286/2417  11.8% elapsed=2m01s eta=15m04s] id=2hop__26642_81961 em=0 f1=0.33 tie=False err=False voters=(A1=October 3, 2018, A2=October 3, 2018, A3=October 3, 2018) final=\boxed{October 3, 2018}
[287/2417  11.9% elapsed=2m01s eta=15m00s] id=2hop__27650_27628 em=1 f1=1.00 tie=False err=False voters=(A1=Vitor Constâncio, A2=Vitor Constâncio, A3=Vitor Constâncio) final=\boxed{Vitor Constâncio}
[288/2417  11.9% elapsed=2m01s eta=14m58s] id=2hop__70584_198548 em=0 f1=0.00 tie=False err=False voters=(A1=Unknown, A2=Unknown, A3=Unknown) final=\boxed{Unknown}
[289/2417  12.0% elapsed=2m02s eta=14m58s] id=2hop__809785_606637 em=0 f1=0.00 tie=False err=False voters=(A1=Secret City Records, A2=Italian Soul Note, A3=Italian Soul Note) final=\boxed{Italian Soul Note}
[290/2417  12.0% elapsed=2m03s eta=15m02s] id=2hop__370564_71701 em=0 f1=0.00 tie=False err=False voters=(A1=1941, A2=1941, A3=1941) final=\boxed{1941}
[291/2417  12.0% elapsed=2m03s eta=14m59s] id=2hop__34495_85544 em=0 f1=0.00 tie=False err=False voters=(A1=Not directly derivable, A2=Not directly derivable, A3=Not directly derivable) final=\boxed{Not directly derivable}
[292/2417  12.1% elapsed=2m03s eta=14m56s] id=2hop__13592_49388 em=1 f1=1.00 tie=False err=False voters=(A1=38, A2=38, A3=38) final=\boxed{38}
[293/2417  12.1% elapsed=2m04s eta=14m58s] id=2hop__75207_365216 em=0 f1=0.00 tie=False err=False voters=(A1=Maule Region, A2=Maule Region, A3=Maule) final=\boxed{Maule Region}
[294/2417  12.2% elapsed=2m04s eta=14m57s] id=2hop__754682_730690 em=0 f1=0.00 tie=False err=False voters=(A1=Not enough information, A2=Not specified, A3=Not enough information) final=\boxed{Not enough information}
[295/2417  12.2% elapsed=2m05s eta=14m56s] id=2hop__34495_49388 em=1 f1=1.00 tie=False err=False voters=(A1=38, A2=38, A3=38) final=\boxed{38}
[296/2417  12.2% elapsed=2m05s eta=14m55s] id=2hop__44522_58556 em=0 f1=0.00 tie=False err=False voters=(A1=FDA, A2=FDA, A3=FDA) final=\boxed{FDA}
[297/2417  12.3% elapsed=2m05s eta=14m52s] id=2hop__671664_646310 em=0 f1=0.00 tie=False err=False voters=(A1=Red Cross, A2=Red Cross, A3=Albemarle) final=\boxed{Red Cross}
[298/2417  12.3% elapsed=2m07s eta=15m03s] id=2hop__75207_46837 em=1 f1=1.00 tie=False err=False voters=(A1=June, A2=June, A3=June) final=\boxed{June}
[299/2417  12.4% elapsed=2m07s eta=15m00s] id=2hop__58939_189318 em=0 f1=0.00 tie=False err=False voters=(A1=Cannot determine, A2=Cannot determine, A3=Cannot determine) final=\boxed{Cannot determine}
[300/2417  12.4% elapsed=2m07s eta=14m59s] id=2hop__30905_189318 em=0 f1=0.00 tie=False err=False voters=(A1=United States Naval Academy, A2=Yale University, A3=United States Naval Academy) final=\boxed{United States Naval Academy}
[301/2417  12.5% elapsed=2m08s eta=14m58s] id=2hop__384238_74735 em=1 f1=1.00 tie=False err=False voters=(A1=Hey Jude, A2=Hey Jude, A3=Hey Jude) final=\boxed{Hey Jude}
[302/2417  12.5% elapsed=2m08s eta=14m58s] id=2hop__75207_7363 em=0 f1=0.67 tie=False err=False voters=(A1=24:00 local time, A2=24:00, A3=24:00 local time) final=\boxed{24:00 local time}
[303/2417  12.5% elapsed=2m09s eta=14m58s] id=2hop__736167_74735 em=1 f1=1.00 tie=False err=False voters=(A1=Hey Jude, A2=Hey Jude, A3=Hey Jude) final=\boxed{Hey Jude}
[304/2417  12.6% elapsed=2m09s eta=14m54s] id=2hop__84172_198548 em=0 f1=0.00 tie=False err=False voters=(A1=Unknown, A2=Unknown, A3=Unknown) final=\boxed{Unknown}
[305/2417  12.6% elapsed=2m09s eta=14m52s] id=2hop__142443_768138 em=0 f1=0.00 tie=False err=False voters=(A1=Unknown, A2=Unknown, A3=Unknown) final=\boxed{Unknown}
[306/2417  12.7% elapsed=2m10s eta=14m54s] id=2hop__78756_198548 em=0 f1=0.00 tie=False err=False voters=(A1=Cannot determine, A2=Cannot determine, A3=Unknown) final=\boxed{Cannot determine}
[307/2417  12.7% elapsed=2m10s eta=14m51s] id=2hop__415518_616002 em=1 f1=1.00 tie=False err=False voters=(A1=Pulitzer Prize for Drama, A2=Pulitzer Prize for Drama, A3=Pulitzer Prize for Drama) final=\boxed{Pulitzer Prize for Drama}
[308/2417  12.7% elapsed=2m11s eta=14m56s] id=2hop__142198_152093 em=1 f1=1.00 tie=False err=False voters=(A1=Fair Trade Services, A2=Fair Trade Services, A3=Fair Trade Services) final=\boxed{Fair Trade Services}
[309/2417  12.8% elapsed=2m11s eta=14m53s] id=2hop__75207_53316 em=0 f1=0.00 tie=False err=False voters=(A1=Alberto Fujimori, A2=Alberto Fujimori, A3=Alberto Fujimori) final=\boxed{Alberto Fujimori}
[310/2417  12.8% elapsed=2m12s eta=14m54s] id=2hop__37097_53663 em=0 f1=0.00 tie=False err=False voters=(A1=Nile, A2=Nile, A3=Nile River) final=\boxed{Nile}
[311/2417  12.9% elapsed=2m12s eta=14m51s] id=2hop__16446_58556 em=1 f1=1.00 tie=False err=False voters=(A1=Food Safety Modernization Act (FSMA), A2=Food Safety Modernization Act (FSMA), A3=Food Safety Modernization Act) final=\boxed{Food Safety Modernization Act (FSMA)}
[312/2417  12.9% elapsed=2m12s eta=14m49s] id=2hop__2416_53663 em=1 f1=1.00 tie=False err=False voters=(A1=Nile, located in northeastern Africa, A2=northeastern Africa, A3=northeastern Africa) final=\boxed{northeastern Africa}
[313/2417  12.9% elapsed=2m12s eta=14m46s] id=2hop__35686_58556 em=0 f1=0.00 tie=False err=False voters=(A1=FDA, A2=FDA, A3=FDA) final=\boxed{FDA}
[314/2417  13.0% elapsed=2m12s eta=14m45s] id=2hop__82669_768138 em=0 f1=0.50 tie=False err=False voters=(A1=Melissa Joan Hart, A2=Joey Lawrence, A3=Joey Lawrence) final=\boxed{Joey Lawrence}
[315/2417  13.0% elapsed=2m12s eta=14m44s] id=2hop__753715_51329 em=1 f1=1.00 tie=False err=False voters=(A1=The African Queen, A2=The African Queen, A3=The African Queen) final=\boxed{The African Queen}
[316/2417  13.1% elapsed=2m13s eta=14m42s] id=2hop__95773_51329 em=1 f1=1.00 tie=False err=False voters=(A1=The African Queen, A2=The African Queen, A3=The African Queen) final=\boxed{The African Queen}
[317/2417  13.1% elapsed=2m13s eta=14m39s] id=2hop__559273_152023 em=1 f1=1.00 tie=False err=False voters=(A1=Real World Records, A2=Real World Records, A3=Real World Records) final=\boxed{Real World Records}
[318/2417  13.2% elapsed=2m13s eta=14m38s] id=2hop__39954_80940 em=1 f1=1.00 tie=False err=False voters=(A1=Ruaha National Park, A2=Ruaha National Park, A3=Ruaha National Park) final=\boxed{Ruaha National Park}
[319/2417  13.2% elapsed=2m13s eta=14m37s] id=2hop__39954_80303 em=1 f1=1.00 tie=False err=False voters=(A1=Selous Game Reserve, A2=Selous Game Reserve, A3=Selous Game Reserve) final=\boxed{Selous Game Reserve}
[320/2417  13.2% elapsed=2m14s eta=14m36s] id=2hop__723404_58556 em=0 f1=0.00 tie=False err=False voters=(A1=FDA, A2=FDA, A3=Unknown) final=\boxed{FDA}
[321/2417  13.3% elapsed=2m14s eta=14m34s] id=2hop__39954_65371 em=1 f1=1.00 tie=False err=False voters=(A1=Modest Jonathan Mero, A2=Modest Jonathan Mero, A3=Modest Jonathan Mero) final=\boxed{Modest Jonathan Mero}
[322/2417  13.3% elapsed=2m14s eta=14m33s] id=2hop__47808_198548 em=0 f1=0.00 tie=False err=False voters=(A1=Cannot be determined, A2=Cannot be determined, A3=Cannot be determined) final=\boxed{Cannot be determined}
[323/2417  13.4% elapsed=2m14s eta=14m29s] id=2hop__789398_74735 em=0 f1=0.00 tie=False err=False voters=(A1=Too Late for Goodbyes, A2=Too Late for Goodbyes, A3=Too Late for Goodbyes) final=\boxed{Too Late for Goodbyes}
[324/2417  13.4% elapsed=2m14s eta=14m28s] id=2hop__58939_213732 em=0 f1=0.00 tie=True err=False voters=(A1=Meghan McCain, A2=No information about the child of Obama', A3=There is no information about the child ) final=\boxed{There is no information about the child of Obama's op
[325/2417  13.4% elapsed=2m15s eta=14m28s] id=2hop__329676_119915 em=1 f1=1.00 tie=False err=False voters=(A1=1065, A2=1065, A3=1065) final=\boxed{1065}
[326/2417  13.5% elapsed=2m16s eta=14m30s] id=2hop__385392_756039 em=0 f1=0.50 tie=False err=False voters=(A1=Idaho, A2=Canyon County, Idaho, A3=Idaho) final=\boxed{Idaho}
[327/2417  13.5% elapsed=2m16s eta=14m31s] id=2hop__29349_92763 em=0 f1=0.00 tie=False err=False voters=(A1=16801, A2=16801, A3=16,801) final=\boxed{16801}
[328/2417  13.6% elapsed=2m16s eta=14m28s] id=2hop__763380_74735 em=0 f1=0.00 tie=False err=False voters=(A1=No song by Paul McCartney was written fo, A2=No song by Paul McCartney was written fo, A3=No song by Paul McCartney was written fo) final=\boxed{No song by Paul McCartney was written for Julian Lenn
[329/2417  13.6% elapsed=2m17s eta=14m28s] id=2hop__170914_152093 em=1 f1=1.00 tie=False err=False voters=(A1=Fair Trade Services, A2=Three Gut Records, A3=Fair Trade Services) final=\boxed{Fair Trade Services}
[330/2417  13.7% elapsed=2m17s eta=14m25s] id=2hop__374767_152023 em=0 f1=0.00 tie=False err=False voters=(A1=Telarc, A2=Telarc, A3=Telarc) final=\boxed{Telarc}
[331/2417  13.7% elapsed=2m17s eta=14m24s] id=2hop__203437_152093 em=1 f1=1.00 tie=False err=False voters=(A1=Fair Trade Services, A2=Fair Trade Services, A3=Fair Trade Services) final=\boxed{Fair Trade Services}
[332/2417  13.7% elapsed=2m18s eta=14m24s] id=2hop__591435_51329 em=1 f1=1.00 tie=False err=False voters=(A1=The African Queen, A2=The African Queen, A3=The African Queen) final=\boxed{The African Queen}
[333/2417  13.8% elapsed=2m18s eta=14m21s] id=2hop__63982_768138 em=0 f1=0.00 tie=False err=False voters=(A1=Bessie, A2=Bessie, A3=Joey King) final=\boxed{Bessie}
[334/2417  13.8% elapsed=2m18s eta=14m18s] id=2hop__143650_152023 em=1 f1=1.00 tie=False err=False voters=(A1=Real World Records, A2=Real World Records, A3=Real World Records) final=\boxed{Real World Records}
[335/2417  13.9% elapsed=2m18s eta=14m20s] id=2hop__539184_119915 em=0 f1=0.00 tie=False err=False voters=(A1=1091, A2=1091, A3=1091) final=\boxed{1091}
[336/2417  13.9% elapsed=2m19s eta=14m20s] id=2hop__678516_179720 em=0 f1=0.00 tie=False err=False voters=(A1=Frederick W. Jackson, A2=Harold Knight, A3=Frederick W. Jackson) final=\boxed{Frederick W. Jackson}
[337/2417  13.9% elapsed=2m19s eta=14m17s] id=2hop__271045_68633 em=1 f1=1.00 tie=False err=False voters=(A1=Thomas Bach, A2=Thomas Bach, A3=Thomas Bach) final=\boxed{Thomas Bach}
[338/2417  14.0% elapsed=2m19s eta=14m18s] id=2hop__267938_92763 em=1 f1=1.00 tie=False err=False voters=(A1=16,801, A2=16801, A3=16,801) final=\boxed{16,801}
[339/2417  14.0% elapsed=2m20s eta=14m16s] id=2hop__557743_92763 em=0 f1=0.00 tie=False err=False voters=(A1=Cannot be determined, A2=Cannot be determined, A3=Cannot be determined) final=\boxed{Cannot be determined}
[340/2417  14.1% elapsed=2m20s eta=14m14s] id=2hop__374495_68633 em=1 f1=1.00 tie=False err=False voters=(A1=Avery Brundage, A2=Thomas Bach, A3=Thomas Bach) final=\boxed{Thomas Bach}
[341/2417  14.1% elapsed=2m20s eta=14m13s] id=2hop__645367_68633 em=1 f1=1.00 tie=False err=False voters=(A1=Thomas Bach, A2=Thomas Bach, A3=Thomas Bach) final=\boxed{Thomas Bach}
[342/2417  14.1% elapsed=2m21s eta=14m16s] id=2hop__315246_88622 em=0 f1=0.00 tie=False err=False voters=(A1=Simon Jeffrey, A2=Simon Jeffrey, A3=Simon Jeffrey) final=\boxed{Simon Jeffrey}
[343/2417  14.2% elapsed=2m21s eta=14m13s] id=2hop__853227_68633 em=1 f1=1.00 tie=False err=False voters=(A1=Thomas Bach, A2=Thomas Bach, A3=Thomas Bach) final=\boxed{Thomas Bach}
[344/2417  14.2% elapsed=2m22s eta=14m16s] id=2hop__124807_135019 em=1 f1=1.00 tie=False err=False voters=(A1=Europa, A2=Europa, A3=Europa) final=\boxed{Europa}
[345/2417  14.3% elapsed=2m22s eta=14m16s] id=2hop__452580_70131 em=0 f1=0.00 tie=False err=False voters=(A1=The Free State of Brunswick does not hav, A2=Unable to determine, A3=Unable to determine) final=\boxed{Unable to determine}
[346/2417  14.3% elapsed=2m23s eta=14m14s] id=2hop__464479_70131 em=0 f1=0.73 tie=False err=False voters=(A1=World War I veterans, A2=World War I veterans, A3=World War I veterans) final=\boxed{World War I veterans}
[347/2417  14.4% elapsed=2m23s eta=14m12s] id=2hop__632161_643449 em=1 f1=1.00 tie=False err=False voters=(A1=Eva Amurri, A2=Eva Amurri, A3=Eva Amurri) final=\boxed{Eva Amurri}
[348/2417  14.4% elapsed=2m23s eta=14m11s] id=2hop__705035_152093 em=0 f1=0.00 tie=False err=False voters=(A1=unknown, A2=Big Star Recordings, A3=Big Star Recordings) final=\boxed{Big Star Recordings}
[349/2417  14.4% elapsed=2m23s eta=14m09s] id=2hop__409166_152023 em=0 f1=0.00 tie=False err=False voters=(A1=Real World, A2=Real World, A3=Real World) final=\boxed{Real World}
[350/2417  14.5% elapsed=2m23s eta=14m06s] id=2hop__49887_573255 em=1 f1=1.00 tie=False err=False voters=(A1=Ahinoam, A2=Unknown, A3=Ahinoam) final=\boxed{Ahinoam}
[351/2417  14.5% elapsed=2m24s eta=14m09s] id=2hop__66708_573255 em=1 f1=1.00 tie=False err=False voters=(A1=Ahinoam, A2=Ahinoam, A3=Ahinoam) final=\boxed{Ahinoam}
[352/2417  14.6% elapsed=2m24s eta=14m06s] id=2hop__435087_55984 em=1 f1=1.00 tie=False err=False voters=(A1=Phil Hanseroth, A2=Phil Hanseroth, A3=Phil Hanseroth) final=\boxed{Phil Hanseroth}
[353/2417  14.6% elapsed=2m24s eta=14m04s] id=2hop__403060_92763 em=0 f1=0.00 tie=True err=False voters=(A1=16,801, A3=16801) final=\boxed{16801}
[354/2417  14.6% elapsed=2m25s eta=14m02s] id=2hop__126306_396277 em=1 f1=1.00 tie=False err=False voters=(A1=Doctor De Soto, A2=Doctor De Soto, A3=The Polar Express) final=\boxed{Doctor De Soto}
[355/2417  14.7% elapsed=2m25s eta=14m02s] id=2hop__605207_135019 em=1 f1=1.00 tie=False err=False voters=(A1=Europa, A2=Europa, A3=Europa) final=\boxed{Europa}
[356/2417  14.7% elapsed=2m25s eta=14m00s] id=2hop__391873_88622 em=0 f1=0.89 tie=False err=False voters=(A1=ADM Michael S. Rogers USN, A2=ADM Michael S. Rogers USN, A3=GEN Keith B. Alexander USA) final=\boxed{ADM Michael S. Rogers USN}
[357/2417  14.8% elapsed=2m25s eta=13m57s] id=2hop__48784_70131 em=0 f1=0.00 tie=False err=False voters=(A1=Freikorps, A2=Freikorps, A3=Freikorps) final=\boxed{Freikorps}
[358/2417  14.8% elapsed=2m26s eta=14m00s] id=2hop__126188_396277 em=1 f1=1.00 tie=False err=False voters=(A1=William Steig, A2=Doctor De Soto, A3=Doctor De Soto) final=\boxed{Doctor De Soto}
[359/2417  14.9% elapsed=2m26s eta=13m59s] id=2hop__498061_88622 em=1 f1=1.00 tie=False err=False voters=(A1=ADM Michael S. Rogers, A2=ADM Michael S. Rogers, A3=ADM Michael S. Rogers) final=\boxed{ADM Michael S. Rogers}
[360/2417  14.9% elapsed=2m26s eta=13m57s] id=2hop__613779_55984 em=1 f1=1.00 tie=False err=False voters=(A1=Phil Hanseroth, A2=Phil Hanseroth, A3=Phil Hanseroth) final=\boxed{Phil Hanseroth}
[361/2417  14.9% elapsed=2m27s eta=13m56s] id=2hop__554145_88622 em=0 f1=0.00 tie=False err=False voters=(A1=National Security Agency, A2=ADM Michael S. Rogers, A3=National Security Agency) final=\boxed{National Security Agency}
[362/2417  15.0% elapsed=2m27s eta=13m53s] id=2hop__275891_55984 em=1 f1=1.00 tie=False err=False voters=(A1=Phil Hanseroth, A2=Phil Hanseroth, A3=Phil Hanseroth) final=\boxed{Phil Hanseroth}
[363/2417  15.0% elapsed=2m28s eta=13m57s] id=2hop__559076_55984 em=1 f1=1.00 tie=False err=False voters=(A1=Phil Hanseroth, A2=Phil Hanseroth, A3=Phil Hanseroth) final=\boxed{Phil Hanseroth}
[364/2417  15.1% elapsed=2m28s eta=13m57s] id=2hop__37097_86208 em=0 f1=0.00 tie=False err=False voters=(A1=Every year, A2=Annually, A3=Every year) final=\boxed{Every year}
[365/2417  15.1% elapsed=2m29s eta=13m57s] id=2hop__126299_396277 em=1 f1=1.00 tie=False err=False voters=(A1=Shrek!, The Polar Express, Doctor De Sot, A2=Doctor De Soto, A3=Doctor De Soto) final=\boxed{Doctor De Soto}
[366/2417  15.1% elapsed=2m29s eta=13m54s] id=2hop__763840_144857 em=1 f1=1.00 tie=False err=False voters=(A1=Clatskanie, Oregon, A2=Clatskanie, Oregon, A3=Clatskanie, Oregon) final=\boxed{Clatskanie, Oregon}
[367/2417  15.2% elapsed=2m29s eta=13m54s] id=2hop__269766_43945 em=0 f1=0.62 tie=False err=False voters=(A1=advocating independence from Great Brita, A2=advocating independence from Great Brita, A3=advocating independence from Great Brita) final=\boxed{advocating independence from Great Britain}
[368/2417  15.2% elapsed=2m29s eta=13m52s] id=2hop__47071_162399 em=1 f1=1.00 tie=False err=False voters=(A1=15 December 1950, A2=15 December 1950, A3=15 December 1950) final=\boxed{15 December 1950}
[369/2417  15.3% elapsed=2m31s eta=13m59s] id=2hop__552546_70131 em=0 f1=0.00 tie=False err=False voters=(A1=Freikorps, A2=Freikorps, A3=Freikorps) final=\boxed{Freikorps}
[370/2417  15.3% elapsed=2m31s eta=13m56s] id=2hop__16581_16569 em=1 f1=1.00 tie=False err=False voters=(A1=Kalb, A2=Kalb, A3=Kalb) final=\boxed{Kalb}
[371/2417  15.3% elapsed=2m32s eta=13m57s] id=2hop__53175_548781 em=0 f1=0.80 tie=False err=False voters=(A1=Vermont, A2=Plymouth Notch, Vermont, A3=Plymouth Notch, Vermont) final=\boxed{Plymouth Notch, Vermont}
[372/2417  15.4% elapsed=2m32s eta=13m56s] id=2hop__77518_548781 em=0 f1=0.80 tie=False err=False voters=(A1=Plymouth Notch, Vermont, A2=Plymouth Notch, Vermont, A3=Plymouth Notch, Vermont) final=\boxed{Plymouth Notch, Vermont}
[373/2417  15.4% elapsed=2m32s eta=13m54s] id=2hop__414193_176917 em=0 f1=0.00 tie=False err=False voters=(A1=Cannot be determined, A2=Cannot be determined, A3=Cannot be determined) final=\boxed{Cannot be determined}
[374/2417  15.5% elapsed=2m33s eta=13m54s] id=2hop__2416_86208 em=0 f1=0.00 tie=False err=False voters=(A1=Nile, A2=Nile, A3=Nile) final=\boxed{Nile}
[375/2417  15.5% elapsed=2m33s eta=13m54s] id=2hop__153532_45326 em=1 f1=1.00 tie=False err=False voters=(A1=12, A2=12, A3=12) final=\boxed{12}
[376/2417  15.6% elapsed=2m33s eta=13m52s] id=2hop__69765_43945 em=0 f1=0.37 tie=True err=False voters=(A1=Common Sense was written by Thomas Paine, A2=Common Sense was a powerful pamphlet adv, A3=Common Sense was a powerful pamphlet adv) final=\boxed{Common Sense was a powerful pamphlet advocating indep
[377/2417  15.6% elapsed=2m34s eta=13m53s] id=2hop__231805_514393 em=0 f1=0.67 tie=False err=False voters=(A1=Somersby, Lincolnshire, A2=Somersby, Lincolnshire, A3=Somersby, Lincolnshire) final=\boxed{Somersby, Lincolnshire}
[378/2417  15.6% elapsed=2m34s eta=13m52s] id=2hop__619265_45326 em=1 f1=1.00 tie=False err=False voters=(A1=12, A2=12, A3=12) final=\boxed{12}
[379/2417  15.7% elapsed=2m34s eta=13m50s] id=2hop__21991_43945 em=0 f1=0.19 tie=False err=False voters=(A1=Common Sense was an influential pamphlet, A2=Common Sense was an influential pamphlet, A3=Common Sense was an influential pamphlet) final=\boxed{Common Sense was an influential pamphlet advocating i
[380/2417  15.7% elapsed=2m34s eta=13m47s] id=2hop__168816_144857 em=1 f1=1.00 tie=False err=False voters=(A1=Clatskanie, Oregon, A2=Clatskanie, Oregon, A3=Clatskanie, Oregon) final=\boxed{Clatskanie, Oregon}
[381/2417  15.8% elapsed=2m35s eta=13m48s] id=2hop__170341_43945 em=0 f1=0.50 tie=True err=False voters=(A1=Common Sense was an important work becau, A2=It crystallized the demand for independe, A3=It crystallized the demand for independe) final=\boxed{It crystallized the demand for independence from Grea
[382/2417  15.8% elapsed=2m35s eta=13m46s] id=2hop__580231_162399 em=1 f1=1.00 tie=False err=False voters=(A1=15 December 1950, A2=15 December 1950, A3=15 December 1950) final=\boxed{15 December 1950}
[383/2417  15.8% elapsed=2m36s eta=13m46s] id=2hop__312223_144857 em=1 f1=1.00 tie=False err=False voters=(A1=Clatskanie, Oregon, A2=Clatskanie, Oregon, A3=Clatskanie, Oregon) final=\boxed{Clatskanie, Oregon}
[384/2417  15.9% elapsed=2m36s eta=13m44s] id=2hop__507528_139339 em=1 f1=1.00 tie=False err=False voters=(A1=Academy Award for Best Live Action Short, A2=Best Live Action Short Film, A3=Academy Award for Best Live Action Short) final=\boxed{Academy Award for Best Live Action Short Film}
[385/2417  15.9% elapsed=2m37s eta=13m49s] id=2hop__156044_57816 em=1 f1=1.00 tie=False err=False voters=(A1=100, A3=100) final=\boxed{100}
[386/2417  16.0% elapsed=2m38s eta=13m50s] id=2hop__123166_47134 em=1 f1=1.00 tie=False err=False voters=(A1=Benny Beaver, A2=Benny Beaver, A3=Benny Beaver) final=\boxed{Benny Beaver}
[387/2417  16.0% elapsed=2m39s eta=13m52s] id=2hop__754753_57816 em=1 f1=1.00 tie=False err=False voters=(A1=100, A2=100, A3=100) final=\boxed{100}
[388/2417  16.1% elapsed=2m39s eta=13m54s] id=2hop__455392_40315 em=0 f1=0.00 tie=False err=False voters=(A1=California State University, A2=7, A3=7) final=\boxed{7}
[389/2417  16.1% elapsed=2m40s eta=13m53s] id=2hop__85463_33311 em=1 f1=1.00 tie=False err=False voters=(A1=1950 to 1953, A2=1950–1953, A3=1950–1953) final=\boxed{1950–1953}
[390/2417  16.1% elapsed=2m40s eta=13m51s] id=2hop__85463_50252 em=1 f1=1.00 tie=False err=False voters=(A1=Kim Il-sung, A2=Kim Il-sung, A3=Kim Il-sung) final=\boxed{Kim Il-sung}
[391/2417  16.2% elapsed=2m40s eta=13m50s] id=2hop__289517_139339 em=0 f1=0.00 tie=False err=False voters=(A1=Griffin Dunne, A2=Griffin Dunne, A3=Griffin Dunne) final=\boxed{Griffin Dunne}
[392/2417  16.2% elapsed=2m41s eta=13m50s] id=2hop__846844_47134 em=1 f1=1.00 tie=False err=False voters=(A1=Benny Beaver, A2=Benny Beaver, A3=Benny Beaver) final=\boxed{Benny Beaver}
[393/2417  16.3% elapsed=2m41s eta=13m48s] id=2hop__83405_158262 em=1 f1=1.00 tie=False err=False voters=(A1=1848, A2=1848, A3=1848) final=\boxed{1848}
[394/2417  16.3% elapsed=2m42s eta=13m51s] id=2hop__347652_47134 em=1 f1=1.00 tie=False err=False voters=(A1=Benny Beaver, A2=Benny Beaver, A3=Benny Beaver) final=\boxed{Benny Beaver}
[395/2417  16.3% elapsed=2m42s eta=13m49s] id=2hop__107905_110222 em=1 f1=1.00 tie=False err=False voters=(A1=10 June 1819, A2=10 June 1819, A3=10 June 1819) final=\boxed{10 June 1819}
[396/2417  16.4% elapsed=2m42s eta=13m49s] id=2hop__351045_47134 em=1 f1=1.00 tie=False err=False voters=(A1=Benny Beaver, A2=Benny Beaver, A3=Benny Beaver) final=\boxed{Benny Beaver}
[397/2417  16.4% elapsed=2m43s eta=13m51s] id=2hop__332453_139339 em=0 f1=0.11 tie=False err=False voters=(A1=Best Director, A2=No specific nomination is mentioned for , A3=No specific nomination is mentioned for ) final=\boxed{No specific nomination is mentioned for the director 
[398/2417  16.5% elapsed=2m44s eta=13m50s] id=2hop__78401_158262 em=1 f1=1.00 tie=False err=False voters=(A1=1848, A3=1848) final=\boxed{1848}
[399/2417  16.5% elapsed=2m44s eta=13m47s] id=2hop__85463_66122 em=0 f1=0.00 tie=False err=False voters=(A1=1951, A2=1953, A3=1953) final=\boxed{1953}
[400/2417  16.5% elapsed=2m44s eta=13m48s] id=2hop__857585_14251 em=1 f1=1.00 tie=False err=False voters=(A1=Archibald, certainly not!, A2=Archibald, certainly not!, A3=Archibald, certainly not!) final=\boxed{Archibald, certainly not!}
[401/2417  16.6% elapsed=2m45s eta=13m49s] id=2hop__358582_189042 em=0 f1=0.40 tie=False err=False voters=(A1=Capitol Records, A2=Capitol Records, A3=Capitol Records) final=\boxed{Capitol Records}
[402/2417  16.6% elapsed=2m45s eta=13m47s] id=2hop__57543_158262 em=1 f1=1.00 tie=False err=False voters=(A1=1848, A2=1848, A3=1848) final=\boxed{1848}
[403/2417  16.7% elapsed=2m46s eta=13m47s] id=2hop__503085_110222 em=1 f1=1.00 tie=False err=False voters=(A1=10 June 1819, A2=10 June 1819, A3=10 June 1819) final=\boxed{10 June 1819}
[404/2417  16.7% elapsed=2m46s eta=13m48s] id=2hop__60229_1783 em=0 f1=0.00 tie=False err=False voters=(A1=Fiorello La Guardia, A2=Uncertain, A3=Uncertain) final=\boxed{Uncertain}
[405/2417  16.8% elapsed=2m47s eta=13m48s] id=2hop__85463_54688 em=0 f1=0.50 tie=False err=False voters=(A1=Communist regime, A2=Communist regime, A3=Communist regime) final=\boxed{Communist regime}
[406/2417  16.8% elapsed=2m47s eta=13m46s] id=2hop__663184_57816 em=1 f1=1.00 tie=False err=False voters=(A1=100, A3=100) final=\boxed{100}
[407/2417  16.8% elapsed=2m47s eta=13m44s] id=2hop__510679_57816 em=1 f1=1.00 tie=False err=False voters=(A1=100, A2=100, A3=100) final=\boxed{100}
[408/2417  16.9% elapsed=2m47s eta=13m43s] id=2hop__107601_110222 em=1 f1=1.00 tie=False err=False voters=(A1=10 June 1819, A2=10 June 1819, A3=10 June 1819) final=\boxed{10 June 1819}
[409/2417  16.9% elapsed=2m47s eta=13m42s] id=2hop__706038_14251 em=1 f1=1.00 tie=False err=False voters=(A1=Archibald, certainly not!, A2=Archibald, certainly not!, A3=Archibald, certainly not!) final=\boxed{Archibald, certainly not!}
[410/2417  17.0% elapsed=2m47s eta=13m39s] id=2hop__30905_213732 em=1 f1=1.00 tie=False err=False voters=(A1=Meghan McCain, A2=Meghan McCain, A3=Meghan McCain) final=\boxed{Meghan McCain}
[411/2417  17.0% elapsed=2m48s eta=13m39s] id=2hop__326404_120065 em=1 f1=1.00 tie=False err=False voters=(A1=Merseburg, A2=1738, A3=1738) final=\boxed{1738}
[412/2417  17.0% elapsed=2m48s eta=13m37s] id=2hop__821368_14251 em=1 f1=1.00 tie=False err=False voters=(A1=Archibald, certainly not!, A2=Archibald, certainly not!, A3=Archibald, certainly not!) final=\boxed{Archibald, certainly not!}
[413/2417  17.1% elapsed=2m48s eta=13m36s] id=2hop__125412_544665 em=0 f1=0.86 tie=False err=False voters=(A1=Rabbi Dovber Schneuri, A2=Rabbi Menachem Mendel Schneersohn, A3=Rabbi Menachem Mendel Schneersohn) final=\boxed{Rabbi Menachem Mendel Schneersohn}
[414/2417  17.1% elapsed=2m48s eta=13m34s] id=2hop__293131_110222 em=1 f1=1.00 tie=False err=False voters=(A1=10 June 1819, A2=10 June 1819, A3=10 June 1819) final=\boxed{10 June 1819}
[415/2417  17.2% elapsed=2m49s eta=13m36s] id=2hop__417937_158105 em=0 f1=0.30 tie=False err=False voters=(A1=Integration of business and technology, , A2=Integration of business and technology, , A3=Integration of business and technology, ) final=\boxed{Integration of business and technology, digital infra
[416/2417  17.2% elapsed=2m49s eta=13m35s] id=2hop__593397_224832 em=0 f1=0.00 tie=False err=False voters=(A1=The answer cannot be determined from the, A2=Unknown, A3=Unknown) final=\boxed{Unknown}
[417/2417  17.3% elapsed=2m50s eta=13m37s] id=2hop__852657_155922 em=1 f1=1.00 tie=False err=False voters=(A1=Sydney Harbour, A2=Sydney Harbour, A3=Sydney Harbour) final=\boxed{Sydney Harbour}
[418/2417  17.3% elapsed=2m50s eta=13m35s] id=2hop__121145_561444 em=0 f1=0.80 tie=False err=False voters=(A1=Rabbi Dovber Schneuri, A2=Rabbi Dovber Schneuri, A3=Chaya Mushka Schneersohn) final=\boxed{Rabbi Dovber Schneuri}
[419/2417  17.3% elapsed=2m50s eta=13m32s] id=2hop__669160_139339 em=1 f1=1.00 tie=False err=False voters=(A1=Academy Award for Best Live Action Short, A2=Academy Award for Best Live Action Short, A3=No explicit nomination for 'Addicted to ) final=\boxed{Academy Award for Best Live Action Short Film}
[420/2417  17.4% elapsed=2m51s eta=13m32s] id=2hop__46376_158105 em=0 f1=0.14 tie=False err=False voters=(A1=Football achievements and marketability, A2=football achievements and marketability, A3=Football achievements and marketability) final=\boxed{Football achievements and marketability}
[421/2417  17.4% elapsed=2m51s eta=13m31s] id=2hop__155781_155922 em=1 f1=1.00 tie=False err=False voters=(A1=Sydney Harbour, A2=Sydney Harbour, A3=Sydney Harbour) final=\boxed{Sydney Harbour}
[422/2417  17.5% elapsed=2m51s eta=13m29s] id=2hop__450600_158262 em=1 f1=1.00 tie=False err=False voters=(A1=1848, A2=1848, A3=1848) final=\boxed{1848}
[423/2417  17.5% elapsed=2m51s eta=13m27s] id=2hop__696442_51329 em=1 f1=1.00 tie=False err=False voters=(A1=The African Queen, A2=The African Queen, A3=The African Queen) final=\boxed{The African Queen}
[424/2417  17.5% elapsed=2m51s eta=13m25s] id=2hop__175168_110222 em=1 f1=1.00 tie=False err=False voters=(A1=10 June 1819, A2=10 June 1819, A3=10 June 1819) final=\boxed{10 June 1819}
[425/2417  17.6% elapsed=2m51s eta=13m23s] id=2hop__62020_158262 em=1 f1=1.00 tie=False err=False voters=(A1=1848, A3=1848) final=\boxed{1848}
[426/2417  17.6% elapsed=2m52s eta=13m22s] id=2hop__81682_707195 em=1 f1=1.00 tie=False err=False voters=(A1=Sydney Harbour, A2=Sydney Harbour, A3=Sydney Harbour) final=\boxed{Sydney Harbour}
[427/2417  17.7% elapsed=2m52s eta=13m20s] id=2hop__156658_155922 em=1 f1=1.00 tie=False err=False voters=(A1=Sydney Harbour, A2=Sydney Harbour, A3=Sydney Harbour) final=\boxed{Sydney Harbour}
[428/2417  17.7% elapsed=2m52s eta=13m19s] id=2hop__55552_158105 em=0 f1=0.95 tie=False err=False voters=(A1=ease of use and enhanced support for Plu, A2=ease of use and enhanced support for Plu, A3=ease of use and enhanced support for Plu) final=\boxed{ease of use and enhanced support for Plug and Play (P
[429/2417  17.7% elapsed=2m53s eta=13m21s] id=2hop__814408_155922 em=1 f1=1.00 tie=False err=False voters=(A1=Sydney Harbour, A2=Sydney Harbour, A3=Sydney Harbour) final=\boxed{Sydney Harbour}
[430/2417  17.8% elapsed=2m53s eta=13m19s] id=2hop__13106_158105 em=0 f1=0.12 tie=False err=False voters=(A1=IPTV services and partnership with BT, A2=IPTV services and partnership with BT, A3=IPTV services and Microsoft TV IPTV Edit) final=\boxed{IPTV services and partnership with BT}
[431/2417  17.8% elapsed=2m53s eta=13m17s] id=2hop__144317_120065 em=0 f1=0.00 tie=False err=False voters=(A1=1929, A2=1929, A3=1929) final=\boxed{1929}
[432/2417  17.9% elapsed=2m53s eta=13m16s] id=2hop__123545_47134 em=1 f1=1.00 tie=False err=False voters=(A1=Unknown, A2=Benny Beaver, A3=Benny Beaver) final=\boxed{Benny Beaver}
[433/2417  17.9% elapsed=2m54s eta=13m17s] id=2hop__311931_417706 em=0 f1=0.22 tie=False err=False voters=(A1=A&M Records (Canada) and Koch Entertainm, A2=A&M Records (Canada) and Koch Entertainm, A3=A&M Records (Canada) and Koch Entertainm) final=\boxed{A&M Records (Canada) and Koch Entertainment (Europe)}
[434/2417  18.0% elapsed=2m54s eta=13m15s] id=2hop__60229_38663 em=0 f1=0.00 tie=False err=False voters=(A1=The percentage the Dow Jones fell during, A2=The percentage the Dow Jones fell during, A3=The percentage the Dow Jones fell during) final=\boxed{The percentage the Dow Jones fell during the time the
[435/2417  18.0% elapsed=2m54s eta=13m15s] id=2hop__227031_144857 em=1 f1=1.00 tie=False err=False voters=(A1=Clatskanie, Oregon, A2=Clatskanie, Oregon, A3=The question cannot be definitively answ) final=\boxed{Clatskanie, Oregon}
[436/2417  18.0% elapsed=2m56s eta=13m18s] id=2hop__358270_108549 em=0 f1=0.00 tie=False err=False voters=(A1=Al Septien and Turi Meyer, A2=Al Septien and Turi Meyer, A3=Al Septien and Turi Meyer (first half), ) final=\boxed{Al Septien and Turi Meyer}
[437/2417  18.1% elapsed=2m56s eta=13m17s] id=2hop__149710_108549 em=0 f1=0.00 tie=False err=False voters=(A1=Smallville, A2=Smallville, A3=Smallville) final=\boxed{Smallville}
[438/2417  18.1% elapsed=2m56s eta=13m17s] id=2hop__238499_431914 em=0 f1=0.89 tie=False err=False voters=(A1=Alpes-de-Haute-Provence department, A2=Alpes-de-Haute-Provence department, A3=Alpes-de-Haute-Provence department) final=\boxed{Alpes-de-Haute-Provence department}
[439/2417  18.2% elapsed=2m57s eta=13m16s] id=2hop__669456_108549 em=0 f1=0.57 tie=False err=False voters=(A1=Alfred Gough and Miles Millar, A2=Alfred Gough and Miles Millar, A3=Alfred Gough and Miles Millar) final=\boxed{Alfred Gough and Miles Millar}
[440/2417  18.2% elapsed=2m57s eta=13m15s] id=2hop__149862_108549 em=0 f1=0.57 tie=False err=False voters=(A1=Alfred Gough and Miles Millar, A2=Alfred Gough and Miles Millar, A3=Alfred Gough and Miles Millar) final=\boxed{Alfred Gough and Miles Millar}
[441/2417  18.2% elapsed=2m57s eta=13m14s] id=2hop__135668_561444 em=0 f1=0.00 tie=False err=False voters=(A1=Chaya Mushka Schneersohn, A2=Chaya Mushka Schneersohn, A3=Chaya Mushka Schneersohn) final=\boxed{Chaya Mushka Schneersohn}
[442/2417  18.3% elapsed=2m58s eta=13m13s] id=2hop__16844_42173 em=0 f1=0.00 tie=False err=False voters=(A1=16th century, A2=16th century, A3=16th century) final=\boxed{16th century}
[443/2417  18.3% elapsed=2m58s eta=13m12s] id=2hop__16844_20510 em=1 f1=1.00 tie=False err=False voters=(A1=1600, A3=1600) final=\boxed{1600}
[444/2417  18.4% elapsed=2m59s eta=13m14s] id=2hop__85455_158105 em=0 f1=0.19 tie=False err=False voters=(A1=Long-standing position as the richest pe, A2=Long-standing position as the richest pe, A3=Long-standing position as the richest pe) final=\boxed{Long-standing position as the richest person and cons
[445/2417  18.4% elapsed=2m59s eta=13m12s] id=2hop__73615_16848 em=0 f1=0.13 tie=False err=False voters=(A1=The assets of the British East India Com, A2=The assets of the British East India Com, A3=The assets of the British East India Com) final=\boxed{The assets of the British East India Company were ret
[446/2417  18.5% elapsed=3m00s eta=13m13s] id=2hop__608902_653666 em=1 f1=1.00 tie=False err=False voters=(A1=Lucy Mack Smith, A2=Lucy Mack Smith, A3=Lucy Mack Smith) final=\boxed{Lucy Mack Smith}
[447/2417  18.5% elapsed=3m00s eta=13m13s] id=2hop__67660_158861 em=0 f1=0.00 tie=False err=False voters=(A1=Bob Saget, A2=Bob Saget, A3=Bob Saget) final=\boxed{Bob Saget}
[448/2417  18.5% elapsed=3m00s eta=13m11s] id=2hop__61664_786853 em=0 f1=0.00 tie=False err=False voters=(A1=Rachel Hunter, A2=Unknown, A3=Unknown) final=\boxed{Unknown}
[449/2417  18.6% elapsed=3m00s eta=13m08s] id=2hop__55032_786853 em=0 f1=0.00 tie=False err=False voters=(A1=Jane Leeves, A2=Laura Dern, A3=Jane Leeves) final=\boxed{Jane Leeves}
[450/2417  18.6% elapsed=3m00s eta=13m06s] id=2hop__149983_108549 em=0 f1=0.00 tie=True err=False voters=(A1=Brent Stait, A2=Not specified in the provided paragraphs, A3=Unknown) final=\boxed{Unknown}
[451/2417  18.7% elapsed=3m01s eta=13m10s] id=2hop__245835_762148 em=0 f1=0.00 tie=False err=False voters=(A1=Leftover Salmon, A2=Leftover Salmon, A3=Leftover Salmon) final=\boxed{Leftover Salmon}
[452/2417  18.7% elapsed=3m02s eta=13m10s] id=2hop__157498_127908 em=1 f1=1.00 tie=False err=False voters=(A1=Major League Soccer, A2=Major League Soccer, A3=Major League Soccer) final=\boxed{Major League Soccer}
[453/2417  18.7% elapsed=3m02s eta=13m08s] id=2hop__63483_786853 em=0 f1=0.00 tie=False err=False voters=(A1=Not specified, A2=Not specified, A3=Not specified) final=\boxed{Not specified}
[454/2417  18.8% elapsed=3m02s eta=13m06s] id=2hop__152052_141308 em=0 f1=0.50 tie=False err=False voters=(A1=Apple Records, A2=Apple Records, A3=Apple Records) final=\boxed{Apple Records}
[455/2417  18.8% elapsed=3m02s eta=13m05s] id=2hop__501624_181960 em=1 f1=1.00 tie=False err=False voters=(A1=Slade School of Art, A2=Slade School of Art, A3=Slade School of Art) final=\boxed{Slade School of Art}
[456/2417  18.9% elapsed=3m03s eta=13m06s] id=2hop__448615_127908 em=1 f1=1.00 tie=True err=False voters=(A1=Major League Soccer (MLS), A2=MLS, A3=Major League Soccer) final=\boxed{Major League Soccer}
[457/2417  18.9% elapsed=3m03s eta=13m06s] id=2hop__423874_128023 em=1 f1=1.00 tie=False err=False voters=(A1=MLS, A2=MLS, A3=Major League Soccer) final=\boxed{MLS}
[458/2417  18.9% elapsed=3m04s eta=13m05s] id=2hop__108158_83769 em=0 f1=0.00 tie=False err=False voters=(A1=Ben Affleck, A2=Ben Affleck, A3=Ben Affleck) final=\boxed{Ben Affleck}
[459/2417  19.0% elapsed=3m04s eta=13m06s] id=2hop__67660_81007 em=1 f1=1.00 tie=False err=False voters=(A1=The Mother, A2=The Mother, A3=The Mother) final=\boxed{The Mother}
[460/2417  19.0% elapsed=3m04s eta=13m05s] id=2hop__451574_120065 em=1 f1=1.00 tie=False err=False voters=(A1=1738, A3=1738) final=\boxed{1738}
[461/2417  19.1% elapsed=3m05s eta=13m04s] id=2hop__152027_141308 em=0 f1=0.80 tie=False err=False voters=(A1=Apple Corps Ltd, A2=Apple Corps Ltd, A3=Apple Corps Ltd) final=\boxed{Apple Corps Ltd}
[462/2417  19.1% elapsed=3m05s eta=13m02s] id=2hop__91667_81007 em=1 f1=1.00 tie=False err=False voters=(A1=Tracy McConnell, A2=Tracy McConnell, A3=Tracy McConnell) final=\boxed{Tracy McConnell}
[463/2417  19.2% elapsed=3m05s eta=13m02s] id=2hop__73615_20510 em=1 f1=1.00 tie=False err=False voters=(A1=1600, A2=1600, A3=1600) final=\boxed{1600}
[464/2417  19.2% elapsed=3m06s eta=13m01s] id=2hop__60686_229757 em=0 f1=0.00 tie=True err=False voters=(A1=Chris Traeger, A2=Amy Poehler, A3=Not mentioned) final=\boxed{Not mentioned}
[465/2417  19.2% elapsed=3m06s eta=13m02s] id=2hop__151750_141308 em=0 f1=0.50 tie=False err=False voters=(A1=Apple Records, A2=Apple Records, A3=Apple Records) final=\boxed{Apple Records}
[466/2417  19.3% elapsed=3m07s eta=13m02s] id=2hop__159146_120065 em=0 f1=0.00 tie=False err=False voters=(A1=2009, A2=1815, A3=2009) final=\boxed{2009}
[467/2417  19.3% elapsed=3m07s eta=13m01s] id=2hop__72686_83769 em=1 f1=1.00 tie=False err=False voters=(A1=Fred O'Bannion, A2=Fred O'Bannion, A3=Fred O'Bannion) final=\boxed{Fred O'Bannion}
[468/2417  19.4% elapsed=3m08s eta=13m02s] id=2hop__179149_396277 em=1 f1=1.00 tie=False err=False voters=(A1=Doctor De Soto, A2=Shrek!, A3=Doctor De Soto) final=\boxed{Doctor De Soto}
[469/2417  19.4% elapsed=3m08s eta=13m01s] id=2hop__152700_141308 em=0 f1=0.50 tie=False err=False voters=(A1=Apple Records, A2=Apple Records, A3=Apple Records) final=\boxed{Apple Records}
[470/2417  19.4% elapsed=3m08s eta=13m01s] id=2hop__575188_342798 em=0 f1=0.00 tie=False err=False voters=(A1=Mohammad Ali Shah Qajar, A2=Mahmoud Mirza, A3=Mahmoud Mirza) final=\boxed{Mahmoud Mirza}
[471/2417  19.5% elapsed=3m09s eta=13m02s] id=2hop__151705_141308 em=0 f1=0.50 tie=False err=False voters=(A1=Apple Records, A2=Apple Records, A3=Apple Records) final=\boxed{Apple Records}
[472/2417  19.5% elapsed=3m09s eta=13m00s] id=2hop__91667_67223 em=0 f1=0.50 tie=False err=False voters=(A1=Tracy McConnell, A2=Tracy McConnell, A3=Tracy McConnell) final=\boxed{Tracy McConnell}
[473/2417  19.6% elapsed=3m10s eta=12m59s] id=2hop__72118_83769 em=1 f1=1.00 tie=False err=False voters=(A1=Fred O'Bannion, A2=Fred O'Bannion, A3=Fred O'Bannion) final=\boxed{Fred O'Bannion}
[474/2417  19.6% elapsed=3m10s eta=12m58s] id=2hop__596188_297986 em=1 f1=1.00 tie=False err=False voters=(A1=Royal Borough of Greenwich, A2=Royal Borough of Greenwich, A3=Royal Borough of Greenwich) final=\boxed{Royal Borough of Greenwich}
[475/2417  19.7% elapsed=3m10s eta=12m57s] id=2hop__825727_584042 em=1 f1=1.00 tie=False err=False voters=(A1=K-League, A2=K-League, A3=K-League) final=\boxed{K-League}
[476/2417  19.7% elapsed=3m10s eta=12m55s] id=2hop__603365_120259 em=0 f1=0.00 tie=True err=False voters=(A1=The answer cannot be determined from the, A2=cannot determine, A3=The question cannot be answered based on) final=\boxed{The question cannot be answered based on the provided
[477/2417  19.7% elapsed=3m10s eta=12m54s] id=2hop__64372_83289 em=1 f1=1.00 tie=False err=False voters=(A1=Matt Bennett, A2=Matt Bennett, A3=Matt Bennett) final=\boxed{Matt Bennett}
[478/2417  19.8% elapsed=3m11s eta=12m53s] id=2hop__67660_67223 em=0 f1=0.50 tie=False err=False voters=(A1=Future Ted Mosby, A2=Tracy McConnell, A3=Tracy McConnell) final=\boxed{Tracy McConnell}
[479/2417  19.8% elapsed=3m11s eta=12m53s] id=2hop__73615_42173 em=1 f1=1.00 tie=True err=False voters=(A1=1773, A3=1599) final=\boxed{1599}
[480/2417  19.9% elapsed=3m11s eta=12m53s] id=2hop__646573_83769 em=0 f1=0.00 tie=False err=False voters=(A1=Ben Affleck, A2=Ben Affleck, A3=Ben Affleck) final=\boxed{Ben Affleck}
[481/2417  19.9% elapsed=3m12s eta=12m51s] id=2hop__586343_83289 em=1 f1=1.00 tie=False err=False voters=(A1=Matt Bennett, A2=Matt Bennett, A3=Matt Bennett) final=\boxed{Matt Bennett}
[482/2417  19.9% elapsed=3m12s eta=12m50s] id=2hop__91626_96912 em=1 f1=1.00 tie=False err=False voters=(A1=Adam Smith Prize, A2=University of Cambridge, A3=University of Cambridge) final=\boxed{University of Cambridge}
[483/2417  20.0% elapsed=3m13s eta=12m51s] id=2hop__169443_83769 em=0 f1=0.00 tie=False err=False voters=(A1=Matt Damon, A2=Matt Damon, A3=Matt Damon) final=\boxed{Matt Damon}
[484/2417  20.0% elapsed=3m13s eta=12m49s] id=2hop__865828_377862 em=1 f1=1.00 tie=False err=False voters=(A1=Jordanów, A2=Jordanów, A3=Jordanów) final=\boxed{Jordanów}
[485/2417  20.1% elapsed=3m13s eta=12m49s] id=2hop__194469_83289 em=1 f1=1.00 tie=False err=False voters=(A1=Matt Bennett, A2=Matt Bennett, A3=Matt Bennett) final=\boxed{Matt Bennett}
[486/2417  20.1% elapsed=3m13s eta=12m47s] id=2hop__362912_97805 em=0 f1=0.00 tie=False err=False voters=(A1=Finnish Navy, A2=Finnish Navy, A3=Finnish Navy) final=\boxed{Finnish Navy}
[487/2417  20.1% elapsed=3m13s eta=12m47s] id=2hop__20536_96912 em=1 f1=1.00 tie=False err=False voters=(A1=University of Cambridge, A2=University of Cambridge, A3=University of Cambridge) final=\boxed{University of Cambridge}
[488/2417  20.2% elapsed=3m15s eta=12m49s] id=2hop__363214_590899 em=1 f1=1.00 tie=False err=False voters=(A1=Santa Clara County, A2=Santa Clara County, A3=Santa Clara County) final=\boxed{Santa Clara County}
[489/2417  20.2% elapsed=3m15s eta=12m47s] id=2hop__511454_120259 em=0 f1=0.00 tie=False err=False voters=(A1=Cannot be determined from provided infor, A2=Cannot determine from provided informati, A3=Cannot determine from provided informati) final=\boxed{Cannot determine from provided information}
[490/2417  20.3% elapsed=3m15s eta=12m49s] id=2hop__179322_83289 em=0 f1=0.57 tie=False err=False voters=(A1=Matt Bennett and Elizabeth Gillies, A2=Matt Bennett and Elizabeth Gillies, A3=Matt Bennett and Elizabeth Gillies) final=\boxed{Matt Bennett and Elizabeth Gillies}
[491/2417  20.3% elapsed=3m16s eta=12m50s] id=2hop__88953_64006 em=0 f1=0.00 tie=False err=False voters=(A1=30% to 65%, A2=Cannot be determined, A3=Cannot be determined) final=\boxed{Cannot be determined}
[492/2417  20.4% elapsed=3m18s eta=12m56s] id=2hop__5190_64006 em=1 f1=1.00 tie=False err=False voters=(A1=30% to 65%, A2=30% to 65%, A3=30% to 65%) final=\boxed{30% to 65%}
[493/2417  20.4% elapsed=3m19s eta=12m55s] id=2hop__749997_96912 em=1 f1=1.00 tie=False err=False voters=(A1=University of Cambridge, A2=University of Cambridge, A3=University of Cambridge) final=\boxed{University of Cambridge}
[494/2417  20.4% elapsed=3m19s eta=12m56s] id=2hop__62951_64006 em=0 f1=0.40 tie=False err=False voters=(A1=30-60%, A2=30% to 65%, A3=30-60%) final=\boxed{30-60%}
[495/2417  20.5% elapsed=3m19s eta=12m54s] id=2hop__286268_97805 em=1 f1=1.00 tie=False err=False voters=(A1=Winter War, A2=Winter War, A3=Cold War) final=\boxed{Winter War}
[496/2417  20.5% elapsed=3m19s eta=12m52s] id=2hop__418941_429437 em=0 f1=0.40 tie=False err=False voters=(A1=Little Naches River, A2=Little Naches River, A3=Little Naches River) final=\boxed{Little Naches River}
[497/2417  20.6% elapsed=3m19s eta=12m50s] id=2hop__557496_57594 em=0 f1=0.00 tie=False err=False voters=(A1=QF 3-pounder Hotchkiss, A2=QF 3-pounder Hotchkiss, A3=unknown) final=\boxed{QF 3-pounder Hotchkiss}
[498/2417  20.6% elapsed=3m20s eta=12m49s] id=2hop__690412_526810 em=0 f1=0.33 tie=False err=False voters=(A1=Pa Sak River, A2=Pa Sak River, A3=Pa Sak River) final=\boxed{Pa Sak River}
[499/2417  20.6% elapsed=3m20s eta=12m49s] id=2hop__273020_57594 em=0 f1=0.00 tie=False err=False voters=(A1=Unknown, A2=Unknown, A3=Unknown) final=\boxed{Unknown}
[500/2417  20.7% elapsed=3m20s eta=12m48s] id=2hop__421324_97805 em=0 f1=0.50 tie=False err=False voters=(A1=Continuation War, A2=Second World War, A3=Continuation War) final=\boxed{Continuation War}
[501/2417  20.7% elapsed=3m21s eta=12m50s] id=2hop__88406_83289 em=1 f1=1.00 tie=False err=False voters=(A1=Matt Bennett and Elizabeth Gillies, A2=Matt Bennett, A3=Matt Bennett) final=\boxed{Matt Bennett}
[502/2417  20.8% elapsed=3m21s eta=12m48s] id=2hop__424908_500483 em=0 f1=0.00 tie=False err=False voters=(A1=Cisów-Orłowiny Landscape Park, A2=Cisów-Orłowiny Landscape Park, A3=Cisów-Orłowiny Landscape Park) final=\boxed{Cisów-Orłowiny Landscape Park}
[503/2417  20.8% elapsed=3m22s eta=12m49s] id=2hop__691455_64006 em=0 f1=0.40 tie=False err=False voters=(A1=30–60% of Europe's population, A2=30--60%, A3=30–60%) final=\boxed{30–60%}
[504/2417  20.9% elapsed=3m22s eta=12m48s] id=2hop__157251_556157 em=1 f1=1.00 tie=False err=False voters=(A1=Mzingwane River, A2=Limpopo River, A3=Limpopo River) final=\boxed{Limpopo River}
[505/2417  20.9% elapsed=3m23s eta=12m48s] id=2hop__307719_121900 em=1 f1=1.00 tie=False err=False voters=(A1=Stanford University, A2=Stanford University, A3=Stanford University) final=\boxed{Stanford University}
[506/2417  20.9% elapsed=3m23s eta=12m46s] id=2hop__157339_156796 em=0 f1=0.50 tie=False err=False voters=(A1=Shashe River, A2=Shashe River, A3=Shashe River) final=\boxed{Shashe River}
[507/2417  21.0% elapsed=3m23s eta=12m45s] id=2hop__55463_19033 em=1 f1=1.00 tie=False err=False voters=(A1=Great American Bash, A2=Great American Bash, A3=Great American Bash) final=\boxed{Great American Bash}
[508/2417  21.0% elapsed=3m24s eta=12m45s] id=2hop__107185_64006 em=0 f1=0.07 tie=False err=False voters=(A1=The question refers to a weapon, not a c, A2=The question refers to a weapon, not a c, A3=The question refers to a weapon, not a c) final=\boxed{The question refers to a weapon, not a country, and t
[509/2417  21.1% elapsed=3m24s eta=12m45s] id=2hop__424294_19033 em=1 f1=1.00 tie=False err=False voters=(A1=The Great American Bash, A2=The Great American Bash, A3=The Great American Bash) final=\boxed{The Great American Bash}
[510/2417  21.1% elapsed=3m24s eta=12m44s] id=2hop__70338_160040 em=0 f1=0.00 tie=False err=False voters=(A1=Richard Carlson, A2=Isaac ben Abraham, A3=Richard Carlson) final=\boxed{Richard Carlson}
[511/2417  21.1% elapsed=3m24s eta=12m42s] id=2hop__91021_19033 em=0 f1=0.00 tie=False err=False voters=(A1=Extreme Rules, A2=Extreme Rules, A3=Extreme Rules) final=\boxed{Extreme Rules}
[512/2417  21.2% elapsed=3m25s eta=12m41s] id=2hop__80637_19033 em=1 f1=1.00 tie=False err=False voters=(A1=Great American Bash, A2=Great American Bash, A3=Great American Bash) final=\boxed{Great American Bash}
[513/2417  21.2% elapsed=3m26s eta=12m43s] id=2hop__83489_747874 em=1 f1=1.00 tie=False err=False voters=(A1=Jamie Murray, A2=Jamie Murray, A3=Jamie Murray) final=\boxed{Jamie Murray}
[514/2417  21.3% elapsed=3m26s eta=12m42s] id=2hop__442516_595885 em=1 f1=1.00 tie=False err=False voters=(A1=Tanzania, A2=Tanzania, A3=Tanzania) final=\boxed{Tanzania}
[515/2417  21.3% elapsed=3m26s eta=12m40s] id=2hop__242938_18803 em=0 f1=0.08 tie=False err=False voters=(A1=divesting from downstream business in Af, A2=divesting from downstream business in Af, A3=divesting from downstream business in Af) final=\boxed{divesting from downstream business in African countri
[516/2417  21.3% elapsed=3m26s eta=12m40s] id=2hop__315072_120259 em=0 f1=0.00 tie=False err=False voters=(A1=Unable to determine, A2=The country Merewalh was a citizen of wa, A3=Unable to determine) final=\boxed{Unable to determine}
[517/2417  21.4% elapsed=3m27s eta=12m40s] id=2hop__518354_67465 em=1 f1=1.00 tie=False err=False voters=(A1=March 11, 2011, A2=March 11, 2011, A3=March 11, 2011) final=\boxed{March 11, 2011}
[518/2417  21.4% elapsed=3m27s eta=12m38s] id=2hop__109242_113442 em=1 f1=1.00 tie=False err=False voters=(A1=13 August 1896, A2=13 August 1896, A3=13 August 1896) final=\boxed{13 August 1896}
[519/2417  21.5% elapsed=3m27s eta=12m37s] id=2hop__35989_623159 em=1 f1=1.00 tie=False err=False voters=(A1=Yaroslavl Oblast, A2=Yaroslavl Oblast, A3=Yaroslavl Oblast) final=\boxed{Yaroslavl Oblast}
[520/2417  21.5% elapsed=3m28s eta=12m37s] id=2hop__194532_57594 em=0 f1=0.00 tie=False err=False voters=(A1=Thompson submachine gun, A2=Cannot determine, A3=Cannot determine) final=\boxed{Cannot determine}
[521/2417  21.6% elapsed=3m28s eta=12m35s] id=2hop__567588_67465 em=1 f1=1.00 tie=False err=False voters=(A1=March 11, 2011, A2=March 11, 2011, A3=March 11, 2011) final=\boxed{March 11, 2011}
[522/2417  21.6% elapsed=3m28s eta=12m34s] id=2hop__83257_19033 em=1 f1=1.00 tie=False err=False voters=(A1=Great American Bash, A2=Great American Bash, A3=Great American Bash) final=\boxed{Great American Bash}
[523/2417  21.6% elapsed=3m28s eta=12m34s] id=2hop__70338_36240 em=0 f1=0.00 tie=False err=False voters=(A1=Job 19:20, A2=Job 19:20, A3=Job 19:20) final=\boxed{Job 19:20}
[524/2417  21.7% elapsed=3m28s eta=12m32s] id=2hop__536283_67465 em=1 f1=1.00 tie=False err=False voters=(A1=March 11, 2011, A2=March 11, 2011, A3=March 11, 2011) final=\boxed{March 11, 2011}
[525/2417  21.7% elapsed=3m28s eta=12m31s] id=2hop__68158_189357 em=0 f1=0.00 tie=False err=False voters=(A1=Cannot be determined, A2=Cannot be determined, A3=Cannot be determined) final=\boxed{Cannot be determined}
[526/2417  21.8% elapsed=3m29s eta=12m30s] id=2hop__83800_747874 em=1 f1=1.00 tie=False err=False voters=(A1=Jamie Murray, A2=Jamie Murray, A3=Jamie Murray) final=\boxed{Jamie Murray}
[527/2417  21.8% elapsed=3m29s eta=12m28s] id=2hop__859431_18803 em=0 f1=0.21 tie=False err=False voters=(A1=divesting from downstream business of al, A2=divesting from downstream business of al, A3=divesting from downstream business of al) final=\boxed{divesting from downstream business of all African cou
[528/2417  21.8% elapsed=3m29s eta=12m27s] id=2hop__44259_747874 em=1 f1=1.00 tie=False err=False voters=(A1=Jamie Murray, A2=Jamie Murray, A3=Jamie Murray) final=\boxed{Jamie Murray}
[529/2417  21.9% elapsed=3m29s eta=12m26s] id=2hop__144784_623159 em=1 f1=1.00 tie=False err=False voters=(A1=Yaroslavl Oblast, A2=Yaroslavl Oblast, A3=Yaroslavl Oblast) final=\boxed{Yaroslavl Oblast}
[530/2417  21.9% elapsed=3m30s eta=12m27s] id=2hop__142699_67465 em=1 f1=1.00 tie=False err=False voters=(A1=March 11, 2011, A2=March 11, 2011, A3=March 11, 2011) final=\boxed{March 11, 2011}
[531/2417  22.0% elapsed=3m30s eta=12m27s] id=2hop__590631_110882 em=1 f1=1.00 tie=False err=False voters=(A1=1 January 1986, A2=1 January 1986, A3=1 January 1986) final=\boxed{1 January 1986}
[532/2417  22.0% elapsed=3m31s eta=12m26s] id=2hop__367336_97805 em=1 f1=1.00 tie=False err=False voters=(A1=Winter War, A2=Winter War, A3=Winter War) final=\boxed{Winter War}
[533/2417  22.1% elapsed=3m31s eta=12m25s] id=2hop__215898_67465 em=1 f1=1.00 tie=False err=False voters=(A1=March 11, 2011, A2=March 11, 2011, A3=March 11, 2011) final=\boxed{March 11, 2011}
[534/2417  22.1% elapsed=3m31s eta=12m24s] id=2hop__77878_189357 em=0 f1=0.00 tie=False err=False voters=(A1=Unknown, A2=Unknown, A3=Unknown) final=\boxed{Unknown}
[535/2417  22.1% elapsed=3m31s eta=12m23s] id=2hop__157285_556157 em=0 f1=0.50 tie=False err=False voters=(A1=Mzingwane River, A3=Mzingwane River) final=\boxed{Mzingwane River}
[536/2417  22.2% elapsed=3m31s eta=12m21s] id=2hop__677160_110882 em=1 f1=1.00 tie=False err=False voters=(A1=1 January 1986, A2=1 January 1986, A3=1 January 1986) final=\boxed{1 January 1986}
[537/2417  22.2% elapsed=3m32s eta=12m21s] id=2hop__388467_110882 em=1 f1=1.00 tie=False err=False voters=(A1=1 January 1986, A2=1 January 1986, A3=1 January 1986) final=\boxed{1 January 1986}
[538/2417  22.3% elapsed=3m32s eta=12m22s] id=2hop__818692_113442 em=1 f1=1.00 tie=False err=False voters=(A1=13 August 1896, A2=13 August 1896, A3=13 August 1896) final=\boxed{13 August 1896}
[539/2417  22.3% elapsed=3m33s eta=12m22s] id=2hop__796221_18803 em=0 f1=0.08 tie=False err=False voters=(A1=No information is provided about an anno, A2=Conversion into a Merchant Aircraft Carr, A3=No information is provided about an anno) final=\boxed{No information is provided about an announcement by M
[540/2417  22.3% elapsed=3m33s eta=12m21s] id=2hop__472486_97805 em=1 f1=1.00 tie=False err=False voters=(A1=Winter War, A2=Winter War, A3=Winter War) final=\boxed{Winter War}
[541/2417  22.4% elapsed=3m34s eta=12m22s] id=2hop__156702_51769 em=0 f1=0.22 tie=False err=False voters=(A1=10.75 years, A2=10.75 years, A3=10.75 years) final=\boxed{10.75 years}
[542/2417  22.4% elapsed=3m34s eta=12m21s] id=2hop__540035_113442 em=1 f1=1.00 tie=False err=False voters=(A1=13 August 1896, A2=13 August 1896, A3=13 August 1896) final=\boxed{13 August 1896}
[543/2417  22.5% elapsed=3m36s eta=12m25s] id=2hop__794999_113442 em=1 f1=1.00 tie=False err=False voters=(A1=13 August 1896, A2=13 August 1896, A3=13 August 1896) final=\boxed{13 August 1896}
[544/2417  22.5% elapsed=3m36s eta=12m25s] id=2hop__530579_13529 em=0 f1=0.67 tie=False err=False voters=(A1=1982, A2=June 1982, A3=1982) final=\boxed{1982}
[545/2417  22.5% elapsed=3m37s eta=12m25s] id=2hop__253612_110882 em=1 f1=1.00 tie=False err=False voters=(A1=1 January 1986, A3=1 January 1986) final=\boxed{1 January 1986}
[546/2417  22.6% elapsed=3m38s eta=12m26s] id=2hop__91713_289940 em=1 f1=1.00 tie=False err=False voters=(A1=Arizona Cardinals, A2=Arizona Cardinals, A3=Arizona Cardinals) final=\boxed{Arizona Cardinals}
[547/2417  22.6% elapsed=3m38s eta=12m24s] id=2hop__16632_110014 em=1 f1=1.00 tie=False err=False voters=(A1=1517, A2=1517, A3=1517) final=\boxed{1517}
[548/2417  22.7% elapsed=3m38s eta=12m23s] id=2hop__147260_623159 em=0 f1=0.00 tie=False err=False voters=(A1=Unknown, A2=Unknown, A3=Unknown) final=\boxed{Unknown}
[549/2417  22.7% elapsed=3m38s eta=12m22s] id=2hop__272714_113442 em=1 f1=1.00 tie=False err=False voters=(A1=13 August 1896, A2=13 August 1896, A3=August 13, 1896) final=\boxed{13 August 1896}
[550/2417  22.8% elapsed=3m38s eta=12m21s] id=2hop__6744_6731 em=0 f1=0.50 tie=True err=False voters=(A1=Western Catalan and Central Catalan, A2=Hokkien and Italian, A3=Central Catalan and Majorcan) final=\boxed{Central Catalan and Majorcan}
[551/2417  22.8% elapsed=3m39s eta=12m20s] id=2hop__6745_6731 em=0 f1=0.36 tie=False err=False voters=(A1=Western Catalan and Eastern Catalan (exc, A2=Western Catalan and Eastern Catalan (exc, A3=Western Catalan and Eastern Catalan (exc) final=\boxed{Western Catalan and Eastern Catalan (except Majorcan)
[552/2417  22.8% elapsed=3m39s eta=12m19s] id=2hop__136179_13529 em=1 f1=1.00 tie=False err=False voters=(A1=June 1982, A2=June 1982, A3=June 1982) final=\boxed{June 1982}
[553/2417  22.9% elapsed=3m39s eta=12m19s] id=2hop__695432_18803 em=0 f1=0.12 tie=False err=False voters=(A1=divesting its downstream business, A2=divesting from downstream business, A3=divesting its downstream business) final=\boxed{divesting its downstream business}
[554/2417  22.9% elapsed=3m41s eta=12m23s] id=2hop__394720_120259 em=1 f1=1.00 tie=False err=False voters=(A1=918, A3=918) final=\boxed{918}
[555/2417  23.0% elapsed=3m41s eta=12m23s] id=2hop__53937_92673 em=0 f1=0.40 tie=False err=False voters=(A1=North Pole, A2=North Pole, A3=North Pole) final=\boxed{North Pole}
[556/2417  23.0% elapsed=3m42s eta=12m23s] id=2hop__676045_7292 em=1 f1=1.00 tie=False err=False voters=(A1=George Benson, A2=George Benson, A3=George Benson) final=\boxed{George Benson}
[557/2417  23.0% elapsed=3m42s eta=12m21s] id=2hop__359312_18803 em=0 f1=0.00 tie=False err=False voters=(A1=No information provided, A2=No information provided, A3=No information provided) final=\boxed{No information provided}
[558/2417  23.1% elapsed=3m43s eta=12m23s] id=2hop__161273_92673 em=0 f1=0.40 tie=False err=False voters=(A1=North Pole, A2=North Pole, A3=North Pole) final=\boxed{North Pole}
[559/2417  23.1% elapsed=3m43s eta=12m22s] id=2hop__827940_277334 em=0 f1=0.00 tie=False err=False voters=(A1=Carol Burnett, A2=No child of the author of One More Time , A3=Carol Burnett) final=\boxed{Carol Burnett}
[560/2417  23.2% elapsed=3m44s eta=12m23s] id=2hop__89657_289940 em=0 f1=0.00 tie=False err=False voters=(A1=Michael Strahan, A2=Michael Strahan, A3=Michael Strahan) final=\boxed{Michael Strahan}
[561/2417  23.2% elapsed=3m45s eta=12m23s] id=2hop__3737_13529 em=1 f1=1.00 tie=False err=False voters=(A1=1982, A2=June 1982, A3=June 1982) final=\boxed{June 1982}
[562/2417  23.3% elapsed=3m45s eta=12m22s] id=2hop__88834_425488 em=1 f1=1.00 tie=False err=False voters=(A1=Terri Irwin, A2=Terri Irwin, A3=Terri Irwin) final=\boxed{Terri Irwin}
[563/2417  23.3% elapsed=3m45s eta=12m20s] id=2hop__88834_356793 em=1 f1=1.00 tie=False err=False voters=(A1=Steve Irwin, A2=Steve Irwin, A3=Steve Irwin) final=\boxed{Steve Irwin}
[564/2417  23.3% elapsed=3m46s eta=12m22s] id=2hop__75169_92673 em=0 f1=0.00 tie=False err=False voters=(A1=Greenwich Meridian, A2=Greenwich Meridian, A3=Greenwich Meridian) final=\boxed{Greenwich Meridian}
[565/2417  23.4% elapsed=3m46s eta=12m21s] id=2hop__43579_289940 em=1 f1=1.00 tie=False err=False voters=(A1=Dallas Cowboys, A2=Arizona Cardinals, A3=Arizona Cardinals) final=\boxed{Arizona Cardinals}
[566/2417  23.4% elapsed=3m46s eta=12m19s] id=2hop__642686_7292 em=0 f1=0.00 tie=False err=False voters=(A1=Arturo Tappin, A2=Arturo Tappin, A3=Arturo Tappin) final=\boxed{Arturo Tappin}
[567/2417  23.5% elapsed=3m46s eta=12m19s] id=2hop__9223_9237 em=1 f1=1.00 tie=False err=False voters=(A1=September 2012, A2=September 2012, A3=September 2012) final=\boxed{September 2012}
[568/2417  23.5% elapsed=3m47s eta=12m17s] id=2hop__556426_9237 em=1 f1=1.00 tie=False err=False voters=(A1=September 2012, A2=September 2012, A3=September 2012) final=\boxed{September 2012}
[569/2417  23.5% elapsed=3m47s eta=12m16s] id=2hop__9174_9237 em=1 f1=1.00 tie=False err=False voters=(A1=September 2012, A2=September 2012, A3=September 2012) final=\boxed{September 2012}
[570/2417  23.6% elapsed=3m47s eta=12m16s] id=2hop__754826_7292 em=0 f1=0.00 tie=False err=False voters=(A1=Dave Koz, A2=Dave Koz, A3=Dave Koz) final=\boxed{Dave Koz}
[571/2417  23.6% elapsed=3m47s eta=12m15s] id=2hop__135963_486257 em=0 f1=0.67 tie=False err=False voters=(A1=quantum physics, A2=quantum physics, A3=quantum physics) final=\boxed{quantum physics}
[572/2417  23.7% elapsed=3m48s eta=12m15s] id=2hop__42464_718451 em=0 f1=0.00 tie=False err=False voters=(A1=Physics, A2=physics, A3=physics) final=\boxed{physics}
[573/2417  23.7% elapsed=3m48s eta=12m13s] id=2hop__13548_13529 em=0 f1=0.67 tie=False err=False voters=(A1=1982, A2=1982, A3=June 1982) final=\boxed{1982}
[574/2417  23.7% elapsed=3m48s eta=12m13s] id=2hop__850984_7292 em=0 f1=0.00 tie=False err=False voters=(A1=Dave Koz, A2=Dave Koz, A3=Dave Koz) final=\boxed{Dave Koz}
[575/2417  23.8% elapsed=3m49s eta=12m12s] id=2hop__263728_705527 em=0 f1=0.00 tie=False err=False voters=(A1=Cannot be determined, A2=Cannot be determined, A3=Cannot be determined) final=\boxed{Cannot be determined}
[576/2417  23.8% elapsed=3m49s eta=12m11s] id=2hop__84971_67668 em=1 f1=1.00 tie=False err=False voters=(A1=Nightwing / Dick Grayson, A2=Nightwing / Dick Grayson, A3=Nightwing / Dick Grayson) final=\boxed{Nightwing / Dick Grayson}
[577/2417  23.9% elapsed=3m49s eta=12m11s] id=2hop__141365_417697 em=0 f1=0.00 tie=False err=False voters=(A1=Datsun model, A2=Datsun model, A3=Nissan model) final=\boxed{Datsun model}
[578/2417  23.9% elapsed=3m49s eta=12m09s] id=2hop__9238_9237 em=1 f1=1.00 tie=False err=False voters=(A1=September 2012, A2=September 2012, A3=September 2012) final=\boxed{September 2012}
[579/2417  24.0% elapsed=3m49s eta=12m08s] id=2hop__49409_67668 em=0 f1=0.00 tie=False err=False voters=(A1=Joker, A2=Joker, A3=Joker) final=\boxed{Joker}
[580/2417  24.0% elapsed=3m49s eta=12m07s] id=2hop__46065_417697 em=0 f1=0.00 tie=False err=False voters=(A1=sedan, A2=car, A3=car) final=\boxed{car}
[581/2417  24.0% elapsed=3m50s eta=12m06s] id=2hop__57209_67668 em=1 f1=1.00 tie=False err=False voters=(A1=Nightwing / Dick Grayson, A2=Nightwing / Dick Grayson, A3=Nightwing / Dick Grayson) final=\boxed{Nightwing / Dick Grayson}
[582/2417  24.1% elapsed=3m50s eta=12m04s] id=2hop__367318_7292 em=0 f1=0.00 tie=False err=False voters=(A1=Dave Koz, A2=Dave Koz, A3=Dave Koz) final=\boxed{Dave Koz}
[583/2417  24.1% elapsed=3m50s eta=12m03s] id=2hop__160151_23241 em=0 f1=0.80 tie=False err=False voters=(A1=48.8, A2=48.8, A3=48.8) final=\boxed{48.8}
[584/2417  24.2% elapsed=3m50s eta=12m03s] id=2hop__29606_600504 em=0 f1=0.00 tie=False err=False voters=(A1=physics, A2=physics, A3=physics) final=\boxed{physics}
[585/2417  24.2% elapsed=3m50s eta=12m01s] id=2hop__301011_820181 em=1 f1=1.00 tie=False err=False voters=(A1=Norton County, Kansas, A2=Norton County, Kansas, A3=Norton County, Kansas) final=\boxed{Norton County, Kansas}
[586/2417  24.2% elapsed=3m50s eta=11m59s] id=2hop__6265_718451 em=0 f1=0.00 tie=False err=False voters=(A1=Chemistry, A2=chemistry, A3=Chemistry and Physics) final=\boxed{chemistry}
[587/2417  24.3% elapsed=3m51s eta=12m01s] id=2hop__3739_13529 em=0 f1=0.67 tie=False err=False voters=(A1=1982, A2=1982, A3=June 1982) final=\boxed{1982}
[588/2417  24.3% elapsed=3m51s eta=11m59s] id=2hop__88632_67668 em=1 f1=1.00 tie=False err=False voters=(A1=Nightwing / Dick Grayson, A2=Nightwing / Dick Grayson, A3=Nightwing / Dick Grayson) final=\boxed{Nightwing / Dick Grayson}
[589/2417  24.4% elapsed=3m51s eta=11m58s] id=2hop__96812_130869 em=0 f1=0.00 tie=False err=False voters=(A1=Massachusetts, A2=Massachusetts, A3=Massachusetts) final=\boxed{Massachusetts}
[590/2417  24.4% elapsed=3m52s eta=11m59s] id=2hop__133102_417697 em=1 f1=1.00 tie=False err=False voters=(A1=Nissan Altima, A2=Nissan Altima, A3=Nissan Altima) final=\boxed{Nissan Altima}
[591/2417  24.5% elapsed=3m52s eta=11m57s] id=2hop__132854_417697 em=0 f1=0.67 tie=False err=False voters=(A1=Nissan, A2=Nissan, A3=Nissan) final=\boxed{Nissan}
[592/2417  24.5% elapsed=3m53s eta=11m57s] id=2hop__132969_417697 em=1 f1=1.00 tie=False err=False voters=(A1=Nissan Altima, A2=Nissan Altima, A3=Nissan Altima) final=\boxed{Nissan Altima}
[593/2417  24.5% elapsed=3m53s eta=11m55s] id=2hop__373544_66723 em=1 f1=1.00 tie=False err=False voters=(A1=James Howard Meredith, A2=James Meredith, A3=James Meredith) final=\boxed{James Meredith}
[594/2417  24.6% elapsed=3m53s eta=11m54s] id=2hop__781079_9237 em=1 f1=1.00 tie=False err=False voters=(A1=September 2012, A2=September 2012, A3=September 2012) final=\boxed{September 2012}
[595/2417  24.6% elapsed=3m53s eta=11m53s] id=2hop__123145_66723 em=1 f1=1.00 tie=False err=False voters=(A1=James Howard Meredith, A2=James Howard Meredith, A3=James Howard Meredith) final=\boxed{James Howard Meredith}
[596/2417  24.7% elapsed=3m54s eta=11m55s] id=2hop__92590_43786 em=1 f1=1.00 tie=False err=False voters=(A1=Washington, D.C., A2=Washington, D.C., A3=Washington, D.C.) final=\boxed{Washington, D.C.}
[597/2417  24.7% elapsed=3m54s eta=11m53s] id=2hop__22930_23241 em=0 f1=0.00 tie=False err=False voters=(A1=45.5%, A2=45.5%, A3=45.5%) final=\boxed{45.5%}
[598/2417  24.7% elapsed=3m54s eta=11m52s] id=2hop__301587_233146 em=0 f1=0.67 tie=False err=False voters=(A1=Mayer Amschel Rothschild, A2=Mayer Amschel Rothschild, A3=Mayer Amschel Rothschild) final=\boxed{Mayer Amschel Rothschild}
[599/2417  24.8% elapsed=3m55s eta=11m52s] id=2hop__243084_523417 em=0 f1=0.00 tie=False err=False voters=(A1=Rurouni Kenshin: Reflection, A2=Rurouni Kenshin: Reflection, A3=Rurouni Kenshin: Reflection) final=\boxed{Rurouni Kenshin: Reflection}
[600/2417  24.8% elapsed=3m55s eta=11m53s] id=2hop__326140_9237 em=0 f1=0.00 tie=False err=False voters=(A1=June 2001, A2=June 2001, A3=September 2012) final=\boxed{June 2001}
[601/2417  24.9% elapsed=3m56s eta=11m52s] id=2hop__373544_80420 em=1 f1=1.00 tie=False err=False voters=(A1=Robert Robinson Taylor, A2=James Meredith, A3=James Meredith) final=\boxed{James Meredith}
[602/2417  24.9% elapsed=3m56s eta=11m51s] id=2hop__463353_66723 em=1 f1=1.00 tie=False err=False voters=(A1=James Howard Meredith, A2=James Howard Meredith, A3=James Howard Meredith) final=\boxed{James Howard Meredith}
[603/2417  24.9% elapsed=3m56s eta=11m50s] id=2hop__82766_67668 em=1 f1=1.00 tie=False err=False voters=(A1=Nightwing / Dick Grayson, A2=Nightwing / Dick Grayson, A3=Nightwing / Dick Grayson) final=\boxed{Nightwing / Dick Grayson}
[604/2417  25.0% elapsed=3m57s eta=11m51s] id=2hop__142130_67668 em=1 f1=1.00 tie=False err=False voters=(A1=Nightwing / Dick Grayson, A2=Nightwing / Dick Grayson, A3=Nightwing / Dick Grayson) final=\boxed{Nightwing / Dick Grayson}
[605/2417  25.0% elapsed=3m57s eta=11m50s] id=2hop__31085_23241 em=0 f1=0.80 tie=False err=False voters=(A1=48.8, A2=48.8, A3=48.8%) final=\boxed{48.8%}
[606/2417  25.1% elapsed=3m57s eta=11m48s] id=2hop__29873_679424 em=0 f1=0.67 tie=False err=False voters=(A1=Serbia, A2=Serbia, A3=Serbia) final=\boxed{Serbia}
[607/2417  25.1% elapsed=3m58s eta=11m49s] id=2hop__463353_80420 em=1 f1=1.00 tie=False err=False voters=(A1=Tom Swayze, A2=James Meredith, A3=James Meredith) final=\boxed{James Meredith}
[608/2417  25.2% elapsed=3m58s eta=11m49s] id=2hop__166484_798067 em=0 f1=0.80 tie=False err=False voters=(A1=Jinjiang, Fujian Province, A2=Jinjiang, Fujian Province, A3=Jinjiang, Fujian Province) final=\boxed{Jinjiang, Fujian Province}
[609/2417  25.2% elapsed=3m58s eta=11m48s] id=2hop__128420_375952 em=1 f1=1.00 tie=False err=False voters=(A1=Santa Barbara County, A2=Santa Barbara County, A3=Los Alamos, New Mexico) final=\boxed{Santa Barbara County}
[610/2417  25.2% elapsed=3m59s eta=11m49s] id=2hop__128342_375952 em=0 f1=0.67 tie=False err=False voters=(A1=Santa Fe County, A2=Santa Fe County, A3=Santa Fe County) final=\boxed{Santa Fe County}
[611/2417  25.3% elapsed=4m00s eta=11m50s] id=2hop__59366_71206 em=0 f1=0.00 tie=False err=False voters=(A1=Kate, A2=Kate, A3=Kate) final=\boxed{Kate}
[612/2417  25.3% elapsed=4m01s eta=11m51s] id=2hop__864101_135373 em=0 f1=0.50 tie=False err=False voters=(A1=Bering Sea, A2=Vitus Bering, A3=Bering Sea) final=\boxed{Bering Sea}
[613/2417  25.4% elapsed=4m01s eta=11m50s] id=2hop__38030_23241 em=0 f1=0.80 tie=False err=False voters=(A1=48.8%, A2=48.8%, A3=48.8%) final=\boxed{48.8%}
[614/2417  25.4% elapsed=4m01s eta=11m48s] id=2hop__123145_80420 em=1 f1=1.00 tie=False err=False voters=(A1=James Meredith, A2=James Meredith, A3=James Meredith) final=\boxed{James Meredith}
[615/2417  25.4% elapsed=4m02s eta=11m48s] id=2hop__160292_23241 em=0 f1=0.00 tie=False err=False voters=(A1=49.3, A2=49.3, A3=49.3) final=\boxed{49.3}
[616/2417  25.5% elapsed=4m03s eta=11m49s] id=2hop__13353_85402 em=1 f1=1.00 tie=False err=False voters=(A1=Brussels, A2=Brussels, A3=Brussels) final=\boxed{Brussels}
[617/2417  25.5% elapsed=4m03s eta=11m50s] id=2hop__47257_43786 em=1 f1=1.00 tie=False err=False voters=(A1=Washington, D.C., A2=Washington, D.C., A3=Washington, D.C.) final=\boxed{Washington, D.C.}
[618/2417  25.6% elapsed=4m04s eta=11m50s] id=2hop__428940_135373 em=1 f1=1.00 tie=False err=False voters=(A1=Vitus Bering, A2=Vitus Bering, A3=Vitus Bering) final=\boxed{Vitus Bering}
[619/2417  25.6% elapsed=4m04s eta=11m50s] id=2hop__280451_84616 em=0 f1=0.95 tie=False err=False voters=(A1=Best Performance by a Leading Actress in, A2=Best Performance by a Leading Actress in, A3=Best Performance by a Leading Actress in) final=\boxed{Best Performance by a Leading Actress in a Play in On
[620/2417  25.7% elapsed=4m05s eta=11m50s] id=2hop__9014_679424 em=0 f1=0.67 tie=False err=False voters=(A1=Serbia, A2=Serbia, A3=Serbia) final=\boxed{Serbia}
[621/2417  25.7% elapsed=4m05s eta=11m49s] id=2hop__460091_405771 em=0 f1=0.00 tie=False err=False voters=(A1=Ommatidae is part of the suborder Archos, A2=Archostemata, A3=Archostemata) final=\boxed{Archostemata}
[622/2417  25.7% elapsed=4m06s eta=11m49s] id=2hop__51113_84616 em=0 f1=0.91 tie=False err=False voters=(A1=Tony Award for Best Performance by a Lea, A2=Best Performance by a Leading Actress in, A3=Tony Award for Best Performance by a Lea) final=\boxed{Tony Award for Best Performance by a Leading Actress 
[623/2417  25.8% elapsed=4m06s eta=11m48s] id=2hop__7906_78851 em=0 f1=0.00 tie=False err=False voters=(A1=Green Bay Packers, A2=Green Bay Packers, A3=Green Bay Packers) final=\boxed{Green Bay Packers}
[624/2417  25.8% elapsed=4m06s eta=11m48s] id=2hop__244193_461106 em=0 f1=0.00 tie=False err=False voters=(A1=Cannot be determined, A2=Cannot be determined, A3=Cannot be determined) final=\boxed{Cannot be determined}
[625/2417  25.9% elapsed=4m06s eta=11m46s] id=2hop__532383_768138 em=0 f1=0.00 tie=False err=False voters=(A1=John Cowsill, A2=Unknown, A3=Unknown) final=\boxed{Unknown}
[626/2417  25.9% elapsed=4m06s eta=11m45s] id=2hop__848156_130869 em=0 f1=0.00 tie=False err=False voters=(A1=United States, A2=Maryland, A3=Maryland) final=\boxed{Maryland}
[627/2417  25.9% elapsed=4m06s eta=11m44s] id=2hop__37353_23241 em=0 f1=0.00 tie=False err=False voters=(A1=The question is based on a misunderstand, A2=The question is based on a misunderstand, A3=The question is based on a misunderstand) final=\boxed{The question is based on a misunderstanding of the da
[628/2417  26.0% elapsed=4m08s eta=11m46s] id=2hop__747306_72813 em=0 f1=0.00 tie=False err=False voters=(A1=Bobby Brown, A2=Bobby Brown, A3=Bobby Brown) final=\boxed{Bobby Brown}
[629/2417  26.0% elapsed=4m08s eta=11m45s] id=2hop__77263_84616 em=0 f1=0.00 tie=False err=False voters=(A1=None, A2=None, A3=None) final=\boxed{None}
[630/2417  26.1% elapsed=4m09s eta=11m45s] id=2hop__96414_47902 em=1 f1=1.00 tie=False err=False voters=(A1=Matt Damon, A2=Matt Damon, A3=Matt Damon) final=\boxed{Matt Damon}
[631/2417  26.1% elapsed=4m09s eta=11m45s] id=2hop__612719_6455 em=1 f1=1.00 tie=False err=False voters=(A1=Firefox, A2=Firefox, A3=Firefox) final=\boxed{Firefox}
[632/2417  26.1% elapsed=4m10s eta=11m45s] id=2hop__2148_78851 em=0 f1=0.00 tie=False err=False voters=(A1=Sacramento Kings, A2=Sacramento Kings, A3=Sacramento Kings) final=\boxed{Sacramento Kings}
[633/2417  26.2% elapsed=4m10s eta=11m44s] id=2hop__820739_250752 em=0 f1=0.00 tie=False err=False voters=(A1=Unknown, A2=Unknown, A3=Unknown) final=\boxed{Unknown}
[634/2417  26.2% elapsed=4m11s eta=11m45s] id=2hop__161915_78851 em=0 f1=0.00 tie=False err=False voters=(A1=Washington Capitals, A2=Washington Capitals, A3=Washington Capitals) final=\boxed{Washington Capitals}
[635/2417  26.3% elapsed=4m11s eta=11m43s] id=2hop__683203_72813 em=0 f1=0.00 tie=False err=False voters=(A1=Bobby Brown, A2=Philippe Petit, A3=Bobby Brown) final=\boxed{Bobby Brown}
[636/2417  26.3% elapsed=4m11s eta=11m42s] id=2hop__81379_84616 em=0 f1=0.00 tie=False err=False voters=(A1=Tovarich, A2=Best Performance by a Leading Actress in, A3=Tovarich) final=\boxed{Tovarich}
[637/2417  26.4% elapsed=4m11s eta=11m41s] id=2hop__62369_84616 em=0 f1=0.95 tie=False err=False voters=(A1=Best Performance by a Leading Actress in, A2=Best Performance by a Leading Actress in, A3=Best Performance by a Leading Actress in) final=\boxed{Best Performance by a Leading Actress in a Play in On
[638/2417  26.4% elapsed=4m11s eta=11m41s] id=2hop__81825_49084 em=1 f1=1.00 tie=False err=False voters=(A1=Liam Garrigan, A2=Liam Garrigan, A3=Liam Garrigan) final=\boxed{Liam Garrigan}
[639/2417  26.4% elapsed=4m12s eta=11m40s] id=2hop__158275_35739 em=1 f1=1.00 tie=False err=False voters=(A1=September 2013, A2=September 2013, A3=September 2013) final=\boxed{September 2013}
[640/2417  26.5% elapsed=4m12s eta=11m39s] id=2hop__10620_49084 em=1 f1=1.00 tie=False err=False voters=(A1=Liam Garrigan, A2=Liam Garrigan, A3=Liam Garrigan) final=\boxed{Liam Garrigan}
[641/2417  26.5% elapsed=4m12s eta=11m38s] id=2hop__96411_47902 em=0 f1=0.00 tie=False err=False voters=(A1=Jason Bourne, A2=Jason Bourne, A3=Jason Bourne) final=\boxed{Jason Bourne}
[642/2417  26.6% elapsed=4m12s eta=11m38s] id=2hop__829474_123956 em=0 f1=0.00 tie=False err=False voters=(A1=July 6, 1983, A2=July 6, 1983, A3=July 6, 1983) final=\boxed{July 6, 1983}
[643/2417  26.6% elapsed=4m13s eta=11m37s] id=2hop__2150_78851 em=0 f1=0.80 tie=False err=False voters=(A1=Brooklyn Nets, A2=Brooklyn Nets, A3=Brooklyn Nets) final=\boxed{Brooklyn Nets}
[644/2417  26.6% elapsed=4m13s eta=11m36s] id=2hop__840174_78851 em=0 f1=0.00 tie=False err=False voters=(A1=Chicago Bulls, A2=Chicago Bulls, A3=Chicago Bulls) final=\boxed{Chicago Bulls}
[645/2417  26.7% elapsed=4m14s eta=11m37s] id=2hop__808562_72813 em=0 f1=0.00 tie=False err=False voters=(A1=Bobby Brown, A2=Cannot be determined, A3=Cannot be determined) final=\boxed{Cannot be determined}
[646/2417  26.7% elapsed=4m14s eta=11m35s] id=2hop__242753_658778 em=0 f1=0.80 tie=False err=False voters=(A1=Vienna Secession movement, A2=Vienna Secession movement, A3=Vienna Secession movement) final=\boxed{Vienna Secession movement}
[647/2417  26.8% elapsed=4m14s eta=11m35s] id=2hop__816977_6455 em=1 f1=1.00 tie=False err=False voters=(A1=Firefox, A2=Firefox, A3=Firefox) final=\boxed{Firefox}
[648/2417  26.8% elapsed=4m15s eta=11m37s] id=2hop__96410_159054 em=0 f1=0.44 tie=False err=False voters=(A1=The Jason Bourne series created by Rober, A2=The Jason Bourne series created by Rober, A3=The Jason Bourne series created by Rober) final=\boxed{The Jason Bourne series created by Robert Ludlum}
[649/2417  26.9% elapsed=4m15s eta=11m36s] id=2hop__744371_78851 em=0 f1=0.00 tie=False err=False voters=(A1=Chicago Bulls, A2=Chicago Bulls, A3=Brooklyn Nets) final=\boxed{Chicago Bulls}
[650/2417  26.9% elapsed=4m16s eta=11m35s] id=2hop__730788_72813 em=0 f1=0.00 tie=False err=False voters=(A1=Bobby Brown, A2=Bobby Brown, A3=Bobby Brown) final=\boxed{Bobby Brown}
[651/2417  26.9% elapsed=4m17s eta=11m36s] id=2hop__96414_159054 em=1 f1=1.00 tie=True err=False voters=(A1=The novel by Robert Ludlum, A3=The novel of the same name by Robert Lud) final=\boxed{The novel of the same name by Robert Ludlum}
[652/2417  27.0% elapsed=4m17s eta=11m36s] id=2hop__829358_754719 em=0 f1=0.67 tie=False err=False voters=(A1=Minas Gerais, A2=State of Minas Gerais, A3=State of Minas Gerais) final=\boxed{State of Minas Gerais}
[653/2417  27.0% elapsed=4m17s eta=11m34s] id=2hop__96411_159054 em=0 f1=0.30 tie=False err=False voters=(A1=The Bourne Deception is based on the Jas, A2=The Jason Bourne novels originated by Ro, A3=The Jason Bourne novels originated by Ro) final=\boxed{The Jason Bourne novels originated by Robert Ludlum a
[654/2417  27.1% elapsed=4m17s eta=11m34s] id=2hop__486392_35739 em=0 f1=0.00 tie=False err=False voters=(A1=August 15, 2012, A2=August 15, 2012, A3=August 15, 2012) final=\boxed{August 15, 2012}
[655/2417  27.1% elapsed=4m18s eta=11m34s] id=2hop__141456_6455 em=1 f1=1.00 tie=False err=False voters=(A1=Firefox, A2=Firefox, A3=Firefox) final=\boxed{Firefox}
[656/2417  27.1% elapsed=4m18s eta=11m33s] id=2hop__544760_35739 em=1 f1=1.00 tie=False err=False voters=(A1=September 2013, A2=September 2013, A3=September 2013) final=\boxed{September 2013}
[657/2417  27.2% elapsed=4m19s eta=11m33s] id=2hop__765180_123956 em=1 f1=1.00 tie=False err=False voters=(A1=15 February 1942, A2=15 February 1942, A3=15 February 1942) final=\boxed{15 February 1942}
[658/2417  27.2% elapsed=4m19s eta=11m32s] id=2hop__22885_36240 em=1 f1=1.00 tie=False err=False voters=(A1=Genesis 3:15, A2=Genesis 3:15, A3=Genesis 3:15) final=\boxed{Genesis 3:15}
[659/2417  27.3% elapsed=4m19s eta=11m31s] id=2hop__14078_49084 em=0 f1=0.00 tie=False err=False voters=(A1=Liam Garrigan, A2=Josh Dallas, A3=Josh Dallas) final=\boxed{Josh Dallas}
[660/2417  27.3% elapsed=4m20s eta=11m31s] id=2hop__82713_84616 em=0 f1=0.95 tie=True err=False voters=(A1=Audrey Hepburn, A2=Tony Award for Best Actor in 1950, A3=Best Performance by a Leading Actress in) final=\boxed{Best Performance by a Leading Actress in a Play in On
[661/2417  27.3% elapsed=4m20s eta=11m30s] id=2hop__520033_123956 em=0 f1=0.00 tie=True err=False voters=(A1=The date of the Battle of the birth plac, A2=15 February 1942, A3=The date of the Battle of the birthplace) final=\boxed{The date of the Battle of the birthplace of Denny Jan
[662/2417  27.4% elapsed=4m20s eta=11m29s] id=2hop__10620_79092 em=0 f1=0.13 tie=False err=False voters=(A1=1781 to 1782, A2=November 2015 - February 2016, A3=1781 to 1782) final=\boxed{1781 to 1782}
[663/2417  27.4% elapsed=4m20s eta=11m28s] id=2hop__265989_531490 em=1 f1=1.00 tie=False err=False voters=(A1=Jane Greer, A2=Jane Greer, A3=Jane Greer) final=\boxed{Jane Greer}
[664/2417  27.5% elapsed=4m21s eta=11m28s] id=2hop__37656_160040 em=0 f1=0.00 tie=False err=False voters=(A1=the reformers, A2=the reformers, A3=The reformers) final=\boxed{The reformers}
[665/2417  27.5% elapsed=4m21s eta=11m27s] id=2hop__752214_639679 em=0 f1=0.00 tie=False err=False voters=(A1=Unknown, A2=Not mentioned, A3=Not mentioned) final=\boxed{Not mentioned}
[666/2417  27.6% elapsed=4m21s eta=11m26s] id=2hop__61714_89309 em=1 f1=1.00 tie=False err=False voters=(A1=October 8, 2009, A2=October 8, 2009, A3=October 8, 2009) final=\boxed{October 8, 2009}
[667/2417  27.6% elapsed=4m21s eta=11m25s] id=2hop__61714_52026 em=1 f1=1.00 tie=False err=False voters=(A1=Niagara, A2=Niagara, A3=Niagara) final=\boxed{Niagara}
[668/2417  27.6% elapsed=4m22s eta=11m26s] id=2hop__2299_38663 em=0 f1=0.00 tie=False err=False voters=(A1=89%, A2=89%, A3=89%) final=\boxed{89%}
[669/2417  27.7% elapsed=4m22s eta=11m24s] id=2hop__22885_160040 em=0 f1=0.00 tie=False err=False voters=(A1=Isaac ben Abraham, A2=Isaac ben Abraham, A3=Isaac ben Abraham) final=\boxed{Isaac ben Abraham}
[670/2417  27.7% elapsed=4m22s eta=11m24s] id=2hop__215896_460425 em=0 f1=0.67 tie=False err=False voters=(A1=Fort Lee, New Jersey, A2=Fort Lee, New Jersey, A3=Fort Lee, New Jersey) final=\boxed{Fort Lee, New Jersey}
[671/2417  27.8% elapsed=4m22s eta=11m22s] id=2hop__814856_110882 em=1 f1=1.00 tie=False err=False voters=(A1=1 January 1986, A2=1 January 1986, A3=1 January 1986) final=\boxed{1 January 1986}
[672/2417  27.8% elapsed=4m22s eta=11m21s] id=2hop__32887_578772 em=0 f1=0.00 tie=False err=False voters=(A1=Tang dynasty, A2=Tang dynasty, A3=Tang dynasty) final=\boxed{Tang dynasty}
[673/2417  27.8% elapsed=4m23s eta=11m23s] id=2hop__61714_80069 em=0 f1=0.80 tie=False err=False voters=(A1=Fourth season, A2=Fourth season, A3=Fourth season) final=\boxed{Fourth season}
[674/2417  27.9% elapsed=4m24s eta=11m23s] id=2hop__58168_1783 em=1 f1=1.00 tie=False err=False voters=(A1=Fiorello La Guardia, A2=Fiorello La Guardia, A3=Fiorello La Guardia) final=\boxed{Fiorello La Guardia}
[675/2417  27.9% elapsed=4m25s eta=11m23s] id=2hop__748615_123956 em=1 f1=1.00 tie=False err=False voters=(A1=15 February 1942, A2=15 February 1942, A3=15 February 1942) final=\boxed{15 February 1942}
[676/2417  28.0% elapsed=4m25s eta=11m21s] id=2hop__6750_6733 em=0 f1=0.00 tie=False err=False voters=(A1=Central Catalan, A2=Central Catalan, A3=Central Catalan) final=\boxed{Central Catalan}
[677/2417  28.0% elapsed=4m25s eta=11m20s] id=2hop__61714_42553 em=0 f1=0.00 tie=False err=False voters=(A1=The Delivery, A2=The Delivery, A3=The Delivery) final=\boxed{The Delivery}
[678/2417  28.1% elapsed=4m25s eta=11m19s] id=2hop__2299_1783 em=1 f1=1.00 tie=False err=False voters=(A1=Fiorello La Guardia, A2=Fiorello La Guardia, A3=Fiorello La Guardia) final=\boxed{Fiorello La Guardia}
[679/2417  28.1% elapsed=4m25s eta=11m19s] id=2hop__61714_64633 em=1 f1=1.00 tie=False err=False voters=(A1=The Negotiation, A2=The Negotiation, A3=The Negotiation) final=\boxed{The Negotiation}
[680/2417  28.1% elapsed=4m26s eta=11m19s] id=2hop__323534_810083 em=0 f1=0.67 tie=False err=False voters=(A1=Scranton, Pennsylvania, A2=Scranton, Pennsylvania, United States, A3=Scranton, Pennsylvania, United States) final=\boxed{Scranton, Pennsylvania, United States}
[681/2417  28.2% elapsed=4m27s eta=11m19s] id=2hop__61714_53995 em=0 f1=0.00 tie=False err=False voters=(A1=Season 6, episodes 4 and 5, A2=Season 6, episodes 4 and 5, A3=Season 6, episodes 4 and 5) final=\boxed{Season 6, episodes 4 and 5}
[682/2417  28.2% elapsed=4m27s eta=11m19s] id=2hop__34595_160249 em=0 f1=0.29 tie=False err=False voters=(A1=280 BC–279 BC, A2=280 BC–279 BC, A3=280 BC to 279 BC) final=\boxed{280 BC–279 BC}
[683/2417  28.3% elapsed=4m27s eta=11m18s] id=2hop__135993_160249 em=0 f1=0.57 tie=False err=False voters=(A1=272 BC–270 BC, A2=272 BC–270 BC, A3=280 BC to 272 BC) final=\boxed{272 BC–270 BC}
[684/2417  28.3% elapsed=4m28s eta=11m18s] id=2hop__846921_160249 em=0 f1=0.25 tie=False err=False voters=(A1=280 BC and 279 BC, A2=280 BC and 279 BC, A3=280 BC and 279 BC) final=\boxed{280 BC and 279 BC}
[685/2417  28.3% elapsed=4m29s eta=11m19s] id=2hop__68322_510545 em=0 f1=0.00 tie=False err=False voters=(A1=Unknown, A2=Unknown, A3=Unknown) final=\boxed{Unknown}
[686/2417  28.4% elapsed=4m29s eta=11m18s] id=2hop__6735_6733 em=0 f1=0.00 tie=False err=False voters=(A1=Central Catalan, A2=Central Catalan, A3=Central Catalan) final=\boxed{Central Catalan}
[687/2417  28.4% elapsed=4m30s eta=11m19s] id=2hop__80673_510545 em=0 f1=0.00 tie=False err=False voters=(A1=Unknown, A2=Unknown, A3=Unknown) final=\boxed{Unknown}
[688/2417  28.5% elapsed=4m30s eta=11m18s] id=2hop__72487_510545 em=0 f1=0.00 tie=True err=False voters=(A1=The answer is not available, A2=Unknown, A3=Not specified) final=\boxed{Not specified}
[689/2417  28.5% elapsed=4m30s eta=11m17s] id=2hop__44590_510545 em=0 f1=0.00 tie=False err=False voters=(A1=Unknown, A2=Unknown, A3=Unknown) final=\boxed{Unknown}
[690/2417  28.5% elapsed=4m30s eta=11m15s] id=2hop__557284_160249 em=0 f1=0.00 tie=False err=False voters=(A1=Unknown, A2=Unknown, A3=Unknown) final=\boxed{Unknown}
[691/2417  28.6% elapsed=4m31s eta=11m16s] id=2hop__37656_36240 em=0 f1=0.00 tie=False err=False voters=(A1=sola scriptura, A2=sola scriptura, A3=Ineffabilis Deus) final=\boxed{sola scriptura}
[692/2417  28.6% elapsed=4m31s eta=11m15s] id=2hop__6736_6733 em=0 f1=0.00 tie=False err=False voters=(A1=Barcelona province, A2=Barcelona province, A3=Barcelona province) final=\boxed{Barcelona province}
[693/2417  28.7% elapsed=4m31s eta=11m14s] id=2hop__50432_56873 em=0 f1=0.33 tie=False err=False voters=(A1=2 May 1959, A2=2 May 1959, A3=2 May 1959) final=\boxed{2 May 1959}
[694/2417  28.7% elapsed=4m31s eta=11m13s] id=2hop__73719_510545 em=1 f1=1.00 tie=False err=False voters=(A1=Jennifer Connelly, A2=Jennifer Connelly, A3=Jennifer Connelly) final=\boxed{Jennifer Connelly}
[695/2417  28.8% elapsed=4m31s eta=11m12s] id=2hop__136067_160249 em=0 f1=0.25 tie=False err=False voters=(A1=280 BC to 279 BC, A2=280 BC to 279 BC, A3=280 BC to 279 BC) final=\boxed{280 BC to 279 BC}
[696/2417  28.8% elapsed=4m32s eta=11m13s] id=2hop__58168_38663 em=0 f1=0.00 tie=False err=False voters=(A1=50%, A2=22.61%, A3=50%) final=\boxed{50%}
[697/2417  28.8% elapsed=4m32s eta=11m12s] id=2hop__223655_463572 em=1 f1=1.00 tie=False err=False voters=(A1=MGM Records, A2=MGM Records, A3=MGM Records) final=\boxed{MGM Records}
[698/2417  28.9% elapsed=4m33s eta=11m14s] id=2hop__29893_29898 em=0 f1=0.67 tie=False err=False voters=(A1=CFJC-TV, A2=CFJC-TV, A3=CFJC-TV) final=\boxed{CFJC-TV}
[699/2417  28.9% elapsed=4m34s eta=11m13s] id=2hop__80860_510545 em=0 f1=0.00 tie=False err=False voters=(A1=Dr. Michael Milano, A2=Unknown, A3=Unknown) final=\boxed{Unknown}
[700/2417  29.0% elapsed=4m34s eta=11m12s] id=2hop__249867_557232 em=0 f1=0.00 tie=False err=False voters=(A1=United States, A2=United States, A3=United States) final=\boxed{United States}
[701/2417  29.0% elapsed=4m35s eta=11m13s] id=2hop__92900_512508 em=0 f1=0.40 tie=False err=False voters=(A1=Tube Alloys project, A2=Tube Alloys, A3=Tube Alloys project) final=\boxed{Tube Alloys project}
[702/2417  29.0% elapsed=4m35s eta=11m13s] id=2hop__96177_121319 em=0 f1=0.67 tie=False err=False voters=(A1=Townsend Harris High School and the City, A2=Townsend Harris High School and the City, A3=Townsend Harris High School and the City) final=\boxed{Townsend Harris High School and the City College of N
[703/2417  29.1% elapsed=4m36s eta=11m13s] id=2hop__32887_235620 em=1 f1=1.00 tie=False err=False voters=(A1=Emperor Zhaozong of Tang, A2=Emperor Zhaozong of Tang, A3=Emperor Zhaozong of Tang) final=\boxed{Emperor Zhaozong of Tang}
[704/2417  29.1% elapsed=4m36s eta=11m12s] id=2hop__85993_512508 em=0 f1=0.40 tie=False err=False voters=(A1=Tube Alloys project, A2=Tube Alloys project, A3=Tube Alloys project) final=\boxed{Tube Alloys project}
[705/2417  29.2% elapsed=4m37s eta=11m12s] id=2hop__337223_56873 em=1 f1=1.00 tie=False err=False voters=(A1=1898 and 1959, A2=1898 and 1959, A3=1898 and 1959) final=\boxed{1898 and 1959}
[706/2417  29.2% elapsed=4m37s eta=11m12s] id=2hop__34594_160249 em=0 f1=0.29 tie=False err=False voters=(A1=280 BC–279 BC, A2=280 BC–279 BC, A3=280 BC–279 BC) final=\boxed{280 BC–279 BC}
[707/2417  29.3% elapsed=4m38s eta=11m11s] id=2hop__216959_204037 em=1 f1=1.00 tie=False err=False voters=(A1=Daniel Darc, A2=Daniel Darc, A3=Daniel Darc) final=\boxed{Daniel Darc}
[708/2417  29.3% elapsed=4m38s eta=11m11s] id=2hop__96137_62765 em=0 f1=0.00 tie=False err=False voters=(A1=Sethi, A2=Sethi, A3=Dathan) final=\boxed{Sethi}
[709/2417  29.3% elapsed=4m38s eta=11m10s] id=2hop__815205_590407 em=0 f1=0.67 tie=False err=False voters=(A1=Bethesda, MD, A2=Bethesda, MD, A3=Bethesda, MD) final=\boxed{Bethesda, MD}
[710/2417  29.4% elapsed=4m39s eta=11m10s] id=2hop__90773_715759 em=0 f1=0.00 tie=False err=False voters=(A1=Robert Serber, A2=Robert Serber, A3=Manhattan Project) final=\boxed{Robert Serber}
[711/2417  29.4% elapsed=4m39s eta=11m09s] id=2hop__96137_121319 em=0 f1=0.75 tie=False err=False voters=(A1=New York City, A2=New York City, A3=New York City) final=\boxed{New York City}
[712/2417  29.5% elapsed=4m39s eta=11m08s] id=2hop__95673_121319 em=0 f1=0.00 tie=False err=False voters=(A1=Phillips Exeter and Columbia University, A2=Phillips Exeter and Columbia University, A3=Phillips Exeter and Columbia University) final=\boxed{Phillips Exeter and Columbia University}
[713/2417  29.5% elapsed=4m39s eta=11m07s] id=2hop__122565_37168 em=1 f1=1.00 tie=False err=False voters=(A1=551-600, A2=551-600, A3=551-600) final=\boxed{551-600}
[714/2417  29.5% elapsed=4m39s eta=11m06s] id=2hop__96177_62765 em=0 f1=0.00 tie=False err=False voters=(A1=Edward G. Robinson, A2=Pharaoh Ramses, A3=Pharaoh Ramses) final=\boxed{Pharaoh Ramses}
[715/2417  29.6% elapsed=4m40s eta=11m06s] id=2hop__75781_512508 em=1 f1=1.00 tie=False err=False voters=(A1=Manhattan Project, A2=Manhattan Project, A3=Manhattan Project) final=\boxed{Manhattan Project}
[716/2417  29.6% elapsed=4m40s eta=11m06s] id=2hop__60001_512508 em=0 f1=0.40 tie=False err=False voters=(A1=James Chadwick, A2=Tube Alloys project, A3=Tube Alloys project) final=\boxed{Tube Alloys project}
[717/2417  29.7% elapsed=4m41s eta=11m07s] id=2hop__703767_37168 em=1 f1=1.00 tie=False err=False voters=(A1=551-600, A2=551-600, A3=551-600) final=\boxed{551-600}
[718/2417  29.7% elapsed=4m41s eta=11m06s] id=2hop__333020_69048 em=0 f1=0.00 tie=False err=False voters=(A1=Rosaline Bozimo, A2=Rosaline Bozimo, A3=Rosaline Bozimo) final=\boxed{Rosaline Bozimo}
[719/2417  29.7% elapsed=4m41s eta=11m05s] id=2hop__121386_37168 em=1 f1=1.00 tie=False err=False voters=(A1=551-600, A2=551-600, A3=551-600) final=\boxed{551-600}
[720/2417  29.8% elapsed=4m42s eta=11m04s] id=2hop__95673_62765 em=0 f1=0.00 tie=False err=False voters=(A1=Edward G. Robinson, A2=Edward G. Robinson, A3=Edward G. Robinson) final=\boxed{Edward G. Robinson}
[721/2417  29.8% elapsed=4m42s eta=11m03s] id=2hop__159816_37168 em=0 f1=0.00 tie=False err=False voters=(A1=Not specified, A2=Not specified, A3=Not specified) final=\boxed{Not specified}
[722/2417  29.9% elapsed=4m42s eta=11m03s] id=2hop__41158_35123 em=0 f1=0.50 tie=False err=False voters=(A1=981–1037, A2=981–1037, A3=981–1037) final=\boxed{981–1037}
[723/2417  29.9% elapsed=4m43s eta=11m03s] id=2hop__629030_56873 em=0 f1=0.00 tie=False err=False voters=(A1=Cannot determine, A2=Cannot determine, A3=Cannot determine) final=\boxed{Cannot determine}
[724/2417  30.0% elapsed=4m43s eta=11m02s] id=2hop__403580_37168 em=1 f1=1.00 tie=False err=False voters=(A1=551-600, A2=551-600, A3=551-600) final=\boxed{551-600}
[725/2417  30.0% elapsed=4m43s eta=11m01s] id=2hop__122140_37168 em=1 f1=1.00 tie=False err=False voters=(A1=551-600, A2=551-600, A3=551-600) final=\boxed{551-600}
[726/2417  30.0% elapsed=4m44s eta=11m01s] id=2hop__442175_56873 em=1 f1=1.00 tie=False err=False voters=(A1=1898 and 1959, A2=1898 and 1959, A3=Never) final=\boxed{1898 and 1959}
[727/2417  30.1% elapsed=4m44s eta=11m01s] id=2hop__23459_22946 em=1 f1=1.00 tie=False err=False voters=(A1=George Sarton, A2=George Sarton, A3=George Sarton) final=\boxed{George Sarton}
[728/2417  30.1% elapsed=4m45s eta=11m00s] id=2hop__59133_512508 em=0 f1=0.00 tie=False err=False voters=(A1=development of the atomic bomb, A2=development of the atomic bomb, A3=development of the atomic bomb) final=\boxed{development of the atomic bomb}
[729/2417  30.2% elapsed=4m45s eta=10m59s] id=2hop__562154_69048 em=0 f1=0.00 tie=False err=False voters=(A1=Rosaline Bozimo, A2=Rosaline Bozimo, A3=Rosaline Patricia Irorefe Bozimo) final=\boxed{Rosaline Bozimo}
[730/2417  30.2% elapsed=4m45s eta=10m59s] id=2hop__226204_69048 em=0 f1=0.00 tie=False err=False voters=(A1=Rosaline Patricia Irorefe Bozimo, A2=Rosaline Patricia Irorefe Bozimo, A3=Rosaline Patricia Irorefe Bozimo) final=\boxed{Rosaline Patricia Irorefe Bozimo}
[731/2417  30.2% elapsed=4m46s eta=11m00s] id=2hop__835171_141338 em=1 f1=1.00 tie=False err=False voters=(A1=Brooklyn College, A2=City University of New York, A3=City University of New York) final=\boxed{City University of New York}
[732/2417  30.3% elapsed=4m46s eta=10m58s] id=2hop__491195_265959 em=0 f1=0.00 tie=False err=False voters=(A1=The answer cannot be determined., A2=Unknown, A3=Unknown) final=\boxed{Unknown}
[733/2417  30.3% elapsed=4m46s eta=10m58s] id=2hop__699172_141338 em=1 f1=1.00 tie=False err=False voters=(A1=City University of New York, A2=City University of New York, A3=City University of New York) final=\boxed{City University of New York}
[734/2417  30.4% elapsed=4m46s eta=10m57s] id=2hop__122651_141338 em=1 f1=1.00 tie=False err=False voters=(A1=City University of New York, A2=City University of New York, A3=City University of New York) final=\boxed{City University of New York}
[735/2417  30.4% elapsed=4m47s eta=10m56s] id=2hop__41158_35124 em=0 f1=0.00 tie=False err=False voters=(A1=Ibn Sina wrote multiple books, but the e, A2=Unknown, A3=Unknown) final=\boxed{Unknown}
[736/2417  30.5% elapsed=4m47s eta=10m55s] id=2hop__327688_56873 em=1 f1=1.00 tie=False err=False voters=(A1=1898 and 1959, A2=2009–10, A3=1898 and 1959) final=\boxed{1898 and 1959}
[737/2417  30.5% elapsed=4m47s eta=10m55s] id=2hop__263638_69048 em=0 f1=0.00 tie=False err=False voters=(A1=Adama Lamikanra, A2=Adama Lamikanra, A3=Rosaline Bozimo) final=\boxed{Adama Lamikanra}
[738/2417  30.5% elapsed=4m48s eta=10m54s] id=2hop__23459_35123 em=1 f1=1.00 tie=False err=False voters=(A1=980–1037, A2=980–1037, A3=980–1037) final=\boxed{980–1037}
[739/2417  30.6% elapsed=4m48s eta=10m54s] id=2hop__862994_69048 em=0 f1=0.00 tie=False err=False voters=(A1=Rosaline Bozimo, A2=Rosaline Bozimo, A3=Rosaline Bozimo) final=\boxed{Rosaline Bozimo}
[740/2417  30.6% elapsed=4m48s eta=10m52s] id=2hop__22431_16335 em=0 f1=0.53 tie=False err=False voters=(A1=shared ancestry and historical intermarr, A2=shared Middle Eastern ancestry and inter, A3=shared Middle Eastern ancestry and inter) final=\boxed{shared Middle Eastern ancestry and intermarriage/conv
[741/2417  30.7% elapsed=4m48s eta=10m51s] id=2hop__204493_69048 em=0 f1=0.00 tie=False err=False voters=(A1=Rosaline Bozimo, A2=Rosaline Bozimo, A3=Rosaline Bozimo) final=\boxed{Rosaline Bozimo}
[742/2417  30.7% elapsed=4m49s eta=10m53s] id=2hop__216256_141338 em=1 f1=1.00 tie=False err=False voters=(A1=Brooklyn College, A2=City University of New York, A3=City University of New York) final=\boxed{City University of New York}
[743/2417  30.7% elapsed=4m50s eta=10m53s] id=2hop__686395_141338 em=1 f1=1.00 tie=False err=False voters=(A1=City University of New York, A2=City University of New York, A3=City University of New York) final=\boxed{City University of New York}
[744/2417  30.8% elapsed=4m50s eta=10m52s] id=2hop__770487_494646 em=1 f1=1.00 tie=False err=False voters=(A1=Mono County, A2=Mono County, A3=Mono County) final=\boxed{Mono County}
[745/2417  30.8% elapsed=4m50s eta=10m51s] id=2hop__96410_47902 em=0 f1=0.00 tie=False err=False voters=(A1=Unknown, A2=Unknown, A3=Unknown) final=\boxed{Unknown}
[746/2417  30.9% elapsed=4m50s eta=10m50s] id=2hop__635185_141338 em=0 f1=0.00 tie=False err=False voters=(A1=Brooklyn College, A2=Brooklyn College, A3=Brooklyn College) final=\boxed{Brooklyn College}
[747/2417  30.9% elapsed=4m50s eta=10m49s] id=2hop__23459_35124 em=0 f1=0.50 tie=False err=False voters=(A1=450, A2=more than 450, A3=more than 450) final=\boxed{more than 450}
[748/2417  30.9% elapsed=4m51s eta=10m50s] id=2hop__95172_152907 em=1 f1=1.00 tie=False err=False voters=(A1=Tunis, A2=Tunis, A3=Tunis) final=\boxed{Tunis}
[749/2417  31.0% elapsed=4m52s eta=10m50s] id=2hop__29893_29905 em=0 f1=0.00 tie=False err=False voters=(A1=27, A2=27, A3=27) final=\boxed{27}
[750/2417  31.0% elapsed=4m53s eta=10m51s] id=2hop__21104_16334 em=1 f1=1.00 tie=False err=False voters=(A1=modern-day Italians, A2=modern-day Italians, A3=modern-day Italians) final=\boxed{modern-day Italians}
[751/2417  31.1% elapsed=4m53s eta=10m50s] id=2hop__315267_277284 em=0 f1=0.80 tie=False err=False voters=(A1=Tonbridge, Kent, England, A2=Tonbridge, Kent, England, A3=Tonbridge, Kent, England) final=\boxed{Tonbridge, Kent, England}
[752/2417  31.1% elapsed=4m53s eta=10m50s] id=2hop__806869_56873 em=0 f1=0.50 tie=False err=False voters=(A1=1959, A3=1959) final=\boxed{1959}
[753/2417  31.2% elapsed=4m54s eta=10m49s] id=2hop__58691_192417 em=0 f1=0.00 tie=False err=False voters=(A1=NFL, A2=NFL, A3=professional American football league) final=\boxed{NFL}
[754/2417  31.2% elapsed=4m54s eta=10m49s] id=2hop__21103_16254 em=0 f1=0.67 tie=False err=False voters=(A1=92%, A2=92%, A3=92%) final=\boxed{92%}
[755/2417  31.2% elapsed=4m54s eta=10m47s] id=2hop__388523_75487 em=1 f1=1.00 tie=False err=False voters=(A1=Andrew Scheer, A2=Andrew Scheer, A3=Andrew Scheer) final=\boxed{Andrew Scheer}
[756/2417  31.3% elapsed=4m54s eta=10m46s] id=2hop__6870_16335 em=0 f1=0.36 tie=True err=False voters=(A1=Historical intermarriage and conversions, A2=Historical intermarriage and conversions, A3=Historical intermarriage and conversions) final=\boxed{Historical intermarriage and conversions during the R
[757/2417  31.3% elapsed=4m55s eta=10m47s] id=2hop__21104_16335 em=0 f1=0.55 tie=True err=False voters=(A1=inter-marriage and conversions during th, A2=intermarriage and conversions during the, A3=inter-marriage and conversions during th) final=\boxed{inter-marriage and conversions during the Roman Empir
[758/2417  31.4% elapsed=4m55s eta=10m46s] id=2hop__41158_22946 em=1 f1=1.00 tie=False err=False voters=(A1=George Sarton, A2=George Sarton, A3=George Sarton) final=\boxed{George Sarton}
[759/2417  31.4% elapsed=4m55s eta=10m45s] id=2hop__779424_75487 em=1 f1=1.00 tie=False err=False voters=(A1=Andrew Scheer, A2=Andrew Scheer, A3=Andrew Scheer) final=\boxed{Andrew Scheer}
[760/2417  31.4% elapsed=4m56s eta=10m45s] id=2hop__6956_192417 em=0 f1=0.00 tie=False err=False voters=(A1=NFL, A2=NFL, A3=NFL) final=\boxed{NFL}
[761/2417  31.5% elapsed=4m56s eta=10m44s] id=2hop__95970_456836 em=0 f1=0.00 tie=False err=False voters=(A1=La Goulette, A2=Unknown, A3=Unknown) final=\boxed{Unknown}
[762/2417  31.5% elapsed=4m56s eta=10m42s] id=2hop__227791_75487 em=1 f1=1.00 tie=False err=False voters=(A1=Andrew Scheer, A2=Andrew Scheer, A3=Andrew Scheer) final=\boxed{Andrew Scheer}
[763/2417  31.6% elapsed=4m56s eta=10m42s] id=2hop__21103_16335 em=0 f1=0.61 tie=True err=False voters=(A1=inter-marriage and conversions during th, A2=inter-marriage and conversions during th, A3=inter-marriage and conversions in the Ro) final=\boxed{inter-marriage and conversions in the Roman Empire, a
[764/2417  31.6% elapsed=4m57s eta=10m42s] id=2hop__95172_456836 em=0 f1=0.00 tie=False err=False voters=(A1=La Goulette, A2=Unknown, A3=Unknown) final=\boxed{Unknown}
[765/2417  31.7% elapsed=4m57s eta=10m41s] id=2hop__21103_16334 em=1 f1=1.00 tie=False err=False voters=(A1=modern-day Italians, A2=modern-day Italians, A3=modern-day Italians) final=\boxed{modern-day Italians}
[766/2417  31.7% elapsed=4m57s eta=10m39s] id=2hop__631139_75487 em=1 f1=1.00 tie=False err=False voters=(A1=Andrew Scheer, A2=Andrew Scheer, A3=Andrew Scheer) final=\boxed{Andrew Scheer}
[767/2417  31.7% elapsed=4m57s eta=10m39s] id=2hop__77134_88165 em=1 f1=1.00 tie=False err=False voters=(A1=Keturah, A2=Keturah, A3=Keturah) final=\boxed{Keturah}
[768/2417  31.8% elapsed=4m58s eta=10m39s] id=2hop__147212_60904 em=0 f1=0.00 tie=False err=False voters=(A1=Jack Michel, A2=Cannot determine, A3=Cannot determine) final=\boxed{Cannot determine}
[769/2417  31.8% elapsed=4m58s eta=10m39s] id=2hop__21104_16254 em=0 f1=0.67 tie=False err=False voters=(A1=92%, A2=92%, A3=92%) final=\boxed{92%}
[770/2417  31.9% elapsed=4m58s eta=10m38s] id=2hop__768312_814677 em=1 f1=1.00 tie=False err=False voters=(A1=ancient Egyptian religion, A2=ancient Egyptian religion, A3=ancient Egyptian religion) final=\boxed{ancient Egyptian religion}
[771/2417  31.9% elapsed=4m59s eta=10m38s] id=2hop__73069_88165 em=1 f1=1.00 tie=False err=False voters=(A1=Keturah, A2=Keturah, A3=Keturah) final=\boxed{Keturah}
[772/2417  31.9% elapsed=5m00s eta=10m38s] id=2hop__502852_75487 em=0 f1=0.00 tie=False err=False voters=(A1=Andrew Scheer, A2=Stephen Harper, A3=Stephen Harper) final=\boxed{Stephen Harper}
[773/2417  32.0% elapsed=5m01s eta=10m40s] id=2hop__85325_88165 em=1 f1=1.00 tie=False err=False voters=(A1=Keturah, A2=Keturah, A3=Keturah) final=\boxed{Keturah}
[774/2417  32.0% elapsed=5m01s eta=10m39s] id=2hop__684287_78303 em=0 f1=0.00 tie=False err=False voters=(A1=Aaron Norris, A2=unknown, A3=unknown) final=\boxed{unknown}
[775/2417  32.1% elapsed=5m01s eta=10m38s] id=2hop__310112_88165 em=0 f1=0.00 tie=False err=False voters=(A1=Abraham, A2=Abraham, A3=Abraham) final=\boxed{Abraham}
[776/2417  32.1% elapsed=5m02s eta=10m38s] id=2hop__462179_643013 em=0 f1=0.50 tie=True err=False voters=(A1=Przemków Landscape Park, A2=Lower Silesian Voivodeship, A3=Gmina Radwanice) final=\boxed{Gmina Radwanice}
[777/2417  32.1% elapsed=5m02s eta=10m38s] id=2hop__95970_152907 em=1 f1=1.00 tie=False err=False voters=(A1=Tunis, A2=Tunis, A3=Tunis) final=\boxed{Tunis}
[778/2417  32.2% elapsed=5m02s eta=10m37s] id=2hop__611538_152907 em=1 f1=1.00 tie=False err=False voters=(A1=Rome, A2=Rome, A3=Tunis) final=\boxed{Rome}
[779/2417  32.2% elapsed=5m03s eta=10m36s] id=2hop__268084_78303 em=0 f1=0.00 tie=False err=False voters=(A1=Chuck Norris, A2=Chuck Norris, A3=Chuck Norris) final=\boxed{Chuck Norris}
[780/2417  32.3% elapsed=5m03s eta=10m35s] id=2hop__468778_88165 em=0 f1=0.00 tie=False err=False voters=(A1=Abraham, A2=Abraham, A3=Unknown) final=\boxed{Abraham}
[781/2417  32.3% elapsed=5m03s eta=10m35s] id=2hop__519160_78303 em=0 f1=0.00 tie=False err=False voters=(A1=Unknown, A2=unknown, A3=Unknown) final=\boxed{Unknown}
[782/2417  32.4% elapsed=5m04s eta=10m35s] id=2hop__108336_772156 em=0 f1=0.00 tie=False err=False voters=(A1=Unknown, A2=Unknown, A3=Unknown) final=\boxed{Unknown}
[783/2417  32.4% elapsed=5m04s eta=10m34s] id=2hop__846415_88165 em=0 f1=0.00 tie=False err=False voters=(A1=Unknown, A2=Unknown, A3=Unknown) final=\boxed{Unknown}
[784/2417  32.4% elapsed=5m04s eta=10m33s] id=2hop__96194_78303 em=1 f1=1.00 tie=False err=False voters=(A1=Cordell Walker, A2=Cordell Walker, A3=Cordell Walker) final=\boxed{Cordell Walker}
[785/2417  32.5% elapsed=5m04s eta=10m32s] id=2hop__157376_643670 em=0 f1=0.00 tie=False err=False voters=(A1=Nieuwe Maas, A2=Nieuwe Maas, A3=Nieuwe Maas) final=\boxed{Nieuwe Maas}
[786/2417  32.5% elapsed=5m04s eta=10m31s] id=2hop__607517_161450 em=0 f1=0.00 tie=False err=False voters=(A1=Golestan Province, A2=Golestan Province, A3=Golestan Province) final=\boxed{Golestan Province}
[787/2417  32.6% elapsed=5m06s eta=10m34s] id=2hop__525581_161450 em=0 f1=0.00 tie=False err=False voters=(A1=Golestan Province, Iran, A2=Golestan Province, Iran, A3=Golestan Province, Iran) final=\boxed{Golestan Province, Iran}
[788/2417  32.6% elapsed=5m06s eta=10m33s] id=2hop__391258_161450 em=0 f1=0.00 tie=False err=False voters=(A1=Golestan Province, A2=Golestan Province, A3=Golestan Province) final=\boxed{Golestan Province}
[789/2417  32.6% elapsed=5m07s eta=10m33s] id=2hop__351275_75487 em=0 f1=0.00 tie=False err=False voters=(A1=Stephen Harper, A2=Stephen Harper, A3=Stephen Harper) final=\boxed{Stephen Harper}
[790/2417  32.7% elapsed=5m07s eta=10m32s] id=2hop__131818_161450 em=0 f1=0.00 tie=False err=False voters=(A1=Aqqala County, Golestan Province, Iran, A2=Aqqala County, Golestan Province, Iran, A3=Aqqala County, Golestan Province, Iran) final=\boxed{Aqqala County, Golestan Province, Iran}
[791/2417  32.7% elapsed=5m07s eta=10m30s] id=2hop__159903_419949 em=0 f1=0.00 tie=False err=False voters=(A1=The answer cannot be determined from the, A2=The answer cannot be determined from the, A3=Austin) final=\boxed{The answer cannot be determined from the given inform
[792/2417  32.8% elapsed=5m07s eta=10m29s] id=2hop__818302_25719 em=0 f1=0.00 tie=False err=False voters=(A1=The answer cannot be determined from the, A2=Cannot determine, A3=The answer cannot be determined from the) final=\boxed{The answer cannot be determined from the provided par
[793/2417  32.8% elapsed=5m07s eta=10m29s] id=2hop__84439_482364 em=1 f1=1.00 tie=False err=False voters=(A1=Aeson, A2=Aeson, A3=Aeson) final=\boxed{Aeson}
[794/2417  32.9% elapsed=5m08s eta=10m29s] id=2hop__389778_78303 em=0 f1=0.00 tie=False err=False voters=(A1=Chuck Norris, A2=Wayne Dehart, A3=Chuck Norris) final=\boxed{Chuck Norris}
[795/2417  32.9% elapsed=5m08s eta=10m28s] id=2hop__582045_161450 em=0 f1=0.00 tie=False err=False voters=(A1=Golestan Province, Iran, A2=Golestan Province, Iran, A3=Golestan Province, Iran) final=\boxed{Golestan Province, Iran}
[796/2417  32.9% elapsed=5m09s eta=10m29s] id=2hop__748182_78303 em=0 f1=0.10 tie=False err=False voters=(A1=Wayne Dehart, A2=No direct evidence is provided to confir, A3=No direct evidence is provided to confir) final=\boxed{No direct evidence is provided to confirm a cast memb
[797/2417  33.0% elapsed=5m09s eta=10m28s] id=2hop__131951_643670 em=0 f1=0.00 tie=False err=False voters=(A1=North Sea, A2=North Sea, A3=North Sea) final=\boxed{North Sea}
[798/2417  33.0% elapsed=5m09s eta=10m27s] id=2hop__691639_154896 em=0 f1=0.50 tie=False err=False voters=(A1=2009, A3=2009) final=\boxed{2009}
[799/2417  33.1% elapsed=5m10s eta=10m28s] id=2hop__64537_482364 em=0 f1=0.00 tie=False err=False voters=(A1=Pelias, A2=unknown, A3=Pelias) final=\boxed{Pelias}
[800/2417  33.1% elapsed=5m10s eta=10m27s] id=2hop__307218_161450 em=0 f1=0.82 tie=False err=False voters=(A1=Golestan Province, Iran, A2=north-east of Iran, south of the Caspian, A3=north-east of Iran, south of the Caspian) final=\boxed{north-east of Iran, south of the Caspian Sea}
[801/2417  33.1% elapsed=5m11s eta=10m27s] id=2hop__283_574195 em=0 f1=0.00 tie=False err=False voters=(A1=Not specified in the paragraphs, A2=Not specified in the paragraphs, A3=Not specified in the paragraphs) final=\boxed{Not specified in the paragraphs}
[802/2417  33.2% elapsed=5m12s eta=10m28s] id=2hop__93230_319887 em=0 f1=0.91 tie=False err=False voters=(A1=National Institute of Dramatic Art (NIDA, A2=National Institute of Dramatic Art (NIDA, A3=National Institute of Dramatic Art (NIDA) final=\boxed{National Institute of Dramatic Art (NIDA)}
[803/2417  33.2% elapsed=5m12s eta=10m27s] id=2hop__68162_482364 em=1 f1=1.00 tie=False err=False voters=(A1=Pelias, A2=Aeson, A3=Aeson) final=\boxed{Aeson}
[804/2417  33.3% elapsed=5m13s eta=10m28s] id=2hop__682872_516436 em=0 f1=0.00 tie=False err=False voters=(A1=Theoretical physics, A2=Theoretical physics, A3=Theoretical physics) final=\boxed{Theoretical physics}
[805/2417  33.3% elapsed=5m14s eta=10m28s] id=2hop__603598_25719 em=0 f1=0.00 tie=True err=False voters=(A1=400, A2=Never, A3=Unknown) final=\boxed{Unknown}
[806/2417  33.3% elapsed=5m15s eta=10m30s] id=2hop__51074_75184 em=1 f1=1.00 tie=False err=False voters=(A1=Claudia Wells, A2=Claudia Wells, A3=Claudia Wells) final=\boxed{Claudia Wells}
[807/2417  33.4% elapsed=5m15s eta=10m29s] id=2hop__48481_319887 em=0 f1=0.18 tie=False err=False voters=(A1=Western Australian Academy of Performing, A2=Western Australian Academy of Performing, A3=Western Australian Academy of Performing) final=\boxed{Western Australian Academy of Performing Arts}
[808/2417  33.4% elapsed=5m16s eta=10m28s] id=2hop__13353_17738 em=1 f1=1.00 tie=False err=False voters=(A1=French Flanders, A2=French Flanders, A3=French Flanders) final=\boxed{French Flanders}
[809/2417  33.5% elapsed=5m16s eta=10m29s] id=2hop__575282_114648 em=1 f1=1.00 tie=False err=False voters=(A1=1583, A3=1583) final=\boxed{1583}
[810/2417  33.5% elapsed=5m16s eta=10m28s] id=2hop__286_574195 em=0 f1=0.00 tie=False err=False voters=(A1=Unknown, A2=Unknown, A3=Unknown) final=\boxed{Unknown}
[811/2417  33.6% elapsed=5m16s eta=10m26s] id=2hop__203955_25719 em=0 f1=0.00 tie=False err=False voters=(A1=430, A2=The answer cannot be determined from the, A3=The answer cannot be determined from the) final=\boxed{The answer cannot be determined from the given inform
[812/2417  33.6% elapsed=5m17s eta=10m26s] id=2hop__159903_154896 em=0 f1=0.50 tie=False err=False voters=(A1=2009, A2=2009, A3=2009) final=\boxed{2009}
[813/2417  33.6% elapsed=5m17s eta=10m26s] id=2hop__171254_383727 em=0 f1=0.80 tie=False err=False voters=(A1=Sir Geoffrey Boleyn, A2=Sir Geoffrey Boleyn, A3=Sir Geoffrey Boleyn) final=\boxed{Sir Geoffrey Boleyn}
[814/2417  33.7% elapsed=5m17s eta=10m25s] id=2hop__822113_91104 em=1 f1=1.00 tie=False err=False voters=(A1=ATS-6, A2=ATS-6, A3=ATS-6) final=\boxed{ATS-6}
[815/2417  33.7% elapsed=5m18s eta=10m25s] id=2hop__52283_75184 em=1 f1=1.00 tie=False err=False voters=(A1=Claudia Wells, A2=Claudia Wells, A3=Claudia Wells) final=\boxed{Claudia Wells}
[816/2417  33.8% elapsed=5m18s eta=10m25s] id=2hop__329591_91104 em=1 f1=1.00 tie=False err=False voters=(A1=ATS-6, A2=ATS-6, A3=ATS-6) final=\boxed{ATS-6}
[817/2417  33.8% elapsed=5m19s eta=10m24s] id=2hop__386236_350892 em=0 f1=0.44 tie=False err=False voters=(A1=Eton College and King's College, Cambrid, A2=Eton College and King's College, Cambrid, A3=Eton College and King's College, Cambrid) final=\boxed{Eton College and King's College, Cambridge}
[818/2417  33.8% elapsed=5m19s eta=10m24s] id=2hop__47712_25719 em=0 f1=0.00 tie=False err=False voters=(A1=376, A2=376, A3=376) final=\boxed{376}
[819/2417  33.9% elapsed=5m20s eta=10m24s] id=2hop__274529_5385 em=0 f1=0.00 tie=False err=False voters=(A1=Unknown, A2=Unknown, A3=Unknown) final=\boxed{Unknown}
[820/2417  33.9% elapsed=5m20s eta=10m24s] id=2hop__71016_75184 em=0 f1=0.00 tie=False err=False voters=(A1=Elisabeth Shue, A2=Elisabeth Shue, A3=Elisabeth Shue) final=\boxed{Elisabeth Shue}
[821/2417  34.0% elapsed=5m21s eta=10m24s] id=2hop__35137_22899 em=0 f1=0.00 tie=False err=False voters=(A1=10, A2=10, A3=10) final=\boxed{10}
[822/2417  34.0% elapsed=5m21s eta=10m23s] id=2hop__80546_75184 em=0 f1=0.00 tie=False err=False voters=(A1=Elisabeth Shue, A2=Elisabeth Shue, A3=Elisabeth Shue) final=\boxed{Elisabeth Shue}
[823/2417  34.1% elapsed=5m22s eta=10m24s] id=2hop__17508_17335 em=0 f1=0.00 tie=False err=False voters=(A1=The diadochi painted themselves to look , A2=Hellenistic period, A3=Hellenistic period) final=\boxed{Hellenistic period}
[824/2417  34.1% elapsed=5m22s eta=10m23s] id=2hop__123509_5385 em=0 f1=0.00 tie=False err=False voters=(A1=The answer cannot be determined from the, A2=Unable to determine, A3=The answer cannot be determined from the) final=\boxed{The answer cannot be determined from the provided inf
[825/2417  34.1% elapsed=5m23s eta=10m24s] id=2hop__560534_91104 em=0 f1=0.00 tie=False err=False voters=(A1=SICRAL 1B, A2=SICRAL 1B, A3=The question lacks clear evidence, but C) final=\boxed{SICRAL 1B}
[826/2417  34.2% elapsed=5m23s eta=10m23s] id=2hop__87953_17335 em=1 f1=1.00 tie=False err=False voters=(A1=323 BC, A2=323 BC, A3=323 BC) final=\boxed{323 BC}
[827/2417  34.2% elapsed=5m23s eta=10m22s] id=2hop__575797_91104 em=1 f1=1.00 tie=False err=False voters=(A1=ATS-6, A2=ATS-6, A3=ATS-6) final=\boxed{ATS-6}
[828/2417  34.3% elapsed=5m24s eta=10m22s] id=2hop__123148_5385 em=0 f1=0.00 tie=False err=False voters=(A1=University of Oklahoma, A2=Unknown, A3=Unknown) final=\boxed{Unknown}
[829/2417  34.3% elapsed=5m24s eta=10m21s] id=2hop__857493_17335 em=1 f1=1.00 tie=False err=False voters=(A1=323 BC, A2=323 BC, A3=323 BC) final=\boxed{323 BC}
[830/2417  34.3% elapsed=5m25s eta=10m21s] id=2hop__35137_22896 em=0 f1=0.00 tie=False err=False voters=(A1=Khwarezm, A2=Khwarezm, A3=Khwarezm) final=\boxed{Khwarezm}
[831/2417  34.4% elapsed=5m25s eta=10m20s] id=2hop__74084_75184 em=0 f1=0.00 tie=False err=False voters=(A1=Sally Field, A2=Sally Field, A3=Sally Field) final=\boxed{Sally Field}
[832/2417  34.4% elapsed=5m25s eta=10m19s] id=2hop__780238_110949 em=1 f1=1.00 tie=False err=False voters=(A1=11 September 1962, A2=11 September 1962, A3=11 September 1962) final=\boxed{11 September 1962}
[833/2417  34.5% elapsed=5m25s eta=10m18s] id=2hop__494659_5385 em=0 f1=0.00 tie=False err=False voters=(A1=Cannot determine, A2=Cannot determine, A3=Unknown) final=\boxed{Cannot determine}
[834/2417  34.5% elapsed=5m25s eta=10m17s] id=2hop__35137_22943 em=1 f1=1.00 tie=False err=False voters=(A1=below the Sun, A2=below the Sun, A3=below the Sun) final=\boxed{below the Sun}
[835/2417  34.5% elapsed=5m25s eta=10m16s] id=2hop__576118_25719 em=0 f1=0.00 tie=False err=False voters=(A1=5th century, A2=434, A3=5th century) final=\boxed{5th century}
[836/2417  34.6% elapsed=5m26s eta=10m16s] id=2hop__35136_35117 em=0 f1=0.00 tie=False err=False voters=(A1=1213–1288, A2=75 years, A3=75 years) final=\boxed{75 years}
[837/2417  34.6% elapsed=5m26s eta=10m15s] id=2hop__82910_75184 em=0 f1=0.00 tie=False err=False voters=(A1=Elisabeth Shue, A2=Elisabeth Shue, A3=Elisabeth Shue) final=\boxed{Elisabeth Shue}
[838/2417  34.7% elapsed=5m26s eta=10m14s] id=2hop__39231_17335 em=0 f1=0.00 tie=False err=False voters=(A1=1566, A2=1566, A3=1566) final=\boxed{1566}
[839/2417  34.7% elapsed=5m26s eta=10m13s] id=2hop__623931_656446 em=0 f1=0.00 tie=False err=False voters=(A1=The answer cannot be determined from the, A2=Unknown, A3=The answer cannot be determined from the) final=\boxed{The answer cannot be determined from the provided inf
[840/2417  34.8% elapsed=5m26s eta=10m12s] id=2hop__826864_17335 em=1 f1=1.00 tie=False err=False voters=(A1=323 BC, A2=323 BC, A3=326 BC) final=\boxed{323 BC}
[841/2417  34.8% elapsed=5m27s eta=10m12s] id=2hop__35137_22901 em=0 f1=0.67 tie=False err=False voters=(A1=Sunni Hanafi, A2=Sunni Hanafi, A3=Sunni Hanafi) final=\boxed{Sunni Hanafi}
[842/2417  34.8% elapsed=5m27s eta=10m11s] id=2hop__178922_5385 em=0 f1=0.00 tie=False err=False voters=(A1=Unknown, A2=Unknown, A3=Unknown) final=\boxed{Unknown}
[843/2417  34.9% elapsed=5m27s eta=10m10s] id=2hop__89460_75184 em=0 f1=0.00 tie=False err=False voters=(A1=Elisabeth Shue, A2=Elisabeth Shue, A3=Elisabeth Shue) final=\boxed{Elisabeth Shue}
[844/2417  34.9% elapsed=5m27s eta=10m10s] id=2hop__646493_5385 em=0 f1=0.00 tie=False err=False voters=(A1=11900, A2=11900, A3=Not explicitly stated) final=\boxed{11900}
[845/2417  35.0% elapsed=5m27s eta=10m09s] id=2hop__51965_165532 em=0 f1=0.00 tie=False err=False voters=(A1=The answer cannot be determined from the, A2=Unknown, A3=Unknown) final=\boxed{Unknown}
[846/2417  35.0% elapsed=5m27s eta=10m08s] id=2hop__35209_17335 em=1 f1=1.00 tie=True err=False voters=(A1=19 August 180 AD, A2=19 August 180 BC, A3=323 BC) final=\boxed{323 BC}
[847/2417  35.0% elapsed=5m28s eta=10m08s] id=2hop__35137_22932 em=0 f1=0.00 tie=False err=False voters=(A1=Theological interpretation, A2=Theological interpretation, A3=Theological interpretation) final=\boxed{Theological interpretation}
[848/2417  35.1% elapsed=5m28s eta=10m07s] id=2hop__658472_5385 em=0 f1=0.00 tie=False err=False voters=(A1=11,900, A2=Cannot be determined, A3=Cannot be determined) final=\boxed{Cannot be determined}
[849/2417  35.1% elapsed=5m28s eta=10m06s] id=2hop__16267_25719 em=1 f1=1.00 tie=False err=False voters=(A1=406, A3=406) final=\boxed{406}
[850/2417  35.2% elapsed=5m28s eta=10m05s] id=2hop__44652_165532 em=0 f1=0.00 tie=False err=False voters=(A1=Unknown, A2=Unknown, A3=Unknown) final=\boxed{Unknown}
[851/2417  35.2% elapsed=5m28s eta=10m04s] id=2hop__685930_110949 em=1 f1=1.00 tie=False err=False voters=(A1=11 September 1962, A2=11 September 1962, A3=11 September 1962) final=\boxed{11 September 1962}
[852/2417  35.3% elapsed=5m28s eta=10m03s] id=2hop__6827_86319 em=1 f1=1.00 tie=False err=False voters=(A1=Brian Thomas Moynihan, A2=Brian Moynihan, A3=Brian Moynihan) final=\boxed{Brian Moynihan}
[853/2417  35.3% elapsed=5m28s eta=10m02s] id=2hop__635544_110949 em=1 f1=1.00 tie=False err=False voters=(A1=11 September 1962, A2=11 September 1962, A3=11 September 1962) final=\boxed{11 September 1962}
[854/2417  35.3% elapsed=5m29s eta=10m02s] id=2hop__835914_91104 em=1 f1=1.00 tie=False err=False voters=(A1=ATS-6, A2=ATS-6, A3=ATS-6) final=\boxed{ATS-6}
[855/2417  35.4% elapsed=5m30s eta=10m03s] id=2hop__35173_17335 em=1 f1=1.00 tie=False err=False voters=(A1=323 BC, A2=323 BC, A3=323 BC) final=\boxed{323 BC}
[856/2417  35.4% elapsed=5m30s eta=10m02s] id=2hop__61143_165532 em=0 f1=0.00 tie=False err=False voters=(A1=Larry Smith, A2=Larry Smith, A3=Larry Smith) final=\boxed{Larry Smith}
[857/2417  35.5% elapsed=5m30s eta=10m01s] id=2hop__861047_110949 em=1 f1=1.00 tie=False err=False voters=(A1=11 September 1962, A2=11 September 1962, A3=11 September 1962) final=\boxed{11 September 1962}
[858/2417  35.5% elapsed=5m31s eta=10m01s] id=2hop__450608_373421 em=0 f1=0.00 tie=False err=False voters=(A1=Vilnius County, A2=Vilnius County, A3=Vilnius County) final=\boxed{Vilnius County}
[859/2417  35.5% elapsed=5m32s eta=10m02s] id=2hop__95687_2684 em=1 f1=1.00 tie=False err=False voters=(A1=Donda West Law, A2=Donda West Law, A3=Donda West Law) final=\boxed{Donda West Law}
[860/2417  35.6% elapsed=5m32s eta=10m01s] id=2hop__256778_131879 em=0 f1=0.00 tie=False err=False voters=(A1=The birthplace of Christopher Harris is , A2=River Great Ouse, A3=The birthplace of Christopher Harris is ) final=\boxed{The birthplace of Christopher Harris is not explicitl
[861/2417  35.6% elapsed=5m33s eta=10m01s] id=2hop__655505_110949 em=1 f1=1.00 tie=False err=False voters=(A1=11 September 1962, A2=11 September 1962, A3=11 September 1962) final=\boxed{11 September 1962}
[862/2417  35.7% elapsed=5m33s eta=10m00s] id=2hop__547045_131879 em=1 f1=1.00 tie=False err=False voters=(A1=River Great Ouse, A2=River Great Ouse, A3=River Great Ouse) final=\boxed{River Great Ouse}
[863/2417  35.7% elapsed=5m34s eta=10m01s] id=2hop__695364_513121 em=0 f1=0.50 tie=False err=False voters=(A1=Richard Ainley, A2=Richard Ainley, A3=Richard Ainley) final=\boxed{Richard Ainley}
[864/2417  35.7% elapsed=5m34s eta=10m00s] id=2hop__35137_22940 em=1 f1=1.00 tie=False err=False voters=(A1=Kitab al-shifa, A2=Kitab al-shifa, A3=Kitab al-shifa) final=\boxed{Kitab al-shifa}
[865/2417  35.8% elapsed=5m34s eta=9m59s] id=2hop__423045_570226 em=0 f1=0.00 tie=False err=False voters=(A1=Hainan, A2=Hainan, A3=Hainan) final=\boxed{Hainan}
[866/2417  35.8% elapsed=5m34s eta=9m58s] id=2hop__95687_577502 em=1 f1=1.00 tie=False err=False voters=(A1=Maria Shriver, A2=Maria Shriver, A3=Maria Shriver) final=\boxed{Maria Shriver}
[867/2417  35.9% elapsed=5m35s eta=9m58s] id=2hop__6827_49664 em=1 f1=1.00 tie=False err=False voters=(A1=Bank of America, A2=Bank of Italy, A3=Bank of Italy) final=\boxed{Bank of Italy}
[868/2417  35.9% elapsed=5m35s eta=9m58s] id=2hop__242045_2684 em=1 f1=1.00 tie=False err=False voters=(A1=Donda West Law, A2=Donda West Law, A3=Donda West Law) final=\boxed{Donda West Law}
[869/2417  36.0% elapsed=5m36s eta=9m59s] id=2hop__6827_88924 em=1 f1=1.00 tie=False err=False voters=(A1=Brian Thomas Moynihan, A2=Brian Thomas Moynihan, A3=Brian Thomas Moynihan) final=\boxed{Brian Thomas Moynihan}
[870/2417  36.0% elapsed=5m37s eta=9m59s] id=2hop__2682_577502 em=1 f1=1.00 tie=False err=False voters=(A1=Maria Shriver, A2=Maria Shriver, A3=Maria Shriver) final=\boxed{Maria Shriver}
[871/2417  36.0% elapsed=5m38s eta=9m59s] id=2hop__788306_131879 em=1 f1=1.00 tie=False err=False voters=(A1=River Great Ouse, A2=Not mentioned, A3=River Great Ouse) final=\boxed{River Great Ouse}
[872/2417  36.1% elapsed=5m38s eta=9m58s] id=2hop__6827_75783 em=0 f1=0.50 tie=False err=False voters=(A1=2008, A2=2008, A3=2008) final=\boxed{2008}
[873/2417  36.1% elapsed=5m38s eta=9m57s] id=2hop__94629_1110 em=1 f1=1.00 tie=False err=False voters=(A1=2005, A2=2005, A3=2005) final=\boxed{2005}
[874/2417  36.2% elapsed=5m39s eta=9m59s] id=2hop__2683_577502 em=1 f1=1.00 tie=False err=False voters=(A1=Maria Shriver, A2=Maria Shriver, A3=Maria Shriver) final=\boxed{Maria Shriver}
[875/2417  36.2% elapsed=5m39s eta=9m58s] id=2hop__412633_15781 em=1 f1=1.00 tie=False err=False voters=(A1=David Hume, A2=David Hume, A3=David Hume) final=\boxed{David Hume}
[876/2417  36.2% elapsed=5m41s eta=10m00s] id=2hop__807257_590611 em=0 f1=0.00 tie=False err=False voters=(A1=David Hasselhoff, A2=David Hasselhoff, A3=David Hasselhoff) final=\boxed{David Hasselhoff}
[877/2417  36.3% elapsed=5m42s eta=10m01s] id=2hop__142881_127399 em=1 f1=1.00 tie=False err=False voters=(A1=2005, A2=2005, A3=2005) final=\boxed{2005}
[878/2417  36.3% elapsed=5m42s eta=10m00s] id=2hop__511296_2684 em=1 f1=1.00 tie=False err=False voters=(A1=Donda West Law, A2=Donda West Law, A3=Donda West Law) final=\boxed{Donda West Law}
[879/2417  36.4% elapsed=5m42s eta=9m59s] id=2hop__31124_31093 em=1 f1=1.00 tie=False err=False voters=(A1=Irish, A2=Irish, A3=Irish) final=\boxed{Irish}
[880/2417  36.4% elapsed=5m43s eta=10m00s] id=2hop__81659_52835 em=1 f1=1.00 tie=False err=False voters=(A1=John D. Loudermilk, A2=John D. Loudermilk, A3=John D. Loudermilk) final=\boxed{John D. Loudermilk}
[881/2417  36.5% elapsed=5m44s eta=9m59s] id=2hop__145288_502838 em=0 f1=0.40 tie=False err=False voters=(A1=Duncanville, Texas, A2=Duncanville, Texas, A3=Duncanville, Texas) final=\boxed{Duncanville, Texas}
[882/2417  36.5% elapsed=5m44s eta=9m58s] id=2hop__215124_83837 em=0 f1=0.00 tie=False err=False voters=(A1=Luke Bryan, A2=Luke Bryan, A3=Luke Bryan) final=\boxed{Luke Bryan}
[883/2417  36.5% elapsed=5m44s eta=9m58s] id=2hop__398344_54166 em=0 f1=0.00 tie=False err=False voters=(A1=4, A2=7, A3=7) final=\boxed{7}
[884/2417  36.6% elapsed=5m45s eta=9m58s] id=2hop__45296_83837 em=1 f1=1.00 tie=False err=False voters=(A1=Karen Fairchild, A2=Karen Fairchild, A3=Karen Fairchild) final=\boxed{Karen Fairchild}
[885/2417  36.6% elapsed=5m45s eta=9m56s] id=2hop__39420_39345 em=0 f1=0.50 tie=False err=False voters=(A1=July 1, 2005, A2=July 1, 2005, A3=July 1, 2005) final=\boxed{July 1, 2005}
[886/2417  36.7% elapsed=5m45s eta=9m56s] id=2hop__735014_83837 em=0 f1=0.00 tie=False err=False voters=(A1=Luke Bryan, A2=Karen Fairchild, A3=Luke Bryan) final=\boxed{Luke Bryan}
[887/2417  36.7% elapsed=5m45s eta=9m56s] id=2hop__347686_127399 em=1 f1=1.00 tie=False err=False voters=(A1=2005, A2=2005, A3=2005) final=\boxed{2005}
[888/2417  36.7% elapsed=5m46s eta=9m55s] id=2hop__711639_110949 em=0 f1=0.00 tie=True err=False voters=(A1=The birth date of the 'Sarah' performer , A3=unknown) final=\boxed{unknown}
[889/2417  36.8% elapsed=5m46s eta=9m54s] id=2hop__6827_79845 em=0 f1=0.00 tie=True err=False voters=(A1=15,900, A3=15900) final=\boxed{15900}
[890/2417  36.8% elapsed=5m46s eta=9m54s] id=2hop__124932_278133 em=0 f1=0.00 tie=False err=False voters=(A1=Guru Gobind Singh, A2=Not mentioned in the provided paragraphs, A3=Not mentioned in the provided paragraphs) final=\boxed{Not mentioned in the provided paragraphs}
[891/2417  36.9% elapsed=5m46s eta=9m53s] id=2hop__370911_589237 em=1 f1=1.00 tie=False err=False voters=(A1=Sheila Hancock, A2=Sheila Hancock, A3=Sheila Hancock) final=\boxed{Sheila Hancock}
[892/2417  36.9% elapsed=5m46s eta=9m52s] id=2hop__166820_52835 em=1 f1=1.00 tie=False err=False voters=(A1=John D. Loudermilk, A2=John D. Loudermilk, A3=John D. Loudermilk) final=\boxed{John D. Loudermilk}
[893/2417  36.9% elapsed=5m46s eta=9m51s] id=2hop__689472_52835 em=1 f1=1.00 tie=False err=False voters=(A1=John D. Loudermilk, A2=John D. Loudermilk, A3=John D. Loudermilk) final=\boxed{John D. Loudermilk}
[894/2417  37.0% elapsed=5m47s eta=9m52s] id=2hop__167577_31122 em=1 f1=1.00 tie=False err=False voters=(A1=18th, A2=18th, A3=18th century) final=\boxed{18th}
[895/2417  37.0% elapsed=5m48s eta=9m51s] id=2hop__461639_83837 em=1 f1=1.00 tie=False err=False voters=(A1=Luke Bryan, A2=Karen Fairchild, A3=Karen Fairchild) final=\boxed{Karen Fairchild}
[896/2417  37.1% elapsed=5m48s eta=9m52s] id=2hop__644898_64046 em=0 f1=0.00 tie=False err=False voters=(A1=Brendan Gleeson, A2=Brendan Gleeson, A3=Brendan Gleeson) final=\boxed{Brendan Gleeson}
[897/2417  37.1% elapsed=5m49s eta=9m51s] id=2hop__31091_31122 em=1 f1=1.00 tie=False err=False voters=(A1=18th century, A2=18th, A3=18th century) final=\boxed{18th century}
[898/2417  37.2% elapsed=5m49s eta=9m50s] id=2hop__85931_108632 em=1 f1=1.00 tie=False err=False voters=(A1=Mario Puzo, A2=Mario Puzo, A3=Mario Puzo) final=\boxed{Mario Puzo}
[899/2417  37.2% elapsed=5m49s eta=9m49s] id=2hop__409884_83837 em=0 f1=0.00 tie=False err=False voters=(A1=Luke Bryan, A2=Luke Bryan, A3=Luke Bryan) final=\boxed{Luke Bryan}
[900/2417  37.2% elapsed=5m49s eta=9m48s] id=2hop__88372_83837 em=0 f1=0.50 tie=False err=False voters=(A1=Karen Fairchild of Little Big Town, A2=Karen Fairchild of Little Big Town, A3=Karen Fairchild of Little Big Town) final=\boxed{Karen Fairchild of Little Big Town}
[901/2417  37.3% elapsed=5m49s eta=9m48s] id=2hop__31124_31122 em=1 f1=1.00 tie=False err=False voters=(A1=18th century, A2=18th, A3=18th century) final=\boxed{18th century}
[902/2417  37.3% elapsed=5m49s eta=9m47s] id=2hop__31094_31122 em=1 f1=1.00 tie=False err=False voters=(A1=18th, A2=18th, A3=18th century) final=\boxed{18th}
[903/2417  37.4% elapsed=5m50s eta=9m47s] id=2hop__284789_52835 em=1 f1=1.00 tie=False err=False voters=(A1=John D. Loudermilk, A2=John D. Loudermilk, A3=John D. Loudermilk) final=\boxed{John D. Loudermilk}
[904/2417  37.4% elapsed=5m50s eta=9m46s] id=2hop__475808_71302 em=0 f1=0.00 tie=False err=False voters=(A1=No direct connection can be made based o, A2=Cannot determine, A3=No direct connection can be made based o) final=\boxed{No direct connection can be made based on the provide
[905/2417  37.4% elapsed=5m50s eta=9m45s] id=2hop__61924_712629 em=0 f1=0.57 tie=False err=False voters=(A1=Philip Mountbatten, Duke of Edinburgh, A2=Philip Mountbatten, Duke of Edinburgh, A3=Prince Philip, Duke of Edinburgh) final=\boxed{Philip Mountbatten, Duke of Edinburgh}
[906/2417  37.5% elapsed=5m51s eta=9m46s] id=2hop__525242_52835 em=1 f1=1.00 tie=False err=False voters=(A1=Norah Jones, A2=John D. Loudermilk, A3=John D. Loudermilk) final=\boxed{John D. Loudermilk}
[907/2417  37.5% elapsed=5m51s eta=9m45s] id=2hop__20256_71302 em=0 f1=0.00 tie=False err=False voters=(A1=Ben Whishaw, A2=Ben Whishaw, A3=Vito Corleone) final=\boxed{Ben Whishaw}
[908/2417  37.6% elapsed=5m51s eta=9m44s] id=2hop__756620_127399 em=1 f1=1.00 tie=False err=False voters=(A1=2005, A2=2005, A3=2005) final=\boxed{2005}
[909/2417  37.6% elapsed=5m51s eta=9m43s] id=2hop__734582_74481 em=0 f1=0.00 tie=True err=False voters=(A1=Francis Ford Coppola, A2=Vito Corleone, A3=Robert De Niro) final=\boxed{Robert De Niro}
[910/2417  37.6% elapsed=5m52s eta=9m43s] id=2hop__132472_684936 em=0 f1=0.00 tie=False err=False voters=(A1=British Aerospace Dynamics, A2=British Aerospace Dynamics, A3=British Aerospace Dynamics) final=\boxed{British Aerospace Dynamics}
[911/2417  37.7% elapsed=5m52s eta=9m42s] id=2hop__130668_126089 em=1 f1=1.00 tie=False err=False voters=(A1=Johan Remkes, A2=Johan Remkes, A3=Johan Remkes) final=\boxed{Johan Remkes}
[912/2417  37.7% elapsed=5m52s eta=9m41s] id=2hop__747667_52835 em=1 f1=1.00 tie=False err=False voters=(A1=John D. Loudermilk, A2=John D. Loudermilk, A3=John D. Loudermilk) final=\boxed{John D. Loudermilk}
[913/2417  37.8% elapsed=5m52s eta=9m40s] id=2hop__545711_52835 em=1 f1=1.00 tie=False err=False voters=(A1=John D. Loudermilk, A2=John D. Loudermilk, A3=John D. Loudermilk) final=\boxed{John D. Loudermilk}
[914/2417  37.8% elapsed=5m53s eta=9m40s] id=2hop__734582_71302 em=1 f1=1.00 tie=False err=False voters=(A1=Marlon Brando, A2=Vito Corleone, A3=Vito Corleone) final=\boxed{Vito Corleone}
[915/2417  37.9% elapsed=5m53s eta=9m40s] id=2hop__606439_127399 em=1 f1=1.00 tie=False err=False voters=(A1=2005, A2=2005, A3=2005) final=\boxed{2005}
[916/2417  37.9% elapsed=5m53s eta=9m39s] id=2hop__42747_83837 em=1 f1=1.00 tie=False err=False voters=(A1=Karen Fairchild, A2=Luke Bryan, A3=Karen Fairchild) final=\boxed{Karen Fairchild}
[917/2417  37.9% elapsed=5m53s eta=9m38s] id=2hop__132472_120537 em=0 f1=0.00 tie=False err=False voters=(A1=Not abolished, A2=Not abolished, A3=Not abolished) final=\boxed{Not abolished}
[918/2417  38.0% elapsed=5m54s eta=9m37s] id=2hop__71900_712629 em=0 f1=0.50 tie=False err=False voters=(A1=Prince Philip, Duke of Edinburgh, A2=Prince Philip Mountbatten, Duke of Edinb, A3=Prince Philip Mountbatten, Duke of Edinb) final=\boxed{Prince Philip Mountbatten, Duke of Edinburgh}
[919/2417  38.0% elapsed=5m54s eta=9m36s] id=2hop__72660_319330 em=1 f1=1.00 tie=False err=False voters=(A1=Jessie Woodrow Wilson Sayre, A2=Jessie Woodrow Wilson Sayre, A3=Jessie Woodrow Wilson Sayre) final=\boxed{Jessie Woodrow Wilson Sayre}
[920/2417  38.1% elapsed=5m54s eta=9m35s] id=2hop__65202_712629 em=0 f1=0.29 tie=False err=False voters=(A1=The spouse of the Governor of the Britis, A2=Prince Philip, Duke of Edinburgh, A3=Prince Philip, Duke of Edinburgh) final=\boxed{Prince Philip, Duke of Edinburgh}
[921/2417  38.1% elapsed=5m54s eta=9m35s] id=2hop__6827_55848 em=0 f1=0.00 tie=True err=False voters=(A1=2004, A3=1928) final=\boxed{1928}
[922/2417  38.1% elapsed=5m54s eta=9m35s] id=2hop__132929_120537 em=0 f1=0.50 tie=False err=False voters=(A1=Not available in the given paragraphs, A2=1999, A3=1999) final=\boxed{1999}
[923/2417  38.2% elapsed=5m55s eta=9m35s] id=2hop__135029_712629 em=0 f1=0.29 tie=False err=False voters=(A1=Prince Philip, Duke of Edinburgh, A2=Prince Philip, Duke of Edinburgh, A3=Prince Philip, Duke of Edinburgh) final=\boxed{Prince Philip, Duke of Edinburgh}
[924/2417  38.2% elapsed=5m56s eta=9m35s] id=2hop__475808_74481 em=0 f1=0.00 tie=False err=False voters=(A1=Unknown, A2=Unknown, A3=Unknown) final=\boxed{Unknown}
[925/2417  38.3% elapsed=5m57s eta=9m36s] id=2hop__87053_319330 em=1 f1=1.00 tie=False err=False voters=(A1=Jessie Woodrow Wilson Sayre, A2=Jessie Woodrow Wilson Sayre, A3=Jessie Woodrow Wilson Sayre) final=\boxed{Jessie Woodrow Wilson Sayre}
[926/2417  38.3% elapsed=5m57s eta=9m35s] id=2hop__132929_684936 em=0 f1=0.00 tie=False err=False voters=(A1=British Aerospace (BAe) Dynamics, A2=MBDA, A3=MBDA) final=\boxed{MBDA}
[927/2417  38.4% elapsed=5m57s eta=9m34s] id=2hop__498251_126089 em=1 f1=1.00 tie=False err=False voters=(A1=Johan Remkes, A2=Johan Remkes, A3=Johan Remkes) final=\boxed{Johan Remkes}
[928/2417  38.4% elapsed=5m57s eta=9m33s] id=2hop__552607_126089 em=0 f1=0.00 tie=False err=False voters=(A1=North Holland provincial government, A2=North Holland provincial government, A3=North Holland provincial government) final=\boxed{North Holland provincial government}
[929/2417  38.4% elapsed=5m57s eta=9m33s] id=2hop__20256_74481 em=1 f1=1.00 tie=False err=False voters=(A1=Vito Corleone, A2=Vito Corleone, A3=Vito Corleone) final=\boxed{Vito Corleone}
[930/2417  38.5% elapsed=5m58s eta=9m33s] id=2hop__639445_567836 em=1 f1=1.00 tie=False err=False voters=(A1=Adams County, A2=Adams County, A3=Adams County) final=\boxed{Adams County}
[931/2417  38.5% elapsed=5m58s eta=9m32s] id=2hop__25797_25855 em=1 f1=1.00 tie=False err=False voters=(A1=PowerShare, A2=PowerShare, A3=PowerShare) final=\boxed{PowerShare}
[932/2417  38.6% elapsed=5m59s eta=9m32s] id=2hop__25788_25855 em=1 f1=1.00 tie=False err=False voters=(A1=PowerShare, A2=PowerShare, A3=PowerShare) final=\boxed{PowerShare}
[933/2417  38.6% elapsed=5m59s eta=9m31s] id=2hop__73760_712629 em=0 f1=0.29 tie=False err=False voters=(A1=Prince Philip, Duke of Edinburgh, A2=Prince Philip, Duke of Edinburgh, A3=Prince Philip, Duke of Edinburgh) final=\boxed{Prince Philip, Duke of Edinburgh}
[934/2417  38.6% elapsed=5m59s eta=9m31s] id=2hop__538412_126089 em=1 f1=1.00 tie=False err=False voters=(A1=Johan Remkes, A2=Johan Remkes, A3=Johan Remkes) final=\boxed{Johan Remkes}
[935/2417  38.7% elapsed=6m00s eta=9m31s] id=2hop__731956_126089 em=1 f1=1.00 tie=False err=False voters=(A1=Johan Remkes, A2=The King's Commissioner of North Holland, A3=Johan Remkes) final=\boxed{Johan Remkes}
[936/2417  38.7% elapsed=6m01s eta=9m31s] id=2hop__135336_461854 em=0 f1=0.00 tie=False err=False voters=(A1=Herbert Leigh Holman, A2=Herbert Leigh Holman, A3=Herbert Leigh Holman) final=\boxed{Herbert Leigh Holman}
[937/2417  38.8% elapsed=6m01s eta=9m30s] id=2hop__63214_319330 em=1 f1=1.00 tie=False err=False voters=(A1=Jessie Woodrow Wilson Sayre, A2=Jessie Woodrow Wilson Sayre, A3=Jessie Woodrow Wilson Sayre) final=\boxed{Jessie Woodrow Wilson Sayre}
[938/2417  38.8% elapsed=6m02s eta=9m30s] id=2hop__711946_269414 em=0 f1=0.00 tie=False err=False voters=(A1=Cold Crush Records, A2=Cold Crush Records, A3=Cold Crush Records) final=\boxed{Cold Crush Records}
[939/2417  38.8% elapsed=6m03s eta=9m32s] id=2hop__25788_990 em=1 f1=1.00 tie=False err=False voters=(A1=third generation, A2=third generation, A3=third generation) final=\boxed{third generation}
[940/2417  38.9% elapsed=6m03s eta=9m31s] id=2hop__20268_42014 em=1 f1=1.00 tie=False err=False voters=(A1=2, A2=2, A3=2) final=\boxed{2}
[941/2417  38.9% elapsed=6m03s eta=9m30s] id=2hop__363216_787353 em=0 f1=0.33 tie=False err=False voters=(A1=Ramstein Air Base, Germany, A2=Ramstein Air Base, A3=Ramstein Air Base, Germany) final=\boxed{Ramstein Air Base, Germany}
[942/2417  39.0% elapsed=6m04s eta=9m30s] id=2hop__797443_120537 em=0 f1=0.50 tie=False err=False voters=(A1=2003, A2=1999, A3=1999) final=\boxed{1999}
[943/2417  39.0% elapsed=6m05s eta=9m30s] id=2hop__466700_214359 em=0 f1=0.57 tie=False err=False voters=(A1=Aaron Benward and Scott Reeves, A2=Aaron Benward and Scott Reeves, A3=Aaron Benward and Scott Reeves) final=\boxed{Aaron Benward and Scott Reeves}
[944/2417  39.1% elapsed=6m05s eta=9m29s] id=2hop__276637_126089 em=0 f1=0.00 tie=False err=False voters=(A1=North Holland provincial government, A2=North Holland, A3=North Holland) final=\boxed{North Holland}
[945/2417  39.1% elapsed=6m05s eta=9m29s] id=2hop__446324_620302 em=1 f1=1.00 tie=False err=False voters=(A1=University of Toronto, A2=University of Toronto, A3=University of Toronto) final=\boxed{University of Toronto}
[946/2417  39.1% elapsed=6m05s eta=9m28s] id=2hop__804417_126089 em=0 f1=0.00 tie=False err=False voters=(A1=Norwegian government, A2=Diocese of Bjørgvin, A3=Norwegian government) final=\boxed{Norwegian government}
[947/2417  39.2% elapsed=6m05s eta=9m27s] id=2hop__20685_712629 em=0 f1=0.50 tie=False err=False voters=(A1=Prince Philip Mountbatten, Duke of Edinb, A2=Prince Philip Mountbatten, Duke of Edinb, A3=Prince Philip Mountbatten, Duke of Edinb) final=\boxed{Prince Philip Mountbatten, Duke of Edinburgh}
[948/2417  39.2% elapsed=6m06s eta=9m27s] id=2hop__731584_700117 em=0 f1=0.33 tie=False err=False voters=(A1=Lewis and Clark County, A2=Lewis and Clark County, A3=Lewis and Clark County) final=\boxed{Lewis and Clark County}
[949/2417  39.3% elapsed=6m06s eta=9m26s] id=2hop__25797_25839 em=0 f1=0.00 tie=False err=False voters=(A1=500 mA, A2=500 mA, A3=500 mA) final=\boxed{500 mA}
[950/2417  39.3% elapsed=6m06s eta=9m25s] id=2hop__78766_461854 em=0 f1=0.80 tie=False err=False voters=(A1=Sir Laurence Olivier, A2=Sir Laurence Olivier, A3=Sir Laurence Olivier) final=\boxed{Sir Laurence Olivier}
[951/2417  39.3% elapsed=6m06s eta=9m25s] id=2hop__63002_461854 em=0 f1=0.00 tie=False err=False voters=(A1=Rhett Butler, A2=Rhett Butler, A3=Rhett Butler) final=\boxed{Rhett Butler}
[952/2417  39.4% elapsed=6m08s eta=9m26s] id=2hop__80834_21969 em=0 f1=0.00 tie=False err=False voters=(A1=1788-1795, A2=1788-1795, A3=1788-1795) final=\boxed{1788-1795}
[953/2417  39.4% elapsed=6m08s eta=9m25s] id=2hop__75714_148696 em=0 f1=0.00 tie=False err=False voters=(A1=Warren Hastings, A2=Warren Hastings, A3=Warren Hastings) final=\boxed{Warren Hastings}
[954/2417  39.5% elapsed=6m08s eta=9m24s] id=2hop__84847_148696 em=0 f1=0.00 tie=False err=False voters=(A1=Warren Hastings, A2=Governor-General of India, A3=Warren Hastings) final=\boxed{Warren Hastings}
[955/2417  39.5% elapsed=6m08s eta=9m24s] id=2hop__25797_990 em=1 f1=1.00 tie=False err=False voters=(A1=third generation, A2=third generation, A3=third generation) final=\boxed{third generation}
[956/2417  39.6% elapsed=6m08s eta=9m23s] id=2hop__463884_807572 em=0 f1=0.00 tie=True err=False voters=(A1=Windham County, A2=Not specified, A3=Windham) final=\boxed{Windham}
[957/2417  39.6% elapsed=6m08s eta=9m22s] id=2hop__84847_21969 em=0 f1=0.00 tie=False err=False voters=(A1=1788-1795, A2=1788-1795, A3=1788-1795) final=\boxed{1788-1795}
[958/2417  39.6% elapsed=6m08s eta=9m21s] id=2hop__729651_631003 em=0 f1=0.00 tie=False err=False voters=(A1=None, A2=Unknown, A3=Unknown) final=\boxed{Unknown}
[959/2417  39.7% elapsed=6m09s eta=9m21s] id=2hop__78873_461854 em=0 f1=0.00 tie=False err=False voters=(A1=Vivien Leigh, A2=Vivien Leigh, A3=Vivien Leigh) final=\boxed{Vivien Leigh}
[960/2417  39.7% elapsed=6m09s eta=9m20s] id=2hop__84937_148696 em=1 f1=1.00 tie=False err=False voters=(A1=Governor-General of India, A2=Governor-General of India, A3=Governor-General of India) final=\boxed{Governor-General of India}
[961/2417  39.8% elapsed=6m09s eta=9m19s] id=2hop__725233_150107 em=1 f1=1.00 tie=False err=False voters=(A1=Association for Computing Machinery, A2=Association for Computing Machinery, A3=Association for Computing Machinery) final=\boxed{Association for Computing Machinery}
[962/2417  39.8% elapsed=6m10s eta=9m20s] id=2hop__788087_150107 em=1 f1=1.00 tie=False err=False voters=(A1=Association for Computing Machinery, A2=Association for Computing Machinery, A3=Association for Computing Machinery) final=\boxed{Association for Computing Machinery}
[963/2417  39.8% elapsed=6m11s eta=9m20s] id=2hop__25788_25839 em=0 f1=0.00 tie=False err=False voters=(A1=500 mA, A2=500 mA, A3=500 mA) final=\boxed{500 mA}
[964/2417  39.9% elapsed=6m11s eta=9m19s] id=2hop__998_25855 em=1 f1=1.00 tie=False err=False voters=(A1=PowerShare, A2=sleep-and-charge, A3=PowerShare) final=\boxed{PowerShare}
[965/2417  39.9% elapsed=6m11s eta=9m19s] id=2hop__200391_44187 em=0 f1=0.67 tie=False err=False voters=(A1=Wilson, A2=Wilson, A3=Wilson) final=\boxed{Wilson}
[966/2417  40.0% elapsed=6m12s eta=9m18s] id=2hop__998_25839 em=0 f1=0.00 tie=False err=False voters=(A1=500 mA, A2=500 mA, A3=500 mA) final=\boxed{500 mA}
[967/2417  40.0% elapsed=6m13s eta=9m19s] id=2hop__723101_150107 em=0 f1=0.89 tie=False err=False voters=(A1=Association for Computing Machinery (ACM, A2=Association for Computing Machinery (ACM, A3=Association for Computing Machinery (ACM) final=\boxed{Association for Computing Machinery (ACM)}
[968/2417  40.0% elapsed=6m13s eta=9m18s] id=2hop__280583_229757 em=0 f1=0.00 tie=False err=False voters=(A1=Unknown, A2=Unknown, A3=Ty Treadway) final=\boxed{Unknown}
[969/2417  40.1% elapsed=6m14s eta=9m19s] id=2hop__80834_148696 em=0 f1=0.28 tie=True err=False voters=(A1=Warren Hastings was the first Viceroy of, A2=Warren Hastings, A3=Warren Hastings was the first Governor-G) final=\boxed{Warren Hastings was the first Governor-General of Ind
[970/2417  40.1% elapsed=6m14s eta=9m18s] id=2hop__852122_150107 em=1 f1=1.00 tie=False err=False voters=(A1=Association for Computing Machinery, A2=Association for Computing Machinery, A3=Association for Computing Machinery) final=\boxed{Association for Computing Machinery}
[971/2417  40.2% elapsed=6m14s eta=9m17s] id=2hop__75714_21969 em=0 f1=0.00 tie=False err=False voters=(A1=1788, A2=1788, A3=1788) final=\boxed{1788}
[972/2417  40.2% elapsed=6m15s eta=9m17s] id=2hop__510647_507085 em=1 f1=1.00 tie=False err=False voters=(A1=John Crockett, A2=John Crockett, A3=John Crockett) final=\boxed{John Crockett}
[973/2417  40.3% elapsed=6m16s eta=9m18s] id=2hop__57638_90991 em=0 f1=0.00 tie=False err=False voters=(A1=Wilt Chamberlain, A2=No player was picked over Wilt Chamberla, A3=No player was picked over Wilt Chamberla) final=\boxed{No player was picked over Wilt Chamberlain in the dra
[974/2417  40.3% elapsed=6m16s eta=9m17s] id=2hop__66167_615257 em=0 f1=0.00 tie=False err=False voters=(A1=Philadelphia Warriors, A2=Philadelphia Warriors, A3=Philadelphia Warriors) final=\boxed{Philadelphia Warriors}
[975/2417  40.3% elapsed=6m16s eta=9m16s] id=2hop__57638_72467 em=0 f1=0.00 tie=False err=False voters=(A1=Philadelphia Warriors, A2=Philadelphia Warriors, A3=Philadelphia Warriors) final=\boxed{Philadelphia Warriors}
[976/2417  40.4% elapsed=6m16s eta=9m15s] id=2hop__589264_150107 em=0 f1=0.89 tie=False err=False voters=(A1=Association for Computing Machinery (ACM, A2=Association for Computing Machinery (ACM, A3=Association for Computing Machinery) final=\boxed{Association for Computing Machinery (ACM)}
[977/2417  40.4% elapsed=6m17s eta=9m15s] id=2hop__196348_150107 em=1 f1=1.00 tie=False err=False voters=(A1=Association for Computing Machinery, A2=Association for Computing Machinery, A3=Association for Computing Machinery) final=\boxed{Association for Computing Machinery}
[978/2417  40.5% elapsed=6m17s eta=9m14s] id=2hop__84937_21969 em=0 f1=0.00 tie=False err=False voters=(A1=1788–1795, A2=1788–1795, A3=1788–1795) final=\boxed{1788–1795}
[979/2417  40.5% elapsed=6m17s eta=9m14s] id=2hop__57638_615257 em=0 f1=0.00 tie=False err=False voters=(A1=Philadelphia 76ers, A2=Philadelphia 76ers, A3=Philadelphia 76ers) final=\boxed{Philadelphia 76ers}
[980/2417  40.5% elapsed=6m17s eta=9m13s] id=2hop__66167_88526 em=1 f1=1.00 tie=False err=False voters=(A1=Greg Oden, A2=Greg Oden, A3=Greg Oden) final=\boxed{Greg Oden}
[981/2417  40.6% elapsed=6m19s eta=9m14s] id=2hop__802991_443552 em=0 f1=0.00 tie=False err=False voters=(A1=Fort Deposit, A2=Fort Deposit, A3=Fort Deposit) final=\boxed{Fort Deposit}
[982/2417  40.6% elapsed=6m19s eta=9m14s] id=2hop__10900_21567 em=1 f1=1.00 tie=False err=False voters=(A1=John Kukuzelis, A2=John Kukuzelis, A3=John Kukuzelis) final=\boxed{John Kukuzelis}
[983/2417  40.7% elapsed=6m20s eta=9m14s] id=2hop__66167_72467 em=0 f1=0.00 tie=False err=False voters=(A1=Boston Celtics, A2=Boston Celtics, A3=Boston Celtics) final=\boxed{Boston Celtics}
[984/2417  40.7% elapsed=6m20s eta=9m13s] id=2hop__66167_90991 em=0 f1=0.00 tie=False err=False voters=(A1=Wilt Chamberlain, A2=Cazzie Russell, A3=Wilt Chamberlain) final=\boxed{Wilt Chamberlain}
[985/2417  40.8% elapsed=6m20s eta=9m13s] id=2hop__57638_88526 em=0 f1=0.00 tie=False err=False voters=(A1=Cannot determine from provided paragraph, A2=Cannot determine from provided paragraph, A3=Cannot determine from provided paragraph) final=\boxed{Cannot determine from provided paragraphs}
[986/2417  40.8% elapsed=6m22s eta=9m15s] id=2hop__496792_392646 em=0 f1=0.00 tie=False err=False voters=(A1=a royalist army, A2=soldier, A3=a royalist army) final=\boxed{a royalist army}
[987/2417  40.8% elapsed=6m22s eta=9m14s] id=2hop__157602_21567 em=1 f1=1.00 tie=False err=False voters=(A1=John Kukuzelis, A2=John Kukuzelis, A3=John Kukuzelis) final=\boxed{John Kukuzelis}
[988/2417  40.9% elapsed=6m23s eta=9m15s] id=2hop__71336_604644 em=1 f1=1.00 tie=False err=False voters=(A1=429 Records, A2=429 Records, A3=429 Records) final=\boxed{429 Records}
[989/2417  40.9% elapsed=6m23s eta=9m14s] id=2hop__24697_578772 em=0 f1=0.00 tie=False err=False voters=(A1=Tang dynasty, A2=Tang dynasty, A3=Tang dynasty) final=\boxed{Tang dynasty}
[990/2417  41.0% elapsed=6m23s eta=9m13s] id=2hop__24976_25002 em=0 f1=0.50 tie=False err=False voters=(A1=10 years, A2=10 years, A3=10 years) final=\boxed{10 years}
[991/2417  41.0% elapsed=6m24s eta=9m12s] id=2hop__123214_22402 em=0 f1=0.00 tie=False err=False voters=(A1=25000, A2=25000, A3=25000) final=\boxed{25000}
[992/2417  41.0% elapsed=6m24s eta=9m11s] id=2hop__5658_25002 em=0 f1=0.50 tie=False err=False voters=(A1=3 weeks, A2=10 years, A3=10 years) final=\boxed{10 years}
[993/2417  41.1% elapsed=6m25s eta=9m12s] id=2hop__805610_392181 em=0 f1=0.27 tie=False err=False voters=(A1=The director of 'A Stitch for Time' was , A2=No specific award is mentioned for the d, A3=No specific award is mentioned for the d) final=\boxed{No specific award is mentioned for the director of 'A
[994/2417  41.1% elapsed=6m26s eta=9m12s] id=2hop__9930_21567 em=1 f1=1.00 tie=False err=False voters=(A1=John Kukuzelis, A2=John Kukuzelis, A3=John Kukuzelis) final=\boxed{John Kukuzelis}
[995/2417  41.2% elapsed=6m26s eta=9m11s] id=2hop__739909_807845 em=1 f1=1.00 tie=False err=False voters=(A1=Digital First Media, A2=Digital First Media, A3=Digital First Media) final=\boxed{Digital First Media}
[996/2417  41.2% elapsed=6m26s eta=9m11s] id=2hop__24976_161105 em=1 f1=1.00 tie=False err=False voters=(A1=72, A2=72, A3=72) final=\boxed{72}
[997/2417  41.2% elapsed=6m26s eta=9m10s] id=2hop__17455_21567 em=1 f1=1.00 tie=False err=False voters=(A1=John Kukuzelis, A2=John Kukuzelis, A3=John Kukuzelis) final=\boxed{John Kukuzelis}
[998/2417  41.3% elapsed=6m26s eta=9m10s] id=2hop__50087_807969 em=0 f1=0.00 tie=False err=False voters=(A1=Liverpool, A2=Liverpool, A3=Liverpool) final=\boxed{Liverpool}
[999/2417  41.3% elapsed=6m27s eta=9m09s] id=2hop__161151_50883 em=0 f1=0.67 tie=False err=False voters=(A1=fourth section, A2=fourth section, A3=fourth section) final=\boxed{fourth section}
[1000/2417  41.4% elapsed=6m27s eta=9m08s] id=2hop__632870_22402 em=0 f1=0.00 tie=False err=False voters=(A1=Unknown, A2=Unknown, A3=Unknown) final=\boxed{Unknown}
[1001/2417  41.4% elapsed=6m27s eta=9m07s] id=2hop__24697_634490 em=0 f1=0.00 tie=False err=False voters=(A1=Unknown, A2=Unknown, A3=Unknown) final=\boxed{Unknown}
[1002/2417  41.5% elapsed=6m27s eta=9m07s] id=2hop__152229_604644 em=1 f1=1.00 tie=False err=False voters=(A1=429 Records, A2=429 Records, A3=429 Records) final=\boxed{429 Records}
[1003/2417  41.5% elapsed=6m27s eta=9m06s] id=2hop__71165_807969 em=0 f1=0.00 tie=False err=False voters=(A1=Roma and Liverpool, A2=Roma and Liverpool, A3=Roma and Liverpool) final=\boxed{Roma and Liverpool}
[1004/2417  41.5% elapsed=6m27s eta=9m05s] id=2hop__445963_6095 em=1 f1=1.00 tie=False err=False voters=(A1=1792, A3=1792) final=\boxed{1792}
[1005/2417  41.6% elapsed=6m27s eta=9m04s] id=2hop__161872_21567 em=1 f1=1.00 tie=False err=False voters=(A1=14th century, A2=John Kukuzelis, A3=John Kukuzelis) final=\boxed{John Kukuzelis}
[1006/2417  41.6% elapsed=6m27s eta=9m03s] id=2hop__70490_21567 em=1 f1=1.00 tie=False err=False voters=(A1=John Kukuzelis, A2=John Kukuzelis, A3=John Kukuzelis) final=\boxed{John Kukuzelis}
[1007/2417  41.7% elapsed=6m28s eta=9m03s] id=2hop__445963_6063 em=0 f1=0.00 tie=False err=False voters=(A1=4255, A2=4255, A3=4255) final=\boxed{4255}
[1008/2417  41.7% elapsed=6m28s eta=9m02s] id=2hop__502473_634689 em=1 f1=1.00 tie=False err=False voters=(A1=Malko Tarnovo Municipality, A2=Malko Tarnovo Municipality, A3=Malko Tarnovo Municipality) final=\boxed{Malko Tarnovo Municipality}
[1009/2417  41.7% elapsed=6m28s eta=9m01s] id=2hop__24973_5674 em=0 f1=0.67 tie=False err=False voters=(A1=President Yeltsin, A2=Yeltsin, A3=President Yeltsin) final=\boxed{President Yeltsin}
[1010/2417  41.8% elapsed=6m28s eta=9m01s] id=2hop__10515_21567 em=1 f1=1.00 tie=False err=False voters=(A1=John Kukuzelis, A2=John Kukuzelis, A3=John Kukuzelis) final=\boxed{John Kukuzelis}
[1011/2417  41.8% elapsed=6m29s eta=9m00s] id=2hop__341176_711757 em=1 f1=1.00 tie=False err=False voters=(A1=Gmina Ryki, A2=Gmina Ryki, A3=Gmina Ryki) final=\boxed{Gmina Ryki}
[1012/2417  41.9% elapsed=6m29s eta=9m00s] id=2hop__161151_42429 em=1 f1=1.00 tie=False err=False voters=(A1=1763, A2=10 February 1763, A3=10 February 1763) final=\boxed{10 February 1763}
[1013/2417  41.9% elapsed=6m29s eta=8m59s] id=2hop__283298_22402 em=0 f1=0.00 tie=False err=False voters=(A1=The number of students attending the uni, A2=25000, A3=25000) final=\boxed{25000}
[1014/2417  42.0% elapsed=6m29s eta=8m58s] id=2hop__8496_21567 em=1 f1=1.00 tie=False err=False voters=(A1=John Kukuzelis, A2=John Kukuzelis, A3=John Kukuzelis) final=\boxed{John Kukuzelis}
[1015/2417  42.0% elapsed=6m29s eta=8m57s] id=2hop__810884_22402 em=0 f1=0.67 tie=False err=False voters=(A1=University of Edinburgh, A2=University of Edinburgh, A3=The exact number of students at the Univ) final=\boxed{University of Edinburgh}
[1016/2417  42.0% elapsed=6m29s eta=8m57s] id=2hop__56307_604644 em=0 f1=0.00 tie=False err=False voters=(A1=Unknown, A2=Unknown, A3=Unknown) final=\boxed{Unknown}
[1017/2417  42.1% elapsed=6m29s eta=8m56s] id=2hop__83938_5666 em=0 f1=0.67 tie=False err=False voters=(A1=Boris Yeltsin, A2=Boris Yeltsin, A3=Boris Yeltsin) final=\boxed{Boris Yeltsin}
[1018/2417  42.1% elapsed=6m30s eta=8m55s] id=2hop__59612_42429 em=1 f1=1.00 tie=False err=False voters=(A1=10 February 1763, A2=10 February 1763, A3=10 February 1763) final=\boxed{10 February 1763}
[1019/2417  42.2% elapsed=6m30s eta=8m55s] id=2hop__59612_50883 em=0 f1=0.67 tie=False err=False voters=(A1=fourth section, A2=fourth section, A3=fourth section) final=\boxed{fourth section}
[1020/2417  42.2% elapsed=6m30s eta=8m55s] id=2hop__474885_22402 em=0 f1=0.00 tie=False err=False voters=(A1=25000, A2=25000, A3=25000) final=\boxed{25000}
[1021/2417  42.2% elapsed=6m31s eta=8m54s] id=2hop__48776_807969 em=0 f1=0.00 tie=False err=False voters=(A1=Liverpool, A2=Liverpool, A3=Liverpool) final=\boxed{Liverpool}
[1022/2417  42.3% elapsed=6m31s eta=8m54s] id=2hop__650138_22402 em=0 f1=0.00 tie=False err=False voters=(A1=The answer cannot be determined from the, A2=Cannot determine, A3=Cannot determine) final=\boxed{Cannot determine}
[1023/2417  42.3% elapsed=6m32s eta=8m54s] id=2hop__445963_6098 em=0 f1=0.00 tie=True err=False voters=(A1=800, A3=The answer cannot be determined from the) final=\boxed{The answer cannot be determined from the given inform
[1024/2417  42.4% elapsed=6m32s eta=8m53s] id=2hop__73921_807969 em=1 f1=1.00 tie=False err=False voters=(A1=Egypt national football team, A2=Egypt national football team, A3=Egypt national football team) final=\boxed{Egypt national football team}
[1025/2417  42.4% elapsed=6m33s eta=8m54s] id=2hop__5658_161105 em=1 f1=1.00 tie=False err=False voters=(A1=72, A2=72, A3=72) final=\boxed{72}
[1026/2417  42.4% elapsed=6m33s eta=8m53s] id=2hop__259267_22402 em=0 f1=0.00 tie=False err=False voters=(A1=Unknown, A2=Unknown, A3=25,000) final=\boxed{Unknown}
[1027/2417  42.5% elapsed=6m34s eta=8m53s] id=2hop__510860_22402 em=0 f1=0.00 tie=False err=False voters=(A1=25,000, A2=25000, A3=25000) final=\boxed{25000}
[1028/2417  42.5% elapsed=6m34s eta=8m52s] id=2hop__88149_807969 em=0 f1=0.00 tie=False err=False voters=(A1=Blackburn Rovers, A2=Blackburn Rovers, A3=Blackburn Rovers) final=\boxed{Blackburn Rovers}
[1029/2417  42.6% elapsed=6m34s eta=8m52s] id=2hop__17827_54024 em=0 f1=0.75 tie=False err=False voters=(A1=King James I, A2=James I, A3=King James I) final=\boxed{King James I}
[1030/2417  42.6% elapsed=6m35s eta=8m51s] id=2hop__24648_192417 em=0 f1=0.40 tie=False err=False voters=(A1=National Football League (NFL), A2=NFL, A3=National Football League (NFL)) final=\boxed{National Football League (NFL)}
[1031/2417  42.7% elapsed=6m35s eta=8m51s] id=2hop__500379_126537 em=1 f1=1.00 tie=False err=False voters=(A1=1986, A2=1986, A3=1986) final=\boxed{1986}
[1032/2417  42.7% elapsed=6m36s eta=8m51s] id=2hop__93145_54024 em=0 f1=0.57 tie=False err=False voters=(A1=James I, A2=James I, A3=James I) final=\boxed{James I}
[1033/2417  42.7% elapsed=6m36s eta=8m51s] id=2hop__85596_807969 em=0 f1=0.00 tie=False err=False voters=(A1=Liverpool, A2=Newcastle United, A3=Liverpool) final=\boxed{Liverpool}
[1034/2417  42.8% elapsed=6m37s eta=8m50s] id=2hop__65576_80026 em=1 f1=1.00 tie=False err=False voters=(A1=Julie Dawn Cole, A2=Julie Dawn Cole, A3=Julie Dawn Cole) final=\boxed{Julie Dawn Cole}
[1035/2417  42.8% elapsed=6m37s eta=8m50s] id=2hop__61752_54024 em=1 f1=1.00 tie=False err=False voters=(A1=King James I of England, A2=King James I of England, A3=King James I of England) final=\boxed{King James I of England}
[1036/2417  42.9% elapsed=6m38s eta=8m50s] id=2hop__364489_861485 em=0 f1=0.33 tie=False err=False voters=(A1=Saint Paul, Minnesota, A2=Saint Paul, Minnesota, A3=Saint Paul, Minnesota) final=\boxed{Saint Paul, Minnesota}
[1037/2417  42.9% elapsed=6m38s eta=8m50s] id=2hop__504464_708278 em=0 f1=0.33 tie=False err=False voters=(A1=Morgan Stanley Capital Partners, A2=Morgan Stanley Capital Partners, A3=Morgan Stanley Capital Partners) final=\boxed{Morgan Stanley Capital Partners}
[1038/2417  42.9% elapsed=6m39s eta=8m51s] id=2hop__449673_91104 em=0 f1=0.00 tie=False err=False voters=(A1=Resourcesat-1, A2=Resourcesat-1, A3=Resourcesat-1) final=\boxed{Resourcesat-1}
[1039/2417  43.0% elapsed=6m42s eta=8m53s] id=2hop__45126_807969 em=0 f1=0.10 tie=False err=False voters=(A1=The information provided does not specif, A2=The information provided does not specif, A3=The information provided does not specif) final=\boxed{The information provided does not specify the current
[1040/2417  43.0% elapsed=6m42s eta=8m52s] id=2hop__95794_55227 em=0 f1=0.00 tie=False err=False voters=(A1=Gloria, A2=Gloria, A3=Gloria) final=\boxed{Gloria}
[1041/2417  43.1% elapsed=6m43s eta=8m53s] id=2hop__83785_461854 em=0 f1=0.00 tie=False err=False voters=(A1=Rhett Butler, A2=Rhett Butler, A3=Rhett Butler) final=\boxed{Rhett Butler}
[1042/2417  43.1% elapsed=6m44s eta=8m53s] id=2hop__398344_439882 em=1 f1=1.00 tie=False err=False voters=(A1=Rebecca Sugar, A2=Rebecca Sugar, A3=Rebecca Sugar) final=\boxed{Rebecca Sugar}
[1043/2417  43.2% elapsed=6m44s eta=8m52s] id=2hop__59274_461854 em=1 f1=1.00 tie=False err=False voters=(A1=Laurence Olivier, A2=Laurence Olivier, A3=Laurence Olivier) final=\boxed{Laurence Olivier}
[1044/2417  43.2% elapsed=6m44s eta=8m52s] id=2hop__156700_63853 em=0 f1=0.50 tie=False err=False voters=(A1=Thaba Putsoa in the Maloti Mountains, Le, A2=Thaba Putsoa in the Maloti Mountains, Le, A3=Thaba Putsoa in the Maloti Mountains, Le) final=\boxed{Thaba Putsoa in the Maloti Mountains, Lesotho}
[1045/2417  43.2% elapsed=6m45s eta=8m51s] id=2hop__593866_80026 em=0 f1=0.00 tie=False err=False voters=(A1=Veruca Salt, A2=Veruca Salt, A3=Veruca Salt) final=\boxed{Veruca Salt}
[1046/2417  43.3% elapsed=6m45s eta=8m51s] id=2hop__46213_494136 em=0 f1=0.00 tie=False err=False voters=(A1=Rachael Harris, A2=Rachael Harris, A3=Priscilla Shirer) final=\boxed{Rachael Harris}
[1047/2417  43.3% elapsed=6m46s eta=8m51s] id=2hop__89403_602275 em=0 f1=0.40 tie=False err=False voters=(A1=Evelyn Einstein, A2=Evelyn Einstein, A3=Evelyn Einstein) final=\boxed{Evelyn Einstein}
[1048/2417  43.4% elapsed=6m46s eta=8m50s] id=2hop__36269_73244 em=0 f1=0.00 tie=True err=False voters=(A1=Orange River, A2=Etjo mountains, A3=Maloti Mountains (Drakensberg), Lesotho) final=\boxed{Maloti Mountains (Drakensberg), Lesotho}
[1049/2417  43.4% elapsed=6m46s eta=8m50s] id=2hop__864201_80026 em=1 f1=1.00 tie=False err=False voters=(A1=Julie Dawn Cole, A2=Julie Dawn Cole, A3=Julie Dawn Cole) final=\boxed{Julie Dawn Cole}
[1050/2417  43.4% elapsed=6m46s eta=8m49s] id=2hop__622637_120171 em=1 f1=1.00 tie=False err=False voters=(A1=1986, A2=1986, A3=1986) final=\boxed{1986}
[1051/2417  43.5% elapsed=6m46s eta=8m48s] id=2hop__20433_157939 em=0 f1=0.00 tie=False err=False voters=(A1=1928, A3=1928) final=\boxed{1928}
[1052/2417  43.5% elapsed=6m47s eta=8m48s] id=2hop__170823_120171 em=1 f1=1.00 tie=True err=False voters=(A1=1984, A3=1986) final=\boxed{1986}
[1053/2417  43.6% elapsed=6m47s eta=8m47s] id=2hop__51760_602275 em=0 f1=0.40 tie=False err=False voters=(A1=Evelyn Einstein, A2=Evelyn Einstein, A3=Evelyn Einstein) final=\boxed{Evelyn Einstein}
[1054/2417  43.6% elapsed=6m47s eta=8m46s] id=2hop__516918_126537 em=1 f1=1.00 tie=False err=False voters=(A1=1986, A2=1986, A3=1986) final=\boxed{1986}
[1055/2417  43.6% elapsed=6m47s eta=8m46s] id=2hop__785711_73244 em=0 f1=0.80 tie=False err=False voters=(A1=Thaba Putsoa, Lesotho, A2=Thaba Putsoa, Lesotho, A3=Thaba Putsoa, Lesotho) final=\boxed{Thaba Putsoa, Lesotho}
[1056/2417  43.7% elapsed=6m47s eta=8m45s] id=2hop__537404_55227 em=0 f1=0.00 tie=False err=False voters=(A1=Sally, A2=Sally, A3=Sally) final=\boxed{Sally}
[1057/2417  43.7% elapsed=6m47s eta=8m44s] id=2hop__151455_120171 em=1 f1=1.00 tie=False err=False voters=(A1=1986, A2=1986, A3=1986) final=\boxed{1986}
[1058/2417  43.8% elapsed=6m48s eta=8m43s] id=2hop__785711_63853 em=0 f1=0.50 tie=False err=False voters=(A1=Thaba Putsoa in the Maloti Mountains, Le, A2=Thaba Putsoa in the Maloti Mountains, Le, A3=Thaba Putsoa in the Maloti Mountains, Le) final=\boxed{Thaba Putsoa in the Maloti Mountains, Lesotho}
[1059/2417  43.8% elapsed=6m48s eta=8m43s] id=2hop__217011_80026 em=1 f1=1.00 tie=False err=False voters=(A1=The performer of 'Victrola' is the band , A2=Julie Dawn Cole, A3=Julie Dawn Cole) final=\boxed{Julie Dawn Cole}
[1060/2417  43.9% elapsed=6m48s eta=8m42s] id=2hop__207597_63853 em=0 f1=0.50 tie=False err=False voters=(A1=Thaba Putsoa in the Maloti Mountains, Le, A2=Thaba Putsoa in the Maloti Mountains, Le, A3=Thaba Putsoa in the Maloti Mountains, Le) final=\boxed{Thaba Putsoa in the Maloti Mountains, Lesotho}
[1061/2417  43.9% elapsed=6m49s eta=8m42s] id=2hop__96096_78606 em=0 f1=0.00 tie=False err=False voters=(A1=Roxanne, A2=Roxanne, A3=Patricia) final=\boxed{Roxanne}
[1062/2417  43.9% elapsed=6m49s eta=8m42s] id=2hop__269659_722575 em=1 f1=1.00 tie=False err=False voters=(A1=Dow Jones & Company, A2=News Corp, A3=News Corp) final=\boxed{News Corp}
[1063/2417  44.0% elapsed=6m49s eta=8m41s] id=2hop__156700_73244 em=0 f1=0.00 tie=True err=False voters=(A1=Perm Krai, near the border with Kirov Ob, A2=Thaba Putsoa in the Maloti Mountains, Le, A3=Maloti Mountains (Drakensberg) in Lesoth) final=\boxed{Maloti Mountains (Drakensberg) in Lesotho}
[1064/2417  44.0% elapsed=6m49s eta=8m40s] id=2hop__36269_63853 em=0 f1=0.50 tie=False err=False voters=(A1=Thaba Putsoa in the Maloti Mountains (Dr, A2=Thaba Putsoa in the Maloti Mountains (Dr, A3=Thaba Putsoa in the Maloti Mountains (Dr) final=\boxed{Thaba Putsoa in the Maloti Mountains (Drakensberg)}
[1065/2417  44.1% elapsed=6m49s eta=8m39s] id=2hop__247353_55227 em=1 f1=1.00 tie=False err=False voters=(A1=Salma Hayek, A2=Maria Bello, A3=Maria Bello) final=\boxed{Maria Bello}
[1066/2417  44.1% elapsed=6m50s eta=8m39s] id=2hop__89403_122023 em=0 f1=0.00 tie=False err=False voters=(A1=Luitpold Gymnasium, A2=Cannot determine, A3=Cannot determine) final=\boxed{Cannot determine}
[1067/2417  44.1% elapsed=6m50s eta=8m38s] id=2hop__713299_55227 em=0 f1=0.00 tie=False err=False voters=(A1=Salma Hayek, A2=Salma Hayek, A3=Salma Hayek) final=\boxed{Salma Hayek}
[1068/2417  44.2% elapsed=6m50s eta=8m38s] id=2hop__71871_494136 em=0 f1=0.00 tie=False err=False voters=(A1=Unknown, A2=Unknown, A3=Unknown) final=\boxed{Unknown}
[1069/2417  44.2% elapsed=6m51s eta=8m38s] id=2hop__223823_29905 em=0 f1=0.50 tie=False err=False voters=(A1=half, A2=half, A3=half) final=\boxed{half}
[1070/2417  44.3% elapsed=6m51s eta=8m38s] id=2hop__51760_122023 em=0 f1=0.40 tie=False err=False voters=(A1=Albert Einstein Gymnasium, A2=Albert Einstein Gymnasium, A3=Albert Einstein Gymnasium) final=\boxed{Albert Einstein Gymnasium}
[1071/2417  44.3% elapsed=6m51s eta=8m37s] id=2hop__161151_42352 em=0 f1=0.00 tie=False err=False voters=(A1=Unknown, A2=Unknown, A3=Not determinable) final=\boxed{Unknown}
[1072/2417  44.4% elapsed=6m51s eta=8m36s] id=2hop__543050_245420 em=1 f1=1.00 tie=False err=False voters=(A1=Citrus Heights, A2=Citrus Heights, A3=Citrus Heights) final=\boxed{Citrus Heights}
[1073/2417  44.4% elapsed=6m52s eta=8m36s] id=2hop__71294_494136 em=0 f1=0.00 tie=False err=False voters=(A1=Dr. Michael Milano, A2=Dr. Michael Milano, A3=Not explicitly stated) final=\boxed{Dr. Michael Milano}
[1074/2417  44.4% elapsed=6m52s eta=8m35s] id=2hop__44815_494136 em=0 f1=0.00 tie=False err=False voters=(A1=Unknown, A2=Unknown, A3=Unknown) final=\boxed{Unknown}
[1075/2417  44.5% elapsed=6m52s eta=8m34s] id=2hop__847760_80026 em=0 f1=0.00 tie=False err=False voters=(A1=Julie Dawn Cole, A2=Not specified in the provided informatio, A3=Not specified in the provided informatio) final=\boxed{Not specified in the provided information}
[1076/2417  44.5% elapsed=6m53s eta=8m35s] id=2hop__353836_80026 em=1 f1=1.00 tie=False err=False voters=(A1=Julie Dawn Cole, A2=Julie Dawn Cole, A3=Julie Dawn Cole) final=\boxed{Julie Dawn Cole}
[1077/2417  44.6% elapsed=6m53s eta=8m34s] id=2hop__40485_40502 em=1 f1=1.00 tie=False err=False voters=(A1=Dutch Republic, A2=2 million, A3=2 million) final=\boxed{2 million}
[1078/2417  44.6% elapsed=6m53s eta=8m33s] id=2hop__434218_29898 em=0 f1=0.67 tie=False err=False voters=(A1=CFJC-TV, A2=CFJC-TV, A3=CFJC-TV) final=\boxed{CFJC-TV}
[1079/2417  44.6% elapsed=6m54s eta=8m33s] id=2hop__207597_73244 em=0 f1=0.00 tie=True err=False voters=(A1=Thaba Putsoa in the Maloti Mountains, Le, A2=Thaba Putsoa, Maloti Mountains, Lesotho, A3=The origin of the Caledon River is not e) final=\boxed{The origin of the Caledon River is not explicitly sta
[1080/2417  44.7% elapsed=6m55s eta=8m33s] id=2hop__66843_494136 em=0 f1=0.00 tie=False err=False voters=(A1=无法确定, A2=Unknown, A3=Unknown) final=\boxed{Unknown}
[1081/2417  44.7% elapsed=6m55s eta=8m33s] id=2hop__511296_577502 em=0 f1=0.00 tie=False err=False voters=(A1=Ahmad Rashād, A2=Ahmad Rashād, A3=Ahmad Rashād) final=\boxed{Ahmad Rashād}
[1082/2417  44.8% elapsed=6m55s eta=8m33s] id=2hop__757497_78606 em=0 f1=0.00 tie=False err=False voters=(A1=Salma Hayek, A2=The wife of the actor who produced The C, A3=The wife of the actor who produced *The ) final=\boxed{The wife of the actor who produced *The Chosen One* i
[1083/2417  44.8% elapsed=6m56s eta=8m32s] id=2hop__144303_483189 em=1 f1=1.00 tie=False err=False voters=(A1=Greek mythology, A2=Greek mythology, A3=Greek mythology) final=\boxed{Greek mythology}
[1084/2417  44.8% elapsed=6m56s eta=8m32s] id=2hop__136214_483189 em=1 f1=1.00 tie=False err=False voters=(A1=Greek mythology, A2=Greek mythology, A3=Greek mythology) final=\boxed{Greek mythology}
[1085/2417  44.9% elapsed=6m57s eta=8m32s] id=2hop__803903_78606 em=0 f1=0.00 tie=False err=False voters=(A1=Jennifer Morrison, A2=Cannot determine, A3=Cannot determine) final=\boxed{Cannot determine}
[1086/2417  44.9% elapsed=6m57s eta=8m31s] id=2hop__32441_522949 em=0 f1=0.67 tie=False err=False voters=(A1=Edith Roosevelt (Derby) Williams, A2=Edith Roosevelt (Derby) Williams, A3=Edith Roosevelt (Derby) Williams) final=\boxed{Edith Roosevelt (Derby) Williams}
[1087/2417  45.0% elapsed=6m57s eta=8m31s] id=2hop__223823_29898 em=0 f1=0.40 tie=False err=False voters=(A1=CFJC, A2=CFJC, A3=CFJC-TV) final=\boxed{CFJC}
[1088/2417  45.0% elapsed=6m58s eta=8m30s] id=2hop__40485_40501 em=0 f1=0.00 tie=False err=False voters=(A1=75000, A2=75000, A3=75000) final=\boxed{75000}
[1089/2417  45.1% elapsed=6m58s eta=8m30s] id=2hop__104095_40501 em=0 f1=0.00 tie=False err=False voters=(A1=Unknown, A2=Unknown, A3=Unknown) final=\boxed{Unknown}
[1090/2417  45.1% elapsed=6m58s eta=8m29s] id=2hop__59612_42352 em=0 f1=0.00 tie=True err=False voters=(A1=across the grain, A3=Cannot determine the number of people in) final=\boxed{Cannot determine the number of people in British colo
[1091/2417  45.1% elapsed=6m59s eta=8m29s] id=2hop__104095_40502 em=0 f1=0.00 tie=False err=False voters=(A1=Unable to determine, A2=Unable to determine, A3=The population of Clara Peeters's countr) final=\boxed{Unable to determine}
[1092/2417  45.2% elapsed=6m59s eta=8m28s] id=2hop__487706_40502 em=1 f1=1.00 tie=False err=False voters=(A1=2 million, A2=2 million, A3=2 million) final=\boxed{2 million}
[1093/2417  45.2% elapsed=6m59s eta=8m28s] id=2hop__92385_2072 em=1 f1=1.00 tie=False err=False voters=(A1=Brooklyn Public Library, A2=Brooklyn Public Library, A3=Brooklyn Public Library) final=\boxed{Brooklyn Public Library}
[1094/2417  45.3% elapsed=6m59s eta=8m27s] id=2hop__32441_178460 em=0 f1=0.40 tie=False err=False voters=(A1=James I. Roosevelt, A2=James I. Roosevelt, A3=Moses Taft) final=\boxed{James I. Roosevelt}
[1095/2417  45.3% elapsed=7m00s eta=8m27s] id=2hop__771477_149987 em=0 f1=0.00 tie=False err=False voters=(A1=Epigoni, A2=Epigoni, A3=Greek mythology) final=\boxed{Epigoni}
[1096/2417  45.3% elapsed=7m01s eta=8m27s] id=2hop__487706_40501 em=0 f1=0.00 tie=True err=False voters=(A1=0, A3=Unknown) final=\boxed{Unknown}
[1097/2417  45.4% elapsed=7m02s eta=8m27s] id=2hop__32441_274635 em=0 f1=0.33 tie=False err=False voters=(A1=U.S. Army, A2=U.S. Army, A3=U.S. Army) final=\boxed{U.S. Army}
[1098/2417  45.4% elapsed=7m03s eta=8m28s] id=2hop__31326_31270 em=1 f1=1.00 tie=False err=False voters=(A1=45, A2=45, A3=45) final=\boxed{45}
[1099/2417  45.5% elapsed=7m03s eta=8m28s] id=2hop__787538_31270 em=1 f1=1.00 tie=False err=False voters=(A1=45, A2=45, A3=45) final=\boxed{45}
[1100/2417  45.5% elapsed=7m04s eta=8m27s] id=2hop__390055_82341 em=0 f1=0.50 tie=False err=False voters=(A1=Ocala, Florida, A2=Ocala, Florida, A3=Ocala, Florida) final=\boxed{Ocala, Florida}
[1101/2417  45.6% elapsed=7m04s eta=8m27s] id=2hop__524623_82341 em=0 f1=0.00 tie=False err=False voters=(A1=Ocala, Florida, A2=Ocala, A3=Ocala) final=\boxed{Ocala}
[1102/2417  45.6% elapsed=7m04s eta=8m26s] id=2hop__128608_82341 em=0 f1=0.67 tie=False err=False voters=(A1=Northern, A2=Northern, A3=Northern) final=\boxed{Northern}
[1103/2417  45.6% elapsed=7m04s eta=8m25s] id=2hop__58111_7298 em=0 f1=0.00 tie=False err=False voters=(A1=Josh Groban, A2=Josh Groban, A3=Josh Groban) final=\boxed{Josh Groban}
[1104/2417  45.7% elapsed=7m05s eta=8m25s] id=2hop__1667_40501 em=1 f1=1.00 tie=False err=False voters=(A1=75,000 to 100,000, A2=75,000 to 100,000, A3=75,000 to 100,000) final=\boxed{75,000 to 100,000}
[1105/2417  45.7% elapsed=7m05s eta=8m25s] id=2hop__704217_82341 em=0 f1=0.00 tie=False err=False voters=(A1=Ocala, Florida, A2=Ocala, A3=Ocala) final=\boxed{Ocala}
[1106/2417  45.8% elapsed=7m05s eta=8m24s] id=2hop__472083_7298 em=1 f1=1.00 tie=False err=False voters=(A1=Michael Bublé, A2=Michael Bublé, A3=Michael Bublé) final=\boxed{Michael Bublé}
[1107/2417  45.8% elapsed=7m06s eta=8m24s] id=2hop__595747_31270 em=1 f1=1.00 tie=False err=False voters=(A1=45, A3=45) final=\boxed{45}
[1108/2417  45.8% elapsed=7m06s eta=8m23s] id=2hop__144150_82341 em=1 f1=1.00 tie=False err=False voters=(A1=Ocala, Florida, A2=Northern Florida, A3=Northern Florida) final=\boxed{Northern Florida}
[1109/2417  45.9% elapsed=7m06s eta=8m22s] id=2hop__56806_7298 em=0 f1=0.00 tie=False err=False voters=(A1=Josh Groban, A2=Josh Groban, A3=Josh Groban) final=\boxed{Josh Groban}
[1110/2417  45.9% elapsed=7m06s eta=8m21s] id=2hop__316374_82341 em=1 f1=1.00 tie=False err=False voters=(A1=Ocala, Florida, A2=Northern Florida, A3=Northern Florida) final=\boxed{Northern Florida}
[1111/2417  46.0% elapsed=7m06s eta=8m21s] id=2hop__82051_7298 em=0 f1=0.00 tie=False err=False voters=(A1=Josh Groban, A2=Josh Groban, A3=Josh Groban) final=\boxed{Josh Groban}
[1112/2417  46.0% elapsed=7m06s eta=8m21s] id=2hop__286621_84856 em=0 f1=0.00 tie=False err=False voters=(A1=The information provided does not specif, A2=The information provided does not specif, A3=The information provided does not specif) final=\boxed{The information provided does not specify when a new 
[1113/2417  46.0% elapsed=7m07s eta=8m20s] id=2hop__144658_599630 em=0 f1=0.00 tie=False err=False voters=(A1=Zhejiang, A2=Wenzhou, A3=Wenzhou) final=\boxed{Wenzhou}
[1114/2417  46.1% elapsed=7m07s eta=8m20s] id=2hop__813461_31270 em=1 f1=1.00 tie=False err=False voters=(A1=Clarksville, Tennessee, A2=45, A3=45) final=\boxed{45}
[1115/2417  46.1% elapsed=7m07s eta=8m19s] id=2hop__476927_31270 em=0 f1=0.50 tie=False err=False voters=(A1=45 miles, A2=45 miles northwest, A3=45 miles northwest) final=\boxed{45 miles northwest}
[1116/2417  46.2% elapsed=7m07s eta=8m18s] id=2hop__1667_40502 em=0 f1=0.00 tie=True err=False voters=(A1=The population of New Amsterdam before t, A2=Not explicitly provided, A3=The population of the founder of New Ams) final=\boxed{The population of the founder of New Amsterdam before
[1117/2417  46.2% elapsed=7m09s eta=8m19s] id=2hop__133116_533882 em=0 f1=0.80 tie=False err=False voters=(A1=Martin Marietta Corporation, A2=Martin Marietta Corporation, A3=Martin Marietta Corporation) final=\boxed{Martin Marietta Corporation}
[1118/2417  46.3% elapsed=7m09s eta=8m18s] id=2hop__814671_82341 em=0 f1=0.50 tie=False err=False voters=(A1=Ocala, Florida, A2=Ocala, Florida, Northern Florida, A3=Ocala, Florida) final=\boxed{Ocala, Florida}
[1119/2417  46.3% elapsed=7m09s eta=8m18s] id=2hop__53147_7298 em=0 f1=0.00 tie=False err=False voters=(A1=Josh Groban, A2=Josh Groban, A3=Josh Groban) final=\boxed{Josh Groban}
[1120/2417  46.3% elapsed=7m09s eta=8m17s] id=2hop__444265_82341 em=0 f1=0.50 tie=False err=False voters=(A1=Ocala, Florida, A2=Ocala, Florida, A3=Ocala, Florida) final=\boxed{Ocala, Florida}
[1121/2417  46.4% elapsed=7m09s eta=8m16s] id=2hop__51261_87295 em=1 f1=1.00 tie=False err=False voters=(A1=Queen dowager Clarisse Renaldi, A2=Queen dowager Clarisse Renaldi, A3=Queen dowager Clarisse Renaldi) final=\boxed{Queen dowager Clarisse Renaldi}
[1122/2417  46.4% elapsed=7m09s eta=8m16s] id=2hop__10114_599630 em=0 f1=0.00 tie=False err=False voters=(A1=Wenzhou, A2=Wenzhou, A3=Wenzhou) final=\boxed{Wenzhou}
[1123/2417  46.5% elapsed=7m09s eta=8m15s] id=2hop__198650_84856 em=0 f1=0.33 tie=False err=False voters=(A1=20 February 2003, A2=20 February 2003, A3=20 February 2003) final=\boxed{20 February 2003}
[1124/2417  46.5% elapsed=7m09s eta=8m14s] id=2hop__70930_7298 em=0 f1=0.00 tie=False err=False voters=(A1=Josh Groban, A2=Josh Groban, A3=Josh Groban) final=\boxed{Josh Groban}
[1125/2417  46.5% elapsed=7m10s eta=8m14s] id=2hop__835710_7298 em=1 f1=1.00 tie=False err=False voters=(A1=Josh Groban, A2=Michael Bublé, A3=Michael Bublé) final=\boxed{Michael Bublé}
[1126/2417  46.6% elapsed=7m10s eta=8m13s] id=2hop__418360_67370 em=1 f1=1.00 tie=False err=False voters=(A1=February 20, 2018, A2=January 19, 2018, A3=January 19, 2018) final=\boxed{January 19, 2018}
[1127/2417  46.6% elapsed=7m11s eta=8m13s] id=2hop__434218_29905 em=0 f1=0.00 tie=False err=False voters=(A1=29, A3=29) final=\boxed{29}
[1128/2417  46.7% elapsed=7m11s eta=8m12s] id=2hop__435184_84856 em=1 f1=1.00 tie=False err=False voters=(A1=January 20, 2017, A2=January 20, 2017, A3=January 20, 2017) final=\boxed{January 20, 2017}
[1129/2417  46.7% elapsed=7m11s eta=8m12s] id=2hop__87580_7298 em=0 f1=0.00 tie=False err=False voters=(A1=Josh Groban, A2=Josh Groban, A3=Josh Groban) final=\boxed{Josh Groban}
[1130/2417  46.8% elapsed=7m11s eta=8m11s] id=2hop__250030_7298 em=1 f1=1.00 tie=False err=False voters=(A1=Michael Bublé, A2=Michael Bublé, A3=Michael Bublé) final=\boxed{Michael Bublé}
[1131/2417  46.8% elapsed=7m11s eta=8m10s] id=2hop__809096_491515 em=0 f1=0.00 tie=False err=False voters=(A1=Unknown, A2=Unknown, A3=Unknown) final=\boxed{Unknown}
[1132/2417  46.8% elapsed=7m12s eta=8m10s] id=2hop__35445_22458 em=1 f1=1.00 tie=False err=False voters=(A1=FIFA, A2=FIFA, A3=FIFA) final=\boxed{FIFA}
[1133/2417  46.9% elapsed=7m13s eta=8m10s] id=2hop__839126_472799 em=1 f1=1.00 tie=False err=False voters=(A1=Eurovision Song Contest 1991, A2=Eurovision Song Contest 1991, A3=Eurovision Song Contest 1991) final=\boxed{Eurovision Song Contest 1991}
[1134/2417  46.9% elapsed=7m13s eta=8m10s] id=2hop__286621_67370 em=0 f1=0.00 tie=False err=False voters=(A1=January 19, 2018, A2=The answer is not available from the pro, A3=The answer is not available from the pro) final=\boxed{The answer is not available from the provided paragra
[1135/2417  47.0% elapsed=7m14s eta=8m10s] id=2hop__144763_599630 em=0 f1=0.00 tie=False err=False voters=(A1=Zhejiang Province, A2=Wenzhou, A3=Wenzhou) final=\boxed{Wenzhou}
[1136/2417  47.0% elapsed=7m14s eta=8m10s] id=2hop__132954_533882 em=0 f1=0.80 tie=False err=False voters=(A1=Martin Marietta, A2=Martin Marietta Corporation, A3=Martin Marietta Corporation) final=\boxed{Martin Marietta Corporation}
[1137/2417  47.0% elapsed=7m15s eta=8m09s] id=2hop__284613_87295 em=0 f1=0.00 tie=True err=False voters=(A1=Dame Julie Andrews, A2=Mia Thermopolis, A3=Anne Hathaway) final=\boxed{Anne Hathaway}
[1138/2417  47.1% elapsed=7m15s eta=8m09s] id=2hop__761291_87295 em=1 f1=1.00 tie=False err=False voters=(A1=Queen dowager Clarisse Renaldi, A2=Queen dowager Clarisse Renaldi, A3=Queen dowager Clarisse Renaldi) final=\boxed{Queen dowager Clarisse Renaldi}
[1139/2417  47.1% elapsed=7m15s eta=8m08s] id=2hop__669837_31270 em=0 f1=0.00 tie=False err=False voters=(A1=Cannot be determined, A2=Cannot be determined, A3=Cannot be determined) final=\boxed{Cannot be determined}
[1140/2417  47.2% elapsed=7m16s eta=8m08s] id=2hop__593633_82341 em=0 f1=0.25 tie=False err=False voters=(A1=Not specified in the provided paragraphs, A2=Not specified in the provided paragraphs, A3=Not specified in the provided paragraphs) final=\boxed{Not specified in the provided paragraphs}
[1141/2417  47.2% elapsed=7m16s eta=8m08s] id=2hop__35418_22458 em=1 f1=1.00 tie=False err=False voters=(A1=FIFA, A2=FIFA, A3=FIFA) final=\boxed{FIFA}
[1142/2417  47.2% elapsed=7m17s eta=8m07s] id=2hop__776637_87295 em=1 f1=1.00 tie=False err=False voters=(A1=Queen dowager Clarisse Renaldi, A2=Queen dowager Clarisse Renaldi, A3=Queen dowager Clarisse Renaldi) final=\boxed{Queen dowager Clarisse Renaldi}
[1143/2417  47.3% elapsed=7m17s eta=8m07s] id=2hop__620853_22458 em=1 f1=1.00 tie=False err=False voters=(A1=FIFA, A2=FIFA, A3=FIFA) final=\boxed{FIFA}
[1144/2417  47.3% elapsed=7m17s eta=8m06s] id=2hop__132469_533882 em=0 f1=0.80 tie=False err=False voters=(A1=Martin Marietta Corporation, A2=Martin Marietta Corporation, A3=Martin Marietta Corporation) final=\boxed{Martin Marietta Corporation}
[1145/2417  47.4% elapsed=7m19s eta=8m07s] id=2hop__219456_87295 em=0 f1=0.00 tie=False err=False voters=(A1=Anne Hathaway, A2=Anne Hathaway, A3=Unknown) final=\boxed{Anne Hathaway}
[1146/2417  47.4% elapsed=7m19s eta=8m07s] id=2hop__435184_67370 em=1 f1=1.00 tie=False err=False voters=(A1=January 19, 2018, A2=January 19, 2018, A3=January 19, 2018) final=\boxed{January 19, 2018}
[1147/2417  47.5% elapsed=7m20s eta=8m07s] id=2hop__564984_139312 em=0 f1=0.92 tie=False err=False voters=(A1=Academy Award nomination for Best Suppor, A2=Academy Award nomination for Best Suppor, A3=Academy Award nomination for Best Suppor) final=\boxed{Academy Award nomination for Best Supporting Actor}
[1148/2417  47.5% elapsed=7m20s eta=8m06s] id=2hop__60336_169233 em=1 f1=1.00 tie=False err=False voters=(A1=Academy Award for Best Supporting Actor, A2=Academy Award for Best Supporting Actor, A3=Academy Award for Best Supporting Actor) final=\boxed{Academy Award for Best Supporting Actor}
[1149/2417  47.5% elapsed=7m20s eta=8m06s] id=2hop__9_59409 em=0 f1=0.00 tie=False err=False voters=(A1=Jay-Z, A2=Jay-Z, A3=Jay-Z) final=\boxed{Jay-Z}
[1150/2417  47.6% elapsed=7m22s eta=8m07s] id=2hop__347_59409 em=0 f1=0.00 tie=False err=False voters=(A1=Jay-Z, A2=Jay-Z, A3=Jay Z) final=\boxed{Jay Z}
[1151/2417  47.6% elapsed=7m23s eta=8m07s] id=2hop__427249_20057 em=1 f1=1.00 tie=False err=False voters=(A1=Richard Stallman, A2=Richard Stallman, A3=Richard Stallman) final=\boxed{Richard Stallman}
[1152/2417  47.7% elapsed=7m23s eta=8m07s] id=2hop__511176_22458 em=1 f1=1.00 tie=False err=False voters=(A1=FIFA, A2=FIFA, A3=The acronym is not explicitly mentioned ) final=\boxed{FIFA}
[1153/2417  47.7% elapsed=7m24s eta=8m07s] id=2hop__2613_59409 em=0 f1=0.40 tie=False err=False voters=(A1=Jay-Z, A2=his past relationships, A3=his past relationships) final=\boxed{his past relationships}
[1154/2417  47.7% elapsed=7m24s eta=8m06s] id=2hop__542569_87295 em=0 f1=0.00 tie=False err=False voters=(A1=Julie Andrews, A2=Julie Andrews, A3=Cannot be determined) final=\boxed{Julie Andrews}
[1155/2417  47.8% elapsed=7m24s eta=8m06s] id=2hop__60880_87295 em=0 f1=0.00 tie=True err=False voters=(A1=Anne Hathaway, A2=Sofia Vassilieva, A3=There is no information about Sofia Vass) final=\boxed{There is no information about Sofia Vassilieva's role
[1156/2417  47.8% elapsed=7m25s eta=8m06s] id=2hop__54651_169233 em=1 f1=1.00 tie=False err=False voters=(A1=Academy Award for Best Supporting Actor, A2=Academy Award for Best Supporting Actor, A3=Academy Award for Best Supporting Actor) final=\boxed{Academy Award for Best Supporting Actor}
[1157/2417  47.9% elapsed=7m27s eta=8m06s] id=2hop__697729_576069 em=0 f1=0.67 tie=False err=False voters=(A1=Chad, A2=Chad, A3=Maduari, Chad) final=\boxed{Chad}
[1158/2417  47.9% elapsed=7m27s eta=8m06s] id=2hop__684839_139312 em=1 f1=1.00 tie=False err=False voters=(A1=Academy Award for Best Supporting Actor, A2=Academy Award for Best Supporting Actor, A3=Academy Award for Best Supporting Actor) final=\boxed{Academy Award for Best Supporting Actor}
[1159/2417  48.0% elapsed=7m27s eta=8m05s] id=2hop__458672_20057 em=1 f1=1.00 tie=False err=False voters=(A1=Free Software Foundation (FSF), A2=Richard Stallman, A3=Richard Stallman) final=\boxed{Richard Stallman}
[1160/2417  48.0% elapsed=7m27s eta=8m05s] id=2hop__778212_22458 em=1 f1=1.00 tie=False err=False voters=(A1=FIFA, A2=FIFA, A3=FIFA) final=\boxed{FIFA}
[1161/2417  48.0% elapsed=7m28s eta=8m04s] id=3hop1__93963_170667_18967 em=1 f1=1.00 tie=False err=False voters=(A1=Dutch East Indies, A2=Dutch East Indies, A3=Dutch East Indies) final=\boxed{Dutch East Indies}
[1162/2417  48.1% elapsed=7m28s eta=8m04s] id=2hop__754021_20057 em=1 f1=1.00 tie=False err=False voters=(A1=Richard Stallman, A2=Richard Stallman, A3=Richard Stallman) final=\boxed{Richard Stallman}
[1163/2417  48.1% elapsed=7m28s eta=8m03s] id=2hop__50199_59409 em=0 f1=0.00 tie=False err=False voters=(A1=Jay-Z, A2=Jay-Z, A3=Jay-Z) final=\boxed{Jay-Z}
[1164/2417  48.2% elapsed=7m29s eta=8m03s] id=2hop__506099_20057 em=0 f1=0.00 tie=False err=False voters=(A1=Free Software Foundation, A2=Free Software Foundation, A3=Free Software Foundation) final=\boxed{Free Software Foundation}
[1165/2417  48.2% elapsed=7m29s eta=8m03s] id=2hop__481809_184805 em=0 f1=0.00 tie=False err=False voters=(A1=Tompion, A2=Tompion, A3=Tompion) final=\boxed{Tompion}
[1166/2417  48.2% elapsed=7m30s eta=8m02s] id=2hop__20059_236755 em=1 f1=1.00 tie=False err=False voters=(A1=GNU Manifesto, A2=GNU Manifesto, A3=GNU Manifesto) final=\boxed{GNU Manifesto}
[1167/2417  48.3% elapsed=7m30s eta=8m02s] id=2hop__580458_139390 em=0 f1=0.00 tie=False err=False voters=(A1=Walter Huston, A2=Walter Huston, A3=The answer cannot be determined.) final=\boxed{Walter Huston}
[1168/2417  48.3% elapsed=7m30s eta=8m01s] id=2hop__85958_87295 em=0 f1=0.00 tie=True err=False voters=(A1=Audrey Hepburn, A3=None) final=\boxed{None}
[1169/2417  48.4% elapsed=7m31s eta=8m01s] id=3hop1__105126_443779_52195 em=1 f1=1.00 tie=False err=False voters=(A1=Francisco Guterres, A2=Francisco Guterres, A3=Francisco Guterres) final=\boxed{Francisco Guterres}
[1170/2417  48.4% elapsed=7m31s eta=8m00s] id=3hop1__105767_443779_52195 em=1 f1=1.00 tie=False err=False voters=(A1=Francisco Guterres, A2=Francisco Guterres, A3=Francisco Guterres) final=\boxed{Francisco Guterres}
[1171/2417  48.4% elapsed=7m31s eta=8m00s] id=2hop__80_59409 em=0 f1=0.00 tie=False err=False voters=(A1=Jay Z, A2=Jay-Z, A3=Jay Z) final=\boxed{Jay Z}
[1172/2417  48.5% elapsed=7m31s eta=7m59s] id=3hop1__106313_443779_52195 em=1 f1=1.00 tie=False err=False voters=(A1=Francisco Guterres, A2=Francisco Guterres, A3=Francisco Guterres) final=\boxed{Francisco Guterres}
[1173/2417  48.5% elapsed=7m31s eta=7m58s] id=3hop1__123190_519940_18967 em=0 f1=0.00 tie=False err=False voters=(A1=Indonesia, A2=Indonesia, A3=Indonesia) final=\boxed{Indonesia}
[1174/2417  48.6% elapsed=7m32s eta=7m58s] id=3hop1__145212_443779_52195 em=1 f1=1.00 tie=False err=False voters=(A1=Francisco Guterres, A2=Francisco Guterres, A3=Francisco Guterres) final=\boxed{Francisco Guterres}
[1175/2417  48.6% elapsed=7m32s eta=7m58s] id=2hop__681463_402641 em=0 f1=0.43 tie=True err=False voters=(A1=Hsiao-chang, Hsiao-wu, and Hsiao-yung, A2=Hsiao-chang, Hsiao-wu, Hsiao-yung, A3=Hsiao-chang, Hsiao-wu, Hsiao-yung, Winst) final=\boxed{Hsiao-chang, Hsiao-wu, Hsiao-yung, Winston Chang, and
[1176/2417  48.7% elapsed=7m32s eta=7m57s] id=2hop__719184_55227 em=0 f1=0.00 tie=False err=False voters=(A1=Salma Hayek, A2=Salma Hayek, A3=Salma Hayek) final=\boxed{Salma Hayek}
[1177/2417  48.7% elapsed=7m32s eta=7m57s] id=3hop1__145290_443779_52195 em=1 f1=1.00 tie=False err=False voters=(A1=Francisco Guterres, A2=Francisco Guterres, A3=Francisco Guterres) final=\boxed{Francisco Guterres}
[1178/2417  48.7% elapsed=7m32s eta=7m56s] id=2hop__14_59409 em=0 f1=0.00 tie=False err=False voters=(A1=Jay Z, A2=Jay Z, A3=Jay Z) final=\boxed{Jay Z}
[1179/2417  48.8% elapsed=7m33s eta=7m55s] id=3hop1__144439_443779_52195 em=0 f1=0.00 tie=False err=False voters=(A1=Xanana Gusmão, A2=Xanana Gusmão, A3=Xanana Gusmão) final=\boxed{Xanana Gusmão}
[1180/2417  48.8% elapsed=7m33s eta=7m55s] id=3hop1__106094_443779_52195 em=1 f1=1.00 tie=False err=False voters=(A1=Francisco Guterres, A2=Francisco Guterres, A3=Francisco Guterres) final=\boxed{Francisco Guterres}
[1181/2417  48.9% elapsed=7m33s eta=7m54s] id=2hop__345_59409 em=0 f1=0.00 tie=False err=False voters=(A1=Jay-Z, A2=The answer cannot be determined from the, A3=Jay-Z) final=\boxed{Jay-Z}
[1182/2417  48.9% elapsed=7m33s eta=7m53s] id=2hop__69_59409 em=0 f1=0.00 tie=False err=False voters=(A1=Lesley Gore, A2=Lesley Gore, A3=Lesley Gore) final=\boxed{Lesley Gore}
[1183/2417  48.9% elapsed=7m33s eta=7m53s] id=2hop__789565_416401 em=0 f1=0.00 tie=False err=False voters=(A1=Lady Li, A2=Wang Yanjun, A3=Lady Li) final=\boxed{Lady Li}
[1184/2417  49.0% elapsed=7m33s eta=7m52s] id=3hop1__106900_443779_52195 em=1 f1=1.00 tie=False err=False voters=(A1=Francisco Guterres, A2=Francisco Guterres, A3=Francisco Guterres) final=\boxed{Francisco Guterres}
[1185/2417  49.0% elapsed=7m33s eta=7m51s] id=2hop__279729_20057 em=0 f1=0.00 tie=False err=False voters=(A1=Free Software Foundation (FSF), A2=Free Software Foundation, A3=Free Software Foundation) final=\boxed{Free Software Foundation}
[1186/2417  49.1% elapsed=7m34s eta=7m51s] id=3hop1__103881_443779_52195 em=1 f1=1.00 tie=False err=False voters=(A1=Francisco Guterres, A2=Francisco Guterres, A3=Francisco Guterres) final=\boxed{Francisco Guterres}
[1187/2417  49.1% elapsed=7m34s eta=7m50s] id=3hop1__145411_443779_52195 em=1 f1=1.00 tie=False err=False voters=(A1=Francisco Guterres, A2=Francisco Guterres, A3=Francisco Guterres) final=\boxed{Francisco Guterres}
[1188/2417  49.2% elapsed=7m34s eta=7m50s] id=3hop1__144678_443779_52195 em=1 f1=1.00 tie=False err=False voters=(A1=Francisco Guterres, A2=Francisco Guterres, A3=Francisco Guterres) final=\boxed{Francisco Guterres}
[1189/2417  49.2% elapsed=7m35s eta=7m50s] id=2hop__66_59409 em=0 f1=0.00 tie=False err=False voters=(A1=Jay Z, A2=Jay Z, A3=Jay Z) final=\boxed{Jay Z}
[1190/2417  49.2% elapsed=7m36s eta=7m50s] id=3hop1__163024_443779_52195 em=1 f1=1.00 tie=False err=False voters=(A1=Francisco Guterres, A2=Francisco Guterres, A3=Francisco Guterres) final=\boxed{Francisco Guterres}
[1191/2417  49.3% elapsed=7m37s eta=7m50s] id=3hop1__103662_443779_52195 em=1 f1=1.00 tie=False err=False voters=(A1=Francisco Guterres, A2=Francisco Guterres, A3=Francisco Guterres) final=\boxed{Francisco Guterres}
[1192/2417  49.3% elapsed=7m37s eta=7m50s] id=3hop1__438364_443779_52195 em=1 f1=1.00 tie=False err=False voters=(A1=Francisco Guterres, A2=Francisco Guterres, A3=Francisco Guterres) final=\boxed{Francisco Guterres}
[1193/2417  49.4% elapsed=7m37s eta=7m49s] id=3hop1__488744_443779_52195 em=1 f1=1.00 tie=False err=False voters=(A1=Francisco Guterres, A2=Francisco Guterres, A3=Francisco Guterres) final=\boxed{Francisco Guterres}
[1194/2417  49.4% elapsed=7m37s eta=7m48s] id=3hop1__749581_443779_52195 em=1 f1=1.00 tie=False err=False voters=(A1=Francisco Guterres, A2=Francisco Guterres, A3=Francisco Guterres) final=\boxed{Francisco Guterres}
[1195/2417  49.4% elapsed=7m38s eta=7m48s] id=3hop1__222380_443779_52195 em=1 f1=1.00 tie=False err=False voters=(A1=Francisco Guterres, A2=Francisco Guterres, A3=Francisco Guterres) final=\boxed{Francisco Guterres}
[1196/2417  49.5% elapsed=7m39s eta=7m48s] id=2hop__486314_544665 em=0 f1=0.00 tie=False err=False voters=(A1=Rabbi Menachem Mendel Schneersohn, A2=Chabad dynasty, A3=Chabad dynasty) final=\boxed{Chabad dynasty}
[1197/2417  49.5% elapsed=7m39s eta=7m48s] id=3hop1__103440_443779_52195 em=1 f1=1.00 tie=False err=False voters=(A1=Francisco Guterres, A2=Francisco Guterres, A3=Francisco Guterres) final=\boxed{Francisco Guterres}
[1198/2417  49.6% elapsed=7m40s eta=7m48s] id=3hop1__106688_160713_77246 em=0 f1=0.00 tie=False err=False voters=(A1=Al-Hind, A2=Al-Hind, A3=Al-Hind) final=\boxed{Al-Hind}
[1199/2417  49.6% elapsed=7m41s eta=7m48s] id=3hop1__248929_160713_77246 em=0 f1=0.00 tie=False err=False voters=(A1=Hindu, A2=Hindu, A3=Hindu) final=\boxed{Hindu}
[1200/2417  49.6% elapsed=7m42s eta=7m48s] id=3hop1__489567_443779_52195 em=1 f1=1.00 tie=False err=False voters=(A1=Francisco Guterres, A2=Francisco Guterres, A3=Francisco Guterres) final=\boxed{Francisco Guterres}
[1201/2417  49.7% elapsed=7m42s eta=7m48s] id=3hop1__654651_55349_651302 em=0 f1=0.67 tie=False err=False voters=(A1=Colorado, A2=Colorado, A3=Colorado) final=\boxed{Colorado}
[1202/2417  49.7% elapsed=7m42s eta=7m47s] id=3hop1__604797_443779_52195 em=1 f1=1.00 tie=False err=False voters=(A1=Francisco Guterres, A2=Francisco Guterres, A3=Francisco Guterres) final=\boxed{Francisco Guterres}
[1203/2417  49.8% elapsed=7m43s eta=7m47s] id=3hop1__106847_160713_77246 em=0 f1=0.00 tie=False err=False voters=(A1=Hinduism, A2=Hinduism, A3=Hinduism) final=\boxed{Hinduism}
[1204/2417  49.8% elapsed=7m43s eta=7m46s] id=3hop1__159737_160713_77246 em=0 f1=0.00 tie=False err=False voters=(A1=Hindu, A2=Hindu, A3=Hindu) final=\boxed{Hindu}
[1205/2417  49.9% elapsed=7m44s eta=7m47s] id=3hop1__454441_55349_651302 em=0 f1=0.00 tie=False err=False voters=(A1=England, A2=England, A3=England) final=\boxed{England}
[1206/2417  49.9% elapsed=7m45s eta=7m47s] id=3hop1__28404_160713_77246 em=0 f1=0.00 tie=False err=False voters=(A1=Hindu, A2=Hindu, A3=Hindu) final=\boxed{Hindu}
[1207/2417  49.9% elapsed=7m47s eta=7m48s] id=3hop1__498954_160713_77246 em=0 f1=0.00 tie=False err=False voters=(A1=Hindu, A2=Hindu, A3=Al-Hind) final=\boxed{Hindu}
[1208/2417  50.0% elapsed=7m47s eta=7m47s] id=3hop1__743797_443779_52195 em=1 f1=1.00 tie=False err=False voters=(A1=Francisco Guterres, A2=Francisco Guterres, A3=Francisco Guterres) final=\boxed{Francisco Guterres}
[1209/2417  50.0% elapsed=7m48s eta=7m47s] id=3hop1__507961_160713_77246 em=0 f1=0.00 tie=False err=False voters=(A1=Hindu, A2=Hindu, A3=Hindu) final=\boxed{Hindu}
[1210/2417  50.1% elapsed=7m48s eta=7m47s] id=3hop1__275261_443779_52195 em=1 f1=1.00 tie=False err=False voters=(A1=Francisco Guterres, A2=Francisco Guterres, A3=Francisco Guterres) final=\boxed{Francisco Guterres}
[1211/2417  50.1% elapsed=7m49s eta=7m47s] id=3hop1__161507_160713_77246 em=0 f1=0.00 tie=False err=False voters=(A1=Hindu, A2=Hindu, A3=Hindu) final=\boxed{Hindu}
[1212/2417  50.1% elapsed=7m49s eta=7m46s] id=3hop1__23444_160713_77246 em=0 f1=0.00 tie=False err=False voters=(A1=Al-Hindu, A2=Al-Hindu, A3=Al-Hindu) final=\boxed{Al-Hindu}
[1213/2417  50.2% elapsed=7m50s eta=7m46s] id=3hop1__53690_161697_49779 em=1 f1=1.00 tie=False err=False voters=(A1=Chris Harrison, A2=Chris Harrison, A3=Chris Harrison) final=\boxed{Chris Harrison}
[1214/2417  50.2% elapsed=7m50s eta=7m46s] id=3hop1__379315_160713_77246 em=0 f1=0.00 tie=False err=False voters=(A1=Al-Hind, A2=Al-Hind, A3=Al-Hind) final=\boxed{Al-Hind}
[1215/2417  50.3% elapsed=7m50s eta=7m45s] id=3hop1__376309_160713_77246 em=0 f1=0.29 tie=False err=False voters=(A1=Hinduism, A2=a large body of water, A3=a large body of water) final=\boxed{a large body of water}
[1216/2417  50.3% elapsed=7m51s eta=7m45s] id=3hop1__142044_538202_84283 em=1 f1=1.00 tie=False err=False voters=(A1=Warner Music Group, A2=Warner Music Group, A3=Warner Music Group) final=\boxed{Warner Music Group}
[1217/2417  50.4% elapsed=7m51s eta=7m44s] id=3hop1__622497_160088_49779 em=1 f1=1.00 tie=False err=False voters=(A1=Chris Harrison, A2=Chris Harrison, A3=Chris Harrison) final=\boxed{Chris Harrison}
[1218/2417  50.4% elapsed=7m52s eta=7m45s] id=3hop1__487301_443779_52195 em=0 f1=0.00 tie=False err=False voters=(A1=Susilo Bambang Yudhoyono, A2=Francisco Guterres, A3=Susilo Bambang Yudhoyono) final=\boxed{Susilo Bambang Yudhoyono}
[1219/2417  50.4% elapsed=7m52s eta=7m44s] id=3hop1__71549_486583_84283 em=0 f1=0.40 tie=False err=False voters=(A1=Warner Bros. Records, A2=Warner Bros. Records, A3=Warner Bros. Records) final=\boxed{Warner Bros. Records}
[1220/2417  50.5% elapsed=7m52s eta=7m44s] id=3hop1__504362_443779_52195 em=1 f1=1.00 tie=False err=False voters=(A1=Francisco Guterres, A2=Francisco Guterres, A3=Francisco Guterres) final=\boxed{Francisco Guterres}
[1221/2417  50.5% elapsed=7m53s eta=7m43s] id=3hop1__45612_502967_84283 em=1 f1=1.00 tie=False err=False voters=(A1=Warner Bros. Records, A2=Warner Music Group, A3=Warner Music Group) final=\boxed{Warner Music Group}
[1222/2417  50.6% elapsed=7m53s eta=7m42s] id=3hop1__63037_567566_84283 em=1 f1=1.00 tie=False err=False voters=(A1=Warner Bros. Records, A2=Warner Music Group, A3=Warner Music Group) final=\boxed{Warner Music Group}
[1223/2417  50.6% elapsed=7m53s eta=7m42s] id=3hop1__475351_160713_77246 em=0 f1=0.00 tie=False err=False voters=(A1=Hindu, A2=Hindu, A3=Hindu) final=\boxed{Hindu}
[1224/2417  50.6% elapsed=7m53s eta=7m41s] id=3hop1__622497_160088_85460 em=0 f1=0.00 tie=False err=False voters=(A1=Cannot determine, A2=Cannot determine, A3=Cannot determine) final=\boxed{Cannot determine}
[1225/2417  50.7% elapsed=7m54s eta=7m41s] id=3hop1__84887_538202_84283 em=0 f1=0.40 tie=False err=False voters=(A1=Warner Bros. Records, A2=Warner Bros. Records, A3=Warner Bros. Records) final=\boxed{Warner Bros. Records}
[1226/2417  50.7% elapsed=7m55s eta=7m41s] id=3hop1__694534_160088_49779 em=1 f1=1.00 tie=False err=False voters=(A1=Chris Harrison, A2=Chris Harrison, A3=Chris Harrison) final=\boxed{Chris Harrison}
[1227/2417  50.8% elapsed=7m55s eta=7m41s] id=3hop1__66872_709625_84283 em=0 f1=0.40 tie=False err=False voters=(A1=Warner Bros. Records, A2=Warner Bros. Records, A3=Warner Bros. Records) final=\boxed{Warner Bros. Records}
[1228/2417  50.8% elapsed=7m55s eta=7m40s] id=3hop1__536452_15840_36002 em=0 f1=0.63 tie=False err=False voters=(A1=16-bit architecture with improved graphi, A2=16-bit architecture with improved graphi, A3=16-bit architecture with improved graphi) final=\boxed{16-bit architecture with improved graphics and sound}
[1229/2417  50.8% elapsed=7m57s eta=7m41s] id=3hop1__53690_161697_85460 em=0 f1=0.00 tie=False err=False voters=(A1=Cannot be determined, A2=Cannot be determined, A3=Cannot be determined) final=\boxed{Cannot be determined}
[1230/2417  50.9% elapsed=7m57s eta=7m40s] id=3hop1__374018_160713_77246 em=0 f1=0.00 tie=False err=False voters=(A1=Hindu, A2=Hindu, A3=Hindu) final=\boxed{Hindu}
[1231/2417  50.9% elapsed=7m57s eta=7m40s] id=3hop1__632623_160713_77246 em=0 f1=0.00 tie=False err=False voters=(A1=Al-Hind, A2=Al-Hind, A3=Hinduism) final=\boxed{Al-Hind}
[1232/2417  51.0% elapsed=7m58s eta=7m40s] id=3hop1__104996_160713_77246 em=0 f1=0.00 tie=False err=False voters=(A1=Hindu, A2=Hindu, A3=Hindu) final=\boxed{Hindu}
[1233/2417  51.0% elapsed=7m58s eta=7m39s] id=3hop1__835193_160713_77246 em=0 f1=0.00 tie=False err=False voters=(A1=Hindu, A2=Hindu, A3=Hindu) final=\boxed{Hindu}
[1234/2417  51.1% elapsed=7m59s eta=7m39s] id=3hop1__106864_160713_77246 em=0 f1=0.00 tie=False err=False voters=(A1=Al-Hind, A2=Al-Hind, A3=Al-Hind) final=\boxed{Al-Hind}
[1235/2417  51.1% elapsed=7m59s eta=7m38s] id=3hop1__107195_160713_77246 em=0 f1=0.00 tie=False err=False voters=(A1=Al-Hind, A2=Al-Hind, A3=Al-Hind) final=\boxed{Al-Hind}
[1236/2417  51.1% elapsed=7m59s eta=7m38s] id=3hop1__848113_15840_36002 em=0 f1=0.43 tie=False err=False voters=(A1=The Genesis had a 16-bit architecture, a, A2=16-bit architecture, larger library of g, A3=16-bit architecture, larger library of g) final=\boxed{16-bit architecture, larger library of games, and low
[1237/2417  51.2% elapsed=8m00s eta=7m38s] id=3hop1__309596_160713_77246 em=0 f1=0.00 tie=False err=False voters=(A1=Hindu, A2=Hindu, A3=Hindu) final=\boxed{Hindu}
[1238/2417  51.2% elapsed=8m01s eta=7m38s] id=3hop1__582007_160713_77246 em=0 f1=0.00 tie=False err=False voters=(A1=Hinduism, A2=Hinduism, A3=Hinduism) final=\boxed{Hinduism}
[1239/2417  51.3% elapsed=8m01s eta=7m37s] id=3hop1__30885_160713_77246 em=0 f1=0.00 tie=False err=False voters=(A1=Hindu, A2=Hindu, A3=Hindu) final=\boxed{Hindu}
[1240/2417  51.3% elapsed=8m01s eta=7m37s] id=3hop1__346812_15840_36002 em=0 f1=0.38 tie=True err=False voters=(A1=Larger library of games, lower price poi, A2=Larger library of games, lower price poi, A3=Larger library of games, lower price poi) final=\boxed{Larger library of games, lower price point, improved 
[1241/2417  51.3% elapsed=8m02s eta=7m37s] id=3hop1__804367_160713_77246 em=0 f1=0.00 tie=False err=False voters=(A1=Hindu, A2=related to the Indus River, A3=Hindu) final=\boxed{Hindu}
[1242/2417  51.4% elapsed=8m02s eta=7m36s] id=3hop1__691197_15840_36002 em=0 f1=0.09 tie=True err=False voters=(A1=The Genesis had a larger library of game, A2=larger library of games, lower price poi, A3=Larger library of games, lower price poi) final=\boxed{Larger library of games, lower price point, and more 
[1243/2417  51.4% elapsed=8m03s eta=7m36s] id=3hop1__791757_15840_36002 em=0 f1=0.37 tie=False err=False voters=(A1=Improved graphics and sound, more mature, A2=Improved graphics and sound, more mature, A3=Improved graphics and sound, more mature) final=\boxed{Improved graphics and sound, more mature titles, edgy
[1244/2417  51.5% elapsed=8m03s eta=7m36s] id=3hop1__694534_160088_821792 em=0 f1=0.00 tie=False err=False voters=(A1=American, A2=Min Zhou, A3=American) final=\boxed{American}
[1245/2417  51.5% elapsed=8m03s eta=7m35s] id=3hop1__418091_15840_36002 em=0 f1=0.07 tie=True err=False voters=(A1=Genesis had advantages over the NES, inc, A2=Mature titles, edgy advertisements, larg, A3=The Genesis had a larger library of game) final=\boxed{The Genesis had a larger library of games, a lower pr
[1246/2417  51.6% elapsed=8m04s eta=7m35s] id=3hop1__649930_15840_36002 em=0 f1=0.38 tie=True err=False voters=(A1=The Genesis had a larger game library, l, A2=Improved graphics and sound, larger game, A3=Improved graphics and sound, larger game) final=\boxed{Improved graphics and sound, larger game library, low
[1247/2417  51.6% elapsed=8m07s eta=7m37s] id=3hop1__836699_15840_36002 em=0 f1=0.05 tie=True err=False voters=(A1=The Genesis platform had a larger librar, A2=The Genesis had a larger library of game, A3=The Genesis platform was positioned as t) final=\boxed{The Genesis platform was positioned as the 'cool' con
[1248/2417  51.6% elapsed=8m07s eta=7m36s] id=3hop1__469478_15840_36002 em=1 f1=1.00 tie=False err=False voters=(A1=16-bit architecture, A2=16-bit architecture, A3=16-bit architecture and superior process) final=\boxed{16-bit architecture}
[1249/2417  51.7% elapsed=8m07s eta=7m35s] id=3hop1__742464_15840_36002 em=0 f1=0.38 tie=True err=False voters=(A1=16-bit architecture, improved graphics a, A2=16-bit architecture, improved graphics a, A3=16-bit architecture, improved graphics a) final=\boxed{16-bit architecture, improved graphics and sound, lar
[1250/2417  51.7% elapsed=8m07s eta=7m35s] id=3hop1__850160_15840_36002 em=0 f1=0.40 tie=False err=False voters=(A1=The Genesis had a more advanced 16-bit a, A2=The Genesis had a more advanced 16-bit a, A3=The Genesis had a more advanced 16-bit a) final=\boxed{The Genesis had a more advanced 16-bit architecture, 
[1251/2417  51.8% elapsed=8m07s eta=7m34s] id=3hop1__239036_15840_36002 em=0 f1=0.44 tie=False err=False voters=(A1=The Genesis had improved graphics and so, A2=The Genesis had a 16-bit architecture wi, A3=The Genesis had a 16-bit architecture wi) final=\boxed{The Genesis had a 16-bit architecture with improved g
[1252/2417  51.8% elapsed=8m08s eta=7m34s] id=3hop1__105837_160713_77246 em=0 f1=0.00 tie=False err=False voters=(A1=Hinduism, A2=Hinduism, A3=Hinduism) final=\boxed{Hinduism}
[1253/2417  51.8% elapsed=8m08s eta=7m33s] id=3hop1__622497_160088_821792 em=0 f1=0.60 tie=False err=False voters=(A1=Min Zhou and Carl L. Bankston III, A2=Min Zhou and Carl L. Bankston III, A3=Min Zhou and Carl L. Bankston III) final=\boxed{Min Zhou and Carl L. Bankston III}
[1254/2417  51.9% elapsed=8m10s eta=7m35s] id=3hop2__304722_466316_63959 em=0 f1=0.00 tie=False err=False voters=(A1=Not specified in the provided paragraphs, A2=Not specified in the provided paragraphs, A3=Not specified in the provided paragraphs) final=\boxed{Not specified in the provided paragraphs}
[1255/2417  51.9% elapsed=8m11s eta=7m34s] id=3hop2__304722_667199_63959 em=0 f1=0.00 tie=False err=False voters=(A1=Cannot determine, A2=Cannot determine, A3=Cannot determine) final=\boxed{Cannot determine}
[1256/2417  52.0% elapsed=8m11s eta=7m34s] id=3hop2__304722_397371_63959 em=0 f1=0.00 tie=True err=False voters=(A1=2004–05, A2=Cannot determine, A3=unknown) final=\boxed{unknown}
[1257/2417  52.0% elapsed=8m12s eta=7m34s] id=3hop1__53690_161697_73916 em=0 f1=0.00 tie=False err=False voters=(A1=72641, A2=72641, A3=72641) final=\boxed{72641}
[1258/2417  52.0% elapsed=8m12s eta=7m33s] id=3hop1__742464_15840_36014 em=1 f1=1.00 tie=False err=False voters=(A1=five, A2=five, A3=five) final=\boxed{five}
[1259/2417  52.1% elapsed=8m12s eta=7m33s] id=3hop1__694534_160088_85460 em=0 f1=0.00 tie=False err=False voters=(A1=59039, A2=59039, A3=59039) final=\boxed{59039}
[1260/2417  52.1% elapsed=8m13s eta=7m32s] id=3hop2__304722_582839_63959 em=0 f1=0.00 tie=False err=False voters=(A1=1970, A2=1970, A3=1970) final=\boxed{1970}
[1261/2417  52.2% elapsed=8m13s eta=7m32s] id=3hop2__304722_796034_63959 em=0 f1=0.00 tie=False err=False voters=(A1=1894-95, A2=Unable to determine, A3=Unable to determine) final=\boxed{Unable to determine}
[1262/2417  52.2% elapsed=8m13s eta=7m31s] id=3hop2__304722_590317_63959 em=0 f1=0.00 tie=False err=False voters=(A1=27 September 1988, A2=Cannot determine, A3=Cannot determine) final=\boxed{Cannot determine}
[1263/2417  52.3% elapsed=8m14s eta=7m31s] id=3hop2__304722_692815_63959 em=0 f1=0.00 tie=False err=False voters=(A1=2002, A2=2002, A3=2002) final=\boxed{2002}
[1264/2417  52.3% elapsed=8m14s eta=7m31s] id=3hop2__304722_423353_63959 em=0 f1=0.00 tie=False err=False voters=(A1=Unknown, A2=Cannot be determined, A3=Cannot be determined) final=\boxed{Cannot be determined}
[1265/2417  52.3% elapsed=8m14s eta=7m30s] id=3hop1__765847_831637_91775 em=1 f1=1.00 tie=False err=False voters=(A1=Sea, Air, and Land, A2=Sea, Air, and Land, A3=Sea, Air, and Land) final=\boxed{Sea, Air, and Land}
[1266/2417  52.4% elapsed=8m14s eta=7m29s] id=3hop2__304722_747004_63959 em=0 f1=0.00 tie=False err=False voters=(A1=1894–95, A2=1894, A3=1894) final=\boxed{1894}
[1267/2417  52.4% elapsed=8m15s eta=7m29s] id=3hop1__831162_831637_91775 em=1 f1=1.00 tie=False err=False voters=(A1=Sea, Air, and Land, A2=Sea, Air, and Land, A3=Sea, Air, and Land) final=\boxed{Sea, Air, and Land}
[1268/2417  52.5% elapsed=8m15s eta=7m28s] id=3hop2__304722_591230_63959 em=0 f1=0.00 tie=False err=False voters=(A1=Cannot determine, A2=Cannot determine, A3=Cannot determine) final=\boxed{Cannot determine}
[1269/2417  52.5% elapsed=8m15s eta=7m28s] id=3hop1__536452_15840_36014 em=0 f1=0.00 tie=False err=False voters=(A1=5, A2=5, A3=5) final=\boxed{5}
[1270/2417  52.5% elapsed=8m16s eta=7m28s] id=3hop1__622497_160088_73916 em=0 f1=0.00 tie=False err=False voters=(A1=72641, A2=72641, A3=72641) final=\boxed{72641}
[1271/2417  52.6% elapsed=8m16s eta=7m27s] id=3hop2__304722_230978_63959 em=0 f1=0.00 tie=False err=False voters=(A1=1894-95 FA Cup, A2=Unknown, A3=Unknown) final=\boxed{Unknown}
[1272/2417  52.6% elapsed=8m16s eta=7m26s] id=3hop2__304722_602987_63959 em=0 f1=0.00 tie=False err=False voters=(A1=21 September 1993, A2=1894-95, A3=1894-95) final=\boxed{1894-95}
[1273/2417  52.7% elapsed=8m16s eta=7m26s] id=3hop1__469478_15840_36014 em=0 f1=0.00 tie=False err=False voters=(A1=5, A2=5, A3=5) final=\boxed{5}
[1274/2417  52.7% elapsed=8m17s eta=7m26s] id=3hop2__304722_781203_63959 em=0 f1=0.00 tie=False err=False voters=(A1=Cannot determine from the given informat, A2=Cannot determine from the given informat, A3=Cannot determine from the given informat) final=\boxed{Cannot determine from the given information}
[1275/2417  52.8% elapsed=8m17s eta=7m25s] id=3hop2__304722_203717_63959 em=0 f1=0.00 tie=False err=False voters=(A1=23 May 1963, A2=23 May 1963, A3=23 May 1963) final=\boxed{23 May 1963}
[1276/2417  52.8% elapsed=8m17s eta=7m24s] id=3hop1__380590_831637_91775 em=0 f1=0.00 tie=False err=False voters=(A1=seal, A2=seal, A3=seal) final=\boxed{seal}
[1277/2417  52.8% elapsed=8m18s eta=7m24s] id=3hop1__251085_831637_91775 em=1 f1=1.00 tie=False err=False voters=(A1=Sea, Air, and Land, A2=Sea, Air, and Land, A3=United States Navy SEALs) final=\boxed{Sea, Air, and Land}
[1278/2417  52.9% elapsed=8m18s eta=7m24s] id=3hop1__850160_15840_36014 em=0 f1=0.00 tie=False err=False voters=(A1=5, A2=5, A3=five) final=\boxed{5}
[1279/2417  52.9% elapsed=8m18s eta=7m23s] id=3hop1__239036_15840_36014 em=0 f1=0.00 tie=True err=False voters=(A1=5 games per year, A2=5G, A3=NES) final=\boxed{NES}
[1280/2417  53.0% elapsed=8m18s eta=7m22s] id=3hop2__304722_740784_63959 em=0 f1=0.00 tie=False err=False voters=(A1=2015, A2=Unknown, A3=Unknown) final=\boxed{Unknown}
[1281/2417  53.0% elapsed=8m18s eta=7m22s] id=3hop2__304722_330033_63959 em=0 f1=0.00 tie=False err=False voters=(A1=Unknown, A2=Unknown, A3=Unknown) final=\boxed{Unknown}
[1282/2417  53.0% elapsed=8m18s eta=7m21s] id=3hop1__418091_15840_36014 em=0 f1=0.00 tie=False err=False voters=(A1=5, A2=5, A3=5) final=\boxed{5}
[1283/2417  53.1% elapsed=8m19s eta=7m21s] id=3hop1__691197_15840_36014 em=0 f1=0.00 tie=False err=False voters=(A1=5, A2=5, A3=5) final=\boxed{5}
[1284/2417  53.1% elapsed=8m19s eta=7m20s] id=3hop2__304722_526346_63959 em=0 f1=0.00 tie=False err=False voters=(A1=Unknown, A2=Not mentioned, A3=Not mentioned) final=\boxed{Not mentioned}
[1285/2417  53.2% elapsed=8m19s eta=7m20s] id=3hop2__304722_372858_63959 em=0 f1=0.00 tie=False err=False voters=(A1=1988–89, A2=1988–89, A3=1988–89) final=\boxed{1988–89}
[1286/2417  53.2% elapsed=8m20s eta=7m19s] id=3hop2__304722_297619_63959 em=0 f1=0.50 tie=False err=False voters=(A1=2010, A2=2010, A3=2010) final=\boxed{2010}
[1287/2417  53.2% elapsed=8m20s eta=7m19s] id=3hop1__836699_15840_36014 em=0 f1=0.00 tie=False err=False voters=(A1=5, A2=5, A3=5) final=\boxed{5}
[1288/2417  53.3% elapsed=8m20s eta=7m18s] id=3hop2__304722_238553_63959 em=0 f1=0.00 tie=False err=False voters=(A1=Cannot determine from the given informat, A2=Cannot determine from the given informat, A3=Cannot determine from the given informat) final=\boxed{Cannot determine from the given information}
[1289/2417  53.3% elapsed=8m20s eta=7m18s] id=3hop2__304722_398767_63959 em=0 f1=0.00 tie=True err=False voters=(A1=1956, A2=Unable to determine, A3=Unable to determine from the provided in) final=\boxed{Unable to determine from the provided information}
[1290/2417  53.4% elapsed=8m21s eta=7m18s] id=3hop1__346416_831637_91775 em=0 f1=0.00 tie=False err=False voters=(A1=United States Navy SEALs, A2=Navy SEALs, A3=United States Navy SEALs) final=\boxed{United States Navy SEALs}
[1291/2417  53.4% elapsed=8m21s eta=7m17s] id=3hop1__324448_831637_91775 em=1 f1=1.00 tie=False err=False voters=(A1=Sea, Air, and Land, A2=Sea, Air, and Land, A3=Sea, Air, and Land) final=\boxed{Sea, Air, and Land}
[1292/2417  53.5% elapsed=8m22s eta=7m17s] id=3hop1__837871_831637_91775 em=1 f1=1.00 tie=False err=False voters=(A1=Sea, Air, and Land, A2=Sea, Air, and Land, A3=The term 'seal' in this context is ambig) final=\boxed{Sea, Air, and Land}
[1293/2417  53.5% elapsed=8m22s eta=7m16s] id=3hop1__756602_831637_91775 em=1 f1=1.00 tie=False err=False voters=(A1=United States Navy SEALs, A2=Sea, Air, and Land, A3=Sea, Air, and Land) final=\boxed{Sea, Air, and Land}
[1294/2417  53.5% elapsed=8m22s eta=7m16s] id=3hop1__694534_160088_73916 em=1 f1=1.00 tie=True err=False voters=(A1=72641, A3=$72,641) final=\boxed{$72,641}
[1295/2417  53.6% elapsed=8m24s eta=7m16s] id=3hop1__346812_15840_36014 em=0 f1=0.00 tie=False err=False voters=(A1=5, A2=5, A3=five games) final=\boxed{5}
[1296/2417  53.6% elapsed=8m24s eta=7m16s] id=3hop1__255970_831637_91775 em=1 f1=1.00 tie=False err=False voters=(A1=Sea, Air, and Land, A2=Sea, Air, and Land, A3=Sea, Air, and Land) final=\boxed{Sea, Air, and Land}
[1297/2417  53.7% elapsed=8m25s eta=7m16s] id=3hop1__462125_538202_84283 em=1 f1=1.00 tie=False err=False voters=(A1=Warner Music Group, A2=Warner Music Group, A3=Warner Music Group) final=\boxed{Warner Music Group}
[1298/2417  53.7% elapsed=8m25s eta=7m15s] id=3hop1__791757_15840_36014 em=1 f1=1.00 tie=False err=False voters=(A1=five, A2=5, A3=five) final=\boxed{five}
[1299/2417  53.7% elapsed=8m25s eta=7m15s] id=3hop1__761225_831637_91775 em=0 f1=0.00 tie=False err=False voters=(A1=Navy SEALs, A2=Navy SEALs, A3=United States Navy) final=\boxed{Navy SEALs}
[1300/2417  53.8% elapsed=8m26s eta=7m15s] id=3hop1__754160_831637_91775 em=1 f1=1.00 tie=False err=False voters=(A1=Sea, Air, and Land, A2=Sea, Air, and Land, A3=Sea, Air, and Land) final=\boxed{Sea, Air, and Land}
[1301/2417  53.8% elapsed=8m26s eta=7m14s] id=3hop1__406043_831637_91775 em=0 f1=0.00 tie=False err=False voters=(A1=B-class torpedo boat destroyer, A2=B-class torpedo boat destroyer, A3=B-class torpedo boat destroyer) final=\boxed{B-class torpedo boat destroyer}
[1302/2417  53.9% elapsed=8m26s eta=7m14s] id=3hop1__433054_831637_91775 em=0 f1=0.00 tie=False err=False voters=(A1=United States Navy SEALs, A2=United States Navy, A3=United States Navy SEALs) final=\boxed{United States Navy SEALs}
[1303/2417  53.9% elapsed=8m27s eta=7m13s] id=3hop1__848113_15840_36014 em=0 f1=0.00 tie=False err=False voters=(A1=5, A2=5, A3=5) final=\boxed{5}
[1304/2417  54.0% elapsed=8m27s eta=7m13s] id=3hop1__534450_831637_91775 em=0 f1=0.00 tie=False err=False voters=(A1=Navy SEALs, A2=Navy SEALs, A3=Sea, Air, and Land) final=\boxed{Navy SEALs}
[1305/2417  54.0% elapsed=8m27s eta=7m12s] id=3hop1__511157_709625_84283 em=0 f1=0.00 tie=False err=False voters=(A1=Sugar Hill, A2=Sugar Hill, A3=Sugar Hill) final=\boxed{Sugar Hill}
[1306/2417  54.0% elapsed=8m28s eta=7m12s] id=3hop1__695430_831637_91775 em=1 f1=1.00 tie=False err=False voters=(A1=Sea, Air, and Land, A2=Sea, Air, and Land, A3=Sea, Air, and Land) final=\boxed{Sea, Air, and Land}
[1307/2417  54.1% elapsed=8m29s eta=7m12s] id=3hop1__673934_831637_91775 em=1 f1=1.00 tie=False err=False voters=(A1=Sea, Air, and Land, A2=Sea, Air, and Land, A3=Sea, Air, and Land) final=\boxed{Sea, Air, and Land}
[1308/2417  54.1% elapsed=8m30s eta=7m12s] id=2hop__92716_319330 em=0 f1=0.00 tie=False err=False voters=(A1=John Augustine Washington II, A2=John Augustine Washington II, A3=Jessie Woodrow Wilson Sayre) final=\boxed{John Augustine Washington II}
[1309/2417  54.2% elapsed=8m30s eta=7m12s] id=3hop1__829944_474097_84283 em=0 f1=0.40 tie=False err=False voters=(A1=Warner Bros. Records, A2=Warner Bros. Records, A3=Warner Bros. Records) final=\boxed{Warner Bros. Records}
[1310/2417  54.2% elapsed=8m31s eta=7m11s] id=3hop1__742780_567566_84283 em=1 f1=1.00 tie=False err=False voters=(A1=Warner Music Group, A2=Warner Music Group, A3=Warner Music Group) final=\boxed{Warner Music Group}
[1311/2417  54.2% elapsed=8m31s eta=7m11s] id=3hop1__786632_831637_91775 em=0 f1=0.00 tie=False err=False voters=(A1=Navy SEALs, A2=Navy SEALs, A3=Navy SEALs) final=\boxed{Navy SEALs}
[1312/2417  54.3% elapsed=8m31s eta=7m10s] id=3hop1__480375_709625_84283 em=0 f1=0.40 tie=False err=False voters=(A1=Warner Bros. Records, A2=Warner Bros. Records, A3=Warner Bros. Records) final=\boxed{Warner Bros. Records}
[1313/2417  54.3% elapsed=8m31s eta=7m10s] id=3hop1__524212_831637_91775 em=1 f1=1.00 tie=False err=False voters=(A1=Sea, Air, and Land, A2=Sea, Air, and Land, A3=Sea, Air, and Land) final=\boxed{Sea, Air, and Land}
[1314/2417  54.4% elapsed=8m31s eta=7m09s] id=3hop1__797496_831637_91775 em=1 f1=1.00 tie=False err=False voters=(A1=Royal Navy, A2=Sea, Air, and Land, A3=Sea, Air, and Land) final=\boxed{Sea, Air, and Land}
[1315/2417  54.4% elapsed=8m31s eta=7m09s] id=3hop1__518381_709625_84283 em=0 f1=0.40 tie=False err=False voters=(A1=Warner Bros. Records, A2=Warner Bros. Records, A3=Warner Bros. Records) final=\boxed{Warner Bros. Records}
[1316/2417  54.4% elapsed=8m32s eta=7m08s] id=3hop1__232315_831637_91775 em=0 f1=0.00 tie=False err=False voters=(A1=Navy, A2=Navy SEALs, A3=Navy SEALs) final=\boxed{Navy SEALs}
[1317/2417  54.5% elapsed=8m32s eta=7m07s] id=3hop1__226638_538202_84283 em=1 f1=1.00 tie=False err=False voters=(A1=Warner Music Group, A2=Warner Music Group, A3=Warner Music Group) final=\boxed{Warner Music Group}
[1318/2417  54.5% elapsed=8m32s eta=7m07s] id=3hop1__568951_567566_84283 em=0 f1=0.00 tie=False err=False voters=(A1=Galaxy, A2=Galaxy, A3=Warner Music Group) final=\boxed{Galaxy}
[1319/2417  54.6% elapsed=8m33s eta=7m07s] id=3hop1__830700_538202_84283 em=0 f1=0.57 tie=False err=False voters=(A1=Universal Music Group Nashville, A2=Universal Music Group Nashville, A3=Universal Music Group Nashville) final=\boxed{Universal Music Group Nashville}
[1320/2417  54.6% elapsed=8m33s eta=7m06s] id=3hop1__287291_375759_84283 em=0 f1=0.00 tie=False err=False voters=(A1=Eye Reckon Records, A2=Eye Reckon Records, A3=Eye Reckon Records) final=\boxed{Eye Reckon Records}
[1321/2417  54.7% elapsed=8m33s eta=7m06s] id=3hop1__210639_147339_51423 em=1 f1=1.00 tie=False err=False voters=(A1=Casa Loma, A2=Casa Loma, A3=Casa Loma) final=\boxed{Casa Loma}
[1322/2417  54.7% elapsed=8m34s eta=7m06s] id=3hop1__389955_132457_47686 em=1 f1=1.00 tie=False err=False voters=(A1=Toronto Coach Terminal, A2=Toronto Coach Terminal, A3=Toronto Coach Terminal) final=\boxed{Toronto Coach Terminal}
[1323/2417  54.7% elapsed=8m35s eta=7m06s] id=3hop1__326941_366209_84283 em=1 f1=1.00 tie=False err=False voters=(A1=Warner Music Group, A2=Warner Music Group, A3=Warner Music Group) final=\boxed{Warner Music Group}
[1324/2417  54.8% elapsed=8m35s eta=7m05s] id=3hop1__838590_831637_91775 em=0 f1=0.00 tie=False err=False voters=(A1=Navy SEALs, A2=Sea, Air, and Land, A3=Navy SEALs) final=\boxed{Navy SEALs}
[1325/2417  54.8% elapsed=8m35s eta=7m05s] id=3hop1__617062_127905_48717 em=1 f1=1.00 tie=False err=False voters=(A1=Josh Beckett, A2=Josh Beckett, A3=Josh Beckett) final=\boxed{Josh Beckett}
[1326/2417  54.9% elapsed=8m35s eta=7m04s] id=3hop1__529164_567566_84283 em=0 f1=0.40 tie=False err=False voters=(A1=Warner Bros. Records, A2=Warner Bros. Records, A3=Warner Music Group) final=\boxed{Warner Bros. Records}
[1327/2417  54.9% elapsed=8m35s eta=7m03s] id=3hop1__459153_544076_84283 em=0 f1=0.40 tie=False err=False voters=(A1=Warner Bros. Records, A2=Warner Bros. Records, A3=Warner Bros. Records) final=\boxed{Warner Bros. Records}
[1328/2417  54.9% elapsed=8m36s eta=7m03s] id=3hop1__617062_127905_92225 em=0 f1=0.80 tie=False err=False voters=(A1=March 29, A2=March 29, A3=March 29) final=\boxed{March 29}
[1329/2417  55.0% elapsed=8m36s eta=7m02s] id=3hop1__816887_127905_80286 em=1 f1=1.00 tie=False err=False voters=(A1=Cleveland Indians, A2=Pete Rose, A3=Pete Rose) final=\boxed{Pete Rose}
[1330/2417  55.0% elapsed=8m36s eta=7m02s] id=3hop1__198276_709625_84283 em=1 f1=1.00 tie=False err=False voters=(A1=Warner Music Group, A2=Warner Music Group, A3=Warner Music Group) final=\boxed{Warner Music Group}
[1331/2417  55.1% elapsed=8m36s eta=7m01s] id=3hop1__390489_502967_84283 em=1 f1=1.00 tie=False err=False voters=(A1=Warner Music Group, A2=Warner Music Group, A3=Warner Music Group) final=\boxed{Warner Music Group}
[1332/2417  55.1% elapsed=8m36s eta=7m00s] id=3hop1__389761_567566_84283 em=0 f1=0.40 tie=False err=False voters=(A1=Warner Bros. Records, A2=Warner Bros. Records, A3=Warner Bros. Records) final=\boxed{Warner Bros. Records}
[1333/2417  55.2% elapsed=8m36s eta=7m00s] id=3hop1__617062_127905_46748 em=0 f1=0.00 tie=False err=False voters=(A1=22, A2=22, A3=22) final=\boxed{22}
[1334/2417  55.2% elapsed=8m37s eta=7m00s] id=3hop1__617062_127905_67954 em=1 f1=1.00 tie=False err=False voters=(A1=Alex Bregman, A2=Alex Bregman, A3=Alex Bregman) final=\boxed{Alex Bregman}
[1335/2417  55.2% elapsed=8m37s eta=6m59s] id=3hop1__617062_127905_80286 em=1 f1=1.00 tie=False err=False voters=(A1=Pete Rose, A2=Pete Rose, A3=Pete Rose) final=\boxed{Pete Rose}
[1336/2417  55.3% elapsed=8m38s eta=6m59s] id=3hop1__285585_538202_84283 em=0 f1=0.40 tie=False err=False voters=(A1=Warner Bros. Records, A2=Warner Bros. Records, A3=Warner Bros. Records) final=\boxed{Warner Bros. Records}
[1337/2417  55.3% elapsed=8m38s eta=6m58s] id=3hop1__699454_831637_91775 em=0 f1=0.00 tie=False err=False voters=(A1=Navy SEALs, A2=Navy SEALs, A3=Navy SEALs) final=\boxed{Navy SEALs}
[1338/2417  55.4% elapsed=8m38s eta=6m58s] id=3hop1__617062_127905_87812 em=0 f1=0.50 tie=False err=False voters=(A1=The opening day of the league that Jim W, A2=March, A3=March) final=\boxed{March}
[1339/2417  55.4% elapsed=8m38s eta=6m57s] id=3hop1__389069_132457_51423 em=1 f1=1.00 tie=False err=False voters=(A1=Casa Loma, A2=Unknown, A3=Casa Loma) final=\boxed{Casa Loma}
[1340/2417  55.4% elapsed=8m38s eta=6m57s] id=3hop1__337705_132457_47686 em=1 f1=1.00 tie=False err=False voters=(A1=Toronto Coach Terminal, A2=Toronto Coach Terminal, A3=Toronto Coach Terminal) final=\boxed{Toronto Coach Terminal}
[1341/2417  55.5% elapsed=8m38s eta=6m56s] id=3hop1__389069_132457_47686 em=1 f1=1.00 tie=False err=False voters=(A1=Toronto Coach Terminal, A2=Toronto Coach Terminal, A3=Toronto Coach Terminal) final=\boxed{Toronto Coach Terminal}
[1342/2417  55.5% elapsed=8m39s eta=6m55s] id=3hop1__401538_132457_51423 em=1 f1=1.00 tie=False err=False voters=(A1=Casa Loma, A2=Casa Loma, A3=Casa Loma) final=\boxed{Casa Loma}
[1343/2417  55.6% elapsed=8m39s eta=6m55s] id=3hop1__798544_514761_594810 em=0 f1=0.86 tie=False err=False voters=(A1=Warner Bros. Records Nashville, A2=Warner Bros. Records Nashville, A3=Warner Bros. Records Nashville) final=\boxed{Warner Bros. Records Nashville}
[1344/2417  55.6% elapsed=8m39s eta=6m55s] id=3hop1__726561_132457_47686 em=1 f1=1.00 tie=False err=False voters=(A1=Toronto Coach Terminal, A2=Toronto Coach Terminal, A3=Toronto Coach Terminal) final=\boxed{Toronto Coach Terminal}
[1345/2417  55.6% elapsed=8m40s eta=6m54s] id=3hop1__83970_685536_47686 em=1 f1=1.00 tie=False err=False voters=(A1=Toronto Coach Terminal, A2=Toronto Coach Terminal, A3=Toronto Coach Terminal) final=\boxed{Toronto Coach Terminal}
[1346/2417  55.7% elapsed=8m40s eta=6m54s] id=3hop1__389955_132457_51423 em=1 f1=1.00 tie=False err=False voters=(A1=Casa Loma, A2=Casa Loma, A3=Casa Loma) final=\boxed{Casa Loma}
[1347/2417  55.7% elapsed=8m40s eta=6m53s] id=3hop1__337705_132457_51423 em=1 f1=1.00 tie=False err=False voters=(A1=Casa Loma, A2=Casa Loma, A3=Casa Loma) final=\boxed{Casa Loma}
[1348/2417  55.8% elapsed=8m40s eta=6m53s] id=3hop1__401538_132457_47686 em=1 f1=1.00 tie=False err=False voters=(A1=Toronto Coach Terminal, A2=Toronto Coach Terminal, A3=Toronto Coach Terminal) final=\boxed{Toronto Coach Terminal}
[1349/2417  55.8% elapsed=8m40s eta=6m52s] id=3hop1__210639_147339_47686 em=1 f1=1.00 tie=False err=False voters=(A1=Toronto Coach Terminal, A2=Toronto Coach Terminal, A3=Toronto Coach Terminal) final=\boxed{Toronto Coach Terminal}
[1350/2417  55.9% elapsed=8m41s eta=6m52s] id=3hop1__617062_127905_86588 em=0 f1=0.33 tie=False err=False voters=(A1=582 feet, A2=575 feet, A3=575 feet) final=\boxed{575 feet}
[1351/2417  55.9% elapsed=8m41s eta=6m51s] id=3hop1__92788_648104_13493 em=1 f1=1.00 tie=False err=False voters=(A1=continental treble, A2=continental treble, A3=continental treble) final=\boxed{continental treble}
[1352/2417  55.9% elapsed=8m42s eta=6m51s] id=3hop1__617062_127905_89859 em=0 f1=0.00 tie=False err=False voters=(A1=April, A2=March 29, 2018, A3=April) final=\boxed{April}
[1353/2417  56.0% elapsed=8m43s eta=6m51s] id=3hop1__617062_127905_54974 em=0 f1=0.80 tie=False err=False voters=(A1=575 feet, A2=575 feet, A3=575 feet) final=\boxed{575 feet}
[1354/2417  56.0% elapsed=8m43s eta=6m51s] id=3hop1__617062_127905_80487 em=0 f1=0.33 tie=False err=False voters=(A1=July 17, 2018, A2=July 17, 2018, A3=July 11, 2017) final=\boxed{July 17, 2018}
[1355/2417  56.1% elapsed=8m44s eta=6m51s] id=3hop2__31398_2130_2232 em=0 f1=0.57 tie=False err=False voters=(A1=New York City FC, A2=New York Cosmos, A3=New York Cosmos) final=\boxed{New York Cosmos}
[1356/2417  56.1% elapsed=8m45s eta=6m51s] id=3hop1__305566_568433_51423 em=0 f1=0.00 tie=False err=False voters=(A1=Unknown, A2=Unknown, A3=Unknown) final=\boxed{Unknown}
[1357/2417  56.1% elapsed=8m45s eta=6m50s] id=3hop1__726561_132457_51423 em=1 f1=1.00 tie=False err=False voters=(A1=Casa Loma, A2=Casa Loma, A3=Casa Loma) final=\boxed{Casa Loma}
[1358/2417  56.2% elapsed=8m47s eta=6m51s] id=3hop1__90327_78276_68042 em=0 f1=0.67 tie=False err=False voters=(A1=2010, A2=2010, A3=2010) final=\boxed{2010}
[1359/2417  56.2% elapsed=8m48s eta=6m51s] id=3hop1__671542_665330_51423 em=1 f1=1.00 tie=False err=False voters=(A1=Casa Loma, A2=Casa Loma, A3=Casa Loma) final=\boxed{Casa Loma}
[1360/2417  56.3% elapsed=8m48s eta=6m51s] id=3hop1__617062_127905_46894 em=1 f1=1.00 tie=False err=False voters=(A1=Bill Bergen, A2=.170, A3=Bill Bergen) final=\boxed{Bill Bergen}
[1361/2417  56.3% elapsed=8m49s eta=6m50s] id=3hop1__506062_792411_51423 em=0 f1=0.00 tie=False err=False voters=(A1=Unknown, A2=Unknown, A3=Unknown) final=\boxed{Unknown}
[1362/2417  56.4% elapsed=8m49s eta=6m50s] id=3hop1__671542_665330_47686 em=1 f1=1.00 tie=False err=False voters=(A1=Toronto Coach Terminal, A2=Toronto Coach Terminal, A3=Toronto Coach Terminal) final=\boxed{Toronto Coach Terminal}
[1363/2417  56.4% elapsed=8m49s eta=6m49s] id=3hop1__458916_665330_47686 em=1 f1=1.00 tie=False err=False voters=(A1=Toronto Coach Terminal, A2=Toronto Coach Terminal, A3=Toronto Coach Terminal) final=\boxed{Toronto Coach Terminal}
[1364/2417  56.4% elapsed=8m50s eta=6m50s] id=3hop1__458916_651917_47686 em=0 f1=0.33 tie=False err=False voters=(A1=Philadelphia Greyhound Terminal, A2=Philadelphia Greyhound Terminal, A3=Toronto Coach Terminal) final=\boxed{Philadelphia Greyhound Terminal}
[1365/2417  56.5% elapsed=8m51s eta=6m49s] id=3hop1__602329_792411_51423 em=1 f1=1.00 tie=False err=False voters=(A1=New Castle Northwest, A2=Casa Loma, A3=Casa Loma) final=\boxed{Casa Loma}
[1366/2417  56.5% elapsed=8m51s eta=6m49s] id=3hop1__38738_73181_68042 em=0 f1=0.67 tie=False err=False voters=(A1=2010, A2=2010, A3=2010) final=\boxed{2010}
[1367/2417  56.6% elapsed=8m51s eta=6m48s] id=3hop1__458916_665330_51423 em=1 f1=1.00 tie=False err=False voters=(A1=Casa Loma, A2=Casa Loma, A3=Casa Loma) final=\boxed{Casa Loma}
[1368/2417  56.6% elapsed=8m52s eta=6m48s] id=3hop1__305566_568433_47686 em=0 f1=0.00 tie=False err=False voters=(A1=Philadelphia Greyhound Terminal, A2=Unknown, A3=Unknown) final=\boxed{Unknown}
[1369/2417  56.6% elapsed=8m52s eta=6m47s] id=3hop1__307152_400692_51423 em=1 f1=1.00 tie=False err=False voters=(A1=Casa Loma, A2=Casa Loma, A3=Casa Loma) final=\boxed{Casa Loma}
[1370/2417  56.7% elapsed=8m52s eta=6m47s] id=3hop1__254856_400692_51423 em=1 f1=1.00 tie=False err=False voters=(A1=Casa Loma, A2=Not enough information, A3=Casa Loma) final=\boxed{Casa Loma}
[1371/2417  56.7% elapsed=8m53s eta=6m47s] id=3hop1__862117_792411_51423 em=1 f1=1.00 tie=True err=False voters=(A1=Terringzean Castle, A2=Stauffenberg castle, A3=Casa Loma) final=\boxed{Casa Loma}
[1372/2417  56.8% elapsed=8m53s eta=6m46s] id=3hop1__572324_568433_51423 em=0 f1=0.00 tie=False err=False voters=(A1=Unknown, A2=Unknown, A3=Unknown) final=\boxed{Unknown}
[1373/2417  56.8% elapsed=8m53s eta=6m46s] id=3hop1__702699_792411_51423 em=1 f1=1.00 tie=False err=False voters=(A1=Casa Loma, A2=Casa Loma, A3=The birth city of the performer on the a) final=\boxed{Casa Loma}
[1374/2417  56.8% elapsed=8m55s eta=6m46s] id=3hop1__540585_568433_51423 em=1 f1=1.00 tie=False err=False voters=(A1=Casa Loma, A2=Casa Loma, A3=Casa Loma) final=\boxed{Casa Loma}
[1375/2417  56.9% elapsed=8m55s eta=6m46s] id=3hop2__38242_92991_76291 em=0 f1=0.00 tie=False err=False voters=(A1=1954, A2=1954, A3=1954) final=\boxed{1954}
[1376/2417  56.9% elapsed=8m56s eta=6m45s] id=3hop1__587540_514761_594810 em=0 f1=0.86 tie=False err=False voters=(A1=Warner Bros. Records Nashville, A2=Warner Bros. Records Nashville, A3=Warner Bros. Records Nashville) final=\boxed{Warner Bros. Records Nashville}
[1377/2417  57.0% elapsed=8m56s eta=6m45s] id=3hop1__86965_488922_4093 em=0 f1=0.00 tie=False err=False voters=(A1=five years, A2=five years, A3=five years) final=\boxed{five years}
[1378/2417  57.0% elapsed=8m57s eta=6m45s] id=3hop1__92991_73181_68042 em=0 f1=0.00 tie=False err=False voters=(A1=2014, A2=2014, A3=2014) final=\boxed{2014}
[1379/2417  57.1% elapsed=8m57s eta=6m44s] id=3hop2__89854_38738_76291 em=1 f1=1.00 tie=False err=False voters=(A1=January 2015, A2=January 2015, A3=2009) final=\boxed{January 2015}
[1380/2417  57.1% elapsed=8m57s eta=6m44s] id=3hop1__241001_568433_51423 em=0 f1=0.00 tie=False err=False voters=(A1=Unknown, A2=Unknown, A3=Unknown) final=\boxed{Unknown}
[1381/2417  57.1% elapsed=8m58s eta=6m44s] id=3hop1__699507_792411_51423 em=1 f1=1.00 tie=False err=False voters=(A1=Casa Loma, A2=Casa Loma, A3=Casa Loma) final=\boxed{Casa Loma}
[1382/2417  57.2% elapsed=8m58s eta=6m43s] id=3hop1__747772_514761_594810 em=0 f1=0.86 tie=False err=False voters=(A1=Warner Bros. Records Nashville, A2=Warner Bros. Records Nashville, A3=Warner Bros. Records Nashville) final=\boxed{Warner Bros. Records Nashville}
[1383/2417  57.2% elapsed=8m59s eta=6m43s] id=3hop1__241001_568433_47686 em=0 f1=0.50 tie=False err=False voters=(A1=Toronto Coach Terminal, A2=Toronto, A3=Toronto) final=\boxed{Toronto}
[1384/2417  57.3% elapsed=8m59s eta=6m43s] id=3hop2__92991_27069_76291 em=0 f1=0.67 tie=False err=False voters=(A1=2015, A2=2015, A3=2015) final=\boxed{2015}
[1385/2417  57.3% elapsed=9m00s eta=6m42s] id=3hop1__572324_568433_47686 em=1 f1=1.00 tie=False err=False voters=(A1=Toronto Coach Terminal, A2=Toronto Coach Terminal, A3=Toronto Coach Terminal) final=\boxed{Toronto Coach Terminal}
[1386/2417  57.3% elapsed=9m00s eta=6m42s] id=3hop2__87184_90327_76291 em=0 f1=0.67 tie=False err=False voters=(A1=2015, A3=2015) final=\boxed{2015}
[1387/2417  57.4% elapsed=9m00s eta=6m41s] id=3hop1__274148_792411_51423 em=0 f1=0.00 tie=False err=False voters=(A1=Unknown, A2=Unknown, A3=Unknown) final=\boxed{Unknown}
[1388/2417  57.4% elapsed=9m00s eta=6m41s] id=3hop1__36497_73181_68042 em=0 f1=0.67 tie=False err=False voters=(A1=2010, A2=2010, A3=2010) final=\boxed{2010}
[1389/2417  57.5% elapsed=9m01s eta=6m40s] id=3hop1__715607_792411_51423 em=0 f1=0.00 tie=False err=False voters=(A1=Katzenstein Castle, A2=unknown, A3=unknown) final=\boxed{unknown}
[1390/2417  57.5% elapsed=9m01s eta=6m40s] id=3hop2__27069_92991_76291 em=0 f1=0.67 tie=False err=False voters=(A1=2015, A2=2015, A3=2015) final=\boxed{2015}
[1391/2417  57.6% elapsed=9m01s eta=6m39s] id=3hop1__92991_78276_68042 em=0 f1=0.00 tie=False err=False voters=(A1=2014, A2=2015, A3=2015) final=\boxed{2015}
[1392/2417  57.6% elapsed=9m02s eta=6m39s] id=3hop1__38738_78276_68042 em=0 f1=0.67 tie=False err=False voters=(A1=2010, A2=2010, A3=2010) final=\boxed{2010}
[1393/2417  57.6% elapsed=9m02s eta=6m38s] id=3hop1__671542_651917_47686 em=1 f1=1.00 tie=False err=False voters=(A1=Toronto Coach Terminal, A2=Toronto Coach Terminal, A3=Toronto Coach Terminal) final=\boxed{Toronto Coach Terminal}
[1394/2417  57.7% elapsed=9m02s eta=6m38s] id=3hop2__72083_92991_76291 em=0 f1=0.00 tie=False err=False voters=(A1=1946, A2=1946, A3=1946) final=\boxed{1946}
[1395/2417  57.7% elapsed=9m02s eta=6m37s] id=3hop2__92991_87184_76291 em=0 f1=0.80 tie=False err=False voters=(A1=2015, A2=January 3, 2015, A3=January 3, 2015) final=\boxed{January 3, 2015}
[1396/2417  57.8% elapsed=9m03s eta=6m37s] id=3hop1__36497_78276_68042 em=0 f1=0.67 tie=False err=False voters=(A1=2010, A2=2010, A3=2010) final=\boxed{2010}
[1397/2417  57.8% elapsed=9m03s eta=6m37s] id=3hop1__90327_83076_319330 em=1 f1=1.00 tie=False err=False voters=(A1=Jessie Woodrow Wilson Sayre, A2=Jessie Woodrow Wilson Sayre, A3=Jessie Woodrow Wilson Sayre) final=\boxed{Jessie Woodrow Wilson Sayre}
[1398/2417  57.8% elapsed=9m03s eta=6m36s] id=3hop2__87184_38738_76291 em=0 f1=0.00 tie=False err=False voters=(A1=2010, A2=2009, A3=2010) final=\boxed{2010}
[1399/2417  57.9% elapsed=9m03s eta=6m35s] id=3hop2__87184_92991_76291 em=1 f1=1.00 tie=False err=False voters=(A1=January 2015, A2=January 2015, A3=January 2015) final=\boxed{January 2015}
[1400/2417  57.9% elapsed=9m04s eta=6m35s] id=3hop1__540585_568433_47686 em=1 f1=1.00 tie=False err=False voters=(A1=Toronto Coach Terminal, A2=Toronto Coach Terminal, A3=Not specified) final=\boxed{Toronto Coach Terminal}
[1401/2417  58.0% elapsed=9m05s eta=6m35s] id=3hop2__38326_92991_76291 em=0 f1=0.00 tie=False err=False voters=(A1=2014, A2=2014, A3=2014) final=\boxed{2014}
[1402/2417  58.0% elapsed=9m05s eta=6m35s] id=3hop2__831456_467331_162182 em=0 f1=0.00 tie=False err=False voters=(A1=Vietnam, A2=Vietnam, A3=Vietnam's Central Highlands and South Ce) final=\boxed{Vietnam}
[1403/2417  58.0% elapsed=9m06s eta=6m35s] id=3hop2__92991_38326_76291 em=0 f1=0.67 tie=False err=False voters=(A1=2015, A2=2015, A3=2015) final=\boxed{2015}
[1404/2417  58.1% elapsed=9m07s eta=6m35s] id=3hop2__87184_36497_76291 em=0 f1=0.00 tie=True err=False voters=(A1=2015, A3=2014) final=\boxed{2014}
[1405/2417  58.1% elapsed=9m07s eta=6m34s] id=3hop2__90327_87184_76291 em=0 f1=0.67 tie=False err=False voters=(A1=2015, A2=2015, A3=2015) final=\boxed{2015}
[1406/2417  58.2% elapsed=9m07s eta=6m34s] id=3hop1__408237_400692_51423 em=0 f1=0.00 tie=False err=False voters=(A1=Unknown, A3=Unknown) final=\boxed{Unknown}
[1407/2417  58.2% elapsed=9m08s eta=6m33s] id=3hop2__89854_36497_76291 em=0 f1=0.67 tie=False err=False voters=(A1=2015, A2=2015, A3=2015) final=\boxed{2015}
[1408/2417  58.3% elapsed=9m08s eta=6m33s] id=3hop1__132795_40769_64047 em=0 f1=0.25 tie=False err=False voters=(A1=2012, A2=March 2012, A3=March 2012) final=\boxed{March 2012}
[1409/2417  58.3% elapsed=9m08s eta=6m32s] id=3hop2__92991_89854_76291 em=0 f1=0.67 tie=False err=False voters=(A1=2015, A2=2015, A3=2015) final=\boxed{2015}
[1410/2417  58.3% elapsed=9m08s eta=6m32s] id=3hop2__92991_72083_76291 em=0 f1=0.00 tie=False err=False voters=(A1=1946, A2=1946, A3=1946) final=\boxed{1946}
[1411/2417  58.4% elapsed=9m08s eta=6m31s] id=3hop1__90327_73181_68042 em=0 f1=0.67 tie=False err=False voters=(A1=2010, A2=2010, A3=2010) final=\boxed{2010}
[1412/2417  58.4% elapsed=9m09s eta=6m31s] id=3hop2__90327_89854_76291 em=0 f1=0.67 tie=False err=False voters=(A1=2015, A2=2015, A3=January 3, 2015) final=\boxed{2015}
[1413/2417  58.5% elapsed=9m10s eta=6m31s] id=3hop1__593597_40769_64047 em=0 f1=0.29 tie=False err=False voters=(A1=2012, A2=2012, A3=2012) final=\boxed{2012}
[1414/2417  58.5% elapsed=9m11s eta=6m31s] id=3hop2__782397_223623_162182 em=1 f1=1.00 tie=False err=False voters=(A1=Central Coast region of Vietnam, A2=South Central Coast, A3=South Central Coast) final=\boxed{South Central Coast}
[1415/2417  58.5% elapsed=9m11s eta=6m30s] id=3hop2__855821_467331_162182 em=1 f1=1.00 tie=False err=False voters=(A1=South Central Coast, A2=South Central Coast, A3=South Central Coast) final=\boxed{South Central Coast}
[1416/2417  58.6% elapsed=9m11s eta=6m30s] id=3hop2__36497_89854_76291 em=1 f1=1.00 tie=False err=False voters=(A1=2015, A2=January 2015, A3=January 2015) final=\boxed{January 2015}
[1417/2417  58.6% elapsed=9m12s eta=6m29s] id=3hop1__379231_40769_64047 em=0 f1=0.29 tie=False err=False voters=(A1=2012, A2=2012, A3=2012) final=\boxed{2012}
[1418/2417  58.7% elapsed=9m12s eta=6m29s] id=3hop2__802066_223623_162182 em=1 f1=1.00 tie=False err=False voters=(A1=South Central Coast, A2=South Central Coast, A3=South Central Coast) final=\boxed{South Central Coast}
[1419/2417  58.7% elapsed=9m12s eta=6m29s] id=3hop1__76377_40769_64047 em=0 f1=0.29 tie=False err=False voters=(A1=2012, A2=2012, A3=2012) final=\boxed{2012}
[1420/2417  58.8% elapsed=9m12s eta=6m28s] id=3hop1__595371_40769_64047 em=0 f1=0.29 tie=False err=False voters=(A1=2012, A2=2012, A3=2012) final=\boxed{2012}
[1421/2417  58.8% elapsed=9m13s eta=6m28s] id=3hop2__92991_38242_76291 em=0 f1=0.00 tie=False err=False voters=(A1=1954, A2=1954, A3=1954) final=\boxed{1954}
[1422/2417  58.8% elapsed=9m14s eta=6m27s] id=3hop2__831456_223623_162182 em=0 f1=0.25 tie=False err=False voters=(A1=Central Highlands region of Vietnam, A2=Central Highlands region of Vietnam, A3=Central Highlands region of Vietnam) final=\boxed{Central Highlands region of Vietnam}
[1423/2417  58.9% elapsed=9m14s eta=6m27s] id=3hop1__483843_40769_64047 em=0 f1=0.29 tie=False err=False voters=(A1=2012, A2=2012, A3=2012) final=\boxed{2012}
[1424/2417  58.9% elapsed=9m14s eta=6m26s] id=3hop1__132798_40769_64047 em=0 f1=0.29 tie=False err=False voters=(A1=2012, A2=2012, A3=2012) final=\boxed{2012}
[1425/2417  59.0% elapsed=9m14s eta=6m26s] id=3hop2__569322_223623_162182 em=1 f1=1.00 tie=False err=False voters=(A1=South Central Coast, A2=South Central Coast, A3=South Central Coast) final=\boxed{South Central Coast}
[1426/2417  59.0% elapsed=9m14s eta=6m25s] id=3hop1__800948_40769_64047 em=0 f1=0.25 tie=False err=False voters=(A1=March 2012, A2=2012, A3=March 2012) final=\boxed{March 2012}
[1427/2417  59.0% elapsed=9m15s eta=6m25s] id=3hop2__607269_467331_162182 em=0 f1=0.00 tie=False err=False voters=(A1=Northeast region of Vietnam, A2=Northeast region of Vietnam, A3=Northeast region of Vietnam) final=\boxed{Northeast region of Vietnam}
[1428/2417  59.1% elapsed=9m15s eta=6m24s] id=3hop2__28727_92991_76291 em=0 f1=0.00 tie=False err=False voters=(A1=2011, A3=2011) final=\boxed{2011}
[1429/2417  59.1% elapsed=9m15s eta=6m24s] id=3hop2__89854_92991_76291 em=0 f1=0.67 tie=False err=False voters=(A1=2015, A3=2015) final=\boxed{2015}
[1430/2417  59.2% elapsed=9m16s eta=6m24s] id=3hop1__132968_40769_64047 em=0 f1=0.29 tie=False err=False voters=(A1=2012, A2=2012, A3=2012) final=\boxed{2012}
[1431/2417  59.2% elapsed=9m16s eta=6m23s] id=3hop2__222979_132628_40768 em=0 f1=0.00 tie=False err=False voters=(A1=early 1980s, A2=early 1980s, A3=early 1980s) final=\boxed{early 1980s}
[1432/2417  59.2% elapsed=9m17s eta=6m23s] id=3hop1__222979_40769_64047 em=0 f1=0.29 tie=False err=False voters=(A1=2012, A2=2012, A3=Cannot determine) final=\boxed{2012}
[1433/2417  59.3% elapsed=9m17s eta=6m23s] id=3hop2__89854_90327_76291 em=0 f1=0.67 tie=False err=False voters=(A1=2015, A3=2015) final=\boxed{2015}
[1434/2417  59.3% elapsed=9m18s eta=6m22s] id=3hop2__132957_483843_40768 em=1 f1=1.00 tie=False err=False voters=(A1=1981, A2=1981, A3=1981) final=\boxed{1981}
[1435/2417  59.4% elapsed=9m18s eta=6m22s] id=3hop2__132957_800948_40768 em=0 f1=0.00 tie=False err=False voters=(A1=early 1980s, A2=early 1980s, A3=early 1980s) final=\boxed{early 1980s}
[1436/2417  59.4% elapsed=9m20s eta=6m22s] id=3hop1__52222_40769_64047 em=0 f1=0.25 tie=False err=False voters=(A1=March 2012, A2=March 2012, A3=March 2012) final=\boxed{March 2012}
[1437/2417  59.5% elapsed=9m21s eta=6m23s] id=3hop2__222979_133099_40768 em=0 f1=0.00 tie=False err=False voters=(A1=early 1980s, A2=early 1980s, A3=early 1980s) final=\boxed{early 1980s}
[1438/2417  59.5% elapsed=9m22s eta=6m23s] id=3hop2__132957_222979_40768 em=0 f1=0.00 tie=False err=False voters=(A1=early 1980s, A2=early 1980s, A3=early 1980s) final=\boxed{early 1980s}
[1439/2417  59.5% elapsed=9m22s eta=6m22s] id=3hop2__222979_840908_40768 em=0 f1=0.00 tie=False err=False voters=(A1=early 1980s, A2=early 1980s, A3=early 1980s) final=\boxed{early 1980s}
[1440/2417  59.6% elapsed=9m22s eta=6m22s] id=3hop2__132957_433432_40768 em=0 f1=0.00 tie=False err=False voters=(A1=1981, A2=early 1980s, A3=early 1980s) final=\boxed{early 1980s}
[1441/2417  59.6% elapsed=9m23s eta=6m21s] id=3hop2__222979_132477_40768 em=0 f1=0.00 tie=False err=False voters=(A1=early 1980s, A2=early 1980s, A3=early 1980s) final=\boxed{early 1980s}
[1442/2417  59.7% elapsed=9m24s eta=6m21s] id=3hop2__781093_223623_162182 em=1 f1=1.00 tie=False err=False voters=(A1=South Central Coast, A2=South Central Coast, A3=Northeast) final=\boxed{South Central Coast}
[1443/2417  59.7% elapsed=9m24s eta=6m20s] id=3hop2__92991_28727_76291 em=0 f1=0.00 tie=False err=False voters=(A1=2014, A2=2010, A3=2014) final=\boxed{2014}
[1444/2417  59.7% elapsed=9m24s eta=6m20s] id=3hop2__132957_132967_40768 em=0 f1=0.00 tie=False err=False voters=(A1=early 1980s, A2=early 1980s, A3=early 1980s) final=\boxed{early 1980s}
[1445/2417  59.8% elapsed=9m25s eta=6m20s] id=3hop2__132957_133264_40768 em=0 f1=0.00 tie=False err=False voters=(A1=early 1980s, A2=early 1980s, A3=early 1980s) final=\boxed{early 1980s}
[1446/2417  59.8% elapsed=9m25s eta=6m19s] id=2hop__50068_494136 em=0 f1=0.00 tie=False err=False voters=(A1=Unknown, A2=Unknown, A3=Unknown) final=\boxed{Unknown}
[1447/2417  59.9% elapsed=9m25s eta=6m19s] id=3hop2__222979_380281_40768 em=0 f1=0.00 tie=False err=False voters=(A1=early 1980s, A2=early 1980s, A3=early 1980s) final=\boxed{early 1980s}
[1448/2417  59.9% elapsed=9m25s eta=6m18s] id=3hop2__132957_379231_40768 em=0 f1=0.00 tie=False err=False voters=(A1=early 1980s, A2=early 1980s, A3=early 1980s) final=\boxed{early 1980s}
[1449/2417  60.0% elapsed=9m25s eta=6m17s] id=3hop1__140855_2053_52946 em=1 f1=1.00 tie=False err=False voters=(A1=February 7, 2018, A2=February 7, 2018, A3=early 2018) final=\boxed{February 7, 2018}
[1450/2417  60.0% elapsed=9m25s eta=6m17s] id=3hop1__120881_2053_52946 em=0 f1=0.80 tie=False err=False voters=(A1=CBS, A2=February 2018, A3=February 2018) final=\boxed{February 2018}
[1451/2417  60.0% elapsed=9m25s eta=6m16s] id=3hop2__132957_593597_40768 em=0 f1=0.00 tie=False err=False voters=(A1=early 1980s, A2=early 1980s, A3=early 1980s) final=\boxed{early 1980s}
[1452/2417  60.1% elapsed=9m25s eta=6m16s] id=3hop2__855821_223623_162182 em=0 f1=0.40 tie=False err=False voters=(A1=Central Highlands, A2=Central Highlands, A3=Central Highlands) final=\boxed{Central Highlands}
[1453/2417  60.1% elapsed=9m26s eta=6m15s] id=3hop2__132957_295815_40768 em=0 f1=0.00 tie=False err=False voters=(A1=1981, A2=1980s, A3=1980s) final=\boxed{1980s}
[1454/2417  60.2% elapsed=9m26s eta=6m15s] id=3hop1__51933_40769_64047 em=0 f1=0.29 tie=False err=False voters=(A1=2012, A3=2012) final=\boxed{2012}
[1455/2417  60.2% elapsed=9m26s eta=6m14s] id=3hop2__132957_76377_40768 em=1 f1=1.00 tie=False err=False voters=(A1=1981, A3=1981) final=\boxed{1981}
[1456/2417  60.2% elapsed=9m26s eta=6m14s] id=3hop1__133292_40769_64047 em=0 f1=0.29 tie=False err=False voters=(A1=2012, A2=2012, A3=2012) final=\boxed{2012}
[1457/2417  60.3% elapsed=9m27s eta=6m14s] id=3hop2__222979_132957_40768 em=0 f1=0.00 tie=False err=False voters=(A1=1980s, A2=1980s, A3=1980s) final=\boxed{1980s}
[1458/2417  60.3% elapsed=9m27s eta=6m13s] id=3hop2__132957_132968_40768 em=0 f1=0.00 tie=False err=False voters=(A1=1980s, A2=1980s, A3=1980s) final=\boxed{1980s}
[1459/2417  60.4% elapsed=9m27s eta=6m13s] id=3hop2__565959_467331_162182 em=1 f1=1.00 tie=False err=False voters=(A1=South Central Coast, A2=South Central Coast, A3=South Central Coast) final=\boxed{South Central Coast}
[1460/2417  60.4% elapsed=9m28s eta=6m12s] id=3hop2__132957_132798_40768 em=0 f1=0.00 tie=False err=False voters=(A1=early 1980s, A2=early 1980s, A3=early 1980s) final=\boxed{early 1980s}
[1461/2417  60.4% elapsed=9m28s eta=6m11s] id=3hop2__792915_467331_162182 em=1 f1=1.00 tie=False err=False voters=(A1=South Central Coast, A2=South Central Coast, A3=South Central Coast) final=\boxed{South Central Coast}
[1462/2417  60.5% elapsed=9m28s eta=6m11s] id=3hop2__132957_595371_40768 em=0 f1=0.00 tie=False err=False voters=(A1=early 1980s, A2=early 1980s, A3=early 1980s) final=\boxed{early 1980s}
[1463/2417  60.5% elapsed=9m28s eta=6m10s] id=3hop1__751782_2053_52946 em=0 f1=0.00 tie=False err=False voters=(A1=ABC, A2=ABC, A3=CBS) final=\boxed{ABC}
[1464/2417  60.6% elapsed=9m28s eta=6m10s] id=3hop2__668732_223623_162182 em=0 f1=0.00 tie=False err=False voters=(A1=Mekong Delta region of Vietnam, A2=South Central Coast, A3=Mekong Delta region of Vietnam) final=\boxed{Mekong Delta region of Vietnam}
[1465/2417  60.6% elapsed=9m28s eta=6m09s] id=3hop2__565959_223623_162182 em=1 f1=1.00 tie=False err=False voters=(A1=Vietnam, A2=South Central Coast, A3=South Central Coast) final=\boxed{South Central Coast}
[1466/2417  60.7% elapsed=9m29s eta=6m09s] id=3hop2__222979_133154_40768 em=0 f1=0.00 tie=False err=False voters=(A1=1981, A2=1970s, A3=1970s) final=\boxed{1970s}
[1467/2417  60.7% elapsed=9m29s eta=6m08s] id=3hop1__132967_40769_64047 em=0 f1=0.29 tie=False err=False voters=(A1=2012, A2=2012, A3=2012) final=\boxed{2012}
[1468/2417  60.7% elapsed=9m29s eta=6m08s] id=3hop2__782397_467331_162182 em=1 f1=1.00 tie=False err=False voters=(A1=South Central Coast, A2=South Central Coast, A3=South Central Coast) final=\boxed{South Central Coast}
[1469/2417  60.8% elapsed=9m29s eta=6m07s] id=3hop2__607269_223623_162182 em=0 f1=0.00 tie=False err=False voters=(A1=Northeast region of Vietnam, A2=Northeast region of Vietnam, A3=Northeast region of Vietnam) final=\boxed{Northeast region of Vietnam}
[1470/2417  60.8% elapsed=9m30s eta=6m07s] id=3hop2__569322_467331_162182 em=0 f1=0.00 tie=False err=False voters=(A1=Vietnam, A2=Vietnam, A3=Vietnam) final=\boxed{Vietnam}
[1471/2417  60.9% elapsed=9m30s eta=6m06s] id=3hop2__132957_133292_40768 em=1 f1=1.00 tie=False err=False voters=(A1=1981, A2=1981, A3=1983) final=\boxed{1981}
[1472/2417  60.9% elapsed=9m30s eta=6m06s] id=3hop2__792915_223623_162182 em=1 f1=1.00 tie=False err=False voters=(A1=South Central Coast, A2=South Central Coast, A3=South Central Coast) final=\boxed{South Central Coast}
[1473/2417  60.9% elapsed=9m30s eta=6m05s] id=3hop2__655849_467331_162182 em=1 f1=1.00 tie=False err=False voters=(A1=South Central Coast, A2=South Central Coast, A3=South Central Coast) final=\boxed{South Central Coast}
[1474/2417  61.0% elapsed=9m30s eta=6m05s] id=3hop2__222979_132536_40768 em=0 f1=0.00 tie=False err=False voters=(A1=early 1980s, A2=early 1980s, A3=early 1980s) final=\boxed{early 1980s}
[1475/2417  61.0% elapsed=9m30s eta=6m04s] id=3hop1__140345_2053_5289 em=1 f1=1.00 tie=False err=False voters=(A1=Oriole Records, A2=Oriole Records, A3=Oriole Records) final=\boxed{Oriole Records}
[1476/2417  61.1% elapsed=9m31s eta=6m04s] id=3hop2__132957_52222_40768 em=0 f1=0.00 tie=False err=False voters=(A1=early 1980s, A2=early 1980s, A3=early 1980s) final=\boxed{early 1980s}
[1477/2417  61.1% elapsed=9m31s eta=6m03s] id=3hop1__140994_2053_52946 em=1 f1=1.00 tie=False err=False voters=(A1=CBS, A2=February 7, 2018, A3=February 7, 2018) final=\boxed{February 7, 2018}
[1478/2417  61.2% elapsed=9m31s eta=6m03s] id=3hop1__652852_2053_52946 em=0 f1=0.50 tie=False err=False voters=(A1=2018, A2=2018, A3=2018) final=\boxed{2018}
[1479/2417  61.2% elapsed=9m31s eta=6m02s] id=3hop1__140786_2053_5289 em=1 f1=1.00 tie=False err=False voters=(A1=Oriole Records, A2=Oriole Records, A3=Oriole Records) final=\boxed{Oriole Records}
[1480/2417  61.2% elapsed=9m33s eta=6m03s] id=3hop2__668732_467331_162182 em=1 f1=1.00 tie=False err=False voters=(A1=South Central Coast, A2=South Central Coast, A3=South Central Coast) final=\boxed{South Central Coast}
[1481/2417  61.3% elapsed=9m33s eta=6m02s] id=3hop2__655849_223623_162182 em=0 f1=0.44 tie=True err=False voters=(A1=South Central Coast region of Vietnam, A2=South Central Coast, A3=North Central Coast region of Vietnam) final=\boxed{North Central Coast region of Vietnam}
[1482/2417  61.3% elapsed=9m34s eta=6m02s] id=3hop1__141138_2053_5289 em=1 f1=1.00 tie=False err=False voters=(A1=Sony Music, A2=Oriole Records, A3=Oriole Records) final=\boxed{Oriole Records}
[1483/2417  61.4% elapsed=9m34s eta=6m02s] id=3hop1__140554_2053_5289 em=1 f1=1.00 tie=False err=False voters=(A1=Oriole Records, A2=Oriole Records, A3=Oriole Records) final=\boxed{Oriole Records}
[1484/2417  61.4% elapsed=9m34s eta=6m01s] id=3hop1__295815_40769_64047 em=0 f1=0.29 tie=False err=False voters=(A1=2011, A2=2012, A3=2012) final=\boxed{2012}
[1485/2417  61.4% elapsed=9m35s eta=6m01s] id=3hop2__781093_467331_162182 em=0 f1=0.00 tie=False err=False voters=(A1=Northeast region of Vietnam, A2=South Central Coast, A3=Northeast region of Vietnam) final=\boxed{Northeast region of Vietnam}
[1486/2417  61.5% elapsed=9m35s eta=6m00s] id=3hop1__545624_2053_5289 em=1 f1=1.00 tie=False err=False voters=(A1=Oriole Records, A2=Oriole Records, A3=Oriole Records) final=\boxed{Oriole Records}
[1487/2417  61.5% elapsed=9m36s eta=6m00s] id=3hop1__140855_2053_5289 em=1 f1=1.00 tie=False err=False voters=(A1=CBS, A2=Oriole Records, A3=Oriole Records) final=\boxed{Oriole Records}
[1488/2417  61.6% elapsed=9m36s eta=6m00s] id=3hop1__545624_2053_52946 em=1 f1=1.00 tie=False err=False voters=(A1=CBS, A2=February 7, 2018, A3=February 7, 2018) final=\boxed{February 7, 2018}
[1489/2417  61.6% elapsed=9m37s eta=6m00s] id=3hop1__140786_2053_52946 em=1 f1=1.00 tie=False err=False voters=(A1=February 7, 2018, A2=February 7, 2018, A3=February 7, 2018) final=\boxed{February 7, 2018}
[1490/2417  61.6% elapsed=9m37s eta=5m59s] id=3hop1__652852_2053_5289 em=1 f1=1.00 tie=False err=False voters=(A1=Oriole Records, A2=Oriole Records, A3=Oriole Records) final=\boxed{Oriole Records}
[1491/2417  61.7% elapsed=9m38s eta=5m59s] id=3hop1__140994_2053_5289 em=1 f1=1.00 tie=False err=False voters=(A1=Oriole Records, A2=Oriole Records, A3=Oriole Records) final=\boxed{Oriole Records}
[1492/2417  61.7% elapsed=9m38s eta=5m58s] id=3hop1__140345_2053_52946 em=0 f1=0.00 tie=True err=False voters=(A1=CBS, A2=February 2018, A3=Winter of 2017-18) final=\boxed{Winter of 2017-18}
[1493/2417  61.8% elapsed=9m38s eta=5m58s] id=3hop2__304722_689786_63959 em=0 f1=0.00 tie=True err=False voters=(A1=1963, A3=Unknown) final=\boxed{Unknown}
[1494/2417  61.8% elapsed=9m38s eta=5m57s] id=3hop1__140514_2053_5289 em=1 f1=1.00 tie=False err=False voters=(A1=Oriole Records, A2=Oriole Records, A3=Oriole Records) final=\boxed{Oriole Records}
[1495/2417  61.9% elapsed=9m40s eta=5m58s] id=3hop1__120881_2053_5289 em=1 f1=1.00 tie=False err=False voters=(A1=EMI, A2=Oriole Records, A3=Oriole Records) final=\boxed{Oriole Records}
[1496/2417  61.9% elapsed=9m40s eta=5m57s] id=3hop1__141138_2053_52946 em=1 f1=1.00 tie=False err=False voters=(A1=February 7, 2018, A2=February 7, 2018, A3=February 7, 2018) final=\boxed{February 7, 2018}
[1497/2417  61.9% elapsed=9m40s eta=5m57s] id=3hop1__140554_2053_52946 em=0 f1=0.00 tie=False err=False voters=(A1=CBS, A2=Winter of the 2017-18 network television, A3=Winter of the 2017-18 network television) final=\boxed{Winter of the 2017-18 network television season}
[1498/2417  62.0% elapsed=9m41s eta=5m56s] id=3hop2__132957_51933_40768 em=1 f1=1.00 tie=False err=False voters=(A1=1981, A3=1981) final=\boxed{1981}
[1499/2417  62.0% elapsed=9m42s eta=5m56s] id=3hop1__751782_2053_5289 em=1 f1=1.00 tie=False err=False voters=(A1=Oriole Records, A2=Oriole Records, A3=Oriole Records) final=\boxed{Oriole Records}
[1500/2417  62.1% elapsed=9m43s eta=5m56s] id=3hop1__584774_131926_87157 em=0 f1=0.00 tie=False err=False voters=(A1=southward, A2=southward, A3=southward) final=\boxed{southward}
[1501/2417  62.1% elapsed=9m43s eta=5m56s] id=3hop1__139862_2053_5289 em=1 f1=1.00 tie=False err=False voters=(A1=Oriole Records, A2=Oriole Records, A3=Oriole Records) final=\boxed{Oriole Records}
[1502/2417  62.1% elapsed=9m43s eta=5m55s] id=3hop1__106239_650651_7262 em=0 f1=0.00 tie=False err=False voters=(A1=Johnny Dare, A2=Johnny Dare, A3=Walter Sabo) final=\boxed{Johnny Dare}
[1503/2417  62.2% elapsed=9m44s eta=5m55s] id=3hop1__635099_131926_87157 em=0 f1=0.00 tie=False err=False voters=(A1=south, A2=from north to south, A3=south) final=\boxed{south}
[1504/2417  62.2% elapsed=9m44s eta=5m54s] id=3hop1__104237_214799_259594 em=0 f1=0.00 tie=False err=False voters=(A1=DE, A2=DE, A3=DE) final=\boxed{DE}
[1505/2417  62.3% elapsed=9m44s eta=5m54s] id=3hop1__139862_2053_52946 em=0 f1=0.00 tie=False err=False voters=(A1=CBS, A2=CBS, A3=CBS) final=\boxed{CBS}
[1506/2417  62.3% elapsed=9m44s eta=5m53s] id=3hop1__131783_131926_89261 em=0 f1=0.80 tie=False err=False voters=(A1=Mississippi River, A2=Mississippi River, A3=Gulf of Mexico) final=\boxed{Mississippi River}
[1507/2417  62.4% elapsed=9m44s eta=5m53s] id=3hop1__152880_131926_89261 em=0 f1=0.00 tie=False err=False voters=(A1=Gulf of Mexico, A2=Gulf of Mexico, A3=Gulf of Mexico) final=\boxed{Gulf of Mexico}
[1508/2417  62.4% elapsed=9m45s eta=5m53s] id=3hop1__103180_214799_259594 em=1 f1=1.00 tie=False err=False voters=(A1=East Germany, A2=Germany, A3=East Germany) final=\boxed{East Germany}
[1509/2417  62.4% elapsed=9m46s eta=5m52s] id=3hop1__103254_214799_259594 em=1 f1=1.00 tie=False err=False voters=(A1=East Germany, A2=East Germany, A3=East Germany) final=\boxed{East Germany}
[1510/2417  62.5% elapsed=9m46s eta=5m52s] id=3hop1__79039_131926_87157 em=0 f1=0.00 tie=False err=False voters=(A1=southward, A2=southward, A3=southward) final=\boxed{southward}
[1511/2417  62.5% elapsed=9m46s eta=5m51s] id=3hop1__377943_650651_7262 em=0 f1=0.00 tie=False err=False voters=(A1=Tom Parker, A2=Tom Parker, A3=Tom Parker) final=\boxed{Tom Parker}
[1512/2417  62.6% elapsed=9m47s eta=5m51s] id=3hop1__103197_214799_259594 em=1 f1=1.00 tie=False err=False voters=(A1=East Germany, A2=East Germany, A3=East Germany) final=\boxed{East Germany}
[1513/2417  62.6% elapsed=9m47s eta=5m51s] id=3hop1__102087_214799_259594 em=0 f1=0.00 tie=False err=False voters=(A1=DDR, A2=DDR, A3=DDR) final=\boxed{DDR}
[1514/2417  62.6% elapsed=9m48s eta=5m51s] id=3hop1__79039_131926_13165 em=0 f1=0.40 tie=False err=False voters=(A1=Treaty of Guadalupe Hidalgo, A2=Oregon Treaty, A3=Oregon Treaty) final=\boxed{Oregon Treaty}
[1515/2417  62.7% elapsed=9m49s eta=5m51s] id=3hop1__152880_131926_87157 em=0 f1=0.00 tie=False err=False voters=(A1=southward, A2=southward, A3=southward) final=\boxed{southward}
[1516/2417  62.7% elapsed=9m49s eta=5m50s] id=3hop1__133264_40769_64047 em=0 f1=0.29 tie=False err=False voters=(A1=2012, A2=2011, A3=2012) final=\boxed{2012}
[1517/2417  62.8% elapsed=9m50s eta=5m50s] id=3hop1__635099_131926_89261 em=0 f1=0.00 tie=False err=False voters=(A1=Gulf of Mexico, A2=Gulf of Mexico, A3=Mississippi River) final=\boxed{Gulf of Mexico}
[1518/2417  62.8% elapsed=9m50s eta=5m49s] id=3hop2__90098_76623_10557 em=0 f1=0.67 tie=False err=False voters=(A1=Latin, A2=Latin, A3=Latin) final=\boxed{Latin}
[1519/2417  62.8% elapsed=9m50s eta=5m49s] id=3hop1__131783_131926_90707 em=0 f1=0.00 tie=False err=False voters=(A1=Mississippi River, A2=Mississippi River, A3=Mississippi River) final=\boxed{Mississippi River}
[1520/2417  62.9% elapsed=9m51s eta=5m49s] id=3hop1__79039_131926_90707 em=0 f1=0.57 tie=False err=False voters=(A1=Cairo, Illinois, A2=Cairo, Illinois, A3=Cairo, Illinois) final=\boxed{Cairo, Illinois}
[1521/2417  62.9% elapsed=9m51s eta=5m48s] id=3hop1__157177_625046_613900 em=0 f1=0.00 tie=False err=False voters=(A1=Missouri, A2=Missouri, A3=Missouri) final=\boxed{Missouri}
[1522/2417  63.0% elapsed=9m51s eta=5m48s] id=3hop2__90098_91678_10557 em=0 f1=0.67 tie=False err=False voters=(A1=Latin, A2=Latin, A3=Latin) final=\boxed{Latin}
[1523/2417  63.0% elapsed=9m51s eta=5m47s] id=3hop2__90098_156850_10557 em=1 f1=1.00 tie=False err=False voters=(A1=Medieval Latin, A2=Medieval Latin, A3=Medieval Latin) final=\boxed{Medieval Latin}
[1524/2417  63.1% elapsed=9m52s eta=5m47s] id=3hop2__84553_90098_10557 em=1 f1=1.00 tie=False err=False voters=(A1=Medieval Latin, A2=Medieval Latin, A3=Medieval Latin) final=\boxed{Medieval Latin}
[1525/2417  63.1% elapsed=9m52s eta=5m46s] id=3hop1__664835_650651_7262 em=0 f1=0.00 tie=False err=False voters=(A1=Johnny Dare, A2=Johnny Dare, A3=Johnny Dare) final=\boxed{Johnny Dare}
[1526/2417  63.1% elapsed=9m52s eta=5m46s] id=3hop1__321720_650651_7262 em=0 f1=0.00 tie=False err=False voters=(A1=Johnny Dare, A2=Johnny Dare, A3=Johnny Dare) final=\boxed{Johnny Dare}
[1527/2417  63.2% elapsed=9m52s eta=5m45s] id=3hop1__174833_650651_7262 em=0 f1=0.00 tie=False err=False voters=(A1=Alison 'Ali' Vincent, A2=Dan Daniel, A3=Dan Daniel) final=\boxed{Dan Daniel}
[1528/2417  63.2% elapsed=9m52s eta=5m45s] id=3hop2__90098_84553_10557 em=0 f1=0.67 tie=False err=False voters=(A1=Latin, A2=Latin, A3=Latin) final=\boxed{Latin}
[1529/2417  63.3% elapsed=9m52s eta=5m44s] id=3hop1__152880_131926_90707 em=0 f1=0.57 tie=False err=False voters=(A1=Cairo, Illinois, A2=Cairo, Illinois, A3=Cairo, Illinois) final=\boxed{Cairo, Illinois}
[1530/2417  63.3% elapsed=9m52s eta=5m43s] id=3hop2__88342_93066_90766 em=0 f1=0.00 tie=False err=False voters=(A1=2017, A2=2017, A3=2017) final=\boxed{2017}
[1531/2417  63.3% elapsed=9m53s eta=5m43s] id=3hop2__125104_90098_10557 em=0 f1=0.40 tie=False err=False voters=(A1=Latin adjective 'silvestris', A2=Latin adjective 'silvestris', A3=Latin adjective 'silvestris') final=\boxed{Latin adjective 'silvestris'}
[1532/2417  63.4% elapsed=9m53s eta=5m42s] id=3hop2__156850_90098_10557 em=1 f1=1.00 tie=False err=False voters=(A1=Medieval Latin, A2=Classical Latin, A3=Medieval Latin) final=\boxed{Medieval Latin}
[1533/2417  63.4% elapsed=9m53s eta=5m42s] id=3hop2__90098_125104_10557 em=1 f1=1.00 tie=False err=False voters=(A1=Medieval Latin, A2=Medieval Latin, A3=Medieval Latin) final=\boxed{Medieval Latin}
[1534/2417  63.5% elapsed=9m53s eta=5m41s] id=3hop1__635099_131926_90707 em=0 f1=0.57 tie=False err=False voters=(A1=Mississippi River, A2=Cairo, Illinois, A3=Cairo, Illinois) final=\boxed{Cairo, Illinois}
[1535/2417  63.5% elapsed=9m53s eta=5m41s] id=3hop2__90098_60649_10557 em=0 f1=0.67 tie=False err=False voters=(A1=Latin, A2=Latin, A3=Latin) final=\boxed{Latin}
[1536/2417  63.5% elapsed=9m54s eta=5m40s] id=3hop1__532517_214799_259594 em=1 f1=1.00 tie=False err=False voters=(A1=Germany, A2=East Germany, A3=East Germany) final=\boxed{East Germany}
[1537/2417  63.6% elapsed=9m54s eta=5m40s] id=3hop2__90098_79978_10557 em=0 f1=0.67 tie=False err=False voters=(A1=Latin, A2=Latin, A3=Latin) final=\boxed{Latin}
[1538/2417  63.6% elapsed=9m55s eta=5m40s] id=3hop1__79039_131926_89261 em=0 f1=0.40 tie=False err=False voters=(A1=The Perdido River, A2=Perdido River, A3=Perdido River) final=\boxed{Perdido River}
[1539/2417  63.7% elapsed=9m55s eta=5m40s] id=3hop2__60649_90098_10557 em=0 f1=0.67 tie=False err=False voters=(A1=Latin, A2=Latin, A3=Latin) final=\boxed{Latin}
[1540/2417  63.7% elapsed=9m55s eta=5m39s] id=3hop2__93066_88342_47738 em=0 f1=0.00 tie=False err=False voters=(A1=2017, A2=2017, A3=2012) final=\boxed{2017}
[1541/2417  63.8% elapsed=9m56s eta=5m39s] id=3hop2__88342_93066_47738 em=0 f1=0.00 tie=False err=False voters=(A1=2017, A2=2017, A3=2017) final=\boxed{2017}
[1542/2417  63.8% elapsed=9m56s eta=5m38s] id=3hop2__90098_19639_10557 em=1 f1=1.00 tie=False err=False voters=(A1=Medieval Latin, A2=Medieval Latin, A3=Medieval Latin) final=\boxed{Medieval Latin}
[1543/2417  63.8% elapsed=9m56s eta=5m38s] id=3hop1__635099_131926_13165 em=1 f1=1.00 tie=False err=False voters=(A1=Treaty of Paris, A2=Treaty of Paris, A3=Louisiana Purchase) final=\boxed{Treaty of Paris}
[1544/2417  63.9% elapsed=9m56s eta=5m37s] id=3hop2__76623_90098_10557 em=1 f1=1.00 tie=False err=False voters=(A1=Medieval Latin, A2=Medieval Latin, A3=Medieval Latin) final=\boxed{Medieval Latin}
[1545/2417  63.9% elapsed=9m57s eta=5m37s] id=3hop2__19639_90098_10557 em=1 f1=1.00 tie=False err=False voters=(A1=Medieval Latin, A2=Medieval Latin, A3=Medieval Latin) final=\boxed{Medieval Latin}
[1546/2417  64.0% elapsed=9m58s eta=5m37s] id=3hop1__21282_692112_236857 em=0 f1=0.67 tie=False err=False voters=(A1=Germany, A2=Germany, A3=Germany) final=\boxed{Germany}
[1547/2417  64.0% elapsed=9m58s eta=5m37s] id=3hop1__131783_131926_13165 em=0 f1=0.57 tie=False err=False voters=(A1=Treaty of Guadalupe Hidalgo, A2=Treaty of Guadalupe Hidalgo, A3=Treaty of Guadalupe Hidalgo) final=\boxed{Treaty of Guadalupe Hidalgo}
[1548/2417  64.0% elapsed=9m59s eta=5m36s] id=3hop2__79978_90098_10557 em=0 f1=0.67 tie=False err=False voters=(A1=Latin, A2=Latin, A3=Latin) final=\boxed{Latin}
[1549/2417  64.1% elapsed=9m59s eta=5m36s] id=3hop2__91678_90098_10557 em=1 f1=1.00 tie=False err=False voters=(A1=Medieval Latin, A2=Medieval Latin, A3=Medieval Latin) final=\boxed{Medieval Latin}
[1550/2417  64.1% elapsed=10m00s eta=5m35s] id=3hop1__398232_326948_78782 em=0 f1=0.29 tie=False err=False voters=(A1=Major General Andrew Jackson, A2=Admiral Alexander Cochrane, A3=Major General Andrew Jackson) final=\boxed{Major General Andrew Jackson}
[1551/2417  64.2% elapsed=10m01s eta=5m36s] id=3hop1__823336_228453_86925 em=1 f1=1.00 tie=False err=False voters=(A1=fleur-de-lis, A2=fleur-de-lis, A3=fleur-de-lis) final=\boxed{fleur-de-lis}
[1552/2417  64.2% elapsed=10m02s eta=5m35s] id=3hop1__131783_131926_87157 em=0 f1=0.00 tie=False err=False voters=(A1=Lake Calhoun (does not have a direction , A2=Lake Calhoun (does not have a direction , A3=Lake Calhoun (does not have a direction ) final=\boxed{Lake Calhoun (does not have a direction of flow as it
[1553/2417  64.3% elapsed=10m02s eta=5m35s] id=3hop1__768500_730460_78782 em=0 f1=0.00 tie=False err=False voters=(A1=Admiral Alexander Cochrane, A2=Admiral Alexander Cochrane, A3=Admiral Alexander Cochrane) final=\boxed{Admiral Alexander Cochrane}
[1554/2417  64.3% elapsed=10m04s eta=5m35s] id=3hop1__640171_228453_86925 em=1 f1=1.00 tie=False err=False voters=(A1=fleur-de-lis, A2=fleur-de-lis, A3=fleur-de-lis) final=\boxed{fleur-de-lis}
[1555/2417  64.3% elapsed=10m04s eta=5m35s] id=3hop1__765565_326948_78782 em=0 f1=0.00 tie=False err=False voters=(A1=Admiral Alexander Cochrane, A2=Edward Pakenham, A3=Admiral Alexander Cochrane) final=\boxed{Admiral Alexander Cochrane}
[1556/2417  64.4% elapsed=10m04s eta=5m34s] id=3hop1__765565_326948_86925 em=1 f1=1.00 tie=False err=False voters=(A1=fleur-de-lis, A2=fleur-de-lis, A3=fleur-de-lis) final=\boxed{fleur-de-lis}
[1557/2417  64.4% elapsed=10m05s eta=5m34s] id=3hop1__390673_228453_86925 em=0 f1=0.00 tie=False err=False voters=(A1=Sazerac Company, A2=fleur-de-lis, A3=Sazerac Company) final=\boxed{Sazerac Company}
[1558/2417  64.5% elapsed=10m06s eta=5m34s] id=3hop1__786067_228453_86925 em=1 f1=1.00 tie=False err=False voters=(A1=fleur-de-lis, A2=fleur-de-lis, A3=fleur-de-lis) final=\boxed{fleur-de-lis}
[1559/2417  64.5% elapsed=10m06s eta=5m34s] id=3hop1__30240_740597_41132 em=0 f1=0.00 tie=False err=False voters=(A1=Cannot determine, A2=Unknown, A3=Unknown) final=\boxed{Unknown}
[1560/2417  64.5% elapsed=10m07s eta=5m33s] id=3hop1__109422_720914_41132 em=0 f1=0.00 tie=False err=False voters=(A1=unknown, A2=unknown, A3=unknown) final=\boxed{unknown}
[1561/2417  64.6% elapsed=10m07s eta=5m33s] id=3hop1__108062_720914_27537 em=0 f1=0.00 tie=False err=False voters=(A1=Venice, A2=Venice, A3=Because he was elected to succeed Pope P) final=\boxed{Venice}
[1562/2417  64.6% elapsed=10m07s eta=5m32s] id=3hop1__768500_730460_70315 em=1 f1=1.00 tie=False err=False voters=(A1=New Orleans, A2=New Orleans, A3=New Orleans) final=\boxed{New Orleans}
[1563/2417  64.7% elapsed=10m07s eta=5m32s] id=3hop1__28841_547811_80702 em=1 f1=1.00 tie=False err=False voters=(A1=Rialto Bridge, A2=Rialto Bridge, A3=Rialto Bridge) final=\boxed{Rialto Bridge}
[1564/2417  64.7% elapsed=10m08s eta=5m32s] id=3hop1__640171_228453_10972 em=1 f1=1.00 tie=False err=False voters=(A1=1970s, A2=1970s, A3=1970s) final=\boxed{1970s}
[1565/2417  64.7% elapsed=10m09s eta=5m31s] id=3hop1__398232_326948_10972 em=1 f1=1.00 tie=False err=False voters=(A1=1970s, A2=1970s, A3=1970s) final=\boxed{1970s}
[1566/2417  64.8% elapsed=10m10s eta=5m31s] id=3hop1__305282_282081_73772 em=0 f1=0.00 tie=False err=False voters=(A1=27 May 1940, A2=27 May 1940, A3=December 14, 1814) final=\boxed{27 May 1940}
[1567/2417  64.8% elapsed=10m10s eta=5m31s] id=3hop2__93066_88342_90766 em=0 f1=0.00 tie=False err=False voters=(A1=2017, A2=2017, A3=2017) final=\boxed{2017}
[1568/2417  64.9% elapsed=10m11s eta=5m31s] id=3hop1__857_846_7798 em=0 f1=0.67 tie=False err=False voters=(A1=Han, A2=Han, A3=Han nationality) final=\boxed{Han}
[1569/2417  64.9% elapsed=10m11s eta=5m30s] id=3hop1__109185_720914_27537 em=0 f1=0.00 tie=False err=False voters=(A1=Venice, A2=Venice, A3=Venice) final=\boxed{Venice}
[1570/2417  65.0% elapsed=10m12s eta=5m30s] id=3hop1__222497_309482_80702 em=1 f1=1.00 tie=False err=False voters=(A1=Rialto Bridge, A2=Rialto Bridge, A3=Rialto Bridge) final=\boxed{Rialto Bridge}
[1571/2417  65.0% elapsed=10m12s eta=5m30s] id=3hop1__109113_720914_27537 em=0 f1=0.00 tie=False err=False voters=(A1=Cannot determine, A2=Cannot determine, A3=Venice) final=\boxed{Cannot determine}
[1572/2417  65.0% elapsed=10m13s eta=5m30s] id=3hop1__765565_326948_10972 em=1 f1=1.00 tie=False err=False voters=(A1=1970s, A2=1970s, A3=1970s) final=\boxed{1970s}
[1573/2417  65.1% elapsed=10m13s eta=5m29s] id=3hop1__108833_720914_27537 em=0 f1=0.00 tie=False err=False voters=(A1=The answer cannot be definitively determ, A2=The answer cannot be definitively determ, A3=The answer cannot be determined from the) final=\boxed{The answer cannot be definitively determined from the
[1574/2417  65.1% elapsed=10m14s eta=5m29s] id=3hop1__707569_228453_10972 em=1 f1=1.00 tie=False err=False voters=(A1=1970s, A2=1970s, A3=1970s) final=\boxed{1970s}
[1575/2417  65.2% elapsed=10m15s eta=5m29s] id=3hop1__823336_228453_10972 em=1 f1=1.00 tie=False err=False voters=(A1=1970s, A2=1970s, A3=1970s) final=\boxed{1970s}
[1576/2417  65.2% elapsed=10m15s eta=5m28s] id=3hop1__152880_131926_13165 em=0 f1=0.57 tie=False err=False voters=(A1=Treaty of Guadalupe Hidalgo, A3=Treaty of Guadalupe Hidalgo) final=\boxed{Treaty of Guadalupe Hidalgo}
[1577/2417  65.2% elapsed=10m15s eta=5m28s] id=3hop1__857_846_7713 em=0 f1=0.80 tie=False err=False voters=(A1=400 years, A2=400 years, A3=400 years) final=\boxed{400 years}
[1578/2417  65.3% elapsed=10m16s eta=5m27s] id=3hop1__222497_737465_93723 em=1 f1=1.00 tie=False err=False voters=(A1=Jason Momoa, A2=Jason Momoa, A3=Jason Momoa) final=\boxed{Jason Momoa}
[1579/2417  65.3% elapsed=10m16s eta=5m27s] id=3hop1__108881_720914_27537 em=0 f1=0.80 tie=False err=False voters=(A1=To prepare for the conclave in Rome, A2=To prepare for the conclave in Rome, A3=To prepare for the conclave in Rome) final=\boxed{To prepare for the conclave in Rome}
[1580/2417  65.4% elapsed=10m16s eta=5m26s] id=3hop1__857_846_7795 em=1 f1=1.00 tie=False err=False voters=(A1=8.11 million, A2=8.11 million, A3=8.11 million) final=\boxed{8.11 million}
[1581/2417  65.4% elapsed=10m16s eta=5m26s] id=3hop1__786067_228453_10972 em=0 f1=0.00 tie=False err=False voters=(A1=1970s, A2=Cannot be determined from the given text, A3=Cannot be determined from the given text) final=\boxed{Cannot be determined from the given text}
[1582/2417  65.5% elapsed=10m16s eta=5m25s] id=3hop1__109196_720914_27537 em=0 f1=0.00 tie=True err=False voters=(A1=Roncalli left Venice for the conclave in, A2=Unable to determine, A3=The question cannot be answered based on) final=\boxed{The question cannot be answered based on the provided
[1583/2417  65.5% elapsed=10m16s eta=5m25s] id=3hop1__865037_214799_259594 em=1 f1=1.00 tie=False err=False voters=(A1=East Germany, A2=Germany, A3=East Germany) final=\boxed{East Germany}
[1584/2417  65.5% elapsed=10m16s eta=5m24s] id=3hop1__108833_720914_41132 em=1 f1=1.00 tie=False err=False voters=(A1=22, A3=22) final=\boxed{22}
[1585/2417  65.6% elapsed=10m17s eta=5m24s] id=3hop1__109422_720914_27537 em=0 f1=0.67 tie=False err=False voters=(A1=To attend the conclave in Rome, A2=To attend the conclave in Rome, A3=Not enough information) final=\boxed{To attend the conclave in Rome}
[1586/2417  65.6% elapsed=10m17s eta=5m23s] id=3hop1__28841_547811_41132 em=1 f1=1.00 tie=False err=False voters=(A1=22, A2=22, A3=22) final=\boxed{22}
[1587/2417  65.7% elapsed=10m17s eta=5m23s] id=3hop1__178435_547811_80702 em=0 f1=0.00 tie=True err=False voters=(A1=Freixo Bridge, A2=Rialto Bridge, A3=Unknown) final=\boxed{Unknown}
[1588/2417  65.7% elapsed=10m18s eta=5m23s] id=3hop2__326964_7719_7713 em=0 f1=0.00 tie=False err=False voters=(A1=Unknown, A2=Unknown, A3=Unknown) final=\boxed{Unknown}
[1589/2417  65.7% elapsed=10m18s eta=5m22s] id=3hop1__857_846_7702 em=1 f1=1.00 tie=False err=False voters=(A1=Southern Capital, A2=Southern Capital, A3=Southern Capital) final=\boxed{Southern Capital}
[1590/2417  65.8% elapsed=10m19s eta=5m22s] id=3hop2__326964_7861_7713 em=0 f1=0.00 tie=False err=False voters=(A1=0, A2=0, A3=0) final=\boxed{0}
[1591/2417  65.8% elapsed=10m19s eta=5m21s] id=3hop1__305282_282081_10972 em=1 f1=1.00 tie=False err=False voters=(A1=1970s, A2=1970s, A3=Cannot be determined) final=\boxed{1970s}
[1592/2417  65.9% elapsed=10m19s eta=5m21s] id=3hop1__398232_326948_59893 em=0 f1=0.00 tie=False err=False voters=(A1=1977, A2=The answer cannot be determined from the, A3=The answer cannot be determined from the) final=\boxed{The answer cannot be determined from the given paragr
[1593/2417  65.9% elapsed=10m19s eta=5m20s] id=3hop1__390673_228453_10972 em=0 f1=0.00 tie=False err=False voters=(A1=Bardstown, A2=Cannot determine from given information, A3=Cannot determine from given information) final=\boxed{Cannot determine from given information}
[1594/2417  65.9% elapsed=10m19s eta=5m20s] id=3hop1__108881_720914_41132 em=0 f1=0.00 tie=False err=False voters=(A1=The answer is not explicitly stated in t, A2=Unknown, A3=Unknown) final=\boxed{Unknown}
[1595/2417  66.0% elapsed=10m19s eta=5m19s] id=3hop1__857_846_7846 em=1 f1=1.00 tie=False err=False voters=(A1=Jiangsu Peking Opera Institute, A2=Jiangsu Peking Opera Institute, A3=Jiangsu Peking Opera Institute) final=\boxed{Jiangsu Peking Opera Institute}
[1596/2417  66.0% elapsed=10m20s eta=5m19s] id=3hop1__222497_309482_41132 em=1 f1=1.00 tie=False err=False voters=(A1=22, A3=22) final=\boxed{22}
[1597/2417  66.1% elapsed=10m20s eta=5m18s] id=3hop1__593288_720914_41132 em=0 f1=0.00 tie=False err=False voters=(A1=Unknown, A2=Unknown, A3=Unknown) final=\boxed{Unknown}
[1598/2417  66.1% elapsed=10m20s eta=5m18s] id=3hop1__857_846_7849 em=0 f1=0.64 tie=False err=False voters=(A1=Yang, Yue (shaoxing), Xi, Jing (Chinese , A2=Yang, Yue (shaoxing), Xi, Jing (Chinese , A3=Yang, Yue (shaoxing), Xi, Jing (Chinese ) final=\boxed{Yang, Yue (shaoxing), Xi, Jing (Chinese opera varieti
[1599/2417  66.2% elapsed=10m21s eta=5m18s] id=3hop1__857_846_7810 em=0 f1=0.00 tie=False err=False voters=(A1=Nanjing, A2=Nanjing, A3=Nanjing) final=\boxed{Nanjing}
[1600/2417  66.2% elapsed=10m21s eta=5m17s] id=3hop1__109113_720914_41132 em=0 f1=0.00 tie=False err=False voters=(A1=1, A3=1) final=\boxed{1}
[1601/2417  66.2% elapsed=10m21s eta=5m17s] id=3hop1__208108_547811_80702 em=1 f1=1.00 tie=False err=False voters=(A1=Rialto Bridge, A2=Rialto Bridge, A3=Rialto Bridge) final=\boxed{Rialto Bridge}
[1602/2417  66.3% elapsed=10m21s eta=5m16s] id=3hop1__857_846_7794 em=1 f1=1.00 tie=False err=False voters=(A1=8.005 million, A2=8.005 million, A3=8.005 million) final=\boxed{8.005 million}
[1603/2417  66.3% elapsed=10m22s eta=5m16s] id=3hop2__326964_846_7713 em=0 f1=0.00 tie=False err=False voters=(A1=Not determinable, A2=Not determinable, A3=Not determinable) final=\boxed{Not determinable}
[1604/2417  66.4% elapsed=10m22s eta=5m15s] id=3hop1__208108_547811_41132 em=1 f1=1.00 tie=False err=False voters=(A1=22, A2=22, A3=22) final=\boxed{22}
[1605/2417  66.4% elapsed=10m22s eta=5m15s] id=3hop1__108062_720914_41132 em=1 f1=1.00 tie=False err=False voters=(A1=22, A3=22) final=\boxed{22}
[1606/2417  66.4% elapsed=10m23s eta=5m15s] id=3hop1__857_846_7701 em=0 f1=0.50 tie=False err=False voters=(A1=Ming dynasty, A2=Ming dynasty, A3=Ming dynasty) final=\boxed{Ming dynasty}
[1607/2417  66.5% elapsed=10m25s eta=5m15s] id=3hop1__857_846_7887 em=1 f1=1.00 tie=False err=False voters=(A1=thousands, A2=thousands, A3=thousands) final=\boxed{thousands}
[1608/2417  66.5% elapsed=10m25s eta=5m14s] id=3hop1__831499_228453_10972 em=0 f1=0.00 tie=False err=False voters=(A1=1973, A2=Cannot be determined, A3=Cannot be determined) final=\boxed{Cannot be determined}
[1609/2417  66.6% elapsed=10m25s eta=5m14s] id=3hop1__857_846_7769 em=0 f1=0.00 tie=False err=False voters=(A1=2548, A2=2548, A3=2548) final=\boxed{2548}
[1610/2417  66.6% elapsed=10m25s eta=5m13s] id=3hop1__409517_547811_80702 em=1 f1=1.00 tie=False err=False voters=(A1=Rialto Bridge, A2=Rialto Bridge, A3=Rialto Bridge) final=\boxed{Rialto Bridge}
[1611/2417  66.7% elapsed=10m27s eta=5m14s] id=3hop1__843207_755530_88011 em=0 f1=0.00 tie=False err=False voters=(A1=Venice, northern Italy, A2=Venice, A3=Venice) final=\boxed{Venice}
[1612/2417  66.7% elapsed=10m28s eta=5m13s] id=3hop1__857_846_7821 em=0 f1=0.67 tie=False err=False voters=(A1=140, A2=140, A3=140) final=\boxed{140}
[1613/2417  66.7% elapsed=10m28s eta=5m13s] id=3hop1__689538_547811_80702 em=1 f1=1.00 tie=False err=False voters=(A1=Rialto Bridge, A2=Rialto Bridge, A3=Rialto Bridge) final=\boxed{Rialto Bridge}
[1614/2417  66.8% elapsed=10m30s eta=5m13s] id=3hop1__801799_547811_41132 em=1 f1=1.00 tie=False err=False voters=(A1=22, A2=22, A3=22) final=\boxed{22}
[1615/2417  66.8% elapsed=10m30s eta=5m13s] id=3hop1__320697_547811_80702 em=1 f1=1.00 tie=False err=False voters=(A1=Rialto Bridge, A2=Rialto Bridge, A3=Rialto Bridge) final=\boxed{Rialto Bridge}
[1616/2417  66.9% elapsed=10m30s eta=5m12s] id=3hop1__280834_547811_80702 em=1 f1=1.00 tie=False err=False voters=(A1=Rialto Bridge, A2=Rialto Bridge, A3=Rialto Bridge) final=\boxed{Rialto Bridge}
[1617/2417  66.9% elapsed=10m31s eta=5m12s] id=3hop1__844109_720914_41132 em=0 f1=0.00 tie=True err=False voters=(A1=1, A2=Cannot determine, A3=0) final=\boxed{0}
[1618/2417  66.9% elapsed=10m31s eta=5m12s] id=3hop1__857_846_7874 em=1 f1=1.00 tie=False err=False voters=(A1=Jiangsu Nangang Basketball Club, A2=Jiangsu Nangang Basketball Club, A3=Jiangsu Nangang Basketball Club) final=\boxed{Jiangsu Nangang Basketball Club}
[1619/2417  67.0% elapsed=10m32s eta=5m11s] id=3hop1__857_846_7870 em=0 f1=0.91 tie=False err=False voters=(A1=Shanghai road and its neighbourhood, A2=Shanghai road and its neighborhood, A3=Shanghai road and its neighbourhood) final=\boxed{Shanghai road and its neighbourhood}
[1620/2417  67.0% elapsed=10m32s eta=5m11s] id=3hop2__326964_7707_7713 em=0 f1=0.33 tie=False err=False voters=(A1=Over 70 years, A2=Over 70 years, A3=Since the establishment of the Republic ) final=\boxed{Over 70 years}
[1621/2417  67.1% elapsed=10m33s eta=5m11s] id=3hop1__820301_720914_27537 em=0 f1=0.35 tie=True err=False voters=(A1=Roncalli left Venice for Rome because he, A2=San Pietro in Montorio, A3=Because he was called to the conclave in) final=\boxed{Because he was called to the conclave in Rome to be e
[1622/2417  67.1% elapsed=10m33s eta=5m10s] id=3hop1__820301_720914_41132 em=1 f1=1.00 tie=False err=False voters=(A1=22, A3=22) final=\boxed{22}
[1623/2417  67.1% elapsed=10m33s eta=5m10s] id=3hop1__857_846_7890 em=1 f1=1.00 tie=False err=False voters=(A1=75, A2=75, A3=75) final=\boxed{75}
[1624/2417  67.2% elapsed=10m33s eta=5m09s] id=3hop1__409517_547811_41132 em=0 f1=0.00 tie=False err=False voters=(A1=22, A2=Unknown, A3=Unknown) final=\boxed{Unknown}
[1625/2417  67.2% elapsed=10m34s eta=5m09s] id=3hop1__857_846_7872 em=1 f1=1.00 tie=False err=False voters=(A1=Jiangsu Sainty, A2=Jiangsu Sainty, A3=Jiangsu Sainty) final=\boxed{Jiangsu Sainty}
[1626/2417  67.3% elapsed=10m34s eta=5m08s] id=3hop2__326964_7845_7713 em=0 f1=0.00 tie=False err=False voters=(A1=Not specified, A2=Not specified, A3=Not specified) final=\boxed{Not specified}
[1627/2417  67.3% elapsed=10m35s eta=5m08s] id=3hop2__326964_7721_7713 em=0 f1=0.00 tie=False err=False voters=(A1=More than two and a half centuries, A2=Over two and a half centuries, A3=Over two and a half centuries) final=\boxed{Over two and a half centuries}
[1628/2417  67.4% elapsed=10m36s eta=5m08s] id=3hop1__857_846_7770 em=0 f1=0.00 tie=False err=False voters=(A1=Nanjing, A2=Nanjing, A3=west side and then north side) final=\boxed{Nanjing}
[1629/2417  67.4% elapsed=10m36s eta=5m08s] id=3hop1__178435_547811_41132 em=1 f1=1.00 tie=False err=False voters=(A1=22, A2=22, A3=Unable to determine) final=\boxed{22}
[1630/2417  67.4% elapsed=10m36s eta=5m07s] id=3hop1__465684_160545_60577 em=0 f1=0.89 tie=False err=False voters=(A1=Ko Phi Phi Leh, Thailand, A2=Ko Phi Phi Leh, Thailand, A3=Ko Phi Phi Leh, Thailand) final=\boxed{Ko Phi Phi Leh, Thailand}
[1631/2417  67.5% elapsed=10m37s eta=5m07s] id=3hop1__844109_720914_27537 em=0 f1=0.67 tie=True err=False voters=(A1=The city where the creator of The Entomb, A2=The city where the creator of The Entomb, A3=to attend the conclave in Rome) final=\boxed{to attend the conclave in Rome}
[1632/2417  67.5% elapsed=10m37s eta=5m06s] id=3hop1__222497_309482_89834 em=1 f1=1.00 tie=False err=False voters=(A1=16th century, A2=16th century, A3=Unknown) final=\boxed{16th century}
[1633/2417  67.6% elapsed=10m37s eta=5m06s] id=3hop1__818422_160545_62931 em=0 f1=0.00 tie=False err=False voters=(A1=Thailand, A2=Thailand, A3=Thailand) final=\boxed{Thailand}
[1634/2417  67.6% elapsed=10m38s eta=5m06s] id=3hop1__320697_547811_41132 em=1 f1=1.00 tie=False err=False voters=(A1=0, A2=22, A3=22) final=\boxed{22}
[1635/2417  67.6% elapsed=10m39s eta=5m05s] id=3hop1__446612_160545_62931 em=0 f1=0.00 tie=False err=False voters=(A1=Thailand, A2=Thailand, A3=Italy) final=\boxed{Thailand}
[1636/2417  67.7% elapsed=10m39s eta=5m05s] id=3hop2__326964_7855_7713 em=0 f1=0.29 tie=True err=False voters=(A1=25, A2=Unknown, A3=Over 2,500 years) final=\boxed{Over 2,500 years}
[1637/2417  67.7% elapsed=10m39s eta=5m04s] id=3hop1__222497_309482_27537 em=0 f1=0.00 tie=True err=False voters=(A1=Roncalli left the place where the compos, A2=To stay at his post until the election o, A3=The question cannot be answered based on) final=\boxed{The question cannot be answered based on the provided
[1638/2417  67.8% elapsed=10m39s eta=5m04s] id=3hop1__465684_160545_62931 em=0 f1=0.00 tie=False err=False voters=(A1=Thailand, A2=Thailand, A3=Thailand) final=\boxed{Thailand}
[1639/2417  67.8% elapsed=10m39s eta=5m03s] id=3hop1__857_846_7888 em=0 f1=0.75 tie=False err=False voters=(A1=Yangshan Quarry, natural scenic lakes, a, A2=Yangshan Quarry, natural scenic lakes, l, A3=Yangshan Quarry, natural scenic lakes, l) final=\boxed{Yangshan Quarry, natural scenic lakes, lush green par
[1640/2417  67.9% elapsed=10m39s eta=5m03s] id=3hop1__818422_160545_60577 em=0 f1=0.00 tie=False err=False voters=(A1=Thailand, A2=Thailand, A3=Thailand) final=\boxed{Thailand}
[1641/2417  67.9% elapsed=10m39s eta=5m02s] id=3hop2__326964_263934_7713 em=0 f1=0.00 tie=False err=False voters=(A1=0, A2=0, A3=0) final=\boxed{0}
[1642/2417  67.9% elapsed=10m40s eta=5m02s] id=3hop1__145194_160545_62931 em=0 f1=0.00 tie=False err=False voters=(A1=Thailand, A2=Thailand, A3=Thailand) final=\boxed{Thailand}
[1643/2417  68.0% elapsed=10m40s eta=5m02s] id=3hop1__857_846_7791 em=0 f1=0.00 tie=False err=False voters=(A1=1, A2=1, A3=one) final=\boxed{1}
[1644/2417  68.0% elapsed=10m41s eta=5m01s] id=3hop1__127716_157828_239539 em=0 f1=0.00 tie=False err=False voters=(A1=Belgrade, A2=Belgrade, A3=Belgrade) final=\boxed{Belgrade}
[1645/2417  68.1% elapsed=10m41s eta=5m01s] id=3hop2__36852_613770_7713 em=0 f1=0.67 tie=False err=False voters=(A1=Over 400 years, A2=Over 400 years, A3=Over 400 years) final=\boxed{Over 400 years}
[1646/2417  68.1% elapsed=10m41s eta=5m00s] id=3hop1__857_846_7752 em=0 f1=0.00 tie=False err=False voters=(A1=Yongle Emperor, A2=Yongle Emperor, A3=Yongle Emperor) final=\boxed{Yongle Emperor}
[1647/2417  68.1% elapsed=10m42s eta=5m00s] id=3hop2__573858_326964_7713 em=0 f1=0.00 tie=False err=False voters=(A1=The answer cannot be determined., A2=Unknown, A3=Unknown) final=\boxed{Unknown}
[1648/2417  68.2% elapsed=10m42s eta=5m00s] id=3hop2__326964_789654_7713 em=0 f1=0.00 tie=False err=False voters=(A1=0, A2=0, A3=Cannot determine) final=\boxed{0}
[1649/2417  68.2% elapsed=10m42s eta=4m59s] id=3hop2__326964_36852_7713 em=0 f1=0.33 tie=False err=False voters=(A1=Over 500 years, A2=over 500 years, A3=Over 500 years) final=\boxed{Over 500 years}
[1650/2417  68.3% elapsed=10m42s eta=4m59s] id=3hop1__796649_720914_27537 em=0 f1=0.23 tie=True err=False voters=(A1=Roncalli left the city where the creator, A2=Venice, A3=Roncalli left the city where the creator) final=\boxed{Roncalli left the city where the creator of Flora die
[1651/2417  68.3% elapsed=10m43s eta=4m58s] id=3hop1__127821_157828_239539 em=0 f1=0.00 tie=False err=False voters=(A1=Sarajevo, A2=Sarajevo, A3=Belgrade) final=\boxed{Sarajevo}
[1652/2417  68.3% elapsed=10m43s eta=4m58s] id=3hop2__851134_326964_7713 em=0 f1=0.00 tie=False err=False voters=(A1=Cannot determine, A2=Cannot determine, A3=Cannot determine) final=\boxed{Cannot determine}
[1653/2417  68.4% elapsed=10m44s eta=4m58s] id=3hop1__462960_160545_62931 em=0 f1=0.00 tie=False err=False voters=(A1=Thailand, A2=Thailand, A3=Thailand) final=\boxed{Thailand}
[1654/2417  68.4% elapsed=10m44s eta=4m57s] id=3hop2__851134_613770_7713 em=0 f1=0.40 tie=False err=False voters=(A1=2200 years, A2=2200 years, A3=Cannot be determined) final=\boxed{2200 years}
[1655/2417  68.5% elapsed=10m45s eta=4m57s] id=3hop1__145194_160545_60577 em=1 f1=1.00 tie=False err=False voters=(A1=Ko Phi Phi Leh, A2=Ko Phi Phi Leh, A3=Thailand) final=\boxed{Ko Phi Phi Leh}
[1656/2417  68.5% elapsed=10m45s eta=4m56s] id=3hop2__326964_464925_7713 em=0 f1=0.00 tie=False err=False voters=(A1=0, A2=0, A3=0) final=\boxed{0}
[1657/2417  68.6% elapsed=10m46s eta=4m56s] id=3hop1__127837_157828_239539 em=0 f1=0.00 tie=False err=False voters=(A1=Belgrade, A2=Sarajevo, A3=Sarajevo) final=\boxed{Sarajevo}
[1658/2417  68.6% elapsed=10m46s eta=4m56s] id=3hop1__312146_720914_27537 em=0 f1=0.00 tie=False err=False voters=(A1=Venice, A2=To attend the conclave in Rome after the, A3=Venice) final=\boxed{Venice}
[1659/2417  68.6% elapsed=10m46s eta=4m55s] id=3hop2__36852_326964_7713 em=0 f1=0.00 tie=False err=False voters=(A1=400, A2=Unknown, A3=Unknown) final=\boxed{Unknown}
[1660/2417  68.7% elapsed=10m48s eta=4m55s] id=3hop1__593288_720914_27537 em=0 f1=0.00 tie=True err=False voters=(A1=Roncalli left the place where Violante's, A2=Venice, A3=Because he had to stay at his post until) final=\boxed{Because he had to stay at his post until the election
[1661/2417  68.7% elapsed=10m48s eta=4m55s] id=3hop1__446612_160545_60577 em=1 f1=1.00 tie=False err=False voters=(A1=Thailand, A2=Ko Phi Phi Leh, A3=Ko Phi Phi Leh) final=\boxed{Ko Phi Phi Leh}
[1662/2417  68.8% elapsed=10m49s eta=4m55s] id=3hop2__326964_573858_7713 em=0 f1=0.00 tie=False err=False voters=(A1=Cannot be determined, A2=Cannot be determined, A3=Cannot be determined) final=\boxed{Cannot be determined}
[1663/2417  68.8% elapsed=10m49s eta=4m54s] id=3hop2__573858_613770_7713 em=0 f1=0.00 tie=False err=False voters=(A1=Cannot be determined, A2=Cannot be determined, A3=Cannot be determined) final=\boxed{Cannot be determined}
[1664/2417  68.8% elapsed=10m50s eta=4m54s] id=3hop2__326964_811351_7713 em=0 f1=0.00 tie=False err=False voters=(A1=unknown, A2=unknown, A3=Unknown) final=\boxed{Unknown}
[1665/2417  68.9% elapsed=10m50s eta=4m54s] id=3hop2__326964_851134_7713 em=0 f1=0.00 tie=False err=False voters=(A1=Unknown, A2=Unknown, A3=Unknown) final=\boxed{Unknown}
[1666/2417  68.9% elapsed=10m51s eta=4m54s] id=3hop2__326964_265410_7713 em=0 f1=0.00 tie=False err=False voters=(A1=0, A2=0, A3=0) final=\boxed{0}
[1667/2417  69.0% elapsed=10m52s eta=4m53s] id=3hop1__462960_160545_60577 em=0 f1=0.00 tie=False err=False voters=(A1=Thailand, A2=Thailand, A3=Thailand) final=\boxed{Thailand}
[1668/2417  69.0% elapsed=10m52s eta=4m53s] id=3hop1__145194_160545_34754 em=0 f1=0.67 tie=False err=False voters=(A1=Japanese blackmail, A2=Japanese blackmail, A3=The U.S. believed Thailand was not an al) final=\boxed{Japanese blackmail}
[1669/2417  69.1% elapsed=10m53s eta=4m53s] id=3hop1__109185_720914_41132 em=0 f1=0.00 tie=False err=False voters=(A1=0, A2=0, A3=0) final=\boxed{0}
[1670/2417  69.1% elapsed=10m53s eta=4m52s] id=3hop1__280834_547811_41132 em=1 f1=1.00 tie=False err=False voters=(A1=22, A3=22) final=\boxed{22}
[1671/2417  69.1% elapsed=10m54s eta=4m52s] id=3hop2__326964_734214_7713 em=0 f1=0.80 tie=False err=False voters=(A1=400 years, A2=0 years, A3=400 years) final=\boxed{400 years}
[1672/2417  69.2% elapsed=10m55s eta=4m52s] id=3hop1__491648_339990_54675 em=0 f1=0.00 tie=False err=False voters=(A1=Mt. Hood and Mt. St. Helens, A2=Mt. Hood and Mt. St. Helens, A3=Mt. Hood and Mt. St. Helens) final=\boxed{Mt. Hood and Mt. St. Helens}
[1673/2417  69.2% elapsed=10m55s eta=4m51s] id=3hop1__841091_339990_54675 em=0 f1=0.00 tie=False err=False voters=(A1=None, A2=None, A3=The question cannot be answered based on) final=\boxed{None}
[1674/2417  69.3% elapsed=10m55s eta=4m51s] id=3hop1__818422_160545_34754 em=0 f1=0.40 tie=False err=False voters=(A1=Japanese occupation, A2=Japanese occupation and blackmail, A3=Japanese occupation and blackmail) final=\boxed{Japanese occupation and blackmail}
[1675/2417  69.3% elapsed=10m55s eta=4m50s] id=3hop1__801799_547811_80702 em=1 f1=1.00 tie=False err=False voters=(A1=Rialto Bridge, A2=Rialto Bridge, A3=Rialto Bridge) final=\boxed{Rialto Bridge}
[1676/2417  69.3% elapsed=10m57s eta=4m50s] id=3hop1__818422_160545_34751 em=1 f1=1.00 tie=False err=False voters=(A1=1941, A2=1941, A3=1941) final=\boxed{1941}
[1677/2417  69.4% elapsed=10m57s eta=4m50s] id=3hop1__358853_339990_54675 em=0 f1=0.00 tie=False err=False voters=(A1=Mt. Hood, A2=Cannot be determined, A3=Cannot be determined) final=\boxed{Cannot be determined}
[1678/2417  69.4% elapsed=10m57s eta=4m49s] id=3hop1__462960_160545_34751 em=1 f1=1.00 tie=False err=False voters=(A1=1941, A2=1941, A3=1941) final=\boxed{1941}
[1679/2417  69.5% elapsed=10m58s eta=4m49s] id=3hop1__586087_339990_54675 em=0 f1=0.00 tie=False err=False voters=(A1=Mount Hood and Mount St. Helens, A2=N/A, A3=N/A) final=\boxed{N/A}
[1680/2417  69.5% elapsed=10m58s eta=4m49s] id=3hop1__465684_160545_34754 em=0 f1=0.40 tie=False err=False voters=(A1=The U.S. believed Thailand's actions wer, A2=Japanese blackmail and occupation, A3=Japanese blackmail and occupation) final=\boxed{Japanese blackmail and occupation}
[1681/2417  69.5% elapsed=10m58s eta=4m48s] id=3hop2__65854_88342_58657 em=0 f1=0.00 tie=False err=False voters=(A1=Chicago Cubs, A2=Chicago Cubs, A3=Chicago Cubs) final=\boxed{Chicago Cubs}
[1682/2417  69.6% elapsed=10m58s eta=4m48s] id=3hop1__462960_160545_34754 em=0 f1=0.40 tie=False err=False voters=(A1=Japanese blackmail and occupation, A2=Japanese blackmail, A3=Japanese blackmail and occupation) final=\boxed{Japanese blackmail and occupation}
[1683/2417  69.6% elapsed=10m59s eta=4m47s] id=3hop2__127483_76623_10557 em=0 f1=0.67 tie=False err=False voters=(A1=Latin, A2=Latin, A3=Latin) final=\boxed{Latin}
[1684/2417  69.7% elapsed=10m59s eta=4m47s] id=3hop1__604991_339990_54675 em=0 f1=0.00 tie=False err=False voters=(A1=Cannot be determined, A2=Cannot be determined, A3=Cannot be determined) final=\boxed{Cannot be determined}
[1685/2417  69.7% elapsed=11m00s eta=4m47s] id=3hop1__847684_339990_54675 em=0 f1=0.00 tie=False err=False voters=(A1=Mt. Hood and Mt. St. Helens, A2=Mt. Hood and Mt. St. Helens, A3=Mt. Hood and Mt. St. Helens) final=\boxed{Mt. Hood and Mt. St. Helens}
[1686/2417  69.8% elapsed=11m01s eta=4m47s] id=3hop2__127483_79978_10557 em=1 f1=1.00 tie=False err=False voters=(A1=Medieval Latin, A2=Medieval Latin, A3=Medieval Latin) final=\boxed{Medieval Latin}
[1687/2417  69.8% elapsed=11m02s eta=4m46s] id=3hop1__573244_339990_15538 em=0 f1=0.00 tie=False err=False voters=(A1=The question cannot be answered based on, A2=The question cannot be answered based on, A3=The question cannot be answered based on) final=\boxed{The question cannot be answered based on the provided
[1688/2417  69.8% elapsed=11m02s eta=4m46s] id=3hop1__446612_160545_34754 em=0 f1=0.67 tie=False err=False voters=(A1=Japanese blackmail, A2=Japanese blackmail, A3=Japanese blackmail) final=\boxed{Japanese blackmail}
[1689/2417  69.9% elapsed=11m02s eta=4m45s] id=3hop1__358853_339990_15538 em=0 f1=0.00 tie=False err=False voters=(A1=The answer cannot be determined from the, A2=The answer cannot be determined from the, A3=The answer cannot be determined from the) final=\boxed{The answer cannot be determined from the given paragr
[1690/2417  69.9% elapsed=11m02s eta=4m45s] id=3hop2__127483_91678_10557 em=1 f1=1.00 tie=False err=False voters=(A1=Medieval Latin, A2=Medieval Latin, A3=Medieval Latin) final=\boxed{Medieval Latin}
[1691/2417  70.0% elapsed=11m02s eta=4m44s] id=3hop2__127483_84553_10557 em=0 f1=0.67 tie=False err=False voters=(A1=Latin, A2=Latin, A3=Latin) final=\boxed{Latin}
[1692/2417  70.0% elapsed=11m03s eta=4m44s] id=3hop2__125104_127483_10557 em=1 f1=1.00 tie=False err=False voters=(A1=Latin, A2=Medieval Latin, A3=Medieval Latin) final=\boxed{Medieval Latin}
[1693/2417  70.0% elapsed=11m03s eta=4m44s] id=3hop1__465684_160545_34751 em=1 f1=1.00 tie=False err=False voters=(A1=1941, A3=1941) final=\boxed{1941}
[1694/2417  70.1% elapsed=11m03s eta=4m43s] id=3hop1__491648_339990_15538 em=0 f1=0.00 tie=False err=False voters=(A1=Unknown, A2=Unknown, A3=Unknown) final=\boxed{Unknown}
[1695/2417  70.1% elapsed=11m04s eta=4m43s] id=3hop2__127483_125104_10557 em=0 f1=0.67 tie=False err=False voters=(A1=Latin, A2=Latin, A3=Latin) final=\boxed{Latin}
[1696/2417  70.2% elapsed=11m05s eta=4m43s] id=3hop1__57186_237521_291682 em=0 f1=0.00 tie=False err=False voters=(A1=Jill Bauman, A2=Jill Bauman, A3=Barbara Wootton, Baroness Wootton of Abi) final=\boxed{Jill Bauman}
[1697/2417  70.2% elapsed=11m05s eta=4m42s] id=3hop1__109196_720914_41132 em=1 f1=1.00 tie=False err=False voters=(A1=22, A3=22) final=\boxed{22}
[1698/2417  70.3% elapsed=11m05s eta=4m42s] id=3hop1__637555_339990_15538 em=0 f1=0.00 tie=False err=False voters=(A1=Cannot determine from the provided infor, A2=Cannot determine from the provided infor, A3=Cannot determine from the provided infor) final=\boxed{Cannot determine from the provided information}
[1699/2417  70.3% elapsed=11m05s eta=4m41s] id=3hop2__326964_320101_7713 em=0 f1=0.29 tie=False err=False voters=(A1=Over 1,800 years, A2=Over 1,800 years, A3=Over 1,800 years) final=\boxed{Over 1,800 years}
[1700/2417  70.3% elapsed=11m06s eta=4m41s] id=3hop2__127483_156850_10557 em=1 f1=1.00 tie=False err=False voters=(A1=Medieval Latin, A2=Medieval Latin, A3=Medieval Latin) final=\boxed{Medieval Latin}
[1701/2417  70.4% elapsed=11m06s eta=4m40s] id=3hop1__796649_720914_41132 em=1 f1=1.00 tie=False err=False voters=(A1=22, A2=undetermined, A3=22) final=\boxed{22}
[1702/2417  70.4% elapsed=11m06s eta=4m40s] id=3hop2__57186_89048_66294 em=0 f1=0.00 tie=False err=False voters=(A1=Michael Jackson and Joe Jackson, A2=Joe Jackson and Michael Jackson, A3=Michael Jackson and Joe Jackson) final=\boxed{Michael Jackson and Joe Jackson}
[1703/2417  70.5% elapsed=11m06s eta=4m39s] id=3hop1__662618_339990_54675 em=0 f1=0.00 tie=False err=False voters=(A1=No specific mountain mentioned, A2=No specific mountain mentioned, A3=No specific mountain mentioned) final=\boxed{No specific mountain mentioned}
[1704/2417  70.5% elapsed=11m06s eta=4m39s] id=3hop1__145194_160545_34751 em=1 f1=1.00 tie=False err=False voters=(A1=1941, A3=1941) final=\boxed{1941}
[1705/2417  70.5% elapsed=11m06s eta=4m38s] id=3hop1__228_237521_291682 em=1 f1=1.00 tie=False err=False voters=(A1=Liza Minnelli, A2=Liza Minnelli, A3=Liza Minnelli) final=\boxed{Liza Minnelli}
[1706/2417  70.6% elapsed=11m07s eta=4m38s] id=3hop1__847420_720378_15538 em=0 f1=0.00 tie=False err=False voters=(A1=Cannot determine, A2=Cannot determine, A3=Cannot determine) final=\boxed{Cannot determine}
[1707/2417  70.6% elapsed=11m08s eta=4m38s] id=3hop2__209741_89048_66294 em=0 f1=0.00 tie=False err=False voters=(A1=Wylie Draper, A2=Wylie Draper, A3=Wylie Draper) final=\boxed{Wylie Draper}
[1708/2417  70.7% elapsed=11m09s eta=4m38s] id=3hop1__446612_160545_34751 em=1 f1=1.00 tie=False err=False voters=(A1=1941, A3=1941) final=\boxed{1941}
[1709/2417  70.7% elapsed=11m09s eta=4m37s] id=3hop2__368986_89048_66294 em=0 f1=0.00 tie=False err=False voters=(A1=Joe Jackson, A2=Joe Jackson, A3=Joe Jackson) final=\boxed{Joe Jackson}
[1710/2417  70.7% elapsed=11m09s eta=4m37s] id=3hop1__107540_720914_27537 em=0 f1=0.00 tie=False err=False voters=(A1=The question is based on a misunderstand, A2=Pope Pius XII, A3=Pope Pius XII) final=\boxed{Pope Pius XII}
[1711/2417  70.8% elapsed=11m10s eta=4m37s] id=3hop1__67704_237521_291682 em=1 f1=1.00 tie=False err=False voters=(A1=Liza Minnelli, A2=Unknown, A3=Liza Minnelli) final=\boxed{Liza Minnelli}
[1712/2417  70.8% elapsed=11m11s eta=4m36s] id=3hop1__483634_720378_15538 em=1 f1=1.00 tie=False err=False voters=(A1=1984, A3=1984) final=\boxed{1984}
[1713/2417  70.9% elapsed=11m11s eta=4m36s] id=3hop2__89048_860687_66294 em=0 f1=0.00 tie=False err=False voters=(A1=Michael Jackson, A2=Unknown, A3=Unknown) final=\boxed{Unknown}
[1714/2417  70.9% elapsed=11m12s eta=4m35s] id=3hop2__127483_19639_10557 em=0 f1=0.67 tie=False err=False voters=(A1=Latin, A2=Old English, A3=Latin) final=\boxed{Latin}
[1715/2417  71.0% elapsed=11m13s eta=4m35s] id=3hop2__127483_60649_10557 em=0 f1=0.67 tie=False err=False voters=(A1=Latin, A2=Latin, A3=Latin) final=\boxed{Latin}
[1716/2417  71.0% elapsed=11m13s eta=4m35s] id=3hop2__89048_228_66294 em=0 f1=0.00 tie=False err=False voters=(A1=Michael Jackson, A2=Michael Jackson, A3=Unable to determine) final=\boxed{Michael Jackson}
[1717/2417  71.0% elapsed=11m15s eta=4m35s] id=3hop1__6379_42197_18397 em=1 f1=1.00 tie=False err=False voters=(A1=Politburo, A2=Politburo, A3=Politburo) final=\boxed{Politburo}
[1718/2417  71.1% elapsed=11m15s eta=4m35s] id=3hop1__312146_720914_41132 em=0 f1=0.00 tie=False err=False voters=(A1=Cannot determine, A2=Unknown, A3=Unknown) final=\boxed{Unknown}
[1719/2417  71.1% elapsed=11m15s eta=4m34s] id=3hop1__33845_42197_18397 em=0 f1=0.00 tie=False err=False voters=(A1=Mao Zedong, A2=Mao Zedong, A3=Mao Zedong) final=\boxed{Mao Zedong}
[1720/2417  71.2% elapsed=11m16s eta=4m34s] id=3hop2__230_89048_66294 em=0 f1=0.00 tie=False err=False voters=(A1=Michael Jackson, A2=Joe Jackson, A3=Joe Jackson) final=\boxed{Joe Jackson}
[1721/2417  71.2% elapsed=11m17s eta=4m34s] id=3hop1__512574_42197_18397 em=0 f1=0.00 tie=False err=False voters=(A1=Unknown, A2=Unknown, A3=Unknown) final=\boxed{Unknown}
[1722/2417  71.2% elapsed=11m17s eta=4m33s] id=3hop2__809962_89048_66294 em=0 f1=0.00 tie=False err=False voters=(A1=Wylie Draper, A2=Wylie Draper, A3=Wylie Draper) final=\boxed{Wylie Draper}
[1723/2417  71.3% elapsed=11m18s eta=4m33s] id=3hop1__527372_339990_54675 em=0 f1=0.00 tie=False err=False voters=(A1=Mt. Hood and Mt. St. Helens, A2=Mt. Tabor, Powell Butte, Rocky Butte, Mt, A3=Mt. Hood and Mt. St. Helens) final=\boxed{Mt. Hood and Mt. St. Helens}
[1724/2417  71.3% elapsed=11m18s eta=4m33s] id=3hop2__89048_809962_66294 em=0 f1=0.00 tie=False err=False voters=(A1=Jeremy Lubbock, Brad Buxer, Novi Novoq, , A2=Jeremy Lubbock, Brad Buxer, Novi Novoq, , A3=Jeremy Lubbock, Brad Buxer, Novi Novoq, ) final=\boxed{Jeremy Lubbock, Brad Buxer, Novi Novoq, Stuart Bradle
[1725/2417  71.4% elapsed=11m18s eta=4m32s] id=3hop1__169494_42197_18397 em=0 f1=0.00 tie=True err=False voters=(A1=1960, A2=1960 UN speech, A3=paragraph 8) final=\boxed{paragraph 8}
[1726/2417  71.4% elapsed=11m19s eta=4m32s] id=3hop1__559908_42197_18397 em=0 f1=0.00 tie=False err=False voters=(A1=Soviet Union, A2=Soviet Union, A3=Soviet Union) final=\boxed{Soviet Union}
[1727/2417  71.5% elapsed=11m19s eta=4m31s] id=3hop1__426806_42197_18397 em=0 f1=0.00 tie=False err=False voters=(A1=Mao Zedong, A2=Paragraph 11, A3=Paragraph 11) final=\boxed{Paragraph 11}
[1728/2417  71.5% elapsed=11m20s eta=4m31s] id=3hop1__28527_42197_18397 em=0 f1=0.00 tie=True err=False voters=(A1=Soviet Union, A2=Korea, A3=Taiwan Strait) final=\boxed{Taiwan Strait}
[1729/2417  71.5% elapsed=11m21s eta=4m31s] id=3hop1__622145_42197_18397 em=0 f1=0.00 tie=False err=False voters=(A1=Korea, A2=Korea, A3=Korea) final=\boxed{Korea}
[1730/2417  71.6% elapsed=11m22s eta=4m31s] id=3hop1__765388_42197_18397 em=0 f1=0.00 tie=False err=False voters=(A1=Mao Zedong, A2=Mao Zedong, A3=Unknown) final=\boxed{Mao Zedong}
[1731/2417  71.6% elapsed=11m22s eta=4m30s] id=3hop1__641921_42197_18397 em=0 f1=0.00 tie=False err=False voters=(A1=United Nations Security Council, A2=United Nations Security Council, A3=United Nations Security Council) final=\boxed{United Nations Security Council}
[1732/2417  71.7% elapsed=11m22s eta=4m30s] id=3hop1__24980_42197_18397 em=0 f1=0.00 tie=False err=False voters=(A1=Paragraph 20, A2=20, A3=Paragraph 20) final=\boxed{Paragraph 20}
[1733/2417  71.7% elapsed=11m22s eta=4m29s] id=3hop1__241085_42197_18397 em=0 f1=0.00 tie=False err=False voters=(A1=Korean War, A2=Korean War, A3=Korean War) final=\boxed{Korean War}
[1734/2417  71.7% elapsed=11m23s eta=4m29s] id=3hop1__604991_339990_15538 em=1 f1=1.00 tie=False err=False voters=(A1=1984, A3=1984) final=\boxed{1984}
[1735/2417  71.8% elapsed=11m23s eta=4m29s] id=3hop1__278222_42197_18397 em=0 f1=0.00 tie=False err=False voters=(A1=Mao Zedong, A2=United Nations, A3=United Nations) final=\boxed{United Nations}
[1736/2417  71.8% elapsed=11m24s eta=4m28s] id=3hop1__243276_42197_18397 em=0 f1=0.00 tie=False err=False voters=(A1=Soviet Union, A2=Unknown, A3=Unknown) final=\boxed{Unknown}
[1737/2417  71.9% elapsed=11m25s eta=4m28s] id=3hop1__313670_42197_18397 em=0 f1=0.00 tie=False err=False voters=(A1=Korean War, A2=Stalin, A3=Korean War) final=\boxed{Korean War}
[1738/2417  71.9% elapsed=11m26s eta=4m28s] id=3hop1__415141_42197_18397 em=0 f1=0.00 tie=False err=False voters=(A1=Korea, A2=Korea, A3=Korea) final=\boxed{Korea}
[1739/2417  71.9% elapsed=11m26s eta=4m27s] id=3hop1__773623_87694_124169 em=1 f1=1.00 tie=False err=False voters=(A1=1952, A2=1952, A3=1952) final=\boxed{1952}
[1740/2417  72.0% elapsed=11m26s eta=4m27s] id=3hop1__351696_42197_18397 em=0 f1=0.00 tie=False err=False voters=(A1=Mao Zedong, A2=Mao Zedong, A3=Mao Zedong) final=\boxed{Mao Zedong}
[1741/2417  72.0% elapsed=11m26s eta=4m26s] id=3hop1__662413_42197_18397 em=0 f1=0.00 tie=False err=False voters=(A1=Soviet Union, A2=Mao Zedong, A3=Soviet Union) final=\boxed{Soviet Union}
[1742/2417  72.1% elapsed=11m26s eta=4m26s] id=3hop1__135793_87694_64412 em=0 f1=0.00 tie=False err=False voters=(A1=Cannot determine, A2=Cannot determine, A3=The information provided does not indica) final=\boxed{Cannot determine}
[1743/2417  72.1% elapsed=11m26s eta=4m25s] id=3hop1__64957_87694_64412 em=0 f1=0.50 tie=False err=False voters=(A1=1929, A2=1929, A3=1929) final=\boxed{1929}
[1744/2417  72.2% elapsed=11m27s eta=4m25s] id=3hop1__857_846_7877 em=0 f1=0.00 tie=False err=False voters=(A1=2, A2=2, A3=two) final=\boxed{2}
[1745/2417  72.2% elapsed=11m27s eta=4m24s] id=3hop1__773338_42197_18397 em=0 f1=0.00 tie=False err=False voters=(A1=1960, A2=Cold War, A3=Cold War) final=\boxed{Cold War}
[1746/2417  72.2% elapsed=11m27s eta=4m24s] id=3hop1__539312_744503_34754 em=0 f1=0.40 tie=False err=False voters=(A1=Japanese blackmail and occupation, A2=Japanese blackmail and occupation, A3=Japanese blackmail and occupation) final=\boxed{Japanese blackmail and occupation}
[1747/2417  72.3% elapsed=11m27s eta=4m24s] id=3hop1__759384_42197_18397 em=0 f1=0.00 tie=False err=False voters=(A1=Soviet Union, A2=Korea, A3=Soviet Union) final=\boxed{Soviet Union}
[1748/2417  72.3% elapsed=11m27s eta=4m23s] id=3hop1__624901_42197_18397 em=0 f1=0.00 tie=False err=False voters=(A1=Soviet Union, A2=Soviet Union, A3=Soviet Union) final=\boxed{Soviet Union}
[1749/2417  72.4% elapsed=11m28s eta=4m23s] id=3hop1__46571_87694_64412 em=0 f1=0.50 tie=False err=False voters=(A1=1929, A2=1929, A3=1929) final=\boxed{1929}
[1750/2417  72.4% elapsed=11m28s eta=4m22s] id=3hop1__194006_42197_18397 em=0 f1=0.00 tie=False err=False voters=(A1=Mao Zedong, A2=Mao Zedong, A3=Mao Zedong) final=\boxed{Mao Zedong}
[1751/2417  72.4% elapsed=11m29s eta=4m22s] id=3hop1__136129_87694_64412 em=0 f1=0.50 tie=False err=False voters=(A1=1929, A3=1929) final=\boxed{1929}
[1752/2417  72.5% elapsed=11m29s eta=4m21s] id=3hop1__136016_87694_124169 em=1 f1=1.00 tie=False err=False voters=(A1=1952, A2=1952, A3=1952) final=\boxed{1952}
[1753/2417  72.5% elapsed=11m29s eta=4m21s] id=3hop1__564628_42197_18397 em=0 f1=0.00 tie=False err=False voters=(A1=Mao Zedong, A2=Mao Zedong, A3=Mao Zedong) final=\boxed{Mao Zedong}
[1754/2417  72.6% elapsed=11m31s eta=4m21s] id=3hop1__136083_87694_64412 em=0 f1=0.50 tie=False err=False voters=(A1=1929, A2=1929, A3=11 February 1929) final=\boxed{1929}
[1755/2417  72.6% elapsed=11m33s eta=4m21s] id=3hop1__135392_87694_64412 em=0 f1=0.50 tie=False err=False voters=(A1=1929, A2=1929, A3=1929) final=\boxed{1929}
[1756/2417  72.7% elapsed=11m34s eta=4m21s] id=3hop1__516535_834494_34088 em=1 f1=1.00 tie=False err=False voters=(A1=Tucson, Arizona, A2=Tucson, A3=Tucson) final=\boxed{Tucson}
[1757/2417  72.7% elapsed=11m34s eta=4m21s] id=3hop1__365934_87694_64412 em=0 f1=0.50 tie=False err=False voters=(A1=1929, A2=1929, A3=1929) final=\boxed{1929}
[1758/2417  72.7% elapsed=11m35s eta=4m20s] id=3hop1__516535_834494_34053 em=1 f1=1.00 tie=False err=False voters=(A1=1905, A2=1905, A3=1905) final=\boxed{1905}
[1759/2417  72.8% elapsed=11m35s eta=4m20s] id=3hop1__365934_87694_124169 em=1 f1=1.00 tie=False err=False voters=(A1=1952, A2=1952, A3=1952) final=\boxed{1952}
[1760/2417  72.8% elapsed=11m36s eta=4m20s] id=3hop1__353661_629431_64412 em=0 f1=0.50 tie=False err=False voters=(A1=1929, A2=1929, A3=1929) final=\boxed{1929}
[1761/2417  72.9% elapsed=11m36s eta=4m19s] id=3hop1__64957_87694_124169 em=1 f1=1.00 tie=False err=False voters=(A1=1952, A2=1952, A3=1952) final=\boxed{1952}
[1762/2417  72.9% elapsed=11m36s eta=4m19s] id=3hop1__46571_87694_124169 em=1 f1=1.00 tie=False err=False voters=(A1=1952, A2=1952, A3=1952) final=\boxed{1952}
[1763/2417  72.9% elapsed=11m36s eta=4m18s] id=3hop1__136016_87694_64412 em=1 f1=1.00 tie=False err=False voters=(A1=11 February 1929, A2=11 February 1929, A3=11 February 1929) final=\boxed{11 February 1929}
[1764/2417  73.0% elapsed=11m36s eta=4m18s] id=3hop1__603558_87694_124169 em=1 f1=1.00 tie=False err=False voters=(A1=1952, A3=1952) final=\boxed{1952}
[1765/2417  73.0% elapsed=11m37s eta=4m18s] id=3hop1__135659_87694_64412 em=0 f1=0.50 tie=False err=False voters=(A1=1929, A3=1929) final=\boxed{1929}
[1766/2417  73.1% elapsed=11m37s eta=4m17s] id=3hop1__639955_834494_33939 em=0 f1=0.00 tie=False err=False voters=(A1=7531, A2=7531, A3=7531) final=\boxed{7531}
[1767/2417  73.1% elapsed=11m38s eta=4m17s] id=3hop1__516535_834494_34109 em=1 f1=1.00 tie=False err=False voters=(A1=KUAT-TV 6, A2=KUAT-TV 6, A3=KUAT-TV 6) final=\boxed{KUAT-TV 6}
[1768/2417  73.1% elapsed=11m38s eta=4m16s] id=3hop1__813285_774554_64412 em=0 f1=0.50 tie=False err=False voters=(A1=1929, A2=1929, A3=1929) final=\boxed{1929}
[1769/2417  73.2% elapsed=11m38s eta=4m16s] id=3hop1__404541_629431_64412 em=0 f1=0.50 tie=False err=False voters=(A1=1929, A2=1929, A3=1929) final=\boxed{1929}
[1770/2417  73.2% elapsed=11m38s eta=4m15s] id=3hop1__497845_629431_64412 em=0 f1=0.50 tie=False err=False voters=(A1=1929, A2=1929, A3=1929) final=\boxed{1929}
[1771/2417  73.3% elapsed=11m39s eta=4m15s] id=3hop1__315504_629431_124169 em=1 f1=1.00 tie=False err=False voters=(A1=1952, A2=1952, A3=1952) final=\boxed{1952}
[1772/2417  73.3% elapsed=11m39s eta=4m14s] id=3hop1__353661_629431_124169 em=0 f1=0.00 tie=False err=False voters=(A1=1963, A2=1963, A3=Not enough information) final=\boxed{1963}
[1773/2417  73.4% elapsed=11m39s eta=4m14s] id=3hop1__73796_87694_124169 em=1 f1=1.00 tie=False err=False voters=(A1=1952, A2=1952, A3=1952) final=\boxed{1952}
[1774/2417  73.4% elapsed=11m40s eta=4m14s] id=3hop1__639955_834494_34109 em=1 f1=1.00 tie=False err=False voters=(A1=KUAT-TV 6, A2=KUAT-TV 6, A3=KUAT-TV 6) final=\boxed{KUAT-TV 6}
[1775/2417  73.4% elapsed=11m40s eta=4m13s] id=3hop1__315504_629431_64412 em=1 f1=1.00 tie=False err=False voters=(A1=1929, A2=11 February 1929, A3=11 February 1929) final=\boxed{11 February 1929}
[1776/2417  73.5% elapsed=11m40s eta=4m13s] id=3hop1__73796_87694_64412 em=0 f1=0.50 tie=False err=False voters=(A1=1929, A2=1929, A3=1929) final=\boxed{1929}
[1777/2417  73.5% elapsed=11m40s eta=4m12s] id=3hop1__135659_87694_124169 em=1 f1=1.00 tie=False err=False voters=(A1=1952, A2=1952, A3=1952) final=\boxed{1952}
[1778/2417  73.6% elapsed=11m41s eta=4m12s] id=3hop1__639955_834494_34099 em=0 f1=0.80 tie=False err=False voters=(A1=four-year terms, A2=4 years, A3=four-year terms) final=\boxed{four-year terms}
[1779/2417  73.6% elapsed=11m41s eta=4m11s] id=3hop1__603558_87694_64412 em=0 f1=0.50 tie=False err=False voters=(A1=1929, A2=1929, A3=1929) final=\boxed{1929}
[1780/2417  73.6% elapsed=11m41s eta=4m11s] id=3hop1__273571_834494_34109 em=1 f1=1.00 tie=False err=False voters=(A1=KUAT-TV 6, A2=KUAT-TV 6, A3=KUAT-TV 6) final=\boxed{KUAT-TV 6}
[1781/2417  73.7% elapsed=11m42s eta=4m11s] id=3hop1__273571_834494_33939 em=0 f1=0.00 tie=False err=False voters=(A1=7531, A2=7531, A3=7531) final=\boxed{7531}
[1782/2417  73.7% elapsed=11m42s eta=4m10s] id=3hop1__135794_87694_64412 em=0 f1=0.50 tie=False err=False voters=(A1=1929, A2=1929, A3=1929) final=\boxed{1929}
[1783/2417  73.8% elapsed=11m42s eta=4m10s] id=3hop1__373866_5189_63702 em=0 f1=0.67 tie=False err=False voters=(A1=1941, A2=1941, A3=1941) final=\boxed{1941}
[1784/2417  73.8% elapsed=11m42s eta=4m09s] id=3hop1__639955_834494_34088 em=1 f1=1.00 tie=False err=False voters=(A1=Tucson, Arizona, A2=Tucson, A3=Tucson) final=\boxed{Tucson}
[1785/2417  73.9% elapsed=11m44s eta=4m09s] id=3hop1__404541_629431_124169 em=1 f1=1.00 tie=False err=False voters=(A1=1952, A3=1952) final=\boxed{1952}
[1786/2417  73.9% elapsed=11m44s eta=4m09s] id=3hop1__516535_834494_33939 em=0 f1=0.00 tie=False err=False voters=(A1=7,531, A2=7531, A3=7531) final=\boxed{7531}
[1787/2417  73.9% elapsed=11m45s eta=4m08s] id=3hop1__136129_87694_124169 em=1 f1=1.00 tie=False err=False voters=(A1=1952, A2=Unknown, A3=1952) final=\boxed{1952}
[1788/2417  74.0% elapsed=11m45s eta=4m08s] id=3hop1__579562_629431_64412 em=0 f1=0.50 tie=False err=False voters=(A1=1929, A2=1929, A3=1929) final=\boxed{1929}
[1789/2417  74.0% elapsed=11m46s eta=4m08s] id=3hop1__516535_834494_34099 em=0 f1=0.50 tie=False err=False voters=(A1=four years, A2=four years, A3=four years) final=\boxed{four years}
[1790/2417  74.1% elapsed=11m47s eta=4m07s] id=3hop1__354480_834494_34099 em=0 f1=0.80 tie=True err=False voters=(A1=four years, A2=4 years, A3=four-year terms) final=\boxed{four-year terms}
[1791/2417  74.1% elapsed=11m48s eta=4m07s] id=3hop1__38426_91850_685675 em=1 f1=1.00 tie=False err=False voters=(A1=New York Yankees, A2=New York Yankees, A3=New York Yankees) final=\boxed{New York Yankees}
[1792/2417  74.1% elapsed=11m48s eta=4m07s] id=3hop1__273571_834494_34088 em=1 f1=1.00 tie=False err=False voters=(A1=Tucson Raceway Park, A2=Tucson Raceway Park, A3=Pima County, Arizona) final=\boxed{Tucson Raceway Park}
[1793/2417  74.2% elapsed=11m49s eta=4m07s] id=3hop1__354480_834494_34109 em=0 f1=0.00 tie=False err=False voters=(A1=Pima County, Arizona, A2=Pima County, A3=Pima County) final=\boxed{Pima County}
[1794/2417  74.2% elapsed=11m49s eta=4m06s] id=3hop1__273571_834494_34099 em=0 f1=0.50 tie=False err=False voters=(A1=four years, A2=four years, A3=four years) final=\boxed{four years}
[1795/2417  74.3% elapsed=11m49s eta=4m06s] id=3hop1__302383_503371_21711 em=1 f1=1.00 tie=False err=False voters=(A1=15th century, A2=15th century, A3=15th century) final=\boxed{15th century}
[1796/2417  74.3% elapsed=11m49s eta=4m05s] id=3hop1__497845_629431_124169 em=1 f1=1.00 tie=False err=False voters=(A1=1952, A2=1952, A3=1952) final=\boxed{1952}
[1797/2417  74.3% elapsed=11m50s eta=4m05s] id=3hop1__220023_503371_21711 em=1 f1=1.00 tie=False err=False voters=(A1=15th century, A2=15th century, A3=15th century) final=\boxed{15th century}
[1798/2417  74.4% elapsed=11m51s eta=4m05s] id=3hop1__567955_503371_21711 em=1 f1=1.00 tie=False err=False voters=(A1=1886-1888, A2=15th century, A3=15th century) final=\boxed{15th century}
[1799/2417  74.4% elapsed=11m51s eta=4m04s] id=3hop1__354480_834494_34088 em=1 f1=1.00 tie=False err=False voters=(A1=Tucson Raceway Park, A2=Tucson Raceway Park, A3=Tucson Raceway Park) final=\boxed{Tucson Raceway Park}
[1800/2417  74.5% elapsed=11m51s eta=4m04s] id=3hop1__273571_834494_34053 em=1 f1=1.00 tie=False err=False voters=(A1=1905, A2=1905, A3=1905) final=\boxed{1905}
[1801/2417  74.5% elapsed=11m51s eta=4m03s] id=3hop1__626214_503371_21711 em=1 f1=1.00 tie=False err=False voters=(A1=15th century, A2=15th century, A3=15th century) final=\boxed{15th century}
[1802/2417  74.6% elapsed=11m52s eta=4m03s] id=3hop1__354480_834494_33939 em=0 f1=0.00 tie=False err=False voters=(A1=7,531, A2=7531, A3=7531) final=\boxed{7531}
[1803/2417  74.6% elapsed=11m54s eta=4m03s] id=3hop1__609479_503371_21711 em=1 f1=1.00 tie=False err=False voters=(A1=15th century, A2=15th century, A3=15th century) final=\boxed{15th century}
[1804/2417  74.6% elapsed=11m54s eta=4m03s] id=3hop1__354480_834494_34053 em=1 f1=1.00 tie=False err=False voters=(A1=1905, A3=1905) final=\boxed{1905}
[1805/2417  74.7% elapsed=11m55s eta=4m02s] id=3hop1__135392_87694_124169 em=0 f1=0.00 tie=False err=False voters=(A1=22 February 2001, A2=22 February 2001, A3=22 February 2001) final=\boxed{22 February 2001}
[1806/2417  74.7% elapsed=11m55s eta=4m02s] id=3hop1__163654_503371_21711 em=1 f1=1.00 tie=False err=False voters=(A1=15th century, A2=15th century, A3=15th century) final=\boxed{15th century}
[1807/2417  74.8% elapsed=11m55s eta=4m02s] id=3hop1__136083_87694_124169 em=1 f1=1.00 tie=False err=False voters=(A1=1952, A2=1952, A3=1952) final=\boxed{1952}
[1808/2417  74.8% elapsed=11m56s eta=4m01s] id=3hop1__186307_503371_21711 em=1 f1=1.00 tie=False err=False voters=(A1=15th century, A2=15th century, A3=15th century) final=\boxed{15th century}
[1809/2417  74.8% elapsed=11m56s eta=4m00s] id=3hop1__783711_503371_21711 em=1 f1=1.00 tie=False err=False voters=(A1=15th century, A2=15th century, A3=15th century) final=\boxed{15th century}
[1810/2417  74.9% elapsed=11m57s eta=4m00s] id=3hop1__88707_91850_685675 em=1 f1=1.00 tie=False err=False voters=(A1=New York Yankees, A3=New York Yankees) final=\boxed{New York Yankees}
[1811/2417  74.9% elapsed=11m57s eta=4m00s] id=3hop1__579562_629431_124169 em=0 f1=0.00 tie=True err=False voters=(A1=1963, A3=Undetermined) final=\boxed{Undetermined}
[1812/2417  75.0% elapsed=11m57s eta=3m59s] id=3hop1__698501_503371_21711 em=1 f1=1.00 tie=False err=False voters=(A1=15th century, A2=15th century, A3=15th century) final=\boxed{15th century}
[1813/2417  75.0% elapsed=11m57s eta=3m59s] id=3hop1__395211_503371_21711 em=1 f1=1.00 tie=False err=False voters=(A1=15th century, A2=15th century, A3=15th century) final=\boxed{15th century}
[1814/2417  75.1% elapsed=11m58s eta=3m59s] id=3hop1__79462_91850_685675 em=1 f1=1.00 tie=False err=False voters=(A1=New York Yankees, A2=New York Yankees, A3=New York Yankees) final=\boxed{New York Yankees}
[1815/2417  75.1% elapsed=11m59s eta=3m58s] id=3hop1__840353_503371_21711 em=1 f1=1.00 tie=False err=False voters=(A1=15th century, A2=15th century, A3=15th century) final=\boxed{15th century}
[1816/2417  75.1% elapsed=11m59s eta=3m58s] id=4hop1__525129_315334_131926_87157 em=0 f1=0.00 tie=False err=False voters=(A1=southwards, A2=southward, A3=southward) final=\boxed{southward}
[1817/2417  75.2% elapsed=12m00s eta=3m58s] id=3hop1__680374_503371_21711 em=1 f1=1.00 tie=False err=False voters=(A1=15th century, A2=15th century, A3=15th century) final=\boxed{15th century}
[1818/2417  75.2% elapsed=12m00s eta=3m57s] id=4hop1__94201_642284_131926_87157 em=0 f1=0.00 tie=False err=False voters=(A1=southward, A2=southward, A3=southward) final=\boxed{southward}
[1819/2417  75.3% elapsed=12m00s eta=3m57s] id=3hop1__857241_503371_21711 em=1 f1=1.00 tie=False err=False voters=(A1=15th century, A2=15th century, A3=15th century) final=\boxed{15th century}
[1820/2417  75.3% elapsed=12m00s eta=3m56s] id=4hop1__40316_497223_15840_36002 em=0 f1=0.53 tie=False err=False voters=(A1=Improved graphics and sound, A2=16-bit and improved graphics and sound, A3=Improved graphics and sound) final=\boxed{Improved graphics and sound}
[1821/2417  75.3% elapsed=12m00s eta=3m56s] id=3hop1__849312_503371_21711 em=1 f1=1.00 tie=False err=False voters=(A1=15th century, A2=15th century, A3=15th century) final=\boxed{15th century}
[1822/2417  75.4% elapsed=12m00s eta=3m55s] id=3hop1__764280_834494_34053 em=1 f1=1.00 tie=False err=False voters=(A1=1905, A2=1905, A3=1905) final=\boxed{1905}
[1823/2417  75.4% elapsed=12m01s eta=3m55s] id=4hop1__860115_798482_131926_89261 em=0 f1=0.00 tie=False err=False voters=(A1=Gulf of Mexico, A2=Gulf of Mexico, A3=Gulf of Mexico) final=\boxed{Gulf of Mexico}
[1824/2417  75.5% elapsed=12m01s eta=3m54s] id=3hop1__268450_503371_21711 em=0 f1=0.00 tie=False err=False voters=(A1=1886-1888, A2=1886-1888, A3=15th century) final=\boxed{1886-1888}
[1825/2417  75.5% elapsed=12m01s eta=3m54s] id=3hop1__639955_834494_34053 em=1 f1=1.00 tie=False err=False voters=(A1=1905, A3=1905) final=\boxed{1905}
[1826/2417  75.5% elapsed=12m01s eta=3m53s] id=3hop1__347858_503371_21711 em=1 f1=1.00 tie=False err=False voters=(A1=15th century, A2=15th century, A3=Unknown) final=\boxed{15th century}
[1827/2417  75.6% elapsed=12m01s eta=3m53s] id=3hop1__672543_503371_21711 em=1 f1=1.00 tie=False err=False voters=(A1=15th century, A2=15th century, A3=15th century) final=\boxed{15th century}
[1828/2417  75.6% elapsed=12m02s eta=3m53s] id=3hop1__813285_774554_124169 em=1 f1=1.00 tie=False err=False voters=(A1=1952, A3=1952) final=\boxed{1952}
[1829/2417  75.7% elapsed=12m02s eta=3m52s] id=4hop1__94201_642284_131926_89261 em=0 f1=0.80 tie=False err=False voters=(A1=Mississippi River, A2=Mississippi River, A3=Mississippi River) final=\boxed{Mississippi River}
[1830/2417  75.7% elapsed=12m02s eta=3m52s] id=4hop1__72247_497223_15840_36002 em=0 f1=0.53 tie=False err=False voters=(A1=Improved graphics and sound, A2=Improved graphics and sound, A3=Improved graphics and sound) final=\boxed{Improved graphics and sound}
[1831/2417  75.8% elapsed=12m03s eta=3m51s] id=4hop1__93963_170667_443779_52195 em=0 f1=0.00 tie=False err=False voters=(A1=Francisco Guterres, A2=Xanana Gusmão, A3=Xanana Gusmão) final=\boxed{Xanana Gusmão}
[1832/2417  75.8% elapsed=12m03s eta=3m51s] id=4hop1__860115_798482_131926_90707 em=0 f1=0.57 tie=False err=False voters=(A1=Cairo, Illinois, A2=Cairo, Illinois, A3=Cairo, Illinois) final=\boxed{Cairo, Illinois}
[1833/2417  75.8% elapsed=12m04s eta=3m51s] id=4hop1__46196_497223_15840_36002 em=0 f1=0.53 tie=False err=False voters=(A1=Improved graphics and sound, A2=Improved graphics and sound, A3=Improved graphics and sound) final=\boxed{Improved graphics and sound}
[1834/2417  75.9% elapsed=12m04s eta=3m50s] id=4hop1__860115_798482_131926_87157 em=0 f1=0.27 tie=False err=False voters=(A1=From northern Minnesota to the Gulf of M, A2=From northern Minnesota to the Gulf of M, A3=From northern Minnesota to the Gulf of M) final=\boxed{From northern Minnesota to the Gulf of Mexico}
[1835/2417  75.9% elapsed=12m04s eta=3m50s] id=4hop1__94201_642284_131926_90707 em=0 f1=0.57 tie=False err=False voters=(A1=Ohio River, A2=Cairo, Illinois, A3=Cairo, Illinois) final=\boxed{Cairo, Illinois}
[1836/2417  76.0% elapsed=12m05s eta=3m49s] id=4hop1__21282_692112_214799_259594 em=1 f1=1.00 tie=False err=False voters=(A1=GDR, A2=FRG, A3=GDR) final=\boxed{GDR}
[1837/2417  76.0% elapsed=12m05s eta=3m49s] id=4hop3__857_846_326964_7713 em=0 f1=0.00 tie=False err=False voters=(A1=Cannot determine, A2=Cannot determine, A3=Unknown) final=\boxed{Cannot determine}
[1838/2417  76.0% elapsed=12m05s eta=3m49s] id=4hop1__525129_315334_131926_89261 em=0 f1=0.00 tie=False err=False voters=(A1=Mississippi River, A2=Matagorda Bay, A3=Matagorda Bay) final=\boxed{Matagorda Bay}
[1839/2417  76.1% elapsed=12m06s eta=3m48s] id=4hop3__862_846_326964_7713 em=0 f1=0.00 tie=False err=False voters=(A1=Nanjing, A2=Nanjing, A3=Nanjing) final=\boxed{Nanjing}
[1840/2417  76.1% elapsed=12m06s eta=3m48s] id=4hop2__161324_14670_8987_8974 em=0 f1=0.40 tie=False err=False voters=(A1=Paraguay, A2=Paraguay, A3=Paraguay) final=\boxed{Paraguay}
[1841/2417  76.2% elapsed=12m06s eta=3m47s] id=3hop1__558449_503371_21711 em=0 f1=0.00 tie=False err=False voters=(A1=15th century, A2=1887-1908, A3=1887-1908) final=\boxed{1887-1908}
[1842/2417  76.2% elapsed=12m07s eta=3m47s] id=4hop1__72247_497223_15840_36014 em=1 f1=1.00 tie=False err=False voters=(A1=five, A2=five, A3=five) final=\boxed{five}
[1843/2417  76.3% elapsed=12m08s eta=3m47s] id=4hop1__860115_798482_131926_13165 em=0 f1=0.86 tie=False err=False voters=(A1=Treaty of Paris (1783), A2=Louisiana Purchase, A3=Treaty of Paris (1783)) final=\boxed{Treaty of Paris (1783)}
[1844/2417  76.3% elapsed=12m09s eta=3m47s] id=4hop2__103790_14670_8987_8974 em=0 f1=0.40 tie=False err=False voters=(A1=Paraguay, A2=Paraguay, A3=Paraguay) final=\boxed{Paraguay}
[1845/2417  76.3% elapsed=12m09s eta=3m46s] id=4hop2__567956_14670_8987_8974 em=0 f1=0.40 tie=False err=False voters=(A1=Paraguay, A2=Paraguay, A3=Paraguay) final=\boxed{Paraguay}
[1846/2417  76.4% elapsed=12m10s eta=3m46s] id=4hop2__160585_14670_8987_8974 em=0 f1=0.40 tie=False err=False voters=(A1=Paraguay, A2=Paraguay, A3=Paraguay) final=\boxed{Paraguay}
[1847/2417  76.4% elapsed=12m10s eta=3m45s] id=4hop3__862_846_613770_7713 em=0 f1=0.00 tie=False err=False voters=(A1=twenty-two days, A2=22 days, A3=twenty-two days) final=\boxed{twenty-two days}
[1848/2417  76.5% elapsed=12m10s eta=3m45s] id=4hop1__46196_497223_15840_36014 em=1 f1=1.00 tie=True err=False voters=(A1=5, A3=five) final=\boxed{five}
[1849/2417  76.5% elapsed=12m11s eta=3m44s] id=4hop2__105527_14670_8987_8974 em=0 f1=0.40 tie=False err=False voters=(A1=Paraguay, A2=Paraguay, A3=Paraguay) final=\boxed{Paraguay}
[1850/2417  76.5% elapsed=12m11s eta=3m44s] id=4hop1__525129_315334_131926_13165 em=0 f1=0.57 tie=False err=False voters=(A1=Treaty of Guadalupe Hidalgo, A2=Treaty of Paris, A3=Treaty of Guadalupe Hidalgo) final=\boxed{Treaty of Guadalupe Hidalgo}
[1851/2417  76.6% elapsed=12m12s eta=3m44s] id=4hop2__105527_14670_8987_8529 em=0 f1=0.00 tie=False err=False voters=(A1=1939–1945, A2=1939–1945, A3=1939–1945) final=\boxed{1939–1945}
[1852/2417  76.6% elapsed=12m12s eta=3m43s] id=3hop1__423001_503371_21711 em=1 f1=1.00 tie=False err=False voters=(A1=15th century, A2=15th century, A3=15th century) final=\boxed{15th century}
[1853/2417  76.7% elapsed=12m12s eta=3m43s] id=4hop3__857_846_613770_7713 em=0 f1=0.80 tie=False err=False voters=(A1=400 years, A2=400 years, A3=400 years) final=\boxed{400 years}
[1854/2417  76.7% elapsed=12m12s eta=3m42s] id=4hop2__567956_39078_8987_8974 em=0 f1=0.40 tie=False err=False voters=(A1=Paraguay, A2=Paraguay, A3=Paraguay) final=\boxed{Paraguay}
[1855/2417  76.7% elapsed=12m13s eta=3m42s] id=4hop2__160585_39078_8987_8974 em=0 f1=0.40 tie=False err=False voters=(A1=United States, A2=Paraguay, A3=Paraguay) final=\boxed{Paraguay}
[1856/2417  76.8% elapsed=12m14s eta=3m42s] id=4hop1__525129_315334_131926_90707 em=0 f1=0.57 tie=False err=False voters=(A1=Cairo, Illinois, A2=Cairo, Illinois, A3=Cairo, Illinois) final=\boxed{Cairo, Illinois}
[1857/2417  76.8% elapsed=12m15s eta=3m42s] id=4hop2__105527_39078_8987_8974 em=0 f1=0.40 tie=False err=False voters=(A1=Paraguay, A2=Paraguay, A3=Paraguay) final=\boxed{Paraguay}
[1858/2417  76.9% elapsed=12m17s eta=3m42s] id=4hop1__94201_642284_131926_13165 em=0 f1=0.57 tie=False err=False voters=(A1=Treaty of Guadalupe Hidalgo, A3=Treaty of Guadalupe Hidalgo) final=\boxed{Treaty of Guadalupe Hidalgo}
[1859/2417  76.9% elapsed=12m18s eta=3m41s] id=4hop2__797545_14670_8987_8974 em=0 f1=0.40 tie=False err=False voters=(A1=Paraguay, A2=Paraguay, A3=Paraguay) final=\boxed{Paraguay}
[1860/2417  77.0% elapsed=12m19s eta=3m41s] id=4hop1__88342_49853_128008_48717 em=1 f1=1.00 tie=False err=False voters=(A1=Josh Beckett, A2=Josh Beckett, A3=Josh Beckett) final=\boxed{Josh Beckett}
[1861/2417  77.0% elapsed=12m20s eta=3m41s] id=4hop1__93601_46196_497223_15840 em=1 f1=1.00 tie=False err=False voters=(A1=NES, A2=NES, A3=NES) final=\boxed{NES}
[1862/2417  77.0% elapsed=12m20s eta=3m40s] id=4hop2__5206_39078_8987_8974 em=0 f1=0.40 tie=False err=False voters=(A1=Paraguay, A2=Paraguay, A3=Paraguay) final=\boxed{Paraguay}
[1863/2417  77.1% elapsed=12m20s eta=3m40s] id=4hop2__161324_14670_8987_8529 em=1 f1=1.00 tie=False err=False voters=(A1=1943–1992, A2=1943–1992, A3=1943–1992) final=\boxed{1943–1992}
[1864/2417  77.1% elapsed=12m21s eta=3m40s] id=4hop1__88342_75218_128008_46894 em=1 f1=1.00 tie=False err=False voters=(A1=Bill Bergen, A2=Bill Bergen, A3=Bill Bergen) final=\boxed{Bill Bergen}
[1865/2417  77.2% elapsed=12m21s eta=3m39s] id=4hop1__88342_49853_128008_67954 em=0 f1=0.00 tie=False err=False voters=(A1=Willie Mays, A2=Mike Trout, A3=Mike Trout) final=\boxed{Mike Trout}
[1866/2417  77.2% elapsed=12m21s eta=3m39s] id=4hop1__88342_49853_128008_54974 em=0 f1=0.80 tie=False err=False voters=(A1=575 feet, A2=575 feet, A3=582 feet) final=\boxed{575 feet}
[1867/2417  77.2% elapsed=12m23s eta=3m39s] id=4hop2__5206_14670_8987_8529 em=0 f1=0.67 tie=False err=False voters=(A1=1943, A3=1943) final=\boxed{1943}
[1868/2417  77.3% elapsed=12m24s eta=3m39s] id=4hop1__88342_49853_128008_46894 em=1 f1=1.00 tie=False err=False voters=(A1=Bill Bergen, A2=Bill Bergen, A3=Bill Bergen) final=\boxed{Bill Bergen}
[1869/2417  77.3% elapsed=12m24s eta=3m38s] id=4hop3__275416_24325_125104_10557 em=1 f1=1.00 tie=False err=False voters=(A1=Medieval Latin, A2=Medieval Latin, A3=Medieval Latin) final=\boxed{Medieval Latin}
[1870/2417  77.4% elapsed=12m24s eta=3m38s] id=4hop1__638706_378185_282674_759393 em=0 f1=0.00 tie=False err=False voters=(A1=Appleton, A2=Appleton, A3=The capital of the county that shares a ) final=\boxed{Appleton}
[1871/2417  77.4% elapsed=12m25s eta=3m38s] id=4hop1__88342_75218_128008_48717 em=0 f1=0.50 tie=False err=False voters=(A1=Josh Girdley, A2=Josh Girdley, A3=Josh Girdley) final=\boxed{Josh Girdley}
[1872/2417  77.5% elapsed=12m26s eta=3m37s] id=4hop1__199362_765799_282674_759393 em=0 f1=0.00 tie=False err=False voters=(A1=Appleton, Wisconsin, A2=Pulaski, A3=Pulaski) final=\boxed{Pulaski}
[1873/2417  77.5% elapsed=12m26s eta=3m37s] id=4hop3__813358_24325_125104_10557 em=1 f1=1.00 tie=False err=False voters=(A1=Medieval Latin, A2=Medieval Latin, A3=Medieval Latin) final=\boxed{Medieval Latin}
[1874/2417  77.5% elapsed=12m26s eta=3m36s] id=4hop1__88342_49853_128008_89859 em=0 f1=0.80 tie=False err=False voters=(A1=Major League Baseball (MLB), A2=March 29, A3=March 29) final=\boxed{March 29}
[1875/2417  77.6% elapsed=12m27s eta=3m36s] id=4hop1__199362_378185_282674_759393 em=0 f1=0.00 tie=False err=False voters=(A1=Appleton, A2=Appleton, A3=Appleton) final=\boxed{Appleton}
[1876/2417  77.6% elapsed=12m27s eta=3m35s] id=4hop1__88342_49853_128008_87812 em=0 f1=0.00 tie=False err=False voters=(A1=Monday, A2=Monday, A3=Monday) final=\boxed{Monday}
[1877/2417  77.7% elapsed=12m27s eta=3m35s] id=4hop1__707078_378185_282674_759393 em=0 f1=0.00 tie=False err=False voters=(A1=Madison, A2=Madison, A3=The capital of Brown County, Wisconsin, ) final=\boxed{Madison}
[1878/2417  77.7% elapsed=12m27s eta=3m34s] id=4hop1__88342_75218_128008_89859 em=0 f1=0.80 tie=False err=False voters=(A1=March 29, A2=March 29, A3=March 29) final=\boxed{March 29}
[1879/2417  77.7% elapsed=12m27s eta=3m34s] id=4hop1__88342_75218_128008_87812 em=0 f1=0.67 tie=False err=False voters=(A1=March 29, 2018, A2=March 29, 2018, A3=March 29, 2018) final=\boxed{March 29, 2018}
[1880/2417  77.8% elapsed=12m28s eta=3m34s] id=4hop1__88342_49853_128008_46748 em=0 f1=0.00 tie=False err=False voters=(A1=22, A2=22, A3=22) final=\boxed{22}
[1881/2417  77.8% elapsed=12m28s eta=3m33s] id=4hop1__88342_75218_128008_92225 em=1 f1=1.00 tie=False err=False voters=(A1=March 29, 2018, A2=March 29, 2018, A3=March 29, 2018) final=\boxed{March 29, 2018}
[1882/2417  77.9% elapsed=12m28s eta=3m33s] id=4hop1__88342_75218_128008_46748 em=1 f1=1.00 tie=False err=False voters=(A1=26, A2=26, A3=26) final=\boxed{26}
[1883/2417  77.9% elapsed=12m28s eta=3m32s] id=4hop1__436202_378185_282674_759393 em=1 f1=1.00 tie=False err=False voters=(A1=Green Bay, A2=Green Bay, A3=Green Bay) final=\boxed{Green Bay}
[1884/2417  77.9% elapsed=12m29s eta=3m32s] id=4hop1__833841_378185_282674_759393 em=0 f1=0.00 tie=False err=False voters=(A1=Appleton, Wisconsin, A2=Shawano, A3=Shawano) final=\boxed{Shawano}
[1885/2417  78.0% elapsed=12m29s eta=3m31s] id=4hop1__88342_75218_128008_80286 em=1 f1=1.00 tie=False err=False voters=(A1=Pete Rose, A2=Pete Rose, A3=Pete Rose) final=\boxed{Pete Rose}
[1886/2417  78.0% elapsed=12m29s eta=3m31s] id=4hop1__324759_378185_282674_759393 em=0 f1=0.00 tie=False err=False voters=(A1=Shawano, A2=Shawano, A3=Shawano) final=\boxed{Shawano}
[1887/2417  78.1% elapsed=12m29s eta=3m30s] id=4hop1__88342_49853_128008_80487 em=1 f1=1.00 tie=False err=False voters=(A1=July 11, 2017, A2=July 11, 2017, A3=July 11, 2017) final=\boxed{July 11, 2017}
[1888/2417  78.1% elapsed=12m29s eta=3m30s] id=4hop1__88342_49853_128008_80286 em=1 f1=1.00 tie=False err=False voters=(A1=Pete Rose, A2=Pete Rose, A3=Pete Rose) final=\boxed{Pete Rose}
[1889/2417  78.2% elapsed=12m29s eta=3m29s] id=4hop3__275416_24325_156850_10557 em=0 f1=0.00 tie=False err=False voters=(A1=Walloon, A2=Walloon, A3=Walloon) final=\boxed{Walloon}
[1890/2417  78.2% elapsed=12m29s eta=3m29s] id=4hop1__88342_49853_128008_92225 em=0 f1=0.67 tie=False err=False voters=(A1=Major League Baseball (MLB), opening day, A2=Thursday, March 29, A3=Thursday, March 29) final=\boxed{Thursday, March 29}
[1891/2417  78.2% elapsed=12m29s eta=3m28s] id=4hop1__436202_765799_282674_759393 em=0 f1=0.00 tie=False err=False voters=(A1=Pulaski, A2=Pulaski, A3=Pulaski) final=\boxed{Pulaski}
[1892/2417  78.3% elapsed=12m30s eta=3m28s] id=4hop2__103790_39078_8987_8529 em=0 f1=0.00 tie=False err=False voters=(A1=1939–1945, A2=1939–1945, A3=1939–1945) final=\boxed{1939–1945}
[1893/2417  78.3% elapsed=12m30s eta=3m28s] id=4hop2__567956_14670_8987_8529 em=0 f1=0.00 tie=False err=False voters=(A1=1939–1945, A2=1943–1992, A3=1939–1945) final=\boxed{1939–1945}
[1894/2417  78.4% elapsed=12m30s eta=3m27s] id=4hop1__9007_698949_157828_239539 em=0 f1=0.00 tie=False err=False voters=(A1=Belgrade, A2=Belgrade, A3=Belgrade) final=\boxed{Belgrade}
[1895/2417  78.4% elapsed=12m31s eta=3m27s] id=4hop1__88342_75218_128008_67954 em=1 f1=1.00 tie=False err=False voters=(A1=Alex Bregman, A2=Alex Bregman, A3=Alex Bregman) final=\boxed{Alex Bregman}
[1896/2417  78.4% elapsed=12m31s eta=3m26s] id=4hop1__88342_75218_128008_54974 em=0 f1=0.80 tie=False err=False voters=(A1=575 feet, A2=575 feet, A3=575 feet) final=\boxed{575 feet}
[1897/2417  78.5% elapsed=12m31s eta=3m26s] id=4hop1__88342_49853_128008_86588 em=1 f1=1.00 tie=False err=False voters=(A1=582 feet (177 m), A2=582 feet (177 m), A3=582 feet) final=\boxed{582 feet (177 m)}
[1898/2417  78.5% elapsed=12m32s eta=3m26s] id=4hop1__707078_765799_282674_759393 em=0 f1=0.00 tie=False err=False voters=(A1=Pulaski, A2=Pulaski, A3=Pulaski) final=\boxed{Pulaski}
[1899/2417  78.6% elapsed=12m32s eta=3m25s] id=4hop1__344155_765799_282674_759393 em=0 f1=0.00 tie=False err=False voters=(A1=Appleton, A2=Appleton, A3=Appleton) final=\boxed{Appleton}
[1900/2417  78.6% elapsed=12m32s eta=3m25s] id=4hop1__668178_765799_282674_759393 em=0 f1=0.00 tie=False err=False voters=(A1=Pulaski, A2=Pulaski, A3=Pulaski) final=\boxed{Pulaski}
[1901/2417  78.7% elapsed=12m32s eta=3m24s] id=4hop1__324759_765799_282674_759393 em=0 f1=0.00 tie=False err=False voters=(A1=Pulaski, A2=Pulaski, A3=Pulaski) final=\boxed{Pulaski}
[1902/2417  78.7% elapsed=12m32s eta=3m24s] id=4hop1__638706_765799_282674_759393 em=0 f1=0.00 tie=False err=False voters=(A1=Appleton, A2=Appleton, A3=Appleton) final=\boxed{Appleton}
[1903/2417  78.7% elapsed=12m32s eta=3m23s] id=4hop1__344155_378185_282674_759393 em=0 f1=0.00 tie=False err=False voters=(A1=Appleton, A2=Appleton, A3=Appleton) final=\boxed{Appleton}
[1904/2417  78.8% elapsed=12m32s eta=3m23s] id=4hop1__199881_765799_282674_759393 em=0 f1=0.00 tie=False err=False voters=(A1=Shawano, A2=Pulaski, A3=Pulaski) final=\boxed{Pulaski}
[1905/2417  78.8% elapsed=12m32s eta=3m22s] id=4hop1__668178_378185_282674_759393 em=0 f1=0.00 tie=False err=False voters=(A1=Madison, A2=Brown County, A3=Brown County) final=\boxed{Brown County}
[1906/2417  78.9% elapsed=12m33s eta=3m22s] id=4hop1__814776_378185_282674_759393 em=0 f1=0.00 tie=False err=False voters=(A1=Appleton, A2=Appleton, A3=Appleton) final=\boxed{Appleton}
[1907/2417  78.9% elapsed=12m33s eta=3m21s] id=4hop1__199881_378185_282674_759393 em=0 f1=0.00 tie=False err=False voters=(A1=Appleton, A2=Pulaski, A3=Appleton) final=\boxed{Appleton}
[1908/2417  78.9% elapsed=12m34s eta=3m21s] id=4hop1__88342_75218_128008_86588 em=0 f1=0.50 tie=False err=False voters=(A1=575 feet (175 m), A2=575 feet (175 m), A3=575 feet) final=\boxed{575 feet (175 m)}
[1909/2417  79.0% elapsed=12m34s eta=3m21s] id=4hop1__399219_765799_282674_759393 em=0 f1=0.00 tie=False err=False voters=(A1=Appleton, Wisconsin, A2=Brown City, A3=Brown City) final=\boxed{Brown City}
[1910/2417  79.0% elapsed=12m34s eta=3m20s] id=4hop1__814776_765799_282674_759393 em=0 f1=0.00 tie=False err=False voters=(A1=Pulaski, A2=Appleton, A3=Pulaski) final=\boxed{Pulaski}
[1911/2417  79.1% elapsed=12m34s eta=3m20s] id=4hop1__690653_378185_282674_759393 em=0 f1=0.00 tie=False err=False voters=(A1=Appleton, A2=Appleton, A3=Appleton) final=\boxed{Appleton}
[1912/2417  79.1% elapsed=12m35s eta=3m19s] id=4hop2__103790_14670_8987_8529 em=0 f1=0.67 tie=True err=False voters=(A1=Slovak Republic, A2=1939, A3=1943) final=\boxed{1943}
[1913/2417  79.1% elapsed=12m36s eta=3m19s] id=4hop1__145494_698949_157828_162309 em=0 f1=0.00 tie=False err=False voters=(A1=1994, A2=1994, A3=1994) final=\boxed{1994}
[1914/2417  79.2% elapsed=12m37s eta=3m19s] id=4hop1__105773_457883_650651_7262 em=1 f1=1.00 tie=False err=False voters=(A1=Walter Sabo, A2=Walter Sabo, A3=Walter Sabo) final=\boxed{Walter Sabo}
[1915/2417  79.2% elapsed=12m37s eta=3m18s] id=4hop1__115977_582428_157828_162309 em=0 f1=0.00 tie=False err=False voters=(A1=1992, A2=1992, A3=1992) final=\boxed{1992}
[1916/2417  79.3% elapsed=12m37s eta=3m18s] id=4hop1__107309_457883_650651_7262 em=1 f1=1.00 tie=False err=False voters=(A1=Walter Sabo, A2=Walter Sabo, A3=Walter Sabo) final=\boxed{Walter Sabo}
[1917/2417  79.3% elapsed=12m39s eta=3m18s] id=4hop1__9002_698949_157828_239539 em=0 f1=0.00 tie=False err=False voters=(A1=Belgrade, A2=Belgrade, A3=Belgrade) final=\boxed{Belgrade}
[1918/2417  79.4% elapsed=12m39s eta=3m17s] id=4hop1__161810_583746_457883_650651 em=1 f1=1.00 tie=False err=False voters=(A1=NBC, A2=The Biggest Loser Brunei, A3=NBC) final=\boxed{NBC}
[1919/2417  79.4% elapsed=12m40s eta=3m17s] id=4hop3__316459_41402_145282_13584 em=0 f1=0.00 tie=False err=False voters=(A1=Barcelona and Madrid, A2=Barcelona and Madrid, A3=Barcelona and Madrid) final=\boxed{Barcelona and Madrid}
[1920/2417  79.4% elapsed=12m41s eta=3m17s] id=4hop1__146971_698949_157828_162309 em=1 f1=1.00 tie=False err=False voters=(A1=2016, A2=2016, A3=1992) final=\boxed{2016}
[1921/2417  79.5% elapsed=12m41s eta=3m17s] id=4hop1__749065_698949_157828_162309 em=0 f1=0.00 tie=True err=False voters=(A1=1992, A3=1994) final=\boxed{1994}
[1922/2417  79.5% elapsed=12m42s eta=3m16s] id=4hop1__88342_75218_128008_80487 em=0 f1=0.00 tie=True err=False voters=(A1=July 12, 2016, A2=2016, A3=2015) final=\boxed{2015}
[1923/2417  79.6% elapsed=12m42s eta=3m16s] id=4hop1__118068_582428_157828_162309 em=0 f1=0.00 tie=False err=False voters=(A1=1992, A2=1992, A3=1992) final=\boxed{1992}
[1924/2417  79.6% elapsed=12m42s eta=3m15s] id=4hop1__145422_698949_157828_162309 em=0 f1=0.00 tie=False err=False voters=(A1=1992, A2=1992, A3=1992) final=\boxed{1992}
[1925/2417  79.6% elapsed=12m42s eta=3m15s] id=4hop3__316459_41402_146223_13584 em=0 f1=0.00 tie=False err=False voters=(A1=Barcelona, Spain and Madrid, Spain, A2=Barcelona, Spain and Madrid, Spain, A3=Barcelona, Spain and Madrid, Spain) final=\boxed{Barcelona, Spain and Madrid, Spain}
[1926/2417  79.7% elapsed=12m44s eta=3m15s] id=4hop3__316459_41402_599212_13584 em=0 f1=0.00 tie=False err=False voters=(A1=Real Madrid is based in Madrid, while FC, A2=Real Madrid is based in Madrid, while FC, A3=Real Madrid and FC Barcelona are rivals ) final=\boxed{Real Madrid is based in Madrid, while FC Barcelona is
[1927/2417  79.7% elapsed=12m44s eta=3m14s] id=4hop1__749065_698949_157828_239539 em=0 f1=0.00 tie=False err=False voters=(A1=Belgrade, A2=Radio Television Serbia, A3=Belgrade) final=\boxed{Belgrade}
[1928/2417  79.8% elapsed=12m45s eta=3m14s] id=4hop3__316459_41402_145922_13584 em=0 f1=0.00 tie=False err=False voters=(A1=Barcelona is a city in Spain, while Real, A2=Barcelona is a city in Spain, while Real, A3=Barcelona is a city in Spain, while Real) final=\boxed{Barcelona is a city in Spain, while Real Madrid is a 
[1929/2417  79.8% elapsed=12m46s eta=3m14s] id=4hop1__9007_698949_157828_162309 em=0 f1=0.00 tie=False err=False voters=(A1=1994, A3=1994) final=\boxed{1994}
[1930/2417  79.9% elapsed=12m47s eta=3m14s] id=4hop3__316459_41402_157761_13584 em=0 f1=0.00 tie=True err=False voters=(A1=Spain and the differences between Real M, A2=Rivalry, regional representation, and hi, A3=Rivalry, regional representation, and fo) final=\boxed{Rivalry, regional representation, and football club c
[1931/2417  79.9% elapsed=12m47s eta=3m13s] id=4hop1__151650_5274_458768_33632 em=1 f1=1.00 tie=False err=False voters=(A1=May 4, A2=May 4, A3=May 4) final=\boxed{May 4}
[1932/2417  79.9% elapsed=12m48s eta=3m13s] id=4hop1__767417_624859_355213_203322 em=0 f1=0.00 tie=False err=False voters=(A1=Lorain County, A2=Lorain, A3=Lorain) final=\boxed{Lorain}
[1933/2417  80.0% elapsed=12m49s eta=3m13s] id=4hop3__316459_41402_146281_13584 em=0 f1=0.00 tie=False err=False voters=(A1=Real Madrid is based in Madrid, Spain, w, A2=Real Madrid is based in Madrid, Spain, w, A3=Real Madrid is based in Madrid, while Ba) final=\boxed{Real Madrid is based in Madrid, Spain, while the foot
[1934/2417  80.0% elapsed=12m50s eta=3m12s] id=4hop1__836115_49925_13759_736921 em=1 f1=1.00 tie=False err=False voters=(A1=Saxony-Anhalt, A2=Saxony-Anhalt, A3=Saxony-Anhalt) final=\boxed{Saxony-Anhalt}
[1935/2417  80.1% elapsed=12m50s eta=3m12s] id=4hop1__56635_49925_13759_736921 em=1 f1=1.00 tie=False err=False voters=(A1=Saxony-Anhalt, A2=Saxony-Anhalt, A3=Saxony-Anhalt) final=\boxed{Saxony-Anhalt}
[1936/2417  80.1% elapsed=12m50s eta=3m11s] id=4hop1__228808_49925_13759_736921 em=1 f1=1.00 tie=False err=False voters=(A1=Saxony-Anhalt, A2=Saxony-Anhalt, A3=Saxony-Anhalt) final=\boxed{Saxony-Anhalt}
[1937/2417  80.1% elapsed=12m50s eta=3m11s] id=4hop1__567737_141375_458768_33632 em=1 f1=1.00 tie=False err=False voters=(A1=May 4, A2=May 4, A3=May 4) final=\boxed{May 4}
[1938/2417  80.2% elapsed=12m50s eta=3m10s] id=4hop1__696484_49925_13759_736921 em=0 f1=0.00 tie=False err=False voters=(A1=Wittenberg, A2=Wittenberg, A3=Wittenberg) final=\boxed{Wittenberg}
[1939/2417  80.2% elapsed=12m50s eta=3m10s] id=4hop1__152146_5274_458768_33632 em=0 f1=0.00 tie=False err=False voters=(A1=7 October, A2=7 October, A3=7 October) final=\boxed{7 October}
[1940/2417  80.3% elapsed=12m51s eta=3m10s] id=4hop1__580153_49925_13759_736921 em=0 f1=0.00 tie=False err=False voters=(A1=Wittenberg, Germany, A2=Wittenberg, Germany, A3=Wittenberg, Germany) final=\boxed{Wittenberg, Germany}
[1941/2417  80.3% elapsed=12m51s eta=3m09s] id=4hop1__473563_309800_355213_203322 em=0 f1=0.67 tie=False err=False voters=(A1=Cabarrus, A2=Cabarrus, A3=Cabarrus) final=\boxed{Cabarrus}
[1942/2417  80.3% elapsed=12m52s eta=3m09s] id=4hop1__482815_624859_355213_203322 em=0 f1=0.00 tie=False err=False voters=(A1=Cuyahoga, A2=Rowan, A3=Rowan) final=\boxed{Rowan}
[1943/2417  80.4% elapsed=12m52s eta=3m08s] id=4hop1__152562_5274_458768_33632 em=1 f1=1.00 tie=False err=False voters=(A1=May 4, A2=May 4, A3=May 4) final=\boxed{May 4}
[1944/2417  80.4% elapsed=12m52s eta=3m08s] id=4hop2__160585_14670_8987_8529 em=0 f1=0.00 tie=False err=False voters=(A1=1939, A2=1939, A3=1939) final=\boxed{1939}
[1945/2417  80.5% elapsed=12m52s eta=3m07s] id=4hop1__152562_5274_458768_33633 em=1 f1=1.00 tie=False err=False voters=(A1=August 3, 1769, A2=August 3, 1769, A3=August 3, 1769) final=\boxed{August 3, 1769}
[1946/2417  80.5% elapsed=12m52s eta=3m07s] id=4hop1__159467_725495_49925_349426 em=1 f1=1.00 tie=False err=False voters=(A1=Katharina von Bora, A2=Katharina von Bora, A3=Katharina von Bora) final=\boxed{Katharina von Bora}
[1947/2417  80.6% elapsed=12m53s eta=3m07s] id=4hop1__3496_5274_458768_33633 em=1 f1=1.00 tie=False err=False voters=(A1=August 3, 1769, A2=August 3, 1769, A3=August 3, 1769) final=\boxed{August 3, 1769}
[1948/2417  80.6% elapsed=12m53s eta=3m06s] id=4hop1__31050_725495_49925_267352 em=0 f1=0.00 tie=False err=False voters=(A1=Reformation, A2=Reformation, A3=Reformation) final=\boxed{Reformation}
[1949/2417  80.6% elapsed=12m53s eta=3m06s] id=4hop1__152146_5274_458768_33633 em=1 f1=1.00 tie=False err=False voters=(A1=August 3, 1769, A2=1769, A3=August 3, 1769) final=\boxed{August 3, 1769}
[1950/2417  80.7% elapsed=12m53s eta=3m05s] id=4hop1__151650_5274_458768_33633 em=1 f1=1.00 tie=False err=False voters=(A1=August 3, 1769, A2=August 3, 1769, A3=August 3, 1769) final=\boxed{August 3, 1769}
[1951/2417  80.7% elapsed=12m54s eta=3m05s] id=4hop1__463635_624859_355213_203322 em=0 f1=0.67 tie=False err=False voters=(A1=Cabarrus, A2=Cabarrus, A3=Cabarrus) final=\boxed{Cabarrus}
[1952/2417  80.8% elapsed=12m54s eta=3m04s] id=4hop1__89530_624859_355213_203322 em=0 f1=0.00 tie=False err=False voters=(A1=Rowan, A2=Rowan, A3=Cuyahoga County) final=\boxed{Rowan}
[1953/2417  80.8% elapsed=12m54s eta=3m04s] id=4hop1__749363_49925_13759_736921 em=1 f1=1.00 tie=False err=False voters=(A1=Saxony-Anhalt, A2=Saxony-Anhalt, A3=Saxony-Anhalt) final=\boxed{Saxony-Anhalt}
[1954/2417  80.8% elapsed=12m55s eta=3m04s] id=4hop1__562740_49925_13759_736921 em=0 f1=0.00 tie=False err=False voters=(A1=Wittenberg, A2=Wittenberg, A3=Wittenberg) final=\boxed{Wittenberg}
[1955/2417  80.9% elapsed=12m55s eta=3m03s] id=4hop1__76111_624859_355213_203322 em=0 f1=0.67 tie=False err=False voters=(A1=Cabarrus, A2=Cabarrus, A3=Cabarrus) final=\boxed{Cabarrus}
[1956/2417  80.9% elapsed=12m55s eta=3m03s] id=4hop1__567737_141375_458768_33633 em=0 f1=0.00 tie=True err=False voters=(A1=1769, A2=Los Angeles, A3=New York City) final=\boxed{New York City}
[1957/2417  81.0% elapsed=12m56s eta=3m02s] id=4hop1__166471_49925_13759_736921 em=1 f1=1.00 tie=False err=False voters=(A1=Saxony-Anhalt, A2=Saxony-Anhalt, A3=Saxony-Anhalt) final=\boxed{Saxony-Anhalt}
[1958/2417  81.0% elapsed=12m56s eta=3m02s] id=4hop1__711307_49925_13759_736921 em=1 f1=1.00 tie=False err=False voters=(A1=Saxony-Anhalt, A2=Saxony-Anhalt, A3=Saxony-Anhalt) final=\boxed{Saxony-Anhalt}
[1959/2417  81.1% elapsed=12m56s eta=3m01s] id=4hop1__151903_5274_458768_33633 em=0 f1=0.50 tie=False err=False voters=(A1=1769, A2=1769, A3=1769) final=\boxed{1769}
[1960/2417  81.1% elapsed=12m56s eta=3m01s] id=4hop1__391525_49925_13759_736921 em=0 f1=0.00 tie=True err=False voters=(A1=Cape Coast, A2=Wittenberg, A3=Île-de-France) final=\boxed{Île-de-France}
[1961/2417  81.1% elapsed=12m57s eta=3m01s] id=4hop1__152028_141441_458768_33633 em=1 f1=1.00 tie=False err=False voters=(A1=1769, A2=August 3, 1769, A3=August 3, 1769) final=\boxed{August 3, 1769}
[1962/2417  81.2% elapsed=12m58s eta=3m00s] id=4hop1__277409_49925_13759_736921 em=1 f1=1.00 tie=False err=False voters=(A1=Saxony-Anhalt, A2=Saxony-Anhalt, A3=Saxony-Anhalt) final=\boxed{Saxony-Anhalt}
[1963/2417  81.2% elapsed=12m59s eta=3m00s] id=4hop2__161602_426860_88460_20999 em=0 f1=0.31 tie=False err=False voters=(A1=The Portuguese were expelled from Myanma, A2=Myanmar, A3=The Portuguese were expelled from Myanma) final=\boxed{The Portuguese were expelled from Myanmar by the Yaru
[1964/2417  81.3% elapsed=12m59s eta=3m00s] id=4hop1__159467_725495_49925_267352 em=0 f1=0.00 tie=False err=False voters=(A1=Protestant Reformation, A2=Protestant Reformation, A3=Protestant Reformation) final=\boxed{Protestant Reformation}
[1965/2417  81.3% elapsed=12m59s eta=2m59s] id=4hop1__570103_49925_13759_736921 em=0 f1=0.00 tie=False err=False voters=(A1=Wittenberg, A2=Wittenberg, A3=Shrewsbury) final=\boxed{Wittenberg}
[1966/2417  81.3% elapsed=12m59s eta=2m59s] id=4hop2__161602_474028_88460_20999 em=0 f1=0.17 tie=False err=False voters=(A1=The information provided does not specif, A2=Cannot determine from the provided infor, A3=The information provided does not specif) final=\boxed{The information provided does not specify how the Por
[1967/2417  81.4% elapsed=12m59s eta=2m58s] id=4hop1__814349_624859_355213_203322 em=0 f1=0.67 tie=False err=False voters=(A1=Cabarrus, A2=Cabarrus County, A3=Cabarrus) final=\boxed{Cabarrus}
[1968/2417  81.4% elapsed=13m00s eta=2m58s] id=4hop1__264443_49925_13759_736921 em=0 f1=0.00 tie=False err=False voters=(A1=The Bronx, A2=The Bronx, A3=The Bronx) final=\boxed{The Bronx}
[1969/2417  81.5% elapsed=13m00s eta=2m58s] id=4hop3__373866_5189_31809_86687 em=1 f1=1.00 tie=False err=False voters=(A1=1990, A2=1990, A3=1990) final=\boxed{1990}
[1970/2417  81.5% elapsed=13m00s eta=2m57s] id=4hop2__161602_426860_88460_21062 em=0 f1=0.00 tie=False err=False voters=(A1=No, A2=No, A3=No) final=\boxed{No}
[1971/2417  81.5% elapsed=13m01s eta=2m57s] id=4hop3__373866_5189_276146_86687 em=1 f1=1.00 tie=False err=False voters=(A1=1990, A2=1990, A3=1990) final=\boxed{1990}
[1972/2417  81.6% elapsed=13m01s eta=2m56s] id=4hop2__161602_474028_88460_20988 em=0 f1=0.12 tie=False err=False voters=(A1=ethnic strife and civil war in Myanmar, A2=ethnic strife and civil war in Myanmar, A3=ethnic strife and civil war in Myanmar) final=\boxed{ethnic strife and civil war in Myanmar}
[1973/2417  81.6% elapsed=13m01s eta=2m56s] id=4hop2__161602_474028_88460_21057 em=0 f1=0.33 tie=False err=False voters=(A1=teak, A2=teak, A3=teak) final=\boxed{teak}
[1974/2417  81.7% elapsed=13m02s eta=2m55s] id=4hop2__161602_474028_88460_21063 em=0 f1=0.60 tie=False err=False voters=(A1=Yangon Stock Exchange, A2=Yangon Stock Exchange, A3=Yangon Stock Exchange) final=\boxed{Yangon Stock Exchange}
[1975/2417  81.7% elapsed=13m02s eta=2m55s] id=4hop2__161602_474028_88460_21062 em=1 f1=1.00 tie=False err=False voters=(A1=Myanmar, A2=No, A3=Myanmar) final=\boxed{Myanmar}
[1976/2417  81.8% elapsed=13m02s eta=2m55s] id=4hop2__161602_474028_88460_126088 em=0 f1=0.00 tie=False err=False voters=(A1=Russia, A2=Myanmar, A3=Myanmar) final=\boxed{Myanmar}
[1977/2417  81.8% elapsed=13m03s eta=2m54s] id=4hop2__161602_426860_88460_18966 em=0 f1=0.00 tie=False err=False voters=(A1=Myanmar, A2=Myanmar, A3=Myanmar) final=\boxed{Myanmar}
[1978/2417  81.8% elapsed=13m04s eta=2m54s] id=4hop2__161602_474028_88460_18966 em=0 f1=0.25 tie=False err=False voters=(A1=Hoklo emigrants from southern Fujian, A2=Vietnam, A3=Hoklo emigrants from southern Fujian) final=\boxed{Hoklo emigrants from southern Fujian}
[1979/2417  81.9% elapsed=13m04s eta=2m54s] id=4hop2__161602_426860_88460_20988 em=0 f1=0.00 tie=False err=False voters=(A1=No direct information provided, A2=No direct information provided, A3=No direct information provided) final=\boxed{No direct information provided}
[1980/2417  81.9% elapsed=13m04s eta=2m53s] id=4hop2__161602_426860_88460_20985 em=0 f1=0.00 tie=False err=False voters=(A1=Vientiane, A2=Vientiane, A3=Vientiane) final=\boxed{Vientiane}
[1981/2417  82.0% elapsed=13m05s eta=2m53s] id=4hop1__636860_49925_13759_736921 em=1 f1=1.00 tie=False err=False voters=(A1=Saxony-Anhalt, A2=Saxony-Anhalt, A3=Saxony-Anhalt) final=\boxed{Saxony-Anhalt}
[1982/2417  82.0% elapsed=13m05s eta=2m52s] id=4hop1__571599_49925_13759_736921 em=0 f1=0.00 tie=False err=False voters=(A1=Wittenberg, A2=Wittenberg, A3=The district is not directly mentioned i) final=\boxed{Wittenberg}
[1983/2417  82.0% elapsed=13m05s eta=2m52s] id=4hop1__629520_49925_13759_736921 em=1 f1=1.00 tie=False err=False voters=(A1=Saxony-Anhalt, A2=Saxony-Anhalt, A3=Saxony-Anhalt) final=\boxed{Saxony-Anhalt}
[1984/2417  82.1% elapsed=13m06s eta=2m52s] id=4hop2__161602_426860_88460_126088 em=0 f1=0.00 tie=False err=False voters=(A1=Thailand, A2=Thailand, A3=Thailand) final=\boxed{Thailand}
[1985/2417  82.1% elapsed=13m06s eta=2m51s] id=4hop1__341156_49925_13759_736921 em=1 f1=1.00 tie=False err=False voters=(A1=Saxony-Anhalt, A2=Saxony-Anhalt, A3=Saxony-Anhalt) final=\boxed{Saxony-Anhalt}
[1986/2417  82.2% elapsed=13m08s eta=2m51s] id=4hop2__161602_474028_88460_20985 em=0 f1=0.00 tie=False err=False voters=(A1=Russia, A2=Cannot determine, A3=Cannot determine) final=\boxed{Cannot determine}
[1987/2417  82.2% elapsed=13m09s eta=2m51s] id=4hop1__163763_49925_13759_736921 em=0 f1=0.00 tie=False err=False voters=(A1=Wittenberg (district), A2=Wittenberg (district), A3=Wittenberg (district)) final=\boxed{Wittenberg (district)}
[1988/2417  82.3% elapsed=13m10s eta=2m50s] id=4hop1__31050_725495_49925_349426 em=1 f1=1.00 tie=False err=False voters=(A1=Katharina von Bora, A2=Katharina von Bora, A3=Katharina von Bora) final=\boxed{Katharina von Bora}
[1989/2417  82.3% elapsed=13m10s eta=2m50s] id=4hop2__161602_426860_88460_21074 em=1 f1=1.00 tie=False err=False voters=(A1=Ministry of Education, A2=Ministry of Education, A3=Ministry of Education) final=\boxed{Ministry of Education}
[1990/2417  82.3% elapsed=13m11s eta=2m50s] id=4hop2__161602_426860_88460_21057 em=0 f1=0.33 tie=False err=False voters=(A1=teak, A2=teak, A3=teak) final=\boxed{teak}
[1991/2417  82.4% elapsed=13m13s eta=2m50s] id=4hop2__161602_474028_88460_63559 em=0 f1=0.00 tie=False err=False voters=(A1=Myanmar, A2=The question cannot be answered based on, A3=The question cannot be answered based on) final=\boxed{The question cannot be answered based on the provided
[1992/2417  82.4% elapsed=13m13s eta=2m49s] id=4hop3__519729_88460_30152_20999 em=0 f1=0.00 tie=False err=False voters=(A1=Cannot determine, A2=Cannot determine, A3=Cannot determine) final=\boxed{Cannot determine}
[1993/2417  82.5% elapsed=13m14s eta=2m49s] id=4hop3__439878_88460_30152_20999 em=0 f1=0.00 tie=False err=False voters=(A1=The question cannot be answered based on, A2=The question cannot be answered based on, A3=The question cannot be answered based on) final=\boxed{The question cannot be answered based on the provided
[1994/2417  82.5% elapsed=13m14s eta=2m48s] id=4hop3__257340_88460_30152_20999 em=0 f1=0.33 tie=False err=False voters=(A1=The Portuguese, A2=The Portuguese, A3=The Portuguese) final=\boxed{The Portuguese}
[1995/2417  82.5% elapsed=13m14s eta=2m48s] id=4hop3__860588_88460_30152_20999 em=0 f1=0.11 tie=False err=False voters=(A1=The question combines unrelated informat, A2=The question combines unrelated informat, A3=The question combines unrelated informat) final=\boxed{The question combines unrelated information from the 
[1996/2417  82.6% elapsed=13m15s eta=2m48s] id=4hop3__630723_88460_30152_20999 em=0 f1=0.00 tie=False err=False voters=(A1=The text does not provide a direct answe, A2=No direct connection, A3=No direct connection) final=\boxed{No direct connection}
[1997/2417  82.6% elapsed=13m15s eta=2m47s] id=4hop3__474028_88460_30152_20999 em=0 f1=0.00 tie=False err=False voters=(A1=Cannot determine, A2=Cannot determine, A3=Cannot determine) final=\boxed{Cannot determine}
[1998/2417  82.7% elapsed=13m15s eta=2m47s] id=4hop2__161602_474028_88460_21034 em=0 f1=0.40 tie=False err=False voters=(A1=2014, A2=2014, A3=2014) final=\boxed{2014}
[1999/2417  82.7% elapsed=13m15s eta=2m46s] id=4hop3__270458_88460_30152_20999 em=0 f1=0.33 tie=False err=False voters=(A1=The Portuguese, A2=The Portuguese, A3=The Portuguese) final=\boxed{The Portuguese}
[2000/2417  82.7% elapsed=13m16s eta=2m46s] id=4hop3__507819_88460_30152_20999 em=0 f1=0.00 tie=False err=False voters=(A1=Somali Muslim Ajuran Empire, A2=Muslim refugees from Russia, A3=Muslim refugees from Russia) final=\boxed{Muslim refugees from Russia}
[2001/2417  82.8% elapsed=13m16s eta=2m46s] id=4hop3__426860_88460_30152_20999 em=0 f1=0.00 tie=True err=False voters=(A1=Laos, A2=Portuguese, A3=Moors) final=\boxed{Moors}
[2002/2417  82.8% elapsed=13m17s eta=2m45s] id=4hop3__547073_88460_30152_20999 em=0 f1=0.00 tie=True err=False voters=(A1=The people from the Balkans were expelle, A2=not determinable, A3=The question cannot be definitively answ) final=\boxed{The question cannot be definitively answered based on
[2003/2417  82.9% elapsed=13m17s eta=2m45s] id=4hop3__577443_88460_30152_20999 em=0 f1=0.06 tie=True err=False voters=(A1=The specific details about the expulsion, A2=Not applicable, A3=There is no information in the paragraph) final=\boxed{There is no information in the paragraphs about peopl
[2004/2417  82.9% elapsed=13m18s eta=2m44s] id=4hop3__279362_88460_30152_20999 em=0 f1=0.00 tie=False err=False voters=(A1=Not enough information, A2=economic independence, A3=Not enough information) final=\boxed{Not enough information}
[2005/2417  83.0% elapsed=13m18s eta=2m44s] id=4hop2__161602_474028_88460_21074 em=1 f1=1.00 tie=False err=False voters=(A1=Ministry of Education, A2=Ministry of Education, A3=Ministry of Education) final=\boxed{Ministry of Education}
[2006/2417  83.0% elapsed=13m18s eta=2m43s] id=4hop2__161602_426860_88460_21034 em=0 f1=0.40 tie=True err=False voters=(A1=2006, A3=2014) final=\boxed{2014}
[2007/2417  83.0% elapsed=13m18s eta=2m43s] id=4hop3__372437_88460_30152_20999 em=0 f1=0.00 tie=False err=False voters=(A1=Cannot determine, A2=Cannot determine, A3=The question contains incorrect or unrel) final=\boxed{Cannot determine}
[2008/2417  83.1% elapsed=13m18s eta=2m43s] id=4hop3__746868_88460_30152_20999 em=0 f1=0.00 tie=False err=False voters=(A1=The people were expelled due to the proc, A2=The question cannot be definitively answ, A3=The question cannot be definitively answ) final=\boxed{The question cannot be definitively answered based on
[2009/2417  83.1% elapsed=13m20s eta=2m42s] id=4hop3__310746_88460_30152_20999 em=0 f1=0.33 tie=False err=False voters=(A1=Myanmar, A2=Portuguese, A3=Portuguese) final=\boxed{Portuguese}
[2010/2417  83.2% elapsed=13m20s eta=2m42s] id=4hop3__323121_88460_30152_20999 em=0 f1=0.09 tie=False err=False voters=(A1=The text does not explicitly mention peo, A2=The text does not explicitly mention peo, A3=The text does not explicitly mention peo) final=\boxed{The text does not explicitly mention people being exp
[2011/2417  83.2% elapsed=13m20s eta=2m41s] id=4hop3__700962_88460_30152_20999 em=0 f1=0.33 tie=False err=False voters=(A1=1960, A2=Portuguese, A3=Portuguese) final=\boxed{Portuguese}
[2012/2417  83.2% elapsed=13m21s eta=2m41s] id=4hop2__71753_158279_70784_79935 em=0 f1=0.00 tie=False err=False voters=(A1=Persian Gulf, A2=Persian Gulf, A3=Persian Gulf) final=\boxed{Persian Gulf}
[2013/2417  83.3% elapsed=13m21s eta=2m41s] id=4hop2__9988_261673_70784_79935 em=1 f1=1.00 tie=False err=False voters=(A1=1930, A2=19th century, A3=1930) final=\boxed{1930}
[2014/2417  83.3% elapsed=13m22s eta=2m40s] id=4hop3__754156_88460_30152_20999 em=0 f1=0.33 tie=False err=False voters=(A1=Portuguese, A3=Portuguese) final=\boxed{Portuguese}
[2015/2417  83.4% elapsed=13m22s eta=2m40s] id=4hop2__9988_685934_70784_61381 em=1 f1=1.00 tie=False err=False voters=(A1=1932, A2=1932, A3=1932) final=\boxed{1932}
[2016/2417  83.4% elapsed=13m22s eta=2m40s] id=4hop3__650050_88460_30152_20999 em=0 f1=0.10 tie=True err=False voters=(A1=The Somali Muslim Ajuran Empire's new co, A2=The question contains a misinterpretatio, A3=The Somali Muslim Ajuran Empire's new co) final=\boxed{The Somali Muslim Ajuran Empire's new coinage was a p
[2017/2417  83.5% elapsed=13m22s eta=2m39s] id=4hop2__161602_474028_88460_86452 em=1 f1=1.00 tie=False err=False voters=(A1=1989, A3=1989) final=\boxed{1989}
[2018/2417  83.5% elapsed=13m23s eta=2m39s] id=4hop3__405277_88460_30152_20999 em=0 f1=0.33 tie=False err=False voters=(A1=Portuguese, A3=Portuguese) final=\boxed{Portuguese}
[2019/2417  83.5% elapsed=13m23s eta=2m38s] id=4hop3__175072_88460_30152_20999 em=0 f1=0.33 tie=False err=False voters=(A1=Portuguese, A2=the inhabitants of Vientiane, A3=Portuguese) final=\boxed{Portuguese}
[2020/2417  83.6% elapsed=13m23s eta=2m38s] id=4hop3__839787_88460_30152_20999 em=0 f1=0.33 tie=False err=False voters=(A1=Somali Muslim Ajuran Empire, A2=Portuguese, A3=Portuguese) final=\boxed{Portuguese}
[2021/2417  83.6% elapsed=13m24s eta=2m37s] id=4hop3__638064_88460_30152_20999 em=0 f1=0.00 tie=False err=False voters=(A1=The question cannot be determined from t, A2=Cannot determine, A3=The question cannot be determined from t) final=\boxed{The question cannot be determined from the provided i
[2022/2417  83.7% elapsed=13m24s eta=2m37s] id=4hop3__238811_88460_30152_20999 em=0 f1=0.00 tie=False err=False voters=(A1=Ottoman Empire, A3=Ottoman Empire) final=\boxed{Ottoman Empire}
[2023/2417  83.7% elapsed=13m24s eta=2m37s] id=4hop2__161602_426860_88460_63559 em=0 f1=0.00 tie=False err=False voters=(A1=1989, A3=1989) final=\boxed{1989}
[2024/2417  83.7% elapsed=13m25s eta=2m36s] id=4hop2__9988_158279_70784_79935 em=1 f1=1.00 tie=False err=False voters=(A1=1930, A2=1930, A3=1930) final=\boxed{1930}
[2025/2417  83.8% elapsed=13m26s eta=2m36s] id=4hop2__71753_729371_70784_79935 em=0 f1=0.00 tie=False err=False voters=(A1=1987, A2=Unknown, A3=Unknown) final=\boxed{Unknown}
[2026/2417  83.8% elapsed=13m26s eta=2m36s] id=4hop2__9988_158279_70784_61381 em=0 f1=0.00 tie=False err=False voters=(A1=Persian Gulf, A2=Persian Gulf, A3=Persian Gulf) final=\boxed{Persian Gulf}
[2027/2417  83.9% elapsed=13m27s eta=2m35s] id=4hop2__71753_648517_70784_79935 em=0 f1=0.00 tie=False err=False voters=(A1=The Arabian Peninsula, A2=Arabian Peninsula, A3=The Arabian Peninsula) final=\boxed{The Arabian Peninsula}
[2028/2417  83.9% elapsed=13m27s eta=2m35s] id=4hop2__71753_261673_70784_79935 em=0 f1=0.00 tie=False err=False voters=(A1=18th century, A2=18th century, A3=18th century) final=\boxed{18th century}
[2029/2417  83.9% elapsed=13m27s eta=2m34s] id=4hop2__9988_729371_70784_79935 em=0 f1=0.00 tie=False err=False voters=(A1=Middle East and Persian Gulf, A2=Middle East and Persian Gulf, A3=Middle East and Persian Gulf) final=\boxed{Middle East and Persian Gulf}
[2030/2417  84.0% elapsed=13m28s eta=2m34s] id=4hop1__43565_624859_355213_203322 em=1 f1=1.00 tie=True err=False voters=(A1=Cabarrus County, North Carolina, A2=Lorain County, A3=Cabarrus County) final=\boxed{Cabarrus County}
[2031/2417  84.0% elapsed=13m28s eta=2m34s] id=4hop2__9988_158985_70784_79935 em=1 f1=1.00 tie=False err=False voters=(A1=1930, A2=1930, A3=1930) final=\boxed{1930}
[2032/2417  84.1% elapsed=13m28s eta=2m33s] id=4hop2__9988_729371_70784_61381 em=0 f1=0.00 tie=False err=False voters=(A1=The question cannot be answered based on, A2=The question cannot be answered based on, A3=The question cannot be answered based on) final=\boxed{The question cannot be answered based on the provided
[2033/2417  84.1% elapsed=13m28s eta=2m33s] id=4hop2__71753_73205_70784_79935 em=0 f1=0.00 tie=False err=False voters=(A1=The Arabian Peninsula, A2=Not specified in the paragraphs, A3=Not specified in the paragraphs) final=\boxed{Not specified in the paragraphs}
[2034/2417  84.2% elapsed=13m29s eta=2m32s] id=4hop2__71753_623626_70784_61381 em=0 f1=0.00 tie=False err=False voters=(A1=Not available, A2=1932, A3=Not available) final=\boxed{Not available}
[2035/2417  84.2% elapsed=13m29s eta=2m32s] id=4hop2__71753_158985_70784_61381 em=0 f1=0.00 tie=False err=False voters=(A1=Persian Gulf, A2=The Levant, A3=The Levant) final=\boxed{The Levant}
[2036/2417  84.2% elapsed=13m29s eta=2m31s] id=4hop2__71753_158279_70784_61381 em=0 f1=0.00 tie=False err=False voters=(A1=Second half of the 19th century, A2=Second half of the 19th century, A3=Second half of the 19th century) final=\boxed{Second half of the 19th century}
[2037/2417  84.3% elapsed=13m30s eta=2m31s] id=4hop2__161602_426860_88460_86452 em=1 f1=1.00 tie=False err=False voters=(A1=1989, A2=1989, A3=1989) final=\boxed{1989}
[2038/2417  84.3% elapsed=13m30s eta=2m31s] id=4hop3__220945_88460_30152_20999 em=0 f1=0.33 tie=False err=False voters=(A1=Portuguese, A3=Portuguese) final=\boxed{Portuguese}
[2039/2417  84.4% elapsed=13m31s eta=2m30s] id=4hop2__71753_648517_70784_61381 em=1 f1=1.00 tie=False err=False voters=(A1=1932, A2=1932, A3=1932) final=\boxed{1932}
[2040/2417  84.4% elapsed=13m31s eta=2m30s] id=4hop1__342858_131850_33952_34088 em=1 f1=1.00 tie=False err=False voters=(A1=Tucson Raceway Park, A2=Tucson Raceway Park, A3=Tucson Raceway Park) final=\boxed{Tucson Raceway Park}
[2041/2417  84.4% elapsed=13m31s eta=2m29s] id=4hop3__373866_5189_38229_86687 em=1 f1=1.00 tie=False err=False voters=(A1=1990, A2=1990, A3=1990) final=\boxed{1990}
[2042/2417  84.5% elapsed=13m31s eta=2m29s] id=4hop2__9988_261673_70784_61381 em=1 f1=1.00 tie=False err=False voters=(A1=1932, A2=1932, A3=1932) final=\boxed{1932}
[2043/2417  84.5% elapsed=13m32s eta=2m29s] id=4hop1__625463_229349_66759_54221 em=1 f1=1.00 tie=False err=False voters=(A1=5 a.m., A2=5am, A3=5am) final=\boxed{5am}
[2044/2417  84.6% elapsed=13m32s eta=2m28s] id=4hop2__71753_685934_70784_61381 em=1 f1=1.00 tie=False err=False voters=(A1=1932, A2=1932, A3=1932) final=\boxed{1932}
[2045/2417  84.6% elapsed=13m33s eta=2m28s] id=4hop1__342858_131850_33952_34053 em=1 f1=1.00 tie=False err=False voters=(A1=1905, A2=1905, A3=1905) final=\boxed{1905}
[2046/2417  84.7% elapsed=13m33s eta=2m27s] id=4hop1__178366_229349_66759_75165 em=0 f1=0.00 tie=True err=False voters=(A1=1,335,907, A3=1335907) final=\boxed{1335907}
[2047/2417  84.7% elapsed=13m33s eta=2m27s] id=4hop2__71753_729371_70784_61381 em=0 f1=0.00 tie=False err=False voters=(A1=1987, A2=1987, A3=Unable to determine) final=\boxed{1987}
[2048/2417  84.7% elapsed=13m35s eta=2m27s] id=4hop1__342858_131850_33952_34109 em=1 f1=1.00 tie=False err=False voters=(A1=KUAT-TV 6, A2=KUAT-TV 6, A3=KUAT-TV 6) final=\boxed{KUAT-TV 6}
[2049/2417  84.8% elapsed=13m35s eta=2m26s] id=4hop2__71753_261673_70784_61381 em=1 f1=1.00 tie=False err=False voters=(A1=1932, A2=1932, A3=1930) final=\boxed{1932}
[2050/2417  84.8% elapsed=13m36s eta=2m26s] id=4hop1__726391_153080_33952_34109 em=1 f1=1.00 tie=False err=False voters=(A1=KUAT-TV 6, A2=KUAT-TV 6, A3=KUAT-TV 6) final=\boxed{KUAT-TV 6}
[2051/2417  84.9% elapsed=13m36s eta=2m26s] id=4hop2__71753_685934_70784_79935 em=1 f1=1.00 tie=False err=False voters=(A1=1930, A2=1930, A3=1930) final=\boxed{1930}
[2052/2417  84.9% elapsed=13m37s eta=2m25s] id=4hop1__708184_153080_159767_81096 em=1 f1=1.00 tie=False err=False voters=(A1=Mario Andretti, A2=Mario Andretti, A3=Mario Andretti) final=\boxed{Mario Andretti}
[2053/2417  84.9% elapsed=13m38s eta=2m25s] id=4hop2__9988_158985_70784_61381 em=1 f1=1.00 tie=False err=False voters=(A1=1932, A2=1932, A3=1932) final=\boxed{1932}
[2054/2417  85.0% elapsed=13m38s eta=2m25s] id=4hop1__802394_153080_159767_81096 em=1 f1=1.00 tie=False err=False voters=(A1=Mario Andretti, A2=Mario Andretti, A3=Mario Andretti) final=\boxed{Mario Andretti}
[2055/2417  85.0% elapsed=13m39s eta=2m24s] id=4hop1__842143_153080_159767_81096 em=1 f1=1.00 tie=False err=False voters=(A1=Mario Andretti, A2=Mario Andretti, A3=Mario Andretti) final=\boxed{Mario Andretti}
[2056/2417  85.1% elapsed=13m40s eta=2m24s] id=4hop2__71753_623626_70784_79935 em=0 f1=0.00 tie=False err=False voters=(A1=1930, A2=The information required to answer the q, A3=The information required to answer the q) final=\boxed{The information required to answer the question is no
[2057/2417  85.1% elapsed=13m40s eta=2m23s] id=4hop1__846600_153080_159767_81096 em=1 f1=1.00 tie=False err=False voters=(A1=Mario Andretti, A2=Mario Andretti, A3=Mario Andretti) final=\boxed{Mario Andretti}
[2058/2417  85.1% elapsed=13m40s eta=2m23s] id=4hop1__310029_153080_33897_81096 em=1 f1=1.00 tie=False err=False voters=(A1=Mario Andretti, A2=Mario Andretti, A3=Mario Andretti) final=\boxed{Mario Andretti}
[2059/2417  85.2% elapsed=13m41s eta=2m23s] id=4hop1__236903_153080_33897_81096 em=1 f1=1.00 tie=False err=False voters=(A1=Mario Andretti, A2=Mario Andretti, A3=Mario Andretti) final=\boxed{Mario Andretti}
[2060/2417  85.2% elapsed=13m41s eta=2m22s] id=4hop1__813171_153080_33897_81096 em=1 f1=1.00 tie=False err=False voters=(A1=Mario Andretti, A2=Mario Andretti, A3=Mario Andretti) final=\boxed{Mario Andretti}
[2061/2417  85.3% elapsed=13m41s eta=2m22s] id=4hop1__342858_131850_33952_34099 em=0 f1=0.00 tie=False err=False voters=(A1=4 years, A2=4 years, A3=4 years) final=\boxed{4 years}
[2062/2417  85.3% elapsed=13m41s eta=2m21s] id=4hop1__726152_153080_159767_81096 em=1 f1=1.00 tie=False err=False voters=(A1=Mario Andretti, A2=Johnny Rutherford, A3=Mario Andretti) final=\boxed{Mario Andretti}
[2063/2417  85.4% elapsed=13m42s eta=2m21s] id=4hop2__71753_158985_70784_79935 em=1 f1=1.00 tie=False err=False voters=(A1=1930, A3=1930) final=\boxed{1930}
[2064/2417  85.4% elapsed=13m42s eta=2m21s] id=4hop1__342858_131850_159767_81096 em=1 f1=1.00 tie=False err=False voters=(A1=Mario Andretti, A2=Mario Andretti, A3=Mario Andretti) final=\boxed{Mario Andretti}
[2065/2417  85.4% elapsed=13m43s eta=2m20s] id=4hop1__802394_153080_33897_81096 em=1 f1=1.00 tie=False err=False voters=(A1=Mario Andretti, A2=Mario Andretti, A3=Mario Andretti) final=\boxed{Mario Andretti}
[2066/2417  85.5% elapsed=13m43s eta=2m20s] id=4hop1__726391_153080_33952_34053 em=1 f1=1.00 tie=False err=False voters=(A1=1905, A2=1905, A3=1905) final=\boxed{1905}
[2067/2417  85.5% elapsed=13m44s eta=2m19s] id=4hop1__846600_153080_33897_81096 em=1 f1=1.00 tie=False err=False voters=(A1=Mario Andretti, A2=Mario Andretti, A3=Mario Andretti) final=\boxed{Mario Andretti}
[2068/2417  85.6% elapsed=13m44s eta=2m19s] id=4hop1__720201_153080_159767_81096 em=1 f1=1.00 tie=False err=False voters=(A1=Mario Andretti, A2=Mario Andretti, A3=Mario Andretti) final=\boxed{Mario Andretti}
[2069/2417  85.6% elapsed=13m45s eta=2m19s] id=4hop1__752321_153080_159767_81096 em=1 f1=1.00 tie=False err=False voters=(A1=Mario Andretti, A2=Mario Andretti, A3=Mario Andretti) final=\boxed{Mario Andretti}
[2070/2417  85.6% elapsed=13m45s eta=2m18s] id=4hop1__151903_5274_458768_33637 em=0 f1=0.00 tie=False err=False voters=(A1=2, A2=2, A3=2) final=\boxed{2}
[2071/2417  85.7% elapsed=13m45s eta=2m18s] id=4hop1__152146_5274_458768_33637 em=0 f1=0.00 tie=False err=False voters=(A1=2, A2=2, A3=2) final=\boxed{2}
[2072/2417  85.7% elapsed=13m46s eta=2m17s] id=4hop1__236903_153080_159767_81096 em=1 f1=1.00 tie=False err=False voters=(A1=Mario Andretti, A2=Mario Andretti, A3=The answer cannot be determined from the) final=\boxed{Mario Andretti}
[2073/2417  85.8% elapsed=13m46s eta=2m17s] id=4hop1__151650_5274_458768_33637 em=0 f1=0.00 tie=False err=False voters=(A1=2, A2=2, A3=2) final=\boxed{2}
[2074/2417  85.8% elapsed=13m46s eta=2m17s] id=4hop1__726391_153080_33952_33939 em=0 f1=0.00 tie=False err=False voters=(A1=7531, A3=7531) final=\boxed{7531}
[2075/2417  85.9% elapsed=13m46s eta=2m16s] id=4hop1__3496_5274_458768_33637 em=0 f1=0.00 tie=False err=False voters=(A1=2, A3=2) final=\boxed{2}
[2076/2417  85.9% elapsed=13m46s eta=2m16s] id=4hop1__310029_153080_159767_81096 em=0 f1=0.00 tie=False err=False voters=(A1=The winner of the Indy Car Race in Phoen, A2=The winner of the Indy Car Race in Phoen, A3=The winner of the Indy Car Race in Phoen) final=\boxed{The winner of the Indy Car Race in Phoenix is not men
[2077/2417  85.9% elapsed=13m47s eta=2m15s] id=4hop1__726391_153080_159767_81096 em=1 f1=1.00 tie=False err=False voters=(A1=Johnny Rutherford, A2=Mario Andretti, A3=Mario Andretti) final=\boxed{Mario Andretti}
[2078/2417  86.0% elapsed=13m47s eta=2m15s] id=4hop1__813171_153080_159767_81096 em=0 f1=0.00 tie=False err=False voters=(A1=The winner is not explicitly mentioned i, A2=The winner is not explicitly mentioned i, A3=Mario Andretti) final=\boxed{The winner is not explicitly mentioned in the provide
[2079/2417  86.0% elapsed=13m48s eta=2m15s] id=4hop1__726391_153080_33897_81096 em=1 f1=1.00 tie=False err=False voters=(A1=Mario Andretti, A2=Mario Andretti, A3=Mario Andretti) final=\boxed{Mario Andretti}
[2080/2417  86.1% elapsed=13m48s eta=2m14s] id=4hop1__708184_153080_33897_81096 em=1 f1=1.00 tie=False err=False voters=(A1=Desert Diamond West Valley Phoenix Grand, A2=Mario Andretti, A3=Mario Andretti) final=\boxed{Mario Andretti}
[2081/2417  86.1% elapsed=13m48s eta=2m14s] id=4hop1__726152_153080_33897_81096 em=1 f1=1.00 tie=False err=False voters=(A1=Denny Hamlin, A2=Mario Andretti, A3=Mario Andretti) final=\boxed{Mario Andretti}
[2082/2417  86.1% elapsed=13m49s eta=2m13s] id=4hop1__342858_131850_33897_81096 em=1 f1=1.00 tie=False err=False voters=(A1=Mario Andretti, A2=Mario Andretti, A3=Mario Andretti) final=\boxed{Mario Andretti}
[2083/2417  86.2% elapsed=13m49s eta=2m13s] id=4hop1__752321_153080_33897_81096 em=0 f1=0.00 tie=False err=False voters=(A1=Verizon IndyCar Series, A2=Desert Diamond West Valley Phoenix Grand, A3=Desert Diamond West Valley Phoenix Grand) final=\boxed{Desert Diamond West Valley Phoenix Grand Prix}
[2084/2417  86.2% elapsed=13m49s eta=2m12s] id=4hop1__131611_32392_823060_610794 em=0 f1=0.67 tie=False err=False voters=(A1=Horry, A2=Richland, A3=Richland) final=\boxed{Richland}
[2085/2417  86.3% elapsed=13m49s eta=2m12s] id=4hop1__842143_153080_33897_81096 em=1 f1=1.00 tie=False err=False voters=(A1=Mario Andretti, A2=Mario Andretti, A3=Mario Andretti) final=\boxed{Mario Andretti}
[2086/2417  86.3% elapsed=13m50s eta=2m12s] id=4hop1__130623_32392_823060_610794 em=1 f1=1.00 tie=False err=False voters=(A1=Richland County, A2=Richland County, A3=Richland County) final=\boxed{Richland County}
[2087/2417  86.3% elapsed=13m50s eta=2m11s] id=4hop1__145087_32392_823060_610794 em=0 f1=0.67 tie=False err=False voters=(A1=Richland, A2=Richland, A3=Richland) final=\boxed{Richland}
[2088/2417  86.4% elapsed=13m50s eta=2m11s] id=4hop1__152562_5274_458768_33637 em=0 f1=0.00 tie=False err=False voters=(A1=2, A3=2) final=\boxed{2}
[2089/2417  86.4% elapsed=13m51s eta=2m10s] id=4hop1__44149_32392_823060_610794 em=1 f1=1.00 tie=False err=False voters=(A1=Richland County, A2=Richland, A3=Richland County) final=\boxed{Richland County}
[2090/2417  86.5% elapsed=13m51s eta=2m10s] id=4hop1__161605_32392_823060_610794 em=1 f1=1.00 tie=False err=False voters=(A1=Richland County, A2=Richland County, A3=Richland County) final=\boxed{Richland County}
[2091/2417  86.5% elapsed=13m52s eta=2m10s] id=4hop1__13170_32392_823060_610794 em=1 f1=1.00 tie=False err=False voters=(A1=Richland County, A2=Richland County, A3=Richland County) final=\boxed{Richland County}
[2092/2417  86.6% elapsed=13m52s eta=2m09s] id=4hop1__37608_32392_823060_610794 em=1 f1=1.00 tie=False err=False voters=(A1=Richland County, A2=Richland, A3=Richland County) final=\boxed{Richland County}
[2093/2417  86.6% elapsed=13m52s eta=2m09s] id=4hop1__343844_17130_70784_79935 em=0 f1=0.00 tie=False err=False voters=(A1=The region was not created but is a natu, A2=ancient times, A3=The region was not created but is a natu) final=\boxed{The region was not created but is a natural geographi
[2094/2417  86.6% elapsed=13m53s eta=2m08s] id=4hop1__129721_32392_823060_610794 em=1 f1=1.00 tie=False err=False voters=(A1=Richland County, A2=Richland, A3=Richland County) final=\boxed{Richland County}
[2095/2417  86.7% elapsed=13m53s eta=2m08s] id=4hop1__105401_17130_70784_79935 em=0 f1=0.00 tie=False err=False voters=(A1=Arabian Peninsula, A2=Arabian Peninsula, A3=20th century) final=\boxed{Arabian Peninsula}
[2096/2417  86.7% elapsed=13m53s eta=2m08s] id=4hop1__105688_17130_70784_79935 em=0 f1=0.00 tie=True err=False voters=(A1=1921, A2=Not explicitly mentioned, A3=The region's creation date is not explic) final=\boxed{The region's creation date is not explicitly mentione
[2097/2417  86.8% elapsed=13m54s eta=2m07s] id=4hop1__567737_141375_458768_33637 em=0 f1=0.00 tie=False err=False voters=(A1=2, A3=2) final=\boxed{2}
[2098/2417  86.8% elapsed=13m54s eta=2m07s] id=4hop1__131632_32392_823060_610794 em=0 f1=0.67 tie=False err=False voters=(A1=Richland, A2=Richland, A3=Richland) final=\boxed{Richland}
[2099/2417  86.8% elapsed=13m54s eta=2m06s] id=4hop3__152056_698586_1926_54362 em=0 f1=0.29 tie=False err=False voters=(A1=Confederate forces, A2=Confederate forces, A3=Confederate forces) final=\boxed{Confederate forces}
[2100/2417  86.9% elapsed=13m54s eta=2m06s] id=4hop1__56226_32392_823060_610794 em=0 f1=0.50 tie=False err=False voters=(A1=Charleston County, A2=Charleston County, A3=Charleston County) final=\boxed{Charleston County}
[2101/2417  86.9% elapsed=13m54s eta=2m06s] id=4hop1__130508_32392_823060_610794 em=0 f1=0.67 tie=False err=False voters=(A1=Richland, A2=Richland, A3=Richland) final=\boxed{Richland}
[2102/2417  87.0% elapsed=13m55s eta=2m05s] id=4hop1__105401_17130_70784_61381 em=1 f1=1.00 tie=False err=False voters=(A1=1932, A2=1932, A3=The exact establishment date of the regi) final=\boxed{1932}
[2103/2417  87.0% elapsed=13m56s eta=2m05s] id=4hop1__17192_17130_70784_79935 em=0 f1=0.00 tie=False err=False voters=(A1=Geological processes over millions of ye, A2=1930, A3=Geological processes over millions of ye) final=\boxed{Geological processes over millions of years}
[2104/2417  87.1% elapsed=13m56s eta=2m04s] id=4hop1__443274_17130_70784_79935 em=0 f1=0.00 tie=False err=False voters=(A1=Miocene and Early Pleistocene, A2=Miocene and Early Pleistocene, A3=Miocene and Early Pleistocene) final=\boxed{Miocene and Early Pleistocene}
[2105/2417  87.1% elapsed=13m56s eta=2m04s] id=4hop3__661103_698586_1926_54362 em=0 f1=0.00 tie=False err=False voters=(A1=Atlanta, A2=Atlanta, A3=Atlanta) final=\boxed{Atlanta}
[2106/2417  87.1% elapsed=13m57s eta=2m04s] id=4hop1__343844_17130_70784_61381 em=1 f1=1.00 tie=False err=False voters=(A1=1932, A3=1932) final=\boxed{1932}
[2107/2417  87.2% elapsed=13m57s eta=2m03s] id=4hop1__444892_32392_823060_610794 em=1 f1=1.00 tie=False err=False voters=(A1=Richland County, A2=Richland County, A3=Richland County) final=\boxed{Richland County}
[2108/2417  87.2% elapsed=13m57s eta=2m03s] id=4hop1__73810_32392_823060_610794 em=1 f1=1.00 tie=False err=False voters=(A1=Richland County, A2=Richland, A3=Richland County) final=\boxed{Richland County}
[2109/2417  87.3% elapsed=13m57s eta=2m02s] id=4hop1__638988_17130_70784_79935 em=0 f1=0.00 tie=False err=False voters=(A1=1930, A2=Cannot be determined, A3=Cannot be determined) final=\boxed{Cannot be determined}
[2110/2417  87.3% elapsed=13m57s eta=2m02s] id=4hop1__777217_32392_823060_610794 em=1 f1=1.00 tie=False err=False voters=(A1=Richland County, A2=Richland County, A3=Richland County) final=\boxed{Richland County}
[2111/2417  87.3% elapsed=13m58s eta=2m01s] id=4hop1__89632_32392_823060_610794 em=0 f1=0.00 tie=False err=False voters=(A1=United States, A3=United States) final=\boxed{United States}
[2112/2417  87.4% elapsed=13m59s eta=2m01s] id=4hop1__429751_32392_823060_610794 em=0 f1=0.67 tie=False err=False voters=(A1=Forest Acres, A2=Richland, A3=Richland) final=\boxed{Richland}
[2113/2417  87.4% elapsed=13m59s eta=2m01s] id=4hop1__788226_32392_823060_610794 em=1 f1=1.00 tie=False err=False voters=(A1=Richland County, A2=Richland, A3=Richland County) final=\boxed{Richland County}
[2114/2417  87.5% elapsed=13m59s eta=2m00s] id=4hop1__433767_32392_823060_610794 em=1 f1=1.00 tie=False err=False voters=(A1=Richland County, A2=Richland County, A3=Richland County) final=\boxed{Richland County}
[2115/2417  87.5% elapsed=14m01s eta=2m00s] id=4hop3__129456_29339_508306_70744 em=0 f1=0.33 tie=False err=False voters=(A1=Clemson University, A2=Clemson University, A3=Clemson University) final=\boxed{Clemson University}
[2116/2417  87.5% elapsed=14m02s eta=2m00s] id=4hop3__131820_29339_508306_70744 em=1 f1=1.00 tie=False err=False voters=(A1=University of South Carolina, A2=University of South Carolina, A3=University of South Carolina) final=\boxed{University of South Carolina}
[2117/2417  87.6% elapsed=14m02s eta=1m59s] id=4hop1__408432_32392_823060_610794 em=0 f1=0.67 tie=False err=False voters=(A1=Richland County, A2=Richland, A3=Richland) final=\boxed{Richland}
[2118/2417  87.6% elapsed=14m03s eta=1m59s] id=4hop3__130276_29339_508306_70744 em=1 f1=1.00 tie=False err=False voters=(A1=Clemson University, A2=University of South Carolina, A3=University of South Carolina) final=\boxed{University of South Carolina}
[2119/2417  87.7% elapsed=14m04s eta=1m59s] id=4hop1__131113_59747_211319_557671 em=0 f1=0.40 tie=False err=False voters=(A1=Fulton County, A2=Fulton County, A3=Fulton County) final=\boxed{Fulton County}
[2120/2417  87.7% elapsed=14m04s eta=1m58s] id=4hop1__638988_17130_70784_61381 em=0 f1=0.00 tie=False err=False voters=(A1=1918, A2=1918, A3=1918) final=\boxed{1918}
[2121/2417  87.8% elapsed=14m05s eta=1m58s] id=4hop1__819901_32392_823060_610794 em=0 f1=0.67 tie=False err=False voters=(A1=Richland, A2=Charleston County, A3=Richland) final=\boxed{Richland}
[2122/2417  87.8% elapsed=14m05s eta=1m57s] id=4hop3__130404_29339_508306_70744 em=1 f1=1.00 tie=False err=False voters=(A1=Clemson University, A2=University of South Carolina, A3=University of South Carolina) final=\boxed{University of South Carolina}
[2123/2417  87.8% elapsed=14m05s eta=1m57s] id=4hop1__342858_131850_33952_33939 em=0 f1=0.00 tie=False err=False voters=(A1=7531, A3=7531) final=\boxed{7531}
[2124/2417  87.9% elapsed=14m06s eta=1m57s] id=4hop1__130276_59747_211319_557671 em=0 f1=0.00 tie=False err=False voters=(A1=DeKalb County, A2=Fulton, A3=Fulton) final=\boxed{Fulton}
[2125/2417  87.9% elapsed=14m06s eta=1m56s] id=4hop1__15607_59747_211319_557671 em=0 f1=0.00 tie=True err=False voters=(A1=Fulton, A2=Gwinnett County, A3=Gwinnett) final=\boxed{Gwinnett}
[2126/2417  88.0% elapsed=14m06s eta=1m56s] id=4hop1__93661_59747_211319_557671 em=0 f1=0.40 tie=False err=False voters=(A1=Gwinnett County, A2=Gwinnett County, A3=Gwinnett County) final=\boxed{Gwinnett County}
[2127/2417  88.0% elapsed=14m07s eta=1m55s] id=4hop1__71715_59747_211319_557671 em=0 f1=0.40 tie=False err=False voters=(A1=Fulton County, A2=DeKalb County, A3=DeKalb County) final=\boxed{DeKalb County}
[2128/2417  88.0% elapsed=14m07s eta=1m55s] id=4hop1__129682_59747_211319_557671 em=0 f1=0.00 tie=False err=False voters=(A1=Fulton County, A2=Gwinnett, A3=Gwinnett) final=\boxed{Gwinnett}
[2129/2417  88.1% elapsed=14m07s eta=1m55s] id=4hop1__130404_59747_211319_557671 em=0 f1=0.40 tie=False err=False voters=(A1=Gwinnett County, A2=Gwinnett County, A3=Gwinnett County) final=\boxed{Gwinnett County}
[2130/2417  88.1% elapsed=14m07s eta=1m54s] id=4hop1__60000_59747_211319_557671 em=0 f1=0.00 tie=False err=False voters=(A1=Fulton County, A2=Gwinnett, A3=Gwinnett) final=\boxed{Gwinnett}
[2131/2417  88.2% elapsed=14m07s eta=1m54s] id=4hop3__129754_29339_508306_70744 em=1 f1=1.00 tie=False err=False voters=(A1=University of South Carolina, A2=University of South Carolina, A3=University of South Carolina) final=\boxed{University of South Carolina}
[2132/2417  88.2% elapsed=14m08s eta=1m53s] id=4hop3__129318_29339_508306_70744 em=1 f1=1.00 tie=False err=False voters=(A1=University of South Carolina, A2=University of South Carolina, A3=University of South Carolina) final=\boxed{University of South Carolina}
[2133/2417  88.2% elapsed=14m09s eta=1m53s] id=4hop1__131820_59747_211319_557671 em=0 f1=0.40 tie=False err=False voters=(A1=Gwinnett County, A2=Gwinnett County, A3=Gwinnett County) final=\boxed{Gwinnett County}
[2134/2417  88.3% elapsed=14m09s eta=1m53s] id=4hop1__151650_5274_458768_33677 em=1 f1=1.00 tie=False err=False voters=(A1=2013, A2=2013, A3=2013) final=\boxed{2013}
[2135/2417  88.3% elapsed=14m09s eta=1m52s] id=4hop3__131775_29339_508306_70744 em=0 f1=0.33 tie=False err=False voters=(A1=University of South Carolina, A2=Clemson University, A3=Clemson University) final=\boxed{Clemson University}
[2136/2417  88.4% elapsed=14m09s eta=1m52s] id=4hop1__17192_17130_70784_61381 em=1 f1=1.00 tie=False err=False voters=(A1=1978, A2=1932, A3=1932) final=\boxed{1932}
[2137/2417  88.4% elapsed=14m10s eta=1m51s] id=4hop1__105002_17130_70784_61381 em=0 f1=0.00 tie=False err=False voters=(A1=1916, A3=1916) final=\boxed{1916}
[2138/2417  88.5% elapsed=14m11s eta=1m51s] id=4hop1__151903_5274_458768_33677 em=1 f1=1.00 tie=False err=False voters=(A1=2013, A2=2013, A3=2013) final=\boxed{2013}
[2139/2417  88.5% elapsed=14m11s eta=1m51s] id=4hop3__129682_29339_508306_70744 em=1 f1=1.00 tie=False err=False voters=(A1=University of South Carolina, A2=University of South Carolina, A3=University of South Carolina) final=\boxed{University of South Carolina}
[2140/2417  88.5% elapsed=14m11s eta=1m50s] id=4hop1__443274_17130_70784_61381 em=0 f1=0.00 tie=False err=False voters=(A1=1935, A2=1935, A3=1932) final=\boxed{1935}
[2141/2417  88.6% elapsed=14m12s eta=1m50s] id=4hop3__152056_698586_89595_54362 em=0 f1=0.00 tie=False err=False voters=(A1=Union army, A2=Union army, A3=Union army) final=\boxed{Union army}
[2142/2417  88.6% elapsed=14m13s eta=1m49s] id=4hop3__152056_698586_91248_54362 em=0 f1=0.00 tie=False err=False voters=(A1=Atlanta, A2=Atlanta, A3=Atlanta) final=\boxed{Atlanta}
[2143/2417  88.7% elapsed=14m13s eta=1m49s] id=4hop3__524186_219173_128875_72134 em=1 f1=1.00 tie=False err=False voters=(A1=1839, A2=1839, A3=1839) final=\boxed{1839}
[2144/2417  88.7% elapsed=14m14s eta=1m49s] id=4hop3__31333_29339_508306_70744 em=1 f1=1.00 tie=False err=False voters=(A1=Clemson University, A2=University of South Carolina, A3=University of South Carolina) final=\boxed{University of South Carolina}
[2145/2417  88.7% elapsed=14m15s eta=1m48s] id=4hop3__15567_29339_508306_70744 em=1 f1=1.00 tie=False err=False voters=(A1=University of South Carolina, A2=University of South Carolina, A3=University of South Carolina) final=\boxed{University of South Carolina}
[2146/2417  88.8% elapsed=14m15s eta=1m48s] id=4hop3__661103_698586_89595_54362 em=0 f1=0.00 tie=False err=False voters=(A1=Atlanta, A2=Atlanta, A3=Union forces) final=\boxed{Atlanta}
[2147/2417  88.8% elapsed=14m15s eta=1m48s] id=4hop1__152562_5274_458768_33677 em=1 f1=1.00 tie=False err=False voters=(A1=2013, A2=2013, A3=2013) final=\boxed{2013}
[2148/2417  88.9% elapsed=14m16s eta=1m47s] id=4hop1__567737_141375_458768_33677 em=1 f1=1.00 tie=False err=False voters=(A1=2013, A2=2013, A3=2013) final=\boxed{2013}
[2149/2417  88.9% elapsed=14m16s eta=1m47s] id=4hop3__152056_698586_57596_54362 em=0 f1=0.00 tie=False err=False voters=(A1=Atlanta, A2=Atlanta, A3=Union General William Sherman) final=\boxed{Atlanta}
[2150/2417  89.0% elapsed=14m16s eta=1m46s] id=4hop1__105688_17130_70784_61381 em=0 f1=0.00 tie=False err=False voters=(A1=1916, A3=1916) final=\boxed{1916}
[2151/2417  89.0% elapsed=14m17s eta=1m46s] id=4hop1__15567_59747_211319_557671 em=0 f1=0.40 tie=False err=False voters=(A1=DeKalb County, A2=DeKalb, A3=DeKalb County) final=\boxed{DeKalb County}
[2152/2417  89.0% elapsed=14m17s eta=1m46s] id=4hop3__39836_29339_508306_70744 em=1 f1=1.00 tie=True err=False voters=(A1=Clemson University, A2=10, A3=University of South Carolina) final=\boxed{University of South Carolina}
[2153/2417  89.1% elapsed=14m18s eta=1m45s] id=4hop1__3496_5274_458768_33677 em=1 f1=1.00 tie=False err=False voters=(A1=2013, A2=2013, A3=2013) final=\boxed{2013}
[2154/2417  89.1% elapsed=14m18s eta=1m45s] id=4hop3__678814_466199_695123_72134 em=0 f1=0.00 tie=True err=False voters=(A1=The question contains an error as WIZE i, A2=Indianapolis, A3=The capital of Indiana, where Stoney Cre) final=\boxed{The capital of Indiana, where Stoney Creek Township i
[2155/2417  89.2% elapsed=14m18s eta=1m44s] id=4hop3__661103_698586_91248_54362 em=0 f1=0.00 tie=False err=False voters=(A1=Atlanta, A2=Atlanta, A3=Atlanta) final=\boxed{Atlanta}
[2156/2417  89.2% elapsed=14m19s eta=1m44s] id=4hop1__31333_59747_211319_557671 em=0 f1=0.40 tie=False err=False voters=(A1=DeKalb County, A2=DeKalb County, A3=DeKalb County) final=\boxed{DeKalb County}
[2157/2417  89.2% elapsed=14m19s eta=1m44s] id=4hop3__601548_836463_161616_77103 em=1 f1=1.00 tie=False err=False voters=(A1=1839, A2=1839, A3=1839) final=\boxed{1839}
[2158/2417  89.3% elapsed=14m19s eta=1m43s] id=4hop3__794915_466199_695123_72134 em=0 f1=0.00 tie=False err=False voters=(A1=1812, A2=Indianapolis, A3=Indianapolis) final=\boxed{Indianapolis}
[2159/2417  89.3% elapsed=14m20s eta=1m43s] id=4hop3__771862_466199_695123_72134 em=0 f1=0.00 tie=False err=False voters=(A1=Cannot be determined, A2=Cannot determine, A3=Cannot be determined) final=\boxed{Cannot be determined}
[2160/2417  89.4% elapsed=14m21s eta=1m42s] id=4hop1__28352_53706_795904_580996 em=0 f1=0.00 tie=False err=False voters=(A1=El Salvador, A2=El Salvador, A3=El Salvador) final=\boxed{El Salvador}
[2161/2417  89.4% elapsed=14m21s eta=1m42s] id=4hop1__131002_53706_795904_580996 em=0 f1=0.00 tie=False err=False voters=(A1=San Francisco, A2=San Francisco, A3=San Francisco) final=\boxed{San Francisco}
[2162/2417  89.4% elapsed=14m22s eta=1m42s] id=4hop1__152146_5274_458768_33677 em=1 f1=1.00 tie=False err=False voters=(A1=2013, A2=2013, A3=2013) final=\boxed{2013}
[2163/2417  89.5% elapsed=14m23s eta=1m41s] id=4hop1__57467_53706_795904_580996 em=0 f1=0.00 tie=False err=False voters=(A1=Oak Lawn, A2=Sacramento, A3=Sacramento) final=\boxed{Sacramento}
[2164/2417  89.5% elapsed=14m23s eta=1m41s] id=4hop1__161765_53706_795904_580996 em=1 f1=1.00 tie=False err=False voters=(A1=Rio Linda, A2=Rio Linda, A3=Rio Linda) final=\boxed{Rio Linda}
[2165/2417  89.6% elapsed=14m24s eta=1m41s] id=4hop3__719125_132409_371500_35031 em=0 f1=0.67 tie=False err=False voters=(A1=third, A2=third, A3=third) final=\boxed{third}
[2166/2417  89.6% elapsed=14m25s eta=1m40s] id=4hop3__800262_466199_695123_72134 em=0 f1=0.00 tie=False err=False voters=(A1=Unable to determine, A2=Unable to determine, A3=Unable to determine) final=\boxed{Unable to determine}
[2167/2417  89.7% elapsed=14m25s eta=1m40s] id=4hop1__130480_53706_795904_580996 em=0 f1=0.00 tie=False err=False voters=(A1=Sacramento, A2=Sacramento, A3=Sacramento) final=\boxed{Sacramento}
[2168/2417  89.7% elapsed=14m25s eta=1m39s] id=4hop3__661103_698586_57596_54362 em=0 f1=0.00 tie=False err=False voters=(A1=Atlanta, A2=Atlanta, A3=Atlanta) final=\boxed{Atlanta}
[2169/2417  89.7% elapsed=14m26s eta=1m39s] id=4hop3__160230_470287_128875_72134 em=1 f1=1.00 tie=False err=False voters=(A1=1839, A2=1839, A3=1839) final=\boxed{1839}
[2170/2417  89.8% elapsed=14m26s eta=1m39s] id=4hop1__51465_53706_795904_580996 em=1 f1=1.00 tie=False err=False voters=(A1=Rio Linda, A2=Oak Lawn, A3=Rio Linda) final=\boxed{Rio Linda}
[2171/2417  89.8% elapsed=14m26s eta=1m38s] id=4hop3__524186_219173_638950_72134 em=1 f1=1.00 tie=False err=False voters=(A1=1839, A2=1839, A3=1839) final=\boxed{1839}
[2172/2417  89.9% elapsed=14m27s eta=1m38s] id=4hop1__47210_53706_795904_580996 em=0 f1=0.00 tie=False err=False voters=(A1=American River, A2=Sacramento, A3=Sacramento) final=\boxed{Sacramento}
[2173/2417  89.9% elapsed=14m28s eta=1m37s] id=4hop1__56270_53706_795904_580996 em=0 f1=0.00 tie=False err=False voters=(A1=El Berrendo, A2=Oakland, A3=El Berrendo) final=\boxed{El Berrendo}
[2174/2417  89.9% elapsed=14m29s eta=1m37s] id=4hop3__673447_132409_371500_35031 em=0 f1=0.00 tie=False err=False voters=(A1=3rd, A2=3rd, A3=3rd) final=\boxed{3rd}
[2175/2417  90.0% elapsed=14m29s eta=1m37s] id=4hop1__83058_53706_795904_580996 em=0 f1=0.00 tie=False err=False voters=(A1=California, A2=California, A3=California) final=\boxed{California}
[2176/2417  90.0% elapsed=14m29s eta=1m36s] id=4hop3__160230_470287_862998_72134 em=1 f1=1.00 tie=False err=False voters=(A1=1839, A2=1839, A3=1839) final=\boxed{1839}
[2177/2417  90.1% elapsed=14m29s eta=1m36s] id=4hop3__193820_466199_128875_72134 em=1 f1=1.00 tie=False err=False voters=(A1=1839, A2=1839, A3=1839) final=\boxed{1839}
[2178/2417  90.1% elapsed=14m30s eta=1m35s] id=4hop3__773800_152874_161616_77103 em=1 f1=1.00 tie=False err=False voters=(A1=1839, A3=1839) final=\boxed{1839}
[2179/2417  90.2% elapsed=14m30s eta=1m35s] id=4hop3__827497_354093_254885_76356 em=1 f1=1.00 tie=False err=False voters=(A1=Ferdinand de Lesseps, A2=Ferdinand de Lesseps, A3=Ferdinand de Lesseps) final=\boxed{Ferdinand de Lesseps}
[2180/2417  90.2% elapsed=14m30s eta=1m35s] id=4hop1__93316_53706_795904_580996 em=0 f1=0.00 tie=False err=False voters=(A1=Sacramento, A2=Sacramento, A3=Sacramento) final=\boxed{Sacramento}
[2181/2417  90.2% elapsed=14m30s eta=1m34s] id=4hop1__61681_53706_795904_580996 em=0 f1=0.00 tie=False err=False voters=(A1=Memphis, A2=Memphis, A3=Rio Linda) final=\boxed{Memphis}
[2182/2417  90.3% elapsed=14m31s eta=1m34s] id=4hop3__673447_132409_145082_35031 em=0 f1=0.67 tie=False err=False voters=(A1=third, A2=third, A3=third) final=\boxed{third}
[2183/2417  90.3% elapsed=14m31s eta=1m33s] id=4hop3__373573_132409_146285_35031 em=0 f1=0.00 tie=False err=False voters=(A1=3, A2=3, A3=3) final=\boxed{3}
[2184/2417  90.4% elapsed=14m32s eta=1m33s] id=4hop3__524186_219173_862998_72134 em=1 f1=1.00 tie=False err=False voters=(A1=1839, A3=1839) final=\boxed{1839}
[2185/2417  90.4% elapsed=14m33s eta=1m33s] id=4hop1__158877_53706_795904_580996 em=0 f1=0.00 tie=False err=False voters=(A1=Chicago, A2=Chicago, A3=Chicago) final=\boxed{Chicago}
[2186/2417  90.4% elapsed=14m33s eta=1m32s] id=4hop1__33012_53706_795904_580996 em=0 f1=0.00 tie=False err=False voters=(A1=Sacramento, A2=Sacramento, A3=Sacramento) final=\boxed{Sacramento}
[2187/2417  90.5% elapsed=14m34s eta=1m32s] id=4hop3__668721_132409_146285_35031 em=0 f1=0.67 tie=False err=False voters=(A1=third, A3=third) final=\boxed{third}
[2188/2417  90.5% elapsed=14m34s eta=1m31s] id=4hop1__608132_508773_85832_745702 em=1 f1=1.00 tie=False err=False voters=(A1=Sebastian Cabot, A2=Sebastian Cabot, A3=Sebastian Cabot) final=\boxed{Sebastian Cabot}
[2189/2417  90.6% elapsed=14m35s eta=1m31s] id=4hop1__58323_375563_161848_61344 em=0 f1=0.00 tie=True err=False voters=(A1=Oceania, A2=North America, A3=Australia) final=\boxed{Australia}
[2190/2417  90.6% elapsed=14m35s eta=1m31s] id=4hop1__360072_508773_85832_745702 em=1 f1=1.00 tie=False err=False voters=(A1=Sebastian Cabot, A2=Sebastian Cabot, A3=Sebastian Cabot) final=\boxed{Sebastian Cabot}
[2191/2417  90.6% elapsed=14m36s eta=1m30s] id=4hop1__58323_375563_161848_53331 em=1 f1=1.00 tie=False err=False voters=(A1=1989, A2=1989, A3=1989) final=\boxed{1989}
[2192/2417  90.7% elapsed=14m36s eta=1m30s] id=4hop1__370129_621192_10659_42311 em=0 f1=0.50 tie=False err=False voters=(A1=Warsaw School of Economics, A2=Warsaw University of Technology, A3=Warsaw School of Economics) final=\boxed{Warsaw School of Economics}
[2193/2417  90.7% elapsed=14m36s eta=1m29s] id=4hop3__324979_836463_161616_77103 em=1 f1=1.00 tie=True err=False voters=(A1=1836, A3=1839) final=\boxed{1839}
[2194/2417  90.8% elapsed=14m36s eta=1m29s] id=4hop3__673447_132409_223216_35031 em=0 f1=0.00 tie=False err=False voters=(A1=3, A2=3, A3=3) final=\boxed{3}
[2195/2417  90.8% elapsed=14m36s eta=1m29s] id=4hop3__312119_132409_146285_35031 em=0 f1=0.67 tie=True err=False voters=(A1=second-largest, A3=third) final=\boxed{third}
[2196/2417  90.9% elapsed=14m36s eta=1m28s] id=4hop3__160230_470287_345497_72134 em=1 f1=1.00 tie=False err=False voters=(A1=1839, A3=1839) final=\boxed{1839}
[2197/2417  90.9% elapsed=14m36s eta=1m28s] id=4hop3__668721_132409_371500_35031 em=0 f1=0.67 tie=False err=False voters=(A1=third, A3=third) final=\boxed{third}
[2198/2417  90.9% elapsed=14m37s eta=1m27s] id=4hop3__387712_132409_223216_35031 em=0 f1=0.00 tie=False err=False voters=(A1=3rd, A3=3rd) final=\boxed{3rd}
[2199/2417  91.0% elapsed=14m37s eta=1m27s] id=4hop1__58323_375563_161848_67585 em=0 f1=0.00 tie=False err=False voters=(A1=4, A2=4, A3=four) final=\boxed{4}
[2200/2417  91.0% elapsed=14m38s eta=1m27s] id=4hop1__711773_508773_85832_745702 em=1 f1=1.00 tie=False err=False voters=(A1=Sebastian Cabot, A2=Sebastian Cabot, A3=Sebastian Cabot) final=\boxed{Sebastian Cabot}
[2201/2417  91.1% elapsed=14m38s eta=1m26s] id=4hop1__512794_508773_85832_745702 em=1 f1=1.00 tie=False err=False voters=(A1=Sebastian Cabot, A2=Sebastian Cabot, A3=Sebastian Cabot) final=\boxed{Sebastian Cabot}
[2202/2417  91.1% elapsed=14m38s eta=1m26s] id=4hop3__531933_836463_161616_77103 em=1 f1=1.00 tie=False err=False voters=(A1=1839, A3=1839) final=\boxed{1839}
[2203/2417  91.1% elapsed=14m38s eta=1m25s] id=4hop1__58323_375563_161848_83118 em=0 f1=0.75 tie=False err=False voters=(A1=the first Sunday in November, A2=first Sunday in November, A3=First Sunday in April) final=\boxed{first Sunday in November}
[2204/2417  91.2% elapsed=14m38s eta=1m25s] id=4hop3__524186_219173_548463_72134 em=1 f1=1.00 tie=False err=False voters=(A1=1839, A2=1839, A3=1839) final=\boxed{1839}
[2205/2417  91.2% elapsed=14m39s eta=1m24s] id=4hop3__387712_132409_371500_35031 em=0 f1=0.67 tie=False err=False voters=(A1=third, A2=third, A3=third) final=\boxed{third}
[2206/2417  91.3% elapsed=14m39s eta=1m24s] id=4hop3__387712_132409_146285_35031 em=0 f1=0.00 tie=False err=False voters=(A1=3, A2=3, A3=3) final=\boxed{3}
[2207/2417  91.3% elapsed=14m39s eta=1m24s] id=4hop1__606685_508773_85832_745702 em=1 f1=1.00 tie=False err=False voters=(A1=John Cabot, A2=Sebastian Cabot, A3=Sebastian Cabot) final=\boxed{Sebastian Cabot}
[2208/2417  91.4% elapsed=14m41s eta=1m23s] id=4hop1__726675_508773_85832_745702 em=1 f1=1.00 tie=False err=False voters=(A1=Sebastian Cabot, A2=Sebastian Cabot, A3=Sebastian Cabot) final=\boxed{Sebastian Cabot}
[2209/2417  91.4% elapsed=14m41s eta=1m23s] id=4hop1__341777_508773_85832_745702 em=1 f1=1.00 tie=False err=False voters=(A1=Sebastian Cabot, A2=Sebastian Cabot, A3=Sebastian Cabot) final=\boxed{Sebastian Cabot}
[2210/2417  91.4% elapsed=14m41s eta=1m23s] id=4hop1__39871_314549_131976_56103 em=0 f1=0.00 tie=False err=False voters=(A1=Gulf of Mexico, A2=Gulf of Mexico, A3=Gulf of Mexico) final=\boxed{Gulf of Mexico}
[2211/2417  91.5% elapsed=14m42s eta=1m22s] id=4hop1__39871_314549_131976_90181 em=0 f1=0.00 tie=False err=False voters=(A1=Puerto Rico Trench, A2=Puerto Rico Trench, A3=Puerto Rico Trench) final=\boxed{Puerto Rico Trench}
[2212/2417  91.5% elapsed=14m42s eta=1m22s] id=4hop1__58323_375563_161848_28750 em=0 f1=0.00 tie=False err=False voters=(A1=United Kingdom, A2=United Kingdom, A3=New Zealand) final=\boxed{United Kingdom}
[2213/2417  91.6% elapsed=14m43s eta=1m21s] id=4hop3__312119_132409_371500_35031 em=0 f1=0.00 tie=False err=False voters=(A1=3rd, A3=3rd) final=\boxed{3rd}
[2214/2417  91.6% elapsed=14m43s eta=1m21s] id=4hop1__370129_621192_10659_59955 em=0 f1=0.00 tie=False err=False voters=(A1=Russia, A2=Belarus, A3=Russia) final=\boxed{Russia}
[2215/2417  91.6% elapsed=14m43s eta=1m21s] id=4hop1__39871_314549_131976_44892 em=0 f1=0.67 tie=False err=False voters=(A1=200 million years ago, A2=200 million years ago, A3=200 million years ago) final=\boxed{200 million years ago}
[2216/2417  91.7% elapsed=14m43s eta=1m20s] id=2hop__145203_34088 em=1 f1=1.00 tie=False err=False voters=(A1=Tucson, Arizona, A2=Tucson, Arizona, A3=Tucson, Arizona) final=\boxed{Tucson, Arizona}
[2217/2417  91.7% elapsed=14m43s eta=1m20s] id=4hop1__271272_508773_85832_745702 em=1 f1=1.00 tie=False err=False voters=(A1=Sebastian Cabot, A2=Sebastian Cabot, A3=Sebastian Cabot) final=\boxed{Sebastian Cabot}
[2218/2417  91.8% elapsed=14m43s eta=1m19s] id=4hop1__58323_375563_161848_44231 em=1 f1=1.00 tie=False err=False voters=(A1=Michael Joseph Savage, A2=Michael Joseph Savage, A3=Michael Joseph Savage) final=\boxed{Michael Joseph Savage}
[2219/2417  91.8% elapsed=14m44s eta=1m19s] id=4hop1__483807_508773_85832_745702 em=1 f1=1.00 tie=False err=False voters=(A1=Sebastian Cabot, A2=Sebastian Cabot, A3=Sebastian Cabot) final=\boxed{Sebastian Cabot}
[2220/2417  91.8% elapsed=14m45s eta=1m19s] id=4hop3__312119_132409_223216_35031 em=0 f1=0.00 tie=False err=False voters=(A1=Fourth, A2=Fourth, A3=Fourth) final=\boxed{Fourth}
[2221/2417  91.9% elapsed=14m46s eta=1m18s] id=4hop1__58323_375563_161848_20546 em=0 f1=0.00 tie=False err=False voters=(A1=New Zealand, A2=New Zealand, A3=New Zealand) final=\boxed{New Zealand}
[2222/2417  91.9% elapsed=14m46s eta=1m18s] id=4hop1__58323_375563_161848_84681 em=0 f1=0.50 tie=False err=False voters=(A1=1642, A2=13 December 1642, A3=1642) final=\boxed{1642}
[2223/2417  92.0% elapsed=14m46s eta=1m17s] id=4hop1__364476_439408_131976_90181 em=0 f1=0.00 tie=False err=False voters=(A1=Puerto Rico Trench, A2=Puerto Rico Trench, A3=Puerto Rico Trench) final=\boxed{Puerto Rico Trench}
[2224/2417  92.0% elapsed=14m46s eta=1m17s] id=4hop3__322354_466199_695123_72134 em=0 f1=0.00 tie=False err=False voters=(A1=1863, A3=1863) final=\boxed{1863}
[2225/2417  92.1% elapsed=14m46s eta=1m16s] id=4hop1__39871_314549_131976_44528 em=1 f1=1.00 tie=False err=False voters=(A1=Florida Straits, A2=Florida Straits, A3=Florida Straits) final=\boxed{Florida Straits}
[2226/2417  92.1% elapsed=14m46s eta=1m16s] id=2hop__131275_72870 em=1 f1=1.00 tie=False err=False voters=(A1=Hillary Clinton, A2=Hillary Clinton, A3=Hillary Clinton) final=\boxed{Hillary Clinton}
[2227/2417  92.1% elapsed=14m47s eta=1m16s] id=4hop1__320457_508773_85832_745702 em=1 f1=1.00 tie=False err=False voters=(A1=John Cabot, A2=Sebastian Cabot, A3=Sebastian Cabot) final=\boxed{Sebastian Cabot}
[2228/2417  92.2% elapsed=14m48s eta=1m15s] id=2hop__106864_80460 em=0 f1=0.86 tie=False err=False voters=(A1=207.77 million, A2=207.77 million, A3=207.77 million) final=\boxed{207.77 million}
[2229/2417  92.2% elapsed=14m49s eta=1m15s] id=2hop__130508_32379 em=1 f1=1.00 tie=False err=False voters=(A1=College of Charles Towne, A2=College of Charles Towne, A3=College of Charles Towne) final=\boxed{College of Charles Towne}
[2230/2417  92.3% elapsed=14m49s eta=1m15s] id=2hop__89632_40480 em=0 f1=0.00 tie=False err=False voters=(A1=South Carolina, A2=South Carolina, A3=South Carolina) final=\boxed{South Carolina}
[2231/2417  92.3% elapsed=14m50s eta=1m14s] id=4hop1__455862_508773_85832_745702 em=0 f1=0.50 tie=False err=False voters=(A1=John Cabot, A2=John Cabot, A3=John Cabot) final=\boxed{John Cabot}
[2232/2417  92.3% elapsed=14m50s eta=1m14s] id=2hop__71715_50429 em=0 f1=0.75 tie=False err=False voters=(A1=10,310,371, A2=10,310,371, A3=10,310,371) final=\boxed{10,310,371}
[2233/2417  92.4% elapsed=14m50s eta=1m13s] id=4hop3__373573_132409_223216_35031 em=0 f1=0.67 tie=False err=False voters=(A1=third, A3=third) final=\boxed{third}
[2234/2417  92.4% elapsed=14m52s eta=1m13s] id=2hop__40970_90367 em=0 f1=0.53 tie=False err=False voters=(A1=God parted the Red Sea to allow the Isra, A2=God parted the Red Sea, A3=God parted the Red Sea to allow the Isra) final=\boxed{God parted the Red Sea to allow the Israelites to cro
[2235/2417  92.5% elapsed=14m52s eta=1m13s] id=2hop__176_51164 em=1 f1=1.00 tie=False err=False voters=(A1=September 3, 1783, A2=September 3, 1783, A3=September 3, 1783) final=\boxed{September 3, 1783}
[2236/2417  92.5% elapsed=14m52s eta=1m12s] id=4hop3__719125_132409_223216_35031 em=0 f1=0.67 tie=False err=False voters=(A1=third, A3=third) final=\boxed{third}
[2237/2417  92.6% elapsed=14m52s eta=1m12s] id=4hop1__373866_5186_10659_23296 em=0 f1=0.00 tie=False err=False voters=(A1=France, A2=France, A3=France) final=\boxed{France}
[2238/2417  92.6% elapsed=14m53s eta=1m11s] id=2hop__129499_85379 em=1 f1=1.00 tie=False err=False voters=(A1=February 14, 1912, A2=1912, A3=February 14, 1912) final=\boxed{February 14, 1912}
[2239/2417  92.6% elapsed=14m53s eta=1m11s] id=2hop__43283_86694 em=0 f1=0.00 tie=False err=False voters=(A1=American League, A2=American League, A3=American League teams) final=\boxed{American League}
[2240/2417  92.7% elapsed=14m55s eta=1m11s] id=2hop__82378_158266 em=1 f1=1.00 tie=False err=False voters=(A1=The Australian Ballet, A2=The Australian Ballet, A3=The Australian Ballet) final=\boxed{The Australian Ballet}
[2241/2417  92.7% elapsed=14m56s eta=1m10s] id=2hop__33288_157788 em=0 f1=0.17 tie=True err=False voters=(A1=No specific railroad line in the country, A2=Cannot determine, A3=No specific railroad line in Japan is me) final=\boxed{No specific railroad line in Japan is mentioned in th
[2242/2417  92.8% elapsed=14m56s eta=1m10s] id=4hop3__193820_466199_695123_72134 em=0 f1=0.00 tie=False err=False voters=(A1=1792, A3=1792) final=\boxed{1792}
[2243/2417  92.8% elapsed=14m56s eta=1m10s] id=2hop__24441_36630 em=0 f1=0.00 tie=False err=False voters=(A1=Valencia, Botswana, A2=Unknown, A3=Unknown) final=\boxed{Unknown}
[2244/2417  92.8% elapsed=14m56s eta=1m09s] id=2hop__161507_77849 em=1 f1=1.00 tie=False err=False voters=(A1=Mian Saqib Nisar, A2=Mian Saqib Nisar, A3=Mian Saqib Nisar) final=\boxed{Mian Saqib Nisar}
[2245/2417  92.9% elapsed=14m57s eta=1m09s] id=2hop__80070_89752 em=1 f1=1.00 tie=False err=False voters=(A1=Maine, A2=Maine, A3=Maine) final=\boxed{Maine}
[2246/2417  92.9% elapsed=14m58s eta=1m08s] id=2hop__131455_11960 em=1 f1=1.00 tie=False err=False voters=(A1=JPMorgan Chase Tower, A2=JPMorgan Chase Tower, A3=JPMorgan Chase Tower) final=\boxed{JPMorgan Chase Tower}
[2247/2417  93.0% elapsed=14m58s eta=1m08s] id=2hop__19007_60935 em=0 f1=0.00 tie=False err=False voters=(A1=Unknown, A2=Unknown, A3=Unknown) final=\boxed{Unknown}
[2248/2417  93.0% elapsed=14m59s eta=1m08s] id=4hop3__710473_354093_254885_76356 em=1 f1=1.00 tie=False err=False voters=(A1=Ferdinand de Lesseps, A2=Ferdinand de Lesseps, A3=Ferdinand de Lesseps) final=\boxed{Ferdinand de Lesseps}
[2249/2417  93.0% elapsed=14m59s eta=1m07s] id=2hop__29191_59955 em=0 f1=0.00 tie=False err=False voters=(A1=Russia, A2=Russia, A3=Russia) final=\boxed{Russia}
[2250/2417  93.1% elapsed=15m00s eta=1m07s] id=2hop__53433_59035 em=1 f1=1.00 tie=False err=False voters=(A1=6 February 1840, A2=6 February 1840, A3=6 February 1840) final=\boxed{6 February 1840}
[2251/2417  93.1% elapsed=15m00s eta=1m06s] id=2hop__15368_17873 em=0 f1=0.18 tie=True err=False voters=(A1=Buckingham Palace was opened to the publ, A2=Buckingham Palace was opened to the publ, A3=Buckingham Palace was opened to the publ) final=\boxed{Buckingham Palace was opened to the public under publ
[2252/2417  93.2% elapsed=15m00s eta=1m06s] id=2hop__158247_71142 em=0 f1=0.00 tie=False err=False voters=(A1=Cannot determine, A2=Cannot determine, A3=Cannot determine) final=\boxed{Cannot determine}
[2253/2417  93.2% elapsed=15m01s eta=1m06s] id=2hop__130984_55721 em=0 f1=0.00 tie=False err=False voters=(A1=coastal mountains in Oregon, A2=coastal mountains in Oregon, A3=coastal mountains in Oregon) final=\boxed{coastal mountains in Oregon}
[2254/2417  93.3% elapsed=15m02s eta=1m05s] id=2hop__146919_29244 em=0 f1=0.75 tie=False err=False voters=(A1=Paris-Charles de Gaulle, A2=Paris-Charles de Gaulle, A3=Paris-Charles de Gaulle) final=\boxed{Paris-Charles de Gaulle}
[2255/2417  93.3% elapsed=15m02s eta=1m05s] id=2hop__35566_17873 em=0 f1=0.44 tie=False err=False voters=(A1=Buckingham Palace was seldom used and ev, A2=Buckingham Palace was seldom used and ev, A3=Buckingham Palace was seldom used and ev) final=\boxed{Buckingham Palace was seldom used and eventually shut
[2256/2417  93.3% elapsed=15m02s eta=1m04s] id=2hop__23297_23366 em=0 f1=0.00 tie=False err=False voters=(A1=Stalin, A2=To avoid a two-front war with Germany, A3=Stalin) final=\boxed{Stalin}
[2257/2417  93.4% elapsed=15m02s eta=1m04s] id=2hop__9512_36630 em=0 f1=0.00 tie=False err=False voters=(A1=Switzerland, A2=Switzerland, A3=Switzerland) final=\boxed{Switzerland}
[2258/2417  93.4% elapsed=15m03s eta=1m04s] id=2hop__9285_42311 em=1 f1=1.00 tie=False err=False voters=(A1=King's College London School of Medicine, A2=Medical University of Warsaw, A3=Medical University of Warsaw) final=\boxed{Medical University of Warsaw}
[2259/2417  93.5% elapsed=15m03s eta=1m03s] id=2hop__55129_80460 em=0 f1=0.86 tie=False err=False voters=(A1=207.77 million, A2=207.77 million, A3=207.77 million) final=\boxed{207.77 million}
[2260/2417  93.5% elapsed=15m03s eta=1m03s] id=2hop__51881_20590 em=0 f1=0.00 tie=False err=False voters=(A1=1907, A2=1907, A3=1907) final=\boxed{1907}
[2261/2417  93.5% elapsed=15m03s eta=1m02s] id=2hop__80375_90181 em=0 f1=0.00 tie=False err=False voters=(A1=Puerto Rico Trench, A2=Puerto Rico Trench, A3=Puerto Rico Trench) final=\boxed{Puerto Rico Trench}
[2262/2417  93.6% elapsed=15m03s eta=1m02s] id=2hop__130404_59180 em=0 f1=0.00 tie=True err=False voters=(A1=The Devil Went Down to Georgia, A2=The writing date is not provided in the , A3=The exact date is not provided in the pa) final=\boxed{The exact date is not provided in the paragraphs.}
[2263/2417  93.6% elapsed=15m03s eta=1m01s] id=2hop__68981_39234 em=0 f1=0.50 tie=False err=False voters=(A1=Arab Empire, A2=Arab Empire, A3=Arab Empire) final=\boxed{Arab Empire}
[2264/2417  93.7% elapsed=15m04s eta=1m01s] id=2hop__91248_84207 em=1 f1=1.00 tie=False err=False voters=(A1=Albert Henry Woolson, A2=Albert Henry Woolson, A3=Albert Henry Woolson) final=\boxed{Albert Henry Woolson}
[2265/2417  93.7% elapsed=15m05s eta=1m01s] id=2hop__77233_33207 em=0 f1=0.00 tie=False err=False voters=(A1=The British East India Company abolished, A2=Improved, A3=Improved) final=\boxed{Improved}
[2266/2417  93.8% elapsed=15m05s eta=1m00s] id=2hop__145282_21711 em=1 f1=1.00 tie=False err=False voters=(A1=15th century, A2=15th century, A3=15th century) final=\boxed{15th century}
[2267/2417  93.8% elapsed=15m05s eta=59.9s] id=2hop__160092_80144 em=1 f1=1.00 tie=False err=False voters=(A1=Lech Wałęsa, A2=Lech Wałęsa, A3=Lech Wałęsa) final=\boxed{Lech Wałęsa}
[2268/2417  93.8% elapsed=15m06s eta=59.5s] id=2hop__31995_8583 em=0 f1=0.75 tie=False err=False voters=(A1=Sarmatians and Goths, A2=Sarmatians and Goths, A3=Sarmatians and Goths) final=\boxed{Sarmatians and Goths}
[2269/2417  93.9% elapsed=15m06s eta=59.1s] id=2hop__81268_85407 em=1 f1=1.00 tie=False err=False voters=(A1=260,897, A2=260897, A3=260,897) final=\boxed{260,897}
[2270/2417  93.9% elapsed=15m06s eta=58.7s] id=2hop__147171_27537 em=0 f1=0.18 tie=False err=False voters=(A1=Venice, A2=No direct reason is given in the paragra, A3=No direct reason is given in the paragra) final=\boxed{No direct reason is given in the paragraphs}
[2271/2417  94.0% elapsed=15m07s eta=58.3s] id=2hop__30390_92972 em=0 f1=0.00 tie=True err=False voters=(A1=The war disrupted economic activities an, A2=The collapse of the European economy and, A3=Economic instability and disruption duri) final=\boxed{Economic instability and disruption during World War 
[2272/2417  94.0% elapsed=15m07s eta=57.9s] id=2hop__62311_62279 em=0 f1=0.00 tie=True err=False voters=(A1=Germany did not launch an air attack on , A3=Germany did not participate in the Ameri) final=\boxed{Germany did not participate in the American Revolutio
[2273/2417  94.0% elapsed=15m07s eta=57.4s] id=2hop__13539_13493 em=0 f1=0.67 tie=False err=False voters=(A1=treble, A2=treble, A3=treble) final=\boxed{treble}
[2274/2417  94.1% elapsed=15m07s eta=57.1s] id=2hop__130867_54221 em=0 f1=0.50 tie=False err=False voters=(A1=5am, A2=5am to 1am, A3=5am to 1am) final=\boxed{5am to 1am}
[2275/2417  94.1% elapsed=15m07s eta=56.6s] id=2hop__107238_64918 em=0 f1=0.50 tie=False err=False voters=(A1=William McKinley, A2=William McKinley, A3=William McKinley) final=\boxed{William McKinley}
[2276/2417  94.2% elapsed=15m08s eta=56.3s] id=2hop__56270_68396 em=0 f1=0.33 tie=False err=False voters=(A1=12.6%, A2=12.98%, A3=12.98%) final=\boxed{12.98%}
[2277/2417  94.2% elapsed=15m09s eta=55.9s] id=2hop__131061_54221 em=0 f1=0.00 tie=False err=False voters=(A1=21, A2=5 a.m., A3=5 a.m.) final=\boxed{5 a.m.}
[2278/2417  94.2% elapsed=15m09s eta=55.5s] id=2hop__15650_77173 em=1 f1=1.00 tie=False err=False voters=(A1=Oklahoma, A2=Oklahoma, A3=Oklahoma) final=\boxed{Oklahoma}
[2279/2417  94.3% elapsed=15m09s eta=55.1s] id=2hop__103889_86452 em=1 f1=1.00 tie=False err=False voters=(A1=1989, A2=1989, A3=1989) final=\boxed{1989}
[2280/2417  94.3% elapsed=15m10s eta=54.7s] id=2hop__145220_58439 em=1 f1=1.00 tie=False err=False voters=(A1=Île de la Cité, A2=Île de la Cité, A3=Île de la Cité) final=\boxed{Île de la Cité}
[2281/2417  94.4% elapsed=15m10s eta=54.3s] id=2hop__34734_92852 em=0 f1=0.00 tie=False err=False voters=(A1=1941, A2=1941, A3=1941) final=\boxed{1941}
[2282/2417  94.4% elapsed=15m11s eta=53.9s] id=2hop__153009_44880 em=1 f1=1.00 tie=False err=False voters=(A1=Lance Bottoms, A2=Lance Bottoms, A3=Lance Bottoms) final=\boxed{Lance Bottoms}
[2283/2417  94.5% elapsed=15m11s eta=53.5s] id=2hop__12039_11957 em=0 f1=0.25 tie=False err=False voters=(A1=formation of salt domes, A3=formation of salt domes) final=\boxed{formation of salt domes}
[2284/2417  94.5% elapsed=15m12s eta=53.1s] id=2hop__30390_36634 em=0 f1=0.00 tie=False err=False voters=(A1=2, A3=2) final=\boxed{2}
[2285/2417  94.5% elapsed=15m12s eta=52.7s] id=2hop__17192_77606 em=0 f1=0.45 tie=True err=False voters=(A1=To secure strategic military positions a, A2=strategic early warning system and contr, A3=To control the border with Israel and ma) final=\boxed{To control the border with Israel and maintain a stra
[2286/2417  94.6% elapsed=15m12s eta=52.3s] id=2hop__32541_85460 em=0 f1=0.00 tie=False err=False voters=(A1=59039, A3=59039) final=\boxed{59039}
[2287/2417  94.6% elapsed=15m13s eta=51.9s] id=2hop__15416_58040 em=1 f1=1.00 tie=False err=False voters=(A1=Fort Davis, A2=Fort Davis, A3=The highest city in Texas is not explici) final=\boxed{Fort Davis}
[2288/2417  94.7% elapsed=15m13s eta=51.5s] id=2hop__15258_54866 em=0 f1=0.00 tie=False err=False voters=(A1=Elizabeth II, A2=Jodie Comer, A3=Elizabeth II) final=\boxed{Elizabeth II}
[2289/2417  94.7% elapsed=15m13s eta=51.1s] id=2hop__38229_84500 em=1 f1=1.00 tie=False err=False voters=(A1=NATO, A2=NATO, A3=NATO) final=\boxed{NATO}
[2290/2417  94.7% elapsed=15m14s eta=50.7s] id=2hop__29191_80144 em=1 f1=1.00 tie=False err=False voters=(A1=Lech Wałęsa, A2=Lech Wałęsa, A3=Lech Wałęsa) final=\boxed{Lech Wałęsa}
[2291/2417  94.8% elapsed=15m14s eta=50.3s] id=2hop__17854_17873 em=0 f1=0.53 tie=True err=False voters=(A1=Buckingham Palace became the principal r, A2=Neglected and seldom used after Queen Vi, A3=It was neglected and seldom used until t) final=\boxed{It was neglected and seldom used until the 20th centu
[2292/2417  94.8% elapsed=15m15s eta=49.9s] id=2hop__129721_40482 em=0 f1=0.00 tie=False err=False voters=(A1=British Landgrave Edmund Bellinger, A2=The answer is not directly stated in the, A3=The answer is not directly stated in the) final=\boxed{The answer is not directly stated in the provided par
[2293/2417  94.9% elapsed=15m15s eta=49.5s] id=2hop__46862_68042 em=0 f1=0.00 tie=False err=False voters=(A1=Reconstruction era, A2=Reconstruction era, A3=Reconstruction era) final=\boxed{Reconstruction era}
[2294/2417  94.9% elapsed=15m16s eta=49.1s] id=2hop__29339_40482 em=0 f1=0.00 tie=False err=False voters=(A1=Monacan village, A2=Monacan village, A3=Monacan village) final=\boxed{Monacan village}
[2295/2417  95.0% elapsed=15m16s eta=48.7s] id=2hop__85753_64503 em=0 f1=0.00 tie=False err=False voters=(A1=The depth of the San Antonio River Walk , A2=The depth of the San Antonio River Walk , A3=The depth of the San Antonio River Walk ) final=\boxed{The depth of the San Antonio River Walk is not mentio
[2296/2417  95.0% elapsed=15m16s eta=48.3s] id=2hop__137061_45752 em=0 f1=0.00 tie=False err=False voters=(A1=Cannot determine, A2=University of Oregon, A3=Cannot determine) final=\boxed{Cannot determine}
[2297/2417  95.0% elapsed=15m17s eta=47.9s] id=2hop__159737_27110 em=0 f1=0.29 tie=False err=False voters=(A1=7500 BCE to 1948, A2=7500 BCE to 1948, A3=9,000 years ago to 1948) final=\boxed{7500 BCE to 1948}
[2298/2417  95.1% elapsed=15m17s eta=47.5s] id=2hop__128945_47686 em=1 f1=1.00 tie=False err=False voters=(A1=Toronto Coach Terminal, A2=Toronto Coach Terminal, A3=Toronto Coach Terminal) final=\boxed{Toronto Coach Terminal}
[2299/2417  95.1% elapsed=15m18s eta=47.1s] id=2hop__228_90265 em=1 f1=1.00 tie=True err=False voters=(A1=Wylie Draper, Alex Burrall, and Jason We, A2=Alex Burrall, Jason Weaver, and Wylie Dr, A3=Wylie Draper) final=\boxed{Wylie Draper}
[2300/2417  95.2% elapsed=15m18s eta=46.7s] id=3hop1__19768_19788_19761 em=1 f1=1.00 tie=False err=False voters=(A1=Sufi missionaries, A2=Sufi missionaries, A3=Sufi missionaries) final=\boxed{Sufi missionaries}
[2301/2417  95.2% elapsed=15m19s eta=46.3s] id=3hop1__131820_59747_43101 em=1 f1=1.00 tie=False err=False voters=(A1=October 7, 2008, A2=October 7, 2008, A3=October 7, 2008) final=\boxed{October 7, 2008}
[2302/2417  95.2% elapsed=15m19s eta=45.9s] id=3hop2__69814_76873_64554 em=1 f1=1.00 tie=False err=False voters=(A1=Soviet Union, A2=Soviet Union, A3=Soviet Union) final=\boxed{Soviet Union}
[2303/2417  95.3% elapsed=15m22s eta=45.7s] id=3hop1__146155_131905_41948 em=0 f1=0.00 tie=False err=False voters=(A1=sea level, A2=sea level, A3=sea level) final=\boxed{sea level}
[2304/2417  95.3% elapsed=15m22s eta=45.2s] id=2hop__145082_35034 em=0 f1=0.15 tie=True err=False voters=(A1=3771.9 people per square mile, A3=3771.9) final=\boxed{3771.9}
[2305/2417  95.4% elapsed=15m24s eta=44.9s] id=3hop2__9988_73205_70784 em=0 f1=0.00 tie=False err=False voters=(A1=Red Sea, A2=Red Sea, A3=Red Sea) final=\boxed{Red Sea}
[2306/2417  95.4% elapsed=15m24s eta=44.5s] id=3hop1__68981_91191_16530 em=1 f1=1.00 tie=False err=False voters=(A1=Abu Musa Ashaari, A2=Abu Musa Ashaari, A3=Abu Musa Ashaari) final=\boxed{Abu Musa Ashaari}
[2307/2417  95.4% elapsed=15m25s eta=44.1s] id=3hop1__139773_88110_21193 em=1 f1=1.00 tie=False err=False voters=(A1=LZX, A2=LZX, A3=LZX) final=\boxed{LZX}
[2308/2417  95.5% elapsed=15m26s eta=43.7s] id=2hop__1845_38366 em=0 f1=0.00 tie=False err=False voters=(A1=1438159, A2=1438159, A3=1438159) final=\boxed{1438159}
[2309/2417  95.5% elapsed=15m26s eta=43.3s] id=3hop1__9285_5188_23307 em=0 f1=0.67 tie=False err=False voters=(A1=June, A2=June, A3=June) final=\boxed{June}
[2310/2417  95.6% elapsed=15m26s eta=42.9s] id=3hop1__145427_106426_77199 em=1 f1=1.00 tie=False err=False voters=(A1=December 8, 1941, A2=December 8, 1941, A3=December 8, 1941) final=\boxed{December 8, 1941}
[2311/2417  95.6% elapsed=15m27s eta=42.5s] id=2hop__13574_13498 em=0 f1=0.00 tie=True err=False voters=(A1=2, A3=5) final=\boxed{5}
[2312/2417  95.7% elapsed=15m27s eta=42.1s] id=3hop2__101905_30152_20999 em=0 f1=0.00 tie=False err=False voters=(A1=Unrelated, A2=Unrelated, A3=Unrelated) final=\boxed{Unrelated}
[2313/2417  95.7% elapsed=15m28s eta=41.7s] id=3hop1__68802_89752_49923 em=0 f1=0.00 tie=False err=False voters=(A1=16, A3=16) final=\boxed{16}
[2314/2417  95.7% elapsed=15m28s eta=41.3s] id=3hop1__160324_131905_41948 em=0 f1=0.00 tie=False err=False voters=(A1=North Sea, A2=North Sea, A3=North Sea) final=\boxed{North Sea}
[2315/2417  95.8% elapsed=15m29s eta=40.9s] id=3hop1__158139_19788_15107 em=1 f1=1.00 tie=False err=False voters=(A1=48%, A2=48%, A3=48%) final=\boxed{48%}
[2316/2417  95.8% elapsed=15m29s eta=40.5s] id=3hop1__145924_131905_41948 em=1 f1=1.00 tie=False err=False voters=(A1=English Channel, A2=English Channel, A3=Sea level) final=\boxed{English Channel}
[2317/2417  95.9% elapsed=15m29s eta=40.1s] id=2hop__67057_52871 em=0 f1=0.00 tie=False err=False voters=(A1=7 February 1943, A2=1951, A3=1951) final=\boxed{1951}
[2318/2417  95.9% elapsed=15m30s eta=39.7s] id=3hop2__57238_1926_54362 em=0 f1=0.00 tie=False err=False voters=(A1=Union General William Sherman, A2=Union forces under General William Sherm, A3=Union General William Sherman) final=\boxed{Union General William Sherman}
[2319/2417  95.9% elapsed=15m30s eta=39.3s] id=3hop2__140194_16797_51068 em=1 f1=1.00 tie=False err=False voters=(A1=Jenna Coleman, A2=Jenna Coleman, A3=Jenna Coleman) final=\boxed{Jenna Coleman}
[2320/2417  96.0% elapsed=15m32s eta=39.0s] id=3hop1__68981_91191_156667 em=0 f1=0.00 tie=False err=False voters=(A1=the King of Kedah, Phra Ong Mahawangsa, A2=unknown, A3=unknown) final=\boxed{unknown}
[2321/2417  96.0% elapsed=15m32s eta=38.6s] id=3hop2__49541_140712_51068 em=1 f1=1.00 tie=False err=False voters=(A1=Jenna Coleman, A2=Jenna Coleman, A3=Jenna Coleman) final=\boxed{Jenna Coleman}
[2322/2417  96.1% elapsed=15m32s eta=38.1s] id=3hop1__129499_33897_81096 em=1 f1=1.00 tie=False err=False voters=(A1=Michael Andretti, A2=Mario Andretti, A3=Mario Andretti) final=\boxed{Mario Andretti}
[2323/2417  96.1% elapsed=15m33s eta=37.7s] id=3hop1__30390_36635_87083 em=1 f1=1.00 tie=False err=False voters=(A1=United Nations Security Council, A2=United Nations Security Council, A3=United Nations Security Council) final=\boxed{United Nations Security Council}
[2324/2417  96.2% elapsed=15m33s eta=37.3s] id=3hop1__23058_20608_36327 em=0 f1=0.00 tie=False err=False voters=(A1=Namibia, A2=Namibia, A3=Namibia) final=\boxed{Namibia}
[2325/2417  96.2% elapsed=15m34s eta=37.0s] id=3hop2__14253_76873_64554 em=1 f1=1.00 tie=False err=False voters=(A1=Soviet Union, A2=Soviet Union, A3=Soviet Union) final=\boxed{Soviet Union}
[2326/2417  96.2% elapsed=15m35s eta=36.6s] id=3hop1__68802_89752_75165 em=0 f1=0.00 tie=False err=False voters=(A1=1335907, A2=1335907, A3=1335907) final=\boxed{1335907}
[2327/2417  96.3% elapsed=15m35s eta=36.1s] id=3hop2__43892_23308_28343 em=0 f1=0.00 tie=False err=False voters=(A1=March 1957, A2=March 1957, A3=March 1957) final=\boxed{March 1957}
[2328/2417  96.3% elapsed=15m35s eta=35.7s] id=3hop2__30956_65244_84681 em=0 f1=0.00 tie=False err=False voters=(A1=17th century, A2=17th century, A3=17th century) final=\boxed{17th century}
[2329/2417  96.4% elapsed=15m35s eta=35.3s] id=3hop2__140194_49541_51068 em=0 f1=0.00 tie=False err=False voters=(A1=Queen Victoria, A2=Unknown, A3=Unknown) final=\boxed{Unknown}
[2330/2417  96.4% elapsed=15m35s eta=34.9s] id=3hop2__49541_121067_51068 em=0 f1=0.00 tie=False err=False voters=(A1=Peter Coyote, A2=Peter Coyote, A3=Peter Coyote) final=\boxed{Peter Coyote}
[2331/2417  96.4% elapsed=15m35s eta=34.5s] id=3hop1__159728_91191_156667 em=0 f1=0.00 tie=False err=False voters=(A1=Fatimah, A2=Unknown, A3=Unknown) final=\boxed{Unknown}
[2332/2417  96.5% elapsed=15m35s eta=34.1s] id=3hop1__131102_39743_24526 em=0 f1=0.43 tie=False err=False voters=(A1=low 40s and upper 30s °F (6–3 °C), A2=upper 40s–lower 50s °F, A3=low 40s and upper 30s °F (6–3 °C)) final=\boxed{low 40s and upper 30s °F (6–3 °C)}
[2333/2417  96.5% elapsed=15m36s eta=33.7s] id=3hop1__77966_91191_156667 em=0 f1=0.00 tie=False err=False voters=(A1=Unknown, A2=Unknown, A3=Unknown) final=\boxed{Unknown}
[2334/2417  96.6% elapsed=15m37s eta=33.3s] id=3hop1__103890_10659_83548 em=0 f1=0.00 tie=False err=False voters=(A1=János Kádár, A2=János Kádár, A3=János Kádár) final=\boxed{János Kádár}
[2335/2417  96.6% elapsed=15m37s eta=32.9s] id=3hop1__131820_59747_90139 em=0 f1=0.00 tie=False err=False voters=(A1=Kroy Biermann, A2=Kroy Biermann, A3=Kroy Biermann) final=\boxed{Kroy Biermann}
[2336/2417  96.6% elapsed=15m37s eta=32.5s] id=3hop2__76873_69814_64554 em=1 f1=1.00 tie=False err=False voters=(A1=Soviet Union, A2=Soviet Union, A3=Soviet Union) final=\boxed{Soviet Union}
[2337/2417  96.7% elapsed=15m38s eta=32.1s] id=3hop2__11282_57233_56883 em=1 f1=1.00 tie=False err=False voters=(A1=1964, A3=1964) final=\boxed{1964}
[2338/2417  96.7% elapsed=15m38s eta=31.7s] id=3hop2__20335_8533_9331 em=0 f1=0.00 tie=False err=False voters=(A1=Habsburg Monarchy, A2=Russian Empire, A3=Habsburg Monarchy) final=\boxed{Habsburg Monarchy}
[2339/2417  96.8% elapsed=15m38s eta=31.3s] id=3hop1__106042_64399_59680 em=0 f1=0.00 tie=False err=False voters=(A1=14, A3=14) final=\boxed{14}
[2340/2417  96.8% elapsed=15m38s eta=30.9s] id=3hop1__145427_106426_157788 em=0 f1=0.00 tie=False err=False voters=(A1=Shanghai–Hangzhou high-speed railway, A2=Shanghai–Hangzhou high-speed railway, A3=Shanghai–Hangzhou high-speed railway) final=\boxed{Shanghai–Hangzhou high-speed railway}
[2341/2417  96.9% elapsed=15m39s eta=30.5s] id=3hop1__127821_157828_162309 em=0 f1=0.00 tie=False err=False voters=(A1=1912, A3=1912) final=\boxed{1912}
[2342/2417  96.9% elapsed=15m40s eta=30.1s] id=3hop1__128554_39743_24526 em=0 f1=0.77 tie=False err=False voters=(A1=upper 40s–lower 50s °F (8–12 °C), A2=upper 40s–lower 50s °F (8–12 °C), A3=upper 40s–lower 50s °F (8–12 °C)) final=\boxed{upper 40s–lower 50s °F (8–12 °C)}
[2343/2417  96.9% elapsed=15m40s eta=29.7s] id=3hop1__119402_102039_158266 em=1 f1=1.00 tie=False err=False voters=(A1=The Australian Ballet, A2=The Australian Ballet, A3=The Australian Ballet) final=\boxed{The Australian Ballet}
[2344/2417  97.0% elapsed=15m41s eta=29.3s] id=3hop1__49236_89752_54221 em=1 f1=1.00 tie=False err=False voters=(A1=5am, A2=5am, A3=5am) final=\boxed{5am}
[2345/2417  97.0% elapsed=15m41s eta=28.9s] id=3hop1__103890_10659_23296 em=0 f1=0.00 tie=False err=False voters=(A1=Poland, A2=Hungary, A3=Poland) final=\boxed{Poland}
[2346/2417  97.1% elapsed=15m41s eta=28.5s] id=3hop2__28476_14777_9331 em=0 f1=0.57 tie=False err=False voters=(A1=Partitions of Poland, A2=Partitions of Poland, A3=Partitions of Poland) final=\boxed{Partitions of Poland}
[2347/2417  97.1% elapsed=15m41s eta=28.1s] id=3hop1__131829_39743_24526 em=1 f1=1.00 tie=False err=False voters=(A1=upper 40s–lower 50s °F, A2=upper 40s–lower 50s °F, A3=upper 40s–lower 50s °F) final=\boxed{upper 40s–lower 50s °F}
[2348/2417  97.1% elapsed=15m41s eta=27.7s] id=3hop1__49236_89752_49923 em=0 f1=0.00 tie=False err=False voters=(A1=16, A2=16, A3=16) final=\boxed{16}
[2349/2417  97.2% elapsed=15m42s eta=27.3s] id=3hop1__104762_24918_24991 em=0 f1=0.67 tie=False err=False voters=(A1=The dissolution of the Soviet Union, A2=The dissolution of the Soviet Union, A3=The dissolution of the Soviet Union) final=\boxed{The dissolution of the Soviet Union}
[2350/2417  97.2% elapsed=15m43s eta=26.9s] id=3hop2__6989_37759_74563 em=0 f1=0.00 tie=True err=False voters=(A1=1630, A3=1628) final=\boxed{1628}
[2351/2417  97.3% elapsed=15m44s eta=26.5s] id=3hop1__157807_19788_15107 em=1 f1=1.00 tie=False err=False voters=(A1=48%, A2=48%, A3=48%) final=\boxed{48%}
[2352/2417  97.3% elapsed=15m44s eta=26.1s] id=3hop2__20335_82856_9331 em=0 f1=0.17 tie=False err=False voters=(A1=March Constitution of 1921, A2=Russian Empire, Kingdom of Prussia, and , A3=Russian Empire, Kingdom of Prussia, and ) final=\boxed{Russian Empire, Kingdom of Prussia, and Habsburg Mona
[2353/2417  97.4% elapsed=15m45s eta=25.7s] id=3hop1__103751_24918_24991 em=0 f1=0.24 tie=False err=False voters=(A1=The Soviet flag was lowered and the Russ, A2=The Soviet flag was lowered for the last, A3=The Soviet flag was lowered for the last) final=\boxed{The Soviet flag was lowered for the last time and the
[2354/2417  97.4% elapsed=15m45s eta=25.3s] id=3hop1__68732_39743_24526 em=1 f1=1.00 tie=False err=False voters=(A1=upper 40s–lower 50s °F, A2=upper 40s–lower 50s °F, A3=upper 40s–lower 50s °F) final=\boxed{upper 40s–lower 50s °F}
[2355/2417  97.4% elapsed=15m45s eta=24.9s] id=3hop2__9951_20335_9331 em=0 f1=0.75 tie=False err=False voters=(A1=March Constitution of 1921, A2=March Constitution of 1921, A3=March Constitution of 1921) final=\boxed{March Constitution of 1921}
[2356/2417  97.5% elapsed=15m45s eta=24.5s] id=3hop1__31995_24918_24939 em=0 f1=0.00 tie=False err=False voters=(A1=United States authorities, A2=United States authorities, A3=Uncertain) final=\boxed{United States authorities}
[2357/2417  97.5% elapsed=15m45s eta=24.1s] id=3hop1__131110_39743_24526 em=1 f1=1.00 tie=False err=False voters=(A1=upper 40s–lower 50s °F, A2=upper 40s–lower 50s °F, A3=upper 40s–lower 50s °F) final=\boxed{upper 40s–lower 50s °F}
[2358/2417  97.6% elapsed=15m45s eta=23.7s] id=3hop2__106842_30645_84681 em=0 f1=0.00 tie=False err=False voters=(A1=early 17th century, A2=early 17th century, A3=early 17th century) final=\boxed{early 17th century}
[2359/2417  97.6% elapsed=15m46s eta=23.3s] id=3hop1__8148_24918_24939 em=1 f1=1.00 tie=False err=False voters=(A1=Ukrainian leader, A2=Pope John Paul II, A3=Pope John Paul II) final=\boxed{Pope John Paul II}
[2360/2417  97.6% elapsed=15m46s eta=22.9s] id=3hop1__64694_34179_23375 em=0 f1=0.00 tie=False err=False voters=(A1=1948, A2=The question cannot be answered based on, A3=The question cannot be answered based on) final=\boxed{The question cannot be answered based on the provided
[2361/2417  97.7% elapsed=15m48s eta=22.5s] id=3hop1__106042_64399_53006 em=0 f1=0.00 tie=False err=False voters=(A1=Pantheon, A2=Pantheon, A3=Mosque of al-Zahir Baybars) final=\boxed{Pantheon}
[2362/2417  97.7% elapsed=15m48s eta=22.1s] id=3hop2__43283_12039_93690 em=1 f1=1.00 tie=True err=False voters=(A1=2017, A3=2013) final=\boxed{2013}
[2363/2417  97.8% elapsed=15m50s eta=21.7s] id=3hop2__25177_19506_23299 em=0 f1=0.00 tie=False err=False voters=(A1=Poland, A2=Poland, A3=Poland) final=\boxed{Poland}
[2364/2417  97.8% elapsed=15m52s eta=21.3s] id=3hop1__131820_59747_60748 em=0 f1=0.50 tie=False err=False voters=(A1=1864, A2=1864, A3=1864) final=\boxed{1864}
[2365/2417  97.8% elapsed=15m53s eta=20.9s] id=3hop2__30152_101802_20999 em=0 f1=0.33 tie=False err=False voters=(A1=Portuguese, A2=Portuguese, A3=Portuguese) final=\boxed{Portuguese}
[2366/2417  97.9% elapsed=15m53s eta=20.5s] id=3hop1__19768_19788_15107 em=0 f1=0.00 tie=False err=False voters=(A1=50%, A2=48%, A3=50%) final=\boxed{50%}
[2367/2417  97.9% elapsed=15m53s eta=20.1s] id=3hop1__102461_24918_24991 em=0 f1=0.80 tie=False err=False voters=(A1=The Soviet Union dissolved, A2=The Soviet Union dissolved, A3=The Soviet Union dissolved) final=\boxed{The Soviet Union dissolved}
[2368/2417  98.0% elapsed=15m53s eta=19.7s] id=3hop2__104979_23308_28343 em=0 f1=0.00 tie=False err=False voters=(A1=1967, A2=1967, A3=1967) final=\boxed{1967}
[2369/2417  98.0% elapsed=15m53s eta=19.3s] id=3hop2__57233_105140_56883 em=1 f1=1.00 tie=False err=False voters=(A1=1964, A2=1964, A3=1964) final=\boxed{1964}
[2370/2417  98.1% elapsed=15m54s eta=18.9s] id=3hop1__158848_66089_86107 em=1 f1=1.00 tie=False err=False voters=(A1=Adulis, A2=Adulis, A3=Adulis) final=\boxed{Adulis}
[2371/2417  98.1% elapsed=15m54s eta=18.5s] id=3hop1__5544_34179_23375 em=1 f1=1.00 tie=False err=False voters=(A1=1948, A2=1948, A3=1948) final=\boxed{1948}
[2372/2417  98.1% elapsed=15m55s eta=18.1s] id=3hop2__67618_30587_44003 em=0 f1=0.00 tie=False err=False voters=(A1=Gulf of Mexico, A2=Gulf of Mexico, A3=Gulf of Mexico) final=\boxed{Gulf of Mexico}
[2373/2417  98.2% elapsed=15m55s eta=17.7s] id=3hop2__103889_30152_20999 em=0 f1=0.33 tie=False err=False voters=(A1=The Portuguese, A2=Portuguese, A3=The Portuguese) final=\boxed{The Portuguese}
[2374/2417  98.2% elapsed=15m55s eta=17.3s] id=3hop1__147225_30587_83479 em=0 f1=0.60 tie=False err=False voters=(A1=To supply Britain and prevent the Axis f, A2=To stem the flow of Allied supplies to B, A3=To stem the flow of Allied supplies to B) final=\boxed{To stem the flow of Allied supplies to Britain}
[2375/2417  98.3% elapsed=15m55s eta=16.9s] id=3hop1__139773_88110_77129 em=0 f1=0.33 tie=False err=False voters=(A1=Windows Server 2008 R2, A2=Windows Server 2008 R2, A3=Windows Server 2008 R2) final=\boxed{Windows Server 2008 R2}
[2376/2417  98.3% elapsed=15m55s eta=16.5s] id=3hop1__131820_59747_48534 em=0 f1=0.60 tie=False err=False voters=(A1=Lemuel P. Grant, A2=Lemuel P. Grant, A3=Lemuel P. Grant) final=\boxed{Lemuel P. Grant}
[2377/2417  98.3% elapsed=15m55s eta=16.1s] id=3hop2__159979_30587_44003 em=0 f1=0.80 tie=False err=False voters=(A1=Florida Straits, A2=Florida Straits, A3=Florida Straits) final=\boxed{Florida Straits}
[2378/2417  98.4% elapsed=15m56s eta=15.7s] id=3hop1__19768_19788_10117 em=0 f1=0.00 tie=False err=False voters=(A1=1400, A2=1400, A3=1400) final=\boxed{1400}
[2379/2417  98.4% elapsed=15m56s eta=15.3s] id=3hop2__57233_106716_56883 em=1 f1=1.00 tie=False err=False voters=(A1=1964, A3=1964) final=\boxed{1964}
[2380/2417  98.5% elapsed=15m57s eta=14.9s] id=3hop1__106042_64399_52278 em=0 f1=0.40 tie=False err=False voters=(A1=Byzantine Empire, A2=Roman Empire, A3=Byzantine Empire) final=\boxed{Byzantine Empire}
[2381/2417  98.5% elapsed=15m57s eta=14.5s] id=3hop1__92251_34179_23375 em=0 f1=0.00 tie=False err=False voters=(A1=1939, A3=1939) final=\boxed{1939}
[2382/2417  98.6% elapsed=15m57s eta=14.1s] id=3hop2__145209_20335_9331 em=0 f1=0.00 tie=False err=False voters=(A1=Russian Empire, A2=Russian Empire, A3=Russian Empire) final=\boxed{Russian Empire}
[2383/2417  98.6% elapsed=15m57s eta=13.7s] id=3hop1__106042_64399_62676 em=0 f1=0.80 tie=False err=False voters=(A1=1000 BCE, A2=1000 BCE, A3=c. 1000 BCE) final=\boxed{1000 BCE}
[2384/2417  98.6% elapsed=15m57s eta=13.3s] id=3hop2__158279_71753_70784 em=0 f1=0.17 tie=True err=False voters=(A1=Arabian Peninsula, A2=Saudi Arabia, A3=Palestinian territories of the West Bank) final=\boxed{Palestinian territories of the West Bank and Gaza Str
[2385/2417  98.7% elapsed=15m57s eta=12.8s] id=3hop2__14777_8533_9331 em=0 f1=0.00 tie=False err=False voters=(A1=Russian Empire, Otto von Bismarck, Habsb, A2=Russian Empire, Otto von Bismarck, Habsb, A3=Russian Empire, Otto von Bismarck, Habsb) final=\boxed{Russian Empire, Otto von Bismarck, Habsburg Monarchy}
[2386/2417  98.7% elapsed=15m58s eta=12.4s] id=3hop1__49610_89752_75165 em=0 f1=0.00 tie=False err=False voters=(A1=Maine, A2=Maine, A3=United States) final=\boxed{Maine}
[2387/2417  98.8% elapsed=15m58s eta=12.0s] id=3hop2__131820_132454_61019 em=0 f1=0.00 tie=False err=False voters=(A1=Savannah, A2=Augusta, A3=Augusta) final=\boxed{Augusta}
[2388/2417  98.8% elapsed=15m58s eta=11.6s] id=3hop1__139787_88110_77129 em=1 f1=1.00 tie=False err=False voters=(A1=Windows Server 2012, A2=Windows 8, A3=Windows 8) final=\boxed{Windows 8}
[2389/2417  98.8% elapsed=15m58s eta=11.2s] id=3hop2__30152_107291_20999 em=0 f1=0.00 tie=False err=False voters=(A1=Moors, A2=Portugal, A3=Portugal) final=\boxed{Portugal}
[2390/2417  98.9% elapsed=15m58s eta=10.8s] id=3hop1__136852_30587_83479 em=0 f1=0.50 tie=True err=False voters=(A1=To disrupt Allied shipping and prevent t, A2=to stem the flow of merchant shipping th, A3=To prevent the flow of Allied supplies t) final=\boxed{To prevent the flow of Allied supplies to Britain}
[2391/2417  98.9% elapsed=15m58s eta=10.4s] id=3hop2__57233_11282_56883 em=1 f1=1.00 tie=False err=False voters=(A1=1964, A2=1964, A3=1964) final=\boxed{1964}
[2392/2417  99.0% elapsed=15m58s eta=10.0s] id=3hop1__9285_5188_6375 em=1 f1=1.00 tie=False err=False voters=(A1=Gherman Titov, A2=Gherman Titov, A3=Gherman Titov) final=\boxed{Gherman Titov}
[2393/2417  99.0% elapsed=15m58s eta=9.6s] id=3hop1__147135_159767_81096 em=0 f1=0.00 tie=True err=False voters=(A1=Tony Renna, A2=Desert Diamond West Valley Phoenix Grand, A3=No winner mentioned) final=\boxed{No winner mentioned}
[2394/2417  99.0% elapsed=15m58s eta=9.2s] id=3hop1__106845_5188_86687 em=1 f1=1.00 tie=False err=False voters=(A1=1990, A2=1990, A3=February 1990) final=\boxed{1990}
[2395/2417  99.1% elapsed=15m59s eta=8.8s] id=3hop1__161433_33952_33939 em=0 f1=0.00 tie=False err=False voters=(A1=7531, A2=7531, A3=7531) final=\boxed{7531}
[2396/2417  99.1% elapsed=15m59s eta=8.4s] id=3hop2__103871_20335_9331 em=0 f1=0.57 tie=False err=False voters=(A1=Partitions of Poland, A2=Partitions of Poland, A3=Partitions of Poland) final=\boxed{Partitions of Poland}
[2397/2417  99.2% elapsed=16m00s eta=8.0s] id=3hop1__128865_30587_83479 em=1 f1=1.00 tie=False err=False voters=(A1=To prevent the flow of Allied supplies t, A2=To stem the flow of merchant shipping th, A3=To stem the flow of merchant shipping th) final=\boxed{To stem the flow of merchant shipping that enabled Br
[2398/2417  99.2% elapsed=16m00s eta=7.6s] id=3hop2__30152_105395_20999 em=0 f1=0.33 tie=False err=False voters=(A1=Myanmar, A2=Portuguese, A3=Portuguese) final=\boxed{Portuguese}
[2399/2417  99.3% elapsed=16m00s eta=7.2s] id=3hop1__17192_78396_42428 em=0 f1=0.24 tie=False err=False voters=(A1=freedom to continue worshiping in their , A2=freedom to continue worshiping in their , A3=No direct request by Governor Vaudreuil ) final=\boxed{freedom to continue worshiping in their Roman Catholi
[2400/2417  99.3% elapsed=16m00s eta=6.8s] id=3hop1__41865_55331_34700 em=0 f1=0.00 tie=False err=False voters=(A1=North Sea, A2=North Sea, A3=North Sea) final=\boxed{North Sea}
[2401/2417  99.3% elapsed=16m00s eta=6.4s] id=3hop1__17192_78396_54865 em=1 f1=1.00 tie=False err=False voters=(A1=1776, A2=1776, A3=1776) final=\boxed{1776}
[2402/2417  99.4% elapsed=16m00s eta=6.0s] id=3hop1__103890_10659_67187 em=0 f1=0.00 tie=False err=False voters=(A1=Friedrich Ebert, A2=Friedrich Ebert, A3=Theodor Heuss) final=\boxed{Friedrich Ebert}
[2403/2417  99.4% elapsed=16m00s eta=5.6s] id=3hop1__17192_78396_157843 em=0 f1=0.00 tie=False err=False voters=(A1=1852, A2=1852, A3=1852) final=\boxed{1852}
[2404/2417  99.5% elapsed=16m00s eta=5.2s] id=3hop1__161433_33952_34099 em=0 f1=0.80 tie=False err=False voters=(A1=four-year terms, A2=four-year terms, A3=four-year terms) final=\boxed{four-year terms}
[2405/2417  99.5% elapsed=16m01s eta=4.8s] id=3hop1__9285_5188_86687 em=1 f1=1.00 tie=False err=False voters=(A1=1990, A3=1990) final=\boxed{1990}
[2406/2417  99.5% elapsed=16m01s eta=4.4s] id=3hop1__147162_131905_41948 em=0 f1=0.00 tie=False err=False voters=(A1=the lower Rhine, A2=sea level, A3=the lower Rhine) final=\boxed{the lower Rhine}
[2407/2417  99.6% elapsed=16m01s eta=4.0s] id=3hop2__79512_16214_84681 em=0 f1=0.50 tie=False err=False voters=(A1=1642, A2=1642, A3=1642) final=\boxed{1642}
[2408/2417  99.6% elapsed=16m01s eta=3.6s] id=3hop1__128516_30587_83479 em=0 f1=0.17 tie=False err=False voters=(A1=To prevent the buildup of Allied supplie, A2=To prevent the buildup of Allied supplie, A3=To prevent the buildup of Allied supplie) final=\boxed{To prevent the buildup of Allied supplies and equipme
[2409/2417  99.7% elapsed=16m01s eta=3.2s] id=3hop1__9285_5188_63702 em=0 f1=0.00 tie=False err=False voters=(A1=1949, A3=1949) final=\boxed{1949}
[2410/2417  99.7% elapsed=16m01s eta=2.8s] id=3hop1__159802_39743_24526 em=1 f1=1.00 tie=False err=False voters=(A1=upper 40s–lower 50s °F, A2=upper 40s–lower 50s °F, A3=upper 40s–lower 50s °F) final=\boxed{upper 40s–lower 50s °F}
[2411/2417  99.8% elapsed=16m01s eta=2.4s] id=3hop1__129675_39743_24526 em=1 f1=1.00 tie=False err=False voters=(A1=upper 40s–lower 50s °F, A2=upper 40s–lower 50s °F, A3=upper 40s–lower 50s °F) final=\boxed{upper 40s–lower 50s °F}
[2412/2417  99.8% elapsed=16m02s eta=2.0s] id=3hop1__6362_14336_21111 em=0 f1=0.50 tie=False err=False voters=(A1=330 million, A2=330 million, A3=The population of the United States is n) final=\boxed{330 million}
[2413/2417  99.8% elapsed=16m02s eta=1.6s] id=3hop2__30152_105895_20999 em=0 f1=0.00 tie=False err=False voters=(A1=Somalis, A2=Somalis, A3=Somalis) final=\boxed{Somalis}
[2414/2417  99.9% elapsed=16m03s eta=1.2s] id=3hop2__101809_30152_20999 em=0 f1=0.08 tie=True err=False voters=(A1=The use of new coins by the Somali Musli, A2=Not determinable from the provided parag, A3=The Somali Muslim Ajuran Empire defied t) final=\boxed{The Somali Muslim Ajuran Empire defied the Portuguese
[2415/2417  99.9% elapsed=16m04s eta=0.8s] id=3hop1__159803_89752_75165 em=0 f1=0.00 tie=False err=False voters=(A1=1335907, A3=1335907) final=\boxed{1335907}
[2416/2417 100.0% elapsed=16m11s eta=0.4s] id=2hop__7855_7794 em=0 f1=0.00 tie=False err=False voters=(A1=3718, A2=3718, A3=3718) final=\boxed{3718}
[2417/2417 100.0% elapsed=16m14s eta=0.0s] id=3hop2__49541_140875_51068 em=1 f1=1.00 tie=False err=False voters=(A1=Jenna Coleman, A2=Jenna Coleman, A3=Jenna Coleman) final=\boxed{Jenna Coleman}

Done.
  accuracy_em: 0.395
  avg_f1:      0.506
  tie_break_used: 110/2417
  errors:         0/2417
  output: /data/wangyuheng/jca/logs/baseline_queue/baseline_queue_20260911_001457/040_musique_mad/results.jsonl
  total_time: 16m14s

---------------- Completed ----------------
time: 2026-09-11 02:57:31 CST
Summary written to /data/wangyuheng/jca/logs/baseline_queue/baseline_queue_20260911_001457/040_musique_mad/summary.txt
Stopping vLLM server process groups: 1836870 1836873 1836876

---------------- nvidia-smi after cleanup ----------------
Fri Sep 11 02:57:36 2026       
+-----------------------------------------------------------------------------------------+
| NVIDIA-SMI 580.105.08             Driver Version: 580.105.08     CUDA Version: 13.0     |
+-----------------------------------------+------------------------+----------------------+
| GPU  Name                 Persistence-M | Bus-Id          Disp.A | Volatile Uncorr. ECC |
| Fan  Temp   Perf          Pwr:Usage/Cap |           Memory-Usage | GPU-Util  Compute M. |
|                                         |                        |               MIG M. |
|=========================================+========================+======================|
|   0  NVIDIA A800-SXM4-80GB          On  |   00000000:10:00.0 Off |                    0 |
| N/A   34C    P0             81W /  400W |       0MiB /  81920MiB |     72%      Default |
|                                         |                        |             Disabled |
+-----------------------------------------+------------------------+----------------------+
|   1  NVIDIA A800-SXM4-80GB          On  |   00000000:16:00.0 Off |                    0 |
| N/A   30C    P0             80W /  400W |       0MiB /  81920MiB |      0%      Default |
|                                         |                        |             Disabled |
+-----------------------------------------+------------------------+----------------------+
|   2  NVIDIA A800-SXM4-80GB          On  |   00000000:49:00.0 Off |                    0 |
| N/A   34C    P0             78W /  400W |       0MiB /  81920MiB |      0%      Default |
|                                         |                        |             Disabled |
+-----------------------------------------+------------------------+----------------------+
|   3  NVIDIA A800-SXM4-80GB          On  |   00000000:4D:00.0 Off |                    0 |
| N/A   36C    P0             84W /  400W |       0MiB /  81920MiB |      0%      Default |
|                                         |                        |             Disabled |
+-----------------------------------------+------------------------+----------------------+
|   4  NVIDIA A800-SXM4-80GB          On  |   00000000:8A:00.0 Off |                    0 |
| N/A   34C    P0             78W /  400W |       0MiB /  81920MiB |      0%      Default |
|                                         |                        |             Disabled |
+-----------------------------------------+------------------------+----------------------+
|   5  NVIDIA A800-SXM4-80GB          On  |   00000000:8F:00.0 Off |                    0 |
| N/A   34C    P0             82W /  400W |       0MiB /  81920MiB |      0%      Default |
|                                         |                        |             Disabled |
+-----------------------------------------+------------------------+----------------------+
|   6  NVIDIA A800-SXM4-80GB          On  |   00000000:C6:00.0 Off |                    0 |
| N/A   33C    P0             79W /  400W |       0MiB /  81920MiB |      0%      Default |
|                                         |                        |             Disabled |
+-----------------------------------------+------------------------+----------------------+
|   7  NVIDIA A800-SXM4-80GB          On  |   00000000:CA:00.0 Off |                    0 |
| N/A   36C    P0             80W /  400W |       0MiB /  81920MiB |      0%      Default |
|                                         |                        |             Disabled |
+-----------------------------------------+------------------------+----------------------+

+-----------------------------------------------------------------------------------------+
| Processes:                                                                              |
|  GPU   GI   CI              PID   Type   Process name                        GPU Memory |
|        ID   ID                                                               Usage      |
|=========================================================================================|
|  No running processes found                                                             |
+-----------------------------------------------------------------------------------------+
