================ AgentVerse (base + 8B meta) 8-GPU vLLM Run ================
time: 2026-09-11 21:51:51 CST
host: d1n41a24g03
project_root: /data/wangyuheng/jca
python: /data/conda_envs/qwen35/bin/python
vllm_python: /data/conda_envs/drb_py311_clean/bin/python
run_id: 20260911_215151_agentverse_dev_start0_n2417_x4_r01_20260911_215151
run_dir: /data/wangyuheng/jca/logs/baseline_queue/rq030_051_0911_1352/051_musique_agentverse_repeat4/runs/run_01_20260911_215151
output_path: /data/wangyuheng/jca/logs/baseline_queue/rq030_051_0911_1352/051_musique_agentverse_repeat4/runs/run_01_20260911_215151/results.jsonl
log_path: /data/wangyuheng/jca/logs/baseline_queue/rq030_051_0911_1352/051_musique_agentverse_repeat4/runs/run_01_20260911_215151/run.log
config_path: /data/wangyuheng/jca/logs/baseline_queue/rq030_051_0911_1352/051_musique_agentverse_repeat4/runs/run_01_20260911_215151/config.env
command_path: /data/wangyuheng/jca/logs/baseline_queue/rq030_051_0911_1352/051_musique_agentverse_repeat4/runs/run_01_20260911_215151/command.txt
summary_path: /data/wangyuheng/jca/logs/baseline_queue/rq030_051_0911_1352/051_musique_agentverse_repeat4/runs/run_01_20260911_215151/summary.txt
server_logs:
  A1:   /data/wangyuheng/jca/logs/baseline_queue/rq030_051_0911_1352/051_musique_agentverse_repeat4/runs/run_01_20260911_215151/A1_server.log
  A2:   /data/wangyuheng/jca/logs/baseline_queue/rq030_051_0911_1352/051_musique_agentverse_repeat4/runs/run_01_20260911_215151/A2_server.log
  A3:   /data/wangyuheng/jca/logs/baseline_queue/rq030_051_0911_1352/051_musique_agentverse_repeat4/runs/run_01_20260911_215151/A3_server.log
  META: /data/wangyuheng/jca/logs/baseline_queue/rq030_051_0911_1352/051_musique_agentverse_repeat4/runs/run_01_20260911_215151/META_server.log

---------------- Configuration ----------------
Config snapshot written to /data/wangyuheng/jca/logs/baseline_queue/rq030_051_0911_1352/051_musique_agentverse_repeat4/runs/run_01_20260911_215151/config.env
SPLIT=dev START=0 LIMIT=2417 MAX_ITERATIONS=3 SCORE_THRESHOLD=8 MAX_CONCURRENCY=32
TEMPERATURE_AGENT=0.7 TEMPERATURE_META=0.0
TORCH_DTYPE=bfloat16 MAX_NEW_TOKENS=2048 TOP_P=0.95
ENABLE_THINKING=0 LOG_RAW_CHARS=0 API_TIMEOUT=900
HOST=127.0.0.1
A1:   model=/data/wangyuheng/models/Qwen3-1.7B  served=A1_base  port=8201   gpus=0,1   tp=2
A2:   model=/data/wangyuheng/models/Qwen3-4B  served=A2_base  port=8202   gpus=2,3   tp=2
A3:   model=/data/wangyuheng/models/Qwen3-8B  served=A3_base  port=8203   gpus=4,5   tp=2
META: model=/data/wangyuheng/models/Qwen3-8B served=Meta_8B port=8204 gpus=6,7 tp=2
GPU_MEMORY_UTILIZATION=0.80 MAX_MODEL_LEN=8192 ENFORCE_EAGER=1
DISABLE_PREFIX_CACHING=1 DISABLE_CHUNKED_PREFILL=1
SERVER_WAIT_TIMEOUT=900 USE_EXISTING_SERVERS=0 KEEP_SERVERS=0 DRY_RUN=0
EXTRA_ARGS=
EXTRA_VLLM_ARGS=

---------------- Preflight ----------------
Python 3.12.13
torch: OK
torch_version: 2.10.0
transformers: OK
transformers_version: 4.57.6
vllm: OK
vllm_version: 0.18.0

---------------- nvidia-smi before ----------------
Fri Sep 11 21:51:55 2026       
+-----------------------------------------------------------------------------------------+
| NVIDIA-SMI 580.105.08             Driver Version: 580.105.08     CUDA Version: 13.0     |
+-----------------------------------------+------------------------+----------------------+
| GPU  Name                 Persistence-M | Bus-Id          Disp.A | Volatile Uncorr. ECC |
| Fan  Temp   Perf          Pwr:Usage/Cap |           Memory-Usage | GPU-Util  Compute M. |
|                                         |                        |               MIG M. |
|=========================================+========================+======================|
|   0  NVIDIA A800-SXM4-80GB          On  |   00000000:10:00.0 Off |                    0 |
| N/A   25C    P0             56W /  400W |       0MiB /  81920MiB |      0%      Default |
|                                         |                        |             Disabled |
+-----------------------------------------+------------------------+----------------------+
|   1  NVIDIA A800-SXM4-80GB          On  |   00000000:16:00.0 Off |                    0 |
| N/A   24C    P0             56W /  400W |       0MiB /  81920MiB |      0%      Default |
|                                         |                        |             Disabled |
+-----------------------------------------+------------------------+----------------------+
|   2  NVIDIA A800-SXM4-80GB          On  |   00000000:49:00.0 Off |                    0 |
| N/A   24C    P0             55W /  400W |       0MiB /  81920MiB |      0%      Default |
|                                         |                        |             Disabled |
+-----------------------------------------+------------------------+----------------------+
|   3  NVIDIA A800-SXM4-80GB          On  |   00000000:4D:00.0 Off |                    0 |
| N/A   25C    P0             57W /  400W |       0MiB /  81920MiB |      0%      Default |
|                                         |                        |             Disabled |
+-----------------------------------------+------------------------+----------------------+
|   4  NVIDIA A800-SXM4-80GB          On  |   00000000:8A:00.0 Off |                    0 |
| N/A   25C    P0             54W /  400W |       0MiB /  81920MiB |      0%      Default |
|                                         |                        |             Disabled |
+-----------------------------------------+------------------------+----------------------+
|   5  NVIDIA A800-SXM4-80GB          On  |   00000000:8F:00.0 Off |                    0 |
| N/A   25C    P0             59W /  400W |       0MiB /  81920MiB |      0%      Default |
|                                         |                        |             Disabled |
+-----------------------------------------+------------------------+----------------------+
|   6  NVIDIA A800-SXM4-80GB          On  |   00000000:C6:00.0 Off |                    0 |
| N/A   25C    P0             56W /  400W |       0MiB /  81920MiB |      0%      Default |
|                                         |                        |             Disabled |
+-----------------------------------------+------------------------+----------------------+
|   7  NVIDIA A800-SXM4-80GB          On  |   00000000:CA:00.0 Off |                    0 |
| N/A   25C    P0             56W /  400W |       0MiB /  81920MiB |      0%      Default |
|                                         |                        |             Disabled |
+-----------------------------------------+------------------------+----------------------+

+-----------------------------------------------------------------------------------------+
| Processes:                                                                              |
|  GPU   GI   CI              PID   Type   Process name                        GPU Memory |
|        ID   ID                                                               Usage      |
|=========================================================================================|
|  No running processes found                                                             |
+-----------------------------------------------------------------------------------------+

---------------- Runner Command ----------------
/data/conda_envs/qwen35/bin/python baseline/MuSiQue/AgentVerse/run_agentverse.py --split dev --data-dir musique_data --start 0 --limit 2417 --max-iterations 3 --score-threshold 8 --max-new-tokens 2048 --temperature-agent 0.7 --temperature-meta 0.0 --meta-agent meta --meta-agent-seed 42 --top-p 0.95 --api-base-a1 http://127.0.0.1:8201/v1 --api-base-a2 http://127.0.0.1:8202/v1 --api-base-a3 http://127.0.0.1:8203/v1 --api-base-meta http://127.0.0.1:8204/v1 --api-model-a1 A1_base --api-model-a2 A2_base --api-model-a3 A3_base --api-model-meta Meta_8B --api-timeout 900 --max-concurrency 32 --output /data/wangyuheng/jca/logs/baseline_queue/rq030_051_0911_1352/051_musique_agentverse_repeat4/runs/run_01_20260911_215151/results.jsonl --log-raw-chars 0 
Runner command written to /data/wangyuheng/jca/logs/baseline_queue/rq030_051_0911_1352/051_musique_agentverse_repeat4/runs/run_01_20260911_215151/command.txt

---------------- Starting vLLM Base Servers ----------------
Starting A1 base server on GPUs 0,1, TP=2, port=8201
  model:  /data/wangyuheng/models/Qwen3-1.7B
  served: A1_base
  log:    /data/wangyuheng/jca/logs/baseline_queue/rq030_051_0911_1352/051_musique_agentverse_repeat4/runs/run_01_20260911_215151/A1_server.log
  process_group: 2400874
Starting A2 base server on GPUs 2,3, TP=2, port=8202
  model:  /data/wangyuheng/models/Qwen3-4B
  served: A2_base
  log:    /data/wangyuheng/jca/logs/baseline_queue/rq030_051_0911_1352/051_musique_agentverse_repeat4/runs/run_01_20260911_215151/A2_server.log
  process_group: 2400877
Starting A3 base server on GPUs 4,5, TP=2, port=8203
  model:  /data/wangyuheng/models/Qwen3-8B
  served: A3_base
  log:    /data/wangyuheng/jca/logs/baseline_queue/rq030_051_0911_1352/051_musique_agentverse_repeat4/runs/run_01_20260911_215151/A3_server.log
  process_group: 2400881
Starting META base server on GPUs 6,7, TP=2, port=8204
  model:  /data/wangyuheng/models/Qwen3-8B
  served: Meta_8B
  log:    /data/wangyuheng/jca/logs/baseline_queue/rq030_051_0911_1352/051_musique_agentverse_repeat4/runs/run_01_20260911_215151/META_server.log
  process_group: 2400884

---------------- Waiting for Base Models ----------------
A1 ready: ['A1_base']
A2 ready: ['A2_base']
A3 ready: ['A3_base']
META ready: ['Meta_8B']

---------------- nvidia-smi after server start ----------------
Fri Sep 11 21:52:49 2026       
+-----------------------------------------------------------------------------------------+
| NVIDIA-SMI 580.105.08             Driver Version: 580.105.08     CUDA Version: 13.0     |
+-----------------------------------------+------------------------+----------------------+
| GPU  Name                 Persistence-M | Bus-Id          Disp.A | Volatile Uncorr. ECC |
| Fan  Temp   Perf          Pwr:Usage/Cap |           Memory-Usage | GPU-Util  Compute M. |
|                                         |                        |               MIG M. |
|=========================================+========================+======================|
|   0  NVIDIA A800-SXM4-80GB          On  |   00000000:10:00.0 Off |                    0 |
| N/A   26C    P0             61W /  400W |   66395MiB /  81920MiB |      0%      Default |
|                                         |                        |             Disabled |
+-----------------------------------------+------------------------+----------------------+
|   1  NVIDIA A800-SXM4-80GB          On  |   00000000:16:00.0 Off |                    0 |
| N/A   25C    P0             63W /  400W |   66395MiB /  81920MiB |      0%      Default |
|                                         |                        |             Disabled |
+-----------------------------------------+------------------------+----------------------+
|   2  NVIDIA A800-SXM4-80GB          On  |   00000000:49:00.0 Off |                    0 |
| N/A   24C    P0             61W /  400W |   66401MiB /  81920MiB |      0%      Default |
|                                         |                        |             Disabled |
+-----------------------------------------+------------------------+----------------------+
|   3  NVIDIA A800-SXM4-80GB          On  |   00000000:4D:00.0 Off |                    0 |
| N/A   26C    P0             64W /  400W |   66401MiB /  81920MiB |      0%      Default |
|                                         |                        |             Disabled |
+-----------------------------------------+------------------------+----------------------+
|   4  NVIDIA A800-SXM4-80GB          On  |   00000000:8A:00.0 Off |                    0 |
| N/A   25C    P0             60W /  400W |   66399MiB /  81920MiB |      0%      Default |
|                                         |                        |             Disabled |
+-----------------------------------------+------------------------+----------------------+
|   5  NVIDIA A800-SXM4-80GB          On  |   00000000:8F:00.0 Off |                    0 |
| N/A   26C    P0             64W /  400W |   66399MiB /  81920MiB |      0%      Default |
|                                         |                        |             Disabled |
+-----------------------------------------+------------------------+----------------------+
|   6  NVIDIA A800-SXM4-80GB          On  |   00000000:C6:00.0 Off |                    0 |
| N/A   25C    P0             63W /  400W |   66399MiB /  81920MiB |      0%      Default |
|                                         |                        |             Disabled |
+-----------------------------------------+------------------------+----------------------+
|   7  NVIDIA A800-SXM4-80GB          On  |   00000000:CA:00.0 Off |                    0 |
| N/A   26C    P0             62W /  400W |   66399MiB /  81920MiB |      0%      Default |
|                                         |                        |             Disabled |
+-----------------------------------------+------------------------+----------------------+

+-----------------------------------------------------------------------------------------+
| Processes:                                                                              |
|  GPU   GI   CI              PID   Type   Process name                        GPU Memory |
|        ID   ID                                                               Usage      |
|=========================================================================================|
|    0   N/A  N/A         2403092      C   VLLM::Worker_TP0                      66386MiB |
|    1   N/A  N/A         2403093      C   VLLM::Worker_TP1                      66386MiB |
|    2   N/A  N/A         2403096      C   VLLM::Worker_TP0                      66392MiB |
|    3   N/A  N/A         2403097      C   VLLM::Worker_TP1                      66392MiB |
|    4   N/A  N/A         2403083      C   VLLM::Worker_TP0                      66390MiB |
|    5   N/A  N/A         2403084      C   VLLM::Worker_TP1                      66390MiB |
|    6   N/A  N/A         2403075      C   VLLM::Worker_TP0                      66390MiB |
|    7   N/A  N/A         2403076      C   VLLM::Worker_TP1                      66390MiB |
+-----------------------------------------------------------------------------------------+

---------------- Run Output ----------------
AgentVerse MuSiQue inference
  split: dev
  selected: start=0, n=2417
  max_iterations: 3
  score_threshold: 8
  temperature_agent: 0.7
  temperature_meta: 0.0
  meta_agent: meta seed=42
  max_new_tokens: 2048
  max_concurrency: 32
  output: /data/wangyuheng/jca/logs/baseline_queue/rq030_051_0911_1352/051_musique_agentverse_repeat4/runs/run_01_20260911_215151/results.jsonl
  A1 api: http://127.0.0.1:8201/v1 model=A1_base temp=0.7
  A2 api: http://127.0.0.1:8202/v1 model=A2_base temp=0.7
  A3 api: http://127.0.0.1:8203/v1 model=A3_base temp=0.7
  META[META] api: http://127.0.0.1:8204/v1 model=Meta_8B temp=0.0
  META[A1] api: http://127.0.0.1:8201/v1 model=A1_base temp=0.0
  META[A2] api: http://127.0.0.1:8202/v1 model=A2_base temp=0.0
  META[A3] api: http://127.0.0.1:8203/v1 model=A3_base temp=0.0
[1/2417   0.0% elapsed=23.5s eta=15h45m05s] id=2hop__821197_368148 em=1 f1=1.00 iters=1 score=9 exit=score_threshold final=\boxed{Charles County}
[2/2417   0.1% elapsed=24.0s eta=8h03m22s] id=2hop__635187_861533 em=0 f1=0.00 iters=1 score=9 exit=score_threshold final=\boxed{Tanzania}
[3/2417   0.1% elapsed=24.1s eta=5h23m23s] id=2hop__390947_232243 em=0 f1=0.80 iters=1 score=8 exit=score_threshold final=\boxed{promoting European integration}
[4/2417   0.2% elapsed=24.2s eta=4h03m20s] id=2hop__574419_270105 em=1 f1=1.00 iters=1 score=8 exit=score_threshold final=\boxed{Stanley}
[5/2417   0.2% elapsed=24.3s eta=3h15m30s] id=2hop__195917_575657 em=1 f1=1.00 iters=1 score=10 exit=score_threshold final=\boxed{Orleans County}
[6/2417   0.2% elapsed=24.3s eta=2h42m56s] id=2hop__698577_851686 em=0 f1=0.00 iters=1 score=8 exit=score_threshold final=\boxed{The Timothy Files}
[7/2417   0.3% elapsed=24.3s eta=2h19m36s] id=2hop__481349_302087 em=1 f1=1.00 iters=1 score=9 exit=score_threshold final=\boxed{Bombardier Inc.}
[8/2417   0.3% elapsed=24.4s eta=2h02m40s] id=2hop__528263_865831 em=1 f1=1.00 iters=1 score=10 exit=score_threshold final=\boxed{Randall County}
[9/2417   0.4% elapsed=24.7s eta=1h50m13s] id=2hop__702496_430061 em=1 f1=1.00 iters=1 score=8 exit=score_threshold final=\boxed{McDonald County}
[10/2417   0.4% elapsed=24.7s eta=1h39m11s] id=2hop__744055_408817 em=1 f1=1.00 iters=1 score=10 exit=score_threshold final=\boxed{Eddie Argos}
[11/2417   0.5% elapsed=25.0s eta=1h30m58s] id=2hop__569582_304416 em=0 f1=0.57 iters=1 score=8 exit=score_threshold final=\boxed{Derrty Entertainment and Universal Records}
[12/2417   0.5% elapsed=25.2s eta=1h24m13s] id=2hop__701895_752697 em=0 f1=0.00 iters=1 score=8 exit=score_threshold final=\boxed{Municipio de Nuevo Laredo}
[13/2417   0.5% elapsed=25.2s eta=1h17m44s] id=2hop__549146_223121 em=1 f1=1.00 iters=1 score=8 exit=score_threshold final=\boxed{Asian Man Records}
[14/2417   0.6% elapsed=25.2s eta=1h12m10s] id=2hop__197470_271394 em=0 f1=0.44 iters=1 score=8 exit=score_threshold final=\boxed{Blair International Baccalaureate School in Pasadena}
[15/2417   0.6% elapsed=25.9s eta=1h09m04s] id=2hop__403712_793210 em=0 f1=0.20 iters=1 score=8 exit=score_threshold final=\boxed{Henry Baring of Cromer Hall}
[16/2417   0.7% elapsed=25.9s eta=1h04m44s] id=2hop__362107_652514 em=1 f1=1.00 iters=1 score=8 exit=score_threshold final=\boxed{Knowsley}
[17/2417   0.7% elapsed=25.9s eta=1h00m54s] id=2hop__505860_650613 em=0 f1=0.80 iters=1 score=10 exit=score_threshold final=\boxed{Exeter College, Oxford}
[18/2417   0.7% elapsed=26.5s eta=58m48s] id=2hop__832795_350510 em=1 f1=1.00 iters=1 score=8 exit=score_threshold final=\boxed{The Jackson 5}
[19/2417   0.8% elapsed=26.5s eta=55m47s] id=2hop__402530_774333 em=1 f1=1.00 iters=1 score=8 exit=score_threshold final=\boxed{Crockett County}
[20/2417   0.8% elapsed=26.8s eta=53m28s] id=2hop__647996_551681 em=1 f1=1.00 iters=1 score=8 exit=score_threshold final=\boxed{Emilia Galotti}
[21/2417   0.9% elapsed=26.9s eta=51m14s] id=2hop__354635_174222 em=0 f1=0.40 iters=1 score=8 exit=score_threshold final=\boxed{Windjammer Cable}
[22/2417   0.9% elapsed=36.3s eta=1h05m49s] id=2hop__697790_864352 em=1 f1=1.00 iters=2 score=8 exit=score_threshold final=\boxed{Fletcher Webster}
[23/2417   1.0% elapsed=36.7s eta=1h03m45s] id=2hop__554167_451128 em=1 f1=1.00 iters=2 score=8 exit=score_threshold final=\boxed{Chynna Phillips}
[24/2417   1.0% elapsed=37.3s eta=1h01m58s] id=2hop__726717_610238 em=0 f1=0.57 iters=1 score=8 exit=score_threshold final=\boxed{National Cycle Network}
[25/2417   1.0% elapsed=37.3s eta=59m32s] id=2hop__455158_247871 em=1 f1=1.00 iters=1 score=8 exit=score_threshold final=\boxed{Waseca County}
[26/2417   1.1% elapsed=37.5s eta=57m26s] id=2hop__411091_625230 em=1 f1=1.00 iters=1 score=10 exit=score_threshold final=\boxed{Hancock County}
[27/2417   1.1% elapsed=37.8s eta=55m47s] id=2hop__166824_185403 em=0 f1=0.00 iters=2 score=8 exit=score_threshold final=\boxed{Serie D}
[28/2417   1.2% elapsed=37.9s eta=53m50s] id=2hop__731228_609866 em=1 f1=1.00 iters=1 score=8 exit=score_threshold final=\boxed{East Dorset}
[29/2417   1.2% elapsed=38.0s eta=52m07s] id=2hop__423972_540249 em=0 f1=0.67 iters=1 score=10 exit=score_threshold final=\boxed{Lorenzo de' Medici}
[30/2417   1.2% elapsed=38.0s eta=50m22s] id=2hop__673655_316668 em=1 f1=1.00 iters=2 score=8 exit=score_threshold final=\boxed{conga}
[31/2417   1.3% elapsed=38.1s eta=48m53s] id=2hop__458131_174974 em=0 f1=0.00 iters=2 score=8 exit=score_threshold final=\boxed{The answer is not provided in the given paragraphs.}
[32/2417   1.3% elapsed=38.1s eta=47m20s] id=2hop__628752_538661 em=1 f1=1.00 iters=1 score=10 exit=score_threshold final=\boxed{Annapolis, Maryland}
[33/2417   1.4% elapsed=38.3s eta=46m10s] id=2hop__685280_510757 em=1 f1=1.00 iters=1 score=8 exit=score_threshold final=\boxed{Peace Corps}
[34/2417   1.4% elapsed=38.3s eta=44m47s] id=2hop__661847_288421 em=0 f1=0.50 iters=1 score=8 exit=score_threshold final=\boxed{Erick Sermon, Redman, and Keith Murray}
[35/2417   1.4% elapsed=39.0s eta=44m14s] id=2hop__189094_612080 em=1 f1=1.00 iters=1 score=8 exit=score_threshold final=\boxed{Maltese Premier League}
[36/2417   1.5% elapsed=39.0s eta=42m59s] id=2hop__259228_793698 em=0 f1=0.00 iters=2 score=8 exit=score_threshold final=\boxed{Germany}
[37/2417   1.5% elapsed=39.0s eta=41m48s] id=2hop__335418_279684 em=1 f1=1.00 iters=1 score=8 exit=score_threshold final=\boxed{Pittsburgh Pirates}
[38/2417   1.6% elapsed=39.5s eta=41m15s] id=2hop__499577_617190 em=1 f1=1.00 iters=1 score=9 exit=score_threshold final=\boxed{Johanne Luise Heiberg}
[39/2417   1.6% elapsed=39.8s eta=40m24s] id=2hop__700093_455653 em=1 f1=1.00 iters=1 score=10 exit=score_threshold final=\boxed{Rohana Wijeweera}
[40/2417   1.7% elapsed=49.4s eta=48m57s] id=2hop__304852_758385 em=0 f1=0.50 iters=2 score=8 exit=score_threshold final=\boxed{Minnesota}
[41/2417   1.7% elapsed=49.9s eta=48m09s] id=2hop__175175_347233 em=1 f1=1.00 iters=1 score=10 exit=score_threshold final=\boxed{Kenton County}
[42/2417   1.7% elapsed=50.3s eta=47m22s] id=2hop__191125_781346 em=1 f1=1.00 iters=2 score=8 exit=score_threshold final=\boxed{Eastern Equatoria}
[43/2417   1.8% elapsed=50.5s eta=46m27s] id=2hop__235471_565925 em=0 f1=0.50 iters=2 score=10 exit=score_threshold final=\boxed{Sundazed Records}
[44/2417   1.8% elapsed=50.7s eta=45m35s] id=2hop__765678_310556 em=0 f1=0.50 iters=2 score=9 exit=score_threshold final=\boxed{David Profumo}
[45/2417   1.9% elapsed=51.0s eta=44m50s] id=2hop__860241_766393 em=1 f1=1.00 iters=1 score=9 exit=score_threshold final=\boxed{Prix Goncourt}
[46/2417   1.9% elapsed=51.1s eta=43m53s] id=2hop__231890_595414 em=1 f1=1.00 iters=1 score=10 exit=score_threshold final=\boxed{Miller County}
[47/2417   1.9% elapsed=51.1s eta=42m56s] id=2hop__341305_332933 em=1 f1=1.00 iters=2 score=8 exit=score_threshold final=\boxed{Van Horn}
[48/2417   2.0% elapsed=51.5s eta=42m22s] id=2hop__299142_347613 em=0 f1=0.40 iters=3 score=8 exit=score_threshold final=\boxed{Sigrid Sture}
[49/2417   2.0% elapsed=51.5s eta=41m30s] id=2hop__677929_696450 em=1 f1=1.00 iters=1 score=8 exit=score_threshold final=\boxed{Larry Gagosian}
[50/2417   2.1% elapsed=51.6s eta=40m41s] id=2hop__207476_625987 em=0 f1=0.33 iters=3 score=9 exit=score_threshold final=\boxed{Marie of Medicis}
[51/2417   2.1% elapsed=51.6s eta=39m52s] id=2hop__496961_554601 em=1 f1=1.00 iters=1 score=9 exit=score_threshold final=\boxed{Kingscliff, New South Wales}
[52/2417   2.2% elapsed=52.3s eta=39m37s] id=2hop__252311_366220 em=1 f1=1.00 iters=3 score=8 exit=score_threshold final=\boxed{Mike Medavoy}
[53/2417   2.2% elapsed=52.7s eta=39m12s] id=2hop__274110_413723 em=0 f1=0.67 iters=1 score=8 exit=score_threshold final=\boxed{Berkshire}
[54/2417   2.2% elapsed=52.9s eta=38m37s] id=2hop__460946_294723 em=0 f1=0.00 iters=3 score=6 exit=max_iterations final=\boxed{Unknown}
[55/2417   2.3% elapsed=53.6s eta=38m22s] id=2hop__29368_29376 em=0 f1=0.50 iters=1 score=8 exit=score_threshold final=\boxed{Death of Joseph Lyons}
[56/2417   2.3% elapsed=53.9s eta=37m54s] id=2hop__132909_33564 em=0 f1=0.86 iters=1 score=8 exit=score_threshold final=\boxed{1950s to 1970s}
[57/2417   2.4% elapsed=54.0s eta=37m16s] id=2hop__683835_709167 em=0 f1=0.20 iters=3 score=5 exit=max_iterations final=\boxed{Red Ochre Award}
[58/2417   2.4% elapsed=1m02s eta=41m52s] id=2hop__693444_220151 em=0 f1=0.00 iters=3 score=8 exit=score_threshold final=\boxed{Not explicitly stated}
[59/2417   2.4% elapsed=1m02s eta=41m27s] id=2hop__87589_362941 em=0 f1=0.00 iters=1 score=10 exit=score_threshold final=\boxed{Paulsdale, New Jersey}
[60/2417   2.5% elapsed=1m03s eta=41m04s] id=2hop__512773_346751 em=0 f1=0.57 iters=3 score=9 exit=score_threshold final=\boxed{Renfrew County and Haliburton County}
[61/2417   2.5% elapsed=1m03s eta=40m42s] id=2hop__497191_129669 em=1 f1=1.00 iters=1 score=9 exit=score_threshold final=\boxed{Lisbon District}
[62/2417   2.6% elapsed=1m03s eta=40m11s] id=2hop__311694_129669 em=0 f1=0.00 iters=1 score=8 exit=score_threshold final=\boxed{Portugal}
[63/2417   2.6% elapsed=1m03s eta=39m32s] id=2hop__342746_679190 em=1 f1=1.00 iters=2 score=9 exit=score_threshold final=\boxed{Garson Kanin}
[64/2417   2.6% elapsed=1m03s eta=38m54s] id=2hop__776377_857193 em=1 f1=1.00 iters=1 score=8 exit=score_threshold final=\boxed{Delaware River}
[65/2417   2.7% elapsed=1m04s eta=38m41s] id=2hop__61318_362941 em=0 f1=0.00 iters=1 score=8 exit=score_threshold final=\boxed{Paulsdale, New Jersey}
[66/2417   2.7% elapsed=1m04s eta=38m07s] id=2hop__557411_652060 em=1 f1=1.00 iters=2 score=10 exit=score_threshold final=\boxed{Peter Marc Jacobson}
[67/2417   2.8% elapsed=1m04s eta=37m37s] id=2hop__865961_159109 em=0 f1=0.00 iters=1 score=9 exit=score_threshold final=\boxed{Cabo Verde}
[68/2417   2.8% elapsed=1m04s eta=37m07s] id=2hop__133241_33564 em=0 f1=0.40 iters=2 score=8 exit=score_threshold final=\boxed{1950s}
[69/2417   2.9% elapsed=1m05s eta=36m45s] id=2hop__29752_814677 em=0 f1=0.00 iters=1 score=8 exit=score_threshold final=\boxed{Osiris}
[70/2417   2.9% elapsed=1m05s eta=36m18s] id=2hop__475070_532404 em=0 f1=0.00 iters=3 score=4 exit=max_iterations final=\boxed{Not specified}
[71/2417   2.9% elapsed=1m05s eta=35m53s] id=2hop__819974_129669 em=0 f1=0.00 iters=1 score=8 exit=score_threshold final=\boxed{Portugal}
[72/2417   3.0% elapsed=1m05s eta=35m28s] id=2hop__20268_42004 em=0 f1=0.00 iters=1 score=8 exit=score_threshold final=\boxed{Edinburgh}
[73/2417   3.0% elapsed=1m05s eta=34m58s] id=2hop__310456_846599 em=0 f1=0.00 iters=3 score=4 exit=max_iterations final=\boxed{Unknown}
[74/2417   3.1% elapsed=1m05s eta=34m30s] id=2hop__42027_42004 em=0 f1=0.00 iters=1 score=8 exit=score_threshold final=\boxed{Edinburgh}
[75/2417   3.1% elapsed=1m06s eta=34m09s] id=2hop__29367_29376 em=0 f1=0.00 iters=2 score=8 exit=score_threshold final=\boxed{The 1949 election following a Labor proposal to natio
[76/2417   3.1% elapsed=1m06s eta=33m54s] id=2hop__77601_814677 em=0 f1=0.40 iters=1 score=8 exit=score_threshold final=\boxed{Egyptian pantheon}
[77/2417   3.2% elapsed=1m06s eta=33m27s] id=2hop__199513_13732 em=1 f1=1.00 iters=1 score=8 exit=score_threshold final=\boxed{12–14 years old}
[78/2417   3.2% elapsed=1m11s eta=35m28s] id=2hop__636597_480615 em=0 f1=0.00 iters=3 score=8 exit=score_threshold final=\boxed{Ninghai County}
[79/2417   3.3% elapsed=1m15s eta=37m10s] id=2hop__471509_136043 em=0 f1=0.67 iters=2 score=8 exit=score_threshold final=\boxed{Nicole and Natalie Albino}
[80/2417   3.3% elapsed=1m16s eta=37m08s] id=2hop__827995_159109 em=0 f1=0.00 iters=1 score=8 exit=score_threshold final=\boxed{Sal Island, Cabo Verde}
[81/2417   3.4% elapsed=1m17s eta=36m51s] id=2hop__485221_544917 em=1 f1=1.00 iters=1 score=10 exit=score_threshold final=\boxed{Lake Superior}
[82/2417   3.4% elapsed=1m17s eta=36m31s] id=2hop__543853_124498 em=1 f1=1.00 iters=1 score=10 exit=score_threshold final=\boxed{Louis Chedid}
[83/2417   3.4% elapsed=1m17s eta=36m04s] id=2hop__373759_136043 em=0 f1=0.67 iters=3 score=8 exit=score_threshold final=\boxed{Nicole and Natalie Albino}
[84/2417   3.5% elapsed=1m17s eta=35m46s] id=2hop__665660_135481 em=0 f1=0.86 iters=1 score=9 exit=score_threshold final=\boxed{International Tennis Federation (ITF)}
[85/2417   3.5% elapsed=1m17s eta=35m25s] id=2hop__14121_15463 em=1 f1=1.00 iters=1 score=9 exit=score_threshold final=\boxed{Hewlett Packard}
[86/2417   3.6% elapsed=1m18s eta=35m01s] id=2hop__335899_124498 em=1 f1=1.00 iters=1 score=10 exit=score_threshold final=\boxed{Louis Chedid}
[87/2417   3.6% elapsed=1m18s eta=34m45s] id=2hop__478978_124498 em=1 f1=1.00 iters=1 score=10 exit=score_threshold final=\boxed{Louis Chedid}
[88/2417   3.6% elapsed=1m18s eta=34m27s] id=2hop__709357_136043 em=0 f1=0.67 iters=3 score=6 exit=max_iterations final=\boxed{Nicole and Natalie Albino}
[89/2417   3.7% elapsed=1m18s eta=34m09s] id=2hop__648648_173389 em=1 f1=1.00 iters=2 score=8 exit=score_threshold final=\boxed{Middleton}
[90/2417   3.7% elapsed=1m19s eta=33m56s] id=2hop__119423_779396 em=1 f1=1.00 iters=1 score=8 exit=score_threshold final=\boxed{University of Glasgow}
[91/2417   3.8% elapsed=1m19s eta=33m38s] id=2hop__199216_33564 em=0 f1=0.00 iters=3 score=6 exit=max_iterations final=\boxed{1958}
[92/2417   3.8% elapsed=1m19s eta=33m22s] id=2hop__32254_84601 em=0 f1=0.50 iters=2 score=8 exit=score_threshold final=\boxed{2007}
[93/2417   3.8% elapsed=1m20s eta=33m07s] id=2hop__21075_5028 em=0 f1=0.00 iters=3 score=4 exit=max_iterations final=\boxed{Unable to determine}
[94/2417   3.9% elapsed=1m28s eta=36m11s] id=2hop__159902_362941 em=0 f1=0.00 iters=3 score=9 exit=score_threshold final=\boxed{Paulsdale, New Jersey}
[95/2417   3.9% elapsed=1m28s eta=35m56s] id=2hop__159215_779396 em=0 f1=0.00 iters=2 score=8 exit=score_threshold final=\boxed{King Edward's School, Birmingham}
[96/2417   4.0% elapsed=1m28s eta=35m33s] id=2hop__496732_658428 em=0 f1=0.50 iters=1 score=10 exit=score_threshold final=\boxed{Bohol Island}
[97/2417   4.0% elapsed=1m29s eta=35m17s] id=2hop__201704_135481 em=0 f1=0.00 iters=2 score=8 exit=score_threshold final=\boxed{Fed Cup}
[98/2417   4.1% elapsed=1m29s eta=34m55s] id=2hop__701525_342810 em=0 f1=0.50 iters=1 score=8 exit=score_threshold final=\boxed{Falls County}
[99/2417   4.1% elapsed=1m29s eta=34m40s] id=2hop__256336_714772 em=0 f1=0.00 iters=1 score=8 exit=score_threshold final=\boxed{Tina}
[100/2417   4.1% elapsed=1m29s eta=34m19s] id=2hop__135651_669373 em=1 f1=1.00 iters=1 score=8 exit=score_threshold final=\boxed{Charles University}
[101/2417   4.2% elapsed=1m29s eta=34m10s] id=2hop__728887_159109 em=0 f1=0.00 iters=2 score=8 exit=score_threshold final=\boxed{Assomada is not mentioned in the provided paragraphs.
[102/2417   4.2% elapsed=1m30s eta=33m54s] id=2hop__89764_827343 em=1 f1=1.00 iters=2 score=8 exit=score_threshold final=\boxed{Lana Wood}
[103/2417   4.3% elapsed=1m30s eta=33m34s] id=2hop__286093_361551 em=1 f1=1.00 iters=1 score=8 exit=score_threshold final=\boxed{Bay County}
[104/2417   4.3% elapsed=1m30s eta=33m14s] id=2hop__14095_15463 em=1 f1=1.00 iters=2 score=8 exit=score_threshold final=\boxed{Hewlett Packard}
[105/2417   4.3% elapsed=1m30s eta=32m58s] id=2hop__477492_240386 em=0 f1=0.00 iters=3 score=6 exit=max_iterations final=\boxed{Unknown}
[106/2417   4.4% elapsed=1m30s eta=32m47s] id=2hop__13731_801817 em=0 f1=0.00 iters=3 score=4 exit=max_iterations final=\boxed{Unknown}
[107/2417   4.4% elapsed=1m31s eta=32m34s] id=2hop__391857_162018 em=1 f1=1.00 iters=1 score=8 exit=score_threshold final=\boxed{1912}
[108/2417   4.5% elapsed=1m31s eta=32m21s] id=2hop__517145_367341 em=0 f1=0.00 iters=2 score=8 exit=score_threshold final=\boxed{The child of the cast member of Green Ice is not ment
[109/2417   4.5% elapsed=1m31s eta=32m06s] id=2hop__668407_683671 em=1 f1=1.00 iters=1 score=8 exit=score_threshold final=\boxed{Yang Xingmi}
[110/2417   4.6% elapsed=1m31s eta=31m51s] id=2hop__861157_135481 em=0 f1=0.00 iters=2 score=8 exit=score_threshold final=\boxed{Fed Cup}
[111/2417   4.6% elapsed=1m32s eta=31m47s] id=2hop__123104_77615 em=1 f1=1.00 iters=1 score=8 exit=score_threshold final=\boxed{1912}
[112/2417   4.6% elapsed=1m32s eta=31m33s] id=2hop__645448_77615 em=0 f1=0.00 iters=1 score=8 exit=score_threshold final=\boxed{3 July 1922}
[113/2417   4.7% elapsed=1m41s eta=34m17s] id=2hop__499003_853511 em=0 f1=0.50 iters=1 score=8 exit=score_threshold final=\boxed{Sire Records}
[114/2417   4.7% elapsed=1m41s eta=34m03s] id=2hop__135652_669373 em=0 f1=0.67 iters=2 score=8 exit=score_threshold final=\boxed{Charles University in Prague}
[115/2417   4.8% elapsed=1m41s eta=33m50s] id=2hop__822965_165304 em=1 f1=1.00 iters=1 score=8 exit=score_threshold final=\boxed{Kim Braden}
[116/2417   4.8% elapsed=1m41s eta=33m32s] id=2hop__62823_654855 em=1 f1=1.00 iters=1 score=9 exit=score_threshold final=\boxed{Socialist Party of America}
[117/2417   4.8% elapsed=1m42s eta=33m23s] id=2hop__50910_177869 em=1 f1=1.00 iters=1 score=10 exit=score_threshold final=\boxed{Helen Pitts Douglass}
[118/2417   4.9% elapsed=1m42s eta=33m06s] id=2hop__59048_827343 em=1 f1=1.00 iters=3 score=8 exit=score_threshold final=\boxed{Lana Wood}
[119/2417   4.9% elapsed=1m42s eta=32m53s] id=2hop__82270_177869 em=1 f1=1.00 iters=1 score=8 exit=score_threshold final=\boxed{Helen Pitts Douglass}
[120/2417   5.0% elapsed=1m42s eta=32m42s] id=2hop__780652_93362 em=0 f1=0.00 iters=1 score=8 exit=score_threshold final=\boxed{Raju Chacha and Blackmail (2005 film)}
[121/2417   5.0% elapsed=1m42s eta=32m25s] id=2hop__31585_61048 em=1 f1=1.00 iters=1 score=8 exit=score_threshold final=\boxed{Robert Oppenheimer}
[122/2417   5.0% elapsed=1m43s eta=32m08s] id=2hop__613959_135844 em=1 f1=1.00 iters=1 score=8 exit=score_threshold final=\boxed{Palmiro Togliatti}
[123/2417   5.1% elapsed=1m43s eta=31m52s] id=2hop__817096_15463 em=1 f1=1.00 iters=2 score=9 exit=score_threshold final=\boxed{Hewlett Packard}
[124/2417   5.1% elapsed=1m43s eta=31m47s] id=2hop__827755_156034 em=0 f1=0.00 iters=1 score=8 exit=score_threshold final=\boxed{Nelson River}
[125/2417   5.2% elapsed=1m43s eta=31m32s] id=2hop__495316_660579 em=0 f1=0.00 iters=3 score=6 exit=max_iterations final=\boxed{Maben}
[126/2417   5.2% elapsed=1m43s eta=31m16s] id=2hop__82858_654855 em=1 f1=1.00 iters=1 score=9 exit=score_threshold final=\boxed{Socialist Party of America}
[127/2417   5.3% elapsed=1m44s eta=31m11s] id=2hop__706637_93362 em=1 f1=1.00 iters=1 score=9 exit=score_threshold final=\boxed{Yeh Raaste Hain Pyaar Ke}
[128/2417   5.3% elapsed=1m44s eta=31m00s] id=2hop__92051_827343 em=0 f1=0.00 iters=3 score=8 exit=score_threshold final=\boxed{Penelope Kent}
[129/2417   5.3% elapsed=1m44s eta=30m48s] id=2hop__156085_436709 em=0 f1=0.57 iters=1 score=8 exit=score_threshold final=\boxed{Walt Disney and Ub Iwerks}
[130/2417   5.4% elapsed=1m44s eta=30m34s] id=2hop__115515_779396 em=1 f1=1.00 iters=3 score=5 exit=max_iterations final=\boxed{University of Glasgow}
[131/2417   5.4% elapsed=1m45s eta=30m25s] id=2hop__563476_61845 em=0 f1=0.00 iters=2 score=8 exit=score_threshold final=\boxed{West Ham United}
[132/2417   5.5% elapsed=1m45s eta=30m15s] id=2hop__124412_402641 em=0 f1=0.40 iters=1 score=8 exit=score_threshold final=\boxed{Chiang Hsiao-wu, Hsiao-chang, Hsiao-yung, Winston Cha
[133/2417   5.5% elapsed=1m46s eta=30m14s] id=2hop__76314_177869 em=1 f1=1.00 iters=1 score=8 exit=score_threshold final=\boxed{Helen Pitts Douglass}
[134/2417   5.5% elapsed=1m49s eta=30m58s] id=2hop__800166_156034 em=1 f1=1.00 iters=2 score=8 exit=score_threshold final=\boxed{Hudson Bay}
[135/2417   5.6% elapsed=1m53s eta=31m46s] id=2hop__94507_654855 em=1 f1=1.00 iters=2 score=8 exit=score_threshold final=\boxed{Socialist Party of America}
[136/2417   5.6% elapsed=1m55s eta=32m02s] id=2hop__256553_617289 em=0 f1=0.00 iters=3 score=4 exit=max_iterations final=\boxed{Unknown}
[137/2417   5.7% elapsed=1m56s eta=32m02s] id=2hop__439614_349102 em=1 f1=1.00 iters=1 score=8 exit=score_threshold final=\boxed{giant panda}
[138/2417   5.7% elapsed=1m56s eta=31m51s] id=2hop__632234_122868 em=1 f1=1.00 iters=1 score=9 exit=score_threshold final=\boxed{University of British Columbia}
[139/2417   5.8% elapsed=1m56s eta=31m37s] id=2hop__83460_456238 em=0 f1=0.00 iters=1 score=8 exit=score_threshold final=\boxed{Sam Houston}
[140/2417   5.8% elapsed=1m56s eta=31m22s] id=2hop__124592_402641 em=0 f1=0.40 iters=3 score=9 exit=score_threshold final=\boxed{Hsiao-wen}
[141/2417   5.8% elapsed=1m56s eta=31m09s] id=2hop__640262_122868 em=1 f1=1.00 iters=1 score=10 exit=score_threshold final=\boxed{University of British Columbia}
[142/2417   5.9% elapsed=1m57s eta=31m10s] id=2hop__849534_122868 em=1 f1=1.00 iters=1 score=10 exit=score_threshold final=\boxed{University of British Columbia}
[143/2417   5.9% elapsed=1m57s eta=30m56s] id=2hop__55966_162341 em=0 f1=0.92 iters=1 score=8 exit=score_threshold final=\boxed{Academy Award nomination for Best Supporting Actor}
[144/2417   6.0% elapsed=1m57s eta=30m47s] id=2hop__160223_58067 em=1 f1=1.00 iters=1 score=9 exit=score_threshold final=\boxed{A. P. J. Abdul Kalam}
[145/2417   6.0% elapsed=1m57s eta=30m36s] id=2hop__747894_135844 em=1 f1=1.00 iters=1 score=8 exit=score_threshold final=\boxed{Palmiro Togliatti}
[146/2417   6.0% elapsed=1m57s eta=30m26s] id=2hop__135653_669373 em=0 f1=0.67 iters=3 score=8 exit=score_threshold final=\boxed{Charles University in Prague}
[147/2417   6.1% elapsed=1m57s eta=30m13s] id=2hop__77775_162341 em=0 f1=0.91 iters=1 score=8 exit=score_threshold final=\boxed{Academy Award for Best Actor}
[148/2417   6.1% elapsed=1m58s eta=30m07s] id=2hop__258940_135844 em=1 f1=1.00 iters=1 score=8 exit=score_threshold final=\boxed{Palmiro Togliatti}
[149/2417   6.2% elapsed=1m58s eta=29m57s] id=2hop__771727_93362 em=0 f1=0.00 iters=2 score=9 exit=score_threshold final=\boxed{Har Dil Jo Pyar Karega}
[150/2417   6.2% elapsed=1m58s eta=29m50s] id=2hop__622308_61845 em=0 f1=0.00 iters=3 score=5 exit=max_iterations final=\boxed{Frank Lampard}
[151/2417   6.2% elapsed=1m58s eta=29m38s] id=2hop__16581_16525 em=0 f1=0.67 iters=1 score=8 exit=score_threshold final=\boxed{661 CE}
[152/2417   6.3% elapsed=1m59s eta=29m34s] id=2hop__401710_456439 em=0 f1=0.00 iters=3 score=4 exit=max_iterations final=\boxed{Not specified}
[153/2417   6.3% elapsed=1m59s eta=29m26s] id=2hop__199513_801817 em=0 f1=0.67 iters=3 score=6 exit=max_iterations final=\boxed{Nazareth, Israel}
[154/2417   6.4% elapsed=2m00s eta=29m23s] id=2hop__198459_61845 em=0 f1=0.00 iters=3 score=5 exit=max_iterations final=\boxed{Michail Antonio}
[155/2417   6.4% elapsed=2m02s eta=29m37s] id=2hop__742831_156034 em=1 f1=1.00 iters=3 score=6 exit=max_iterations final=\boxed{Hudson Bay}
[156/2417   6.5% elapsed=2m09s eta=31m13s] id=2hop__488811_30078 em=0 f1=0.80 iters=1 score=8 exit=score_threshold final=\boxed{Imperial Russian troops}
[157/2417   6.5% elapsed=2m11s eta=31m20s] id=2hop__159741_161674 em=1 f1=1.00 iters=1 score=8 exit=score_threshold final=\boxed{October}
[158/2417   6.5% elapsed=2m11s eta=31m10s] id=2hop__567471_123283 em=1 f1=1.00 iters=1 score=8 exit=score_threshold final=\boxed{Clifton College}
[159/2417   6.6% elapsed=2m11s eta=30m58s] id=2hop__7046_44085 em=1 f1=1.00 iters=2 score=8 exit=score_threshold final=\boxed{The Mickey Mouse Club}
[160/2417   6.6% elapsed=2m11s eta=30m53s] id=2hop__159741_40169 em=0 f1=0.67 iters=1 score=9 exit=score_threshold final=\boxed{April 1191}
[161/2417   6.7% elapsed=2m11s eta=30m41s] id=2hop__88906_55840 em=1 f1=1.00 iters=1 score=10 exit=score_threshold final=\boxed{Colin Firth}
[162/2417   6.7% elapsed=2m11s eta=30m29s] id=2hop__488811_30110 em=0 f1=0.44 iters=1 score=9 exit=score_threshold final=\boxed{The Curonians were expelled by the Soviet Union and m
[163/2417   6.7% elapsed=2m11s eta=30m17s] id=2hop__89991_58067 em=0 f1=0.00 iters=2 score=9 exit=score_threshold final=\boxed{Sarvepalli Radhakrishnan}
[164/2417   6.8% elapsed=2m11s eta=30m05s] id=2hop__153573_45901 em=0 f1=0.00 iters=2 score=8 exit=score_threshold final=\boxed{Wayne Allwine}
[165/2417   6.8% elapsed=2m11s eta=29m54s] id=2hop__208602_11402 em=0 f1=0.67 iters=1 score=8 exit=score_threshold final=\boxed{17.037}
[166/2417   6.9% elapsed=2m12s eta=29m54s] id=2hop__488811_30113 em=0 f1=0.00 iters=1 score=8 exit=score_threshold final=\boxed{The Soviet Union annexed the area, implemented polici
[167/2417   6.9% elapsed=2m12s eta=29m43s] id=2hop__574496_123283 em=1 f1=1.00 iters=1 score=8 exit=score_threshold final=\boxed{Clifton College}
[168/2417   7.0% elapsed=2m13s eta=29m38s] id=2hop__14092_8311 em=0 f1=0.00 iters=1 score=8 exit=score_threshold final=\boxed{17 May 1220}
[169/2417   7.0% elapsed=2m13s eta=29m30s] id=2hop__158010_58067 em=0 f1=0.00 iters=2 score=8 exit=score_threshold final=\boxed{Sarvepalli Radhakrishnan}
[170/2417   7.0% elapsed=2m14s eta=29m25s] id=2hop__153573_109006 em=0 f1=0.57 iters=2 score=8 exit=score_threshold final=\boxed{Walt Disney and Ub Iwerks}
[171/2417   7.1% elapsed=2m14s eta=29m20s] id=2hop__150866_11402 em=0 f1=0.00 iters=1 score=8 exit=score_threshold final=\boxed{3.8 million}
[172/2417   7.1% elapsed=2m14s eta=29m10s] id=2hop__8347_8311 em=0 f1=0.00 iters=1 score=8 exit=score_threshold final=\boxed{17 May 1220}
[173/2417   7.2% elapsed=2m18s eta=29m47s] id=2hop__703493_162341 em=0 f1=0.00 iters=3 score=8 exit=score_threshold final=\boxed{No specific recognition is mentioned}
[174/2417   7.2% elapsed=2m19s eta=29m49s] id=2hop__43776_162341 em=0 f1=0.53 iters=3 score=8 exit=score_threshold final=\boxed{Best Supporting Actor for 'Capote' and a Best Actor n
[175/2417   7.2% elapsed=2m20s eta=29m58s] id=2hop__56851_343058 em=0 f1=0.00 iters=2 score=8 exit=score_threshold final=\boxed{Not determinable from the provided text}
[176/2417   7.3% elapsed=2m24s eta=30m33s] id=2hop__71755_463572 em=0 f1=0.50 iters=2 score=10 exit=score_threshold final=\boxed{Sharp Records}
[177/2417   7.3% elapsed=2m24s eta=30m22s] id=2hop__257831_123283 em=1 f1=1.00 iters=2 score=8 exit=score_threshold final=\boxed{Clifton College}
[178/2417   7.4% elapsed=2m25s eta=30m19s] id=2hop__42578_55840 em=1 f1=1.00 iters=1 score=8 exit=score_threshold final=\boxed{Colin Firth}
[179/2417   7.4% elapsed=2m25s eta=30m12s] id=2hop__587048_621800 em=1 f1=1.00 iters=1 score=10 exit=score_threshold final=\boxed{Senica District}
[180/2417   7.4% elapsed=2m25s eta=30m02s] id=2hop__609313_20273 em=1 f1=1.00 iters=1 score=8 exit=score_threshold final=\boxed{1572}
[181/2417   7.5% elapsed=2m25s eta=29m53s] id=2hop__142621_225454 em=1 f1=1.00 iters=1 score=8 exit=score_threshold final=\boxed{Hollywood Records}
[182/2417   7.5% elapsed=2m26s eta=29m49s] id=2hop__67956_463572 em=0 f1=0.50 iters=2 score=10 exit=score_threshold final=\boxed{Sharp Records}
[183/2417   7.6% elapsed=2m26s eta=29m39s] id=2hop__64323_55840 em=1 f1=1.00 iters=1 score=10 exit=score_threshold final=\boxed{Colin Firth}
[184/2417   7.6% elapsed=2m26s eta=29m28s] id=2hop__847433_11402 em=0 f1=0.00 iters=2 score=8 exit=score_threshold final=\boxed{The total area is not explicitly provided in the give
[185/2417   7.7% elapsed=2m26s eta=29m18s] id=2hop__84103_345851 em=1 f1=1.00 iters=1 score=8 exit=score_threshold final=\boxed{Hollywood Records}
[186/2417   7.7% elapsed=2m26s eta=29m12s] id=2hop__204146_850295 em=1 f1=1.00 iters=1 score=8 exit=score_threshold final=\boxed{Sanjib Chandra Chattopadhyay}
[187/2417   7.7% elapsed=2m27s eta=29m10s] id=2hop__551235_310309 em=0 f1=0.00 iters=3 score=8 exit=score_threshold final=\boxed{Unknown}
[188/2417   7.8% elapsed=2m27s eta=29m02s] id=2hop__747758_58067 em=0 f1=0.00 iters=3 score=6 exit=max_iterations final=\boxed{Bharat Ratna}
[189/2417   7.8% elapsed=2m27s eta=28m55s] id=2hop__422295_8311 em=0 f1=0.00 iters=2 score=8 exit=score_threshold final=\boxed{17 May 1220}
[190/2417   7.9% elapsed=2m27s eta=28m46s] id=2hop__28203_55840 em=1 f1=1.00 iters=1 score=8 exit=score_threshold final=\boxed{Colin Firth}
[191/2417   7.9% elapsed=2m28s eta=28m42s] id=2hop__153573_44085 em=0 f1=0.33 iters=3 score=6 exit=max_iterations final=\boxed{Mickey's Revue}
[192/2417   7.9% elapsed=2m29s eta=28m45s] id=2hop__86458_20273 em=1 f1=1.00 iters=1 score=8 exit=score_threshold final=\boxed{1572}
[193/2417   8.0% elapsed=2m29s eta=28m41s] id=2hop__109131_343058 em=0 f1=0.00 iters=3 score=6 exit=max_iterations final=\boxed{Unknown}
[194/2417   8.0% elapsed=2m31s eta=28m56s] id=2hop__799936_20273 em=1 f1=1.00 iters=1 score=8 exit=score_threshold final=\boxed{1572}
[195/2417   8.1% elapsed=2m37s eta=29m53s] id=2hop__71034_343058 em=0 f1=0.00 iters=3 score=6 exit=max_iterations final=\boxed{Unknown}
[196/2417   8.1% elapsed=2m38s eta=29m49s] id=2hop__726892_131968 em=1 f1=1.00 iters=1 score=10 exit=score_threshold final=\boxed{River Thames}
[197/2417   8.2% elapsed=2m38s eta=29m42s] id=2hop__728969_131890 em=1 f1=1.00 iters=1 score=8 exit=score_threshold final=\boxed{River Thames}
[198/2417   8.2% elapsed=2m38s eta=29m36s] id=2hop__95878_88628 em=0 f1=0.57 iters=1 score=9 exit=score_threshold final=\boxed{Rooster Cogburn}
[199/2417   8.2% elapsed=2m39s eta=29m27s] id=2hop__79875_72187 em=1 f1=1.00 iters=2 score=9 exit=score_threshold final=\boxed{Dottie Hinson}
[200/2417   8.3% elapsed=2m39s eta=29m22s] id=2hop__581084_828685 em=1 f1=1.00 iters=1 score=8 exit=score_threshold final=\boxed{Cornell University}
[201/2417   8.3% elapsed=2m39s eta=29m13s] id=2hop__85713_84469 em=1 f1=1.00 iters=2 score=10 exit=score_threshold final=\boxed{Bill Pullman}
[202/2417   8.4% elapsed=2m39s eta=29m04s] id=2hop__38828_89399 em=0 f1=0.00 iters=2 score=8 exit=score_threshold final=\boxed{Clancy Brown}
[203/2417   8.4% elapsed=2m39s eta=28m59s] id=2hop__25396_593388 em=1 f1=1.00 iters=1 score=9 exit=score_threshold final=\boxed{Sir Robert Peel, 1st Baronet}
[204/2417   8.4% elapsed=2m40s eta=28m55s] id=2hop__40270_11402 em=0 f1=0.00 iters=3 score=6 exit=max_iterations final=\boxed{498}
[205/2417   8.5% elapsed=2m40s eta=28m46s] id=2hop__25344_88628 em=0 f1=0.77 iters=1 score=9 exit=score_threshold final=\boxed{John Wayne as U.S. Marshal Rooster Cogburn}
[206/2417   8.5% elapsed=2m42s eta=28m57s] id=2hop__176712_8311 em=1 f1=1.00 iters=3 score=6 exit=max_iterations final=\boxed{1216}
[207/2417   8.6% elapsed=2m42s eta=28m48s] id=2hop__39063_593388 em=0 f1=0.75 iters=1 score=8 exit=score_threshold final=\boxed{Sir Robert Peel}
[208/2417   8.6% elapsed=2m52s eta=30m27s] id=2hop__64175_90973 em=1 f1=1.00 iters=1 score=10 exit=score_threshold final=\boxed{Lacey Chabert}
[209/2417   8.6% elapsed=2m52s eta=30m18s] id=2hop__48033_90973 em=1 f1=1.00 iters=1 score=8 exit=score_threshold final=\boxed{Lacey Chabert}
[210/2417   8.7% elapsed=2m52s eta=30m10s] id=2hop__611178_131968 em=0 f1=0.00 iters=2 score=9 exit=score_threshold final=\boxed{The Rythe}
[211/2417   8.7% elapsed=2m52s eta=30m02s] id=2hop__693157_131890 em=0 f1=0.00 iters=2 score=8 exit=score_threshold final=\boxed{Deptford Creek}
[212/2417   8.8% elapsed=2m52s eta=29m53s] id=2hop__46550_85990 em=0 f1=0.00 iters=1 score=8 exit=score_threshold final=\boxed{Nancy Pelosi}
[213/2417   8.8% elapsed=2m52s eta=29m43s] id=2hop__50936_90973 em=1 f1=1.00 iters=1 score=9 exit=score_threshold final=\boxed{Lacey Chabert}
[214/2417   8.9% elapsed=2m53s eta=29m40s] id=2hop__433694_20273 em=1 f1=1.00 iters=2 score=8 exit=score_threshold final=\boxed{1572}
[215/2417   8.9% elapsed=2m53s eta=29m33s] id=2hop__623501_297043 em=1 f1=1.00 iters=1 score=8 exit=score_threshold final=\boxed{Hunter River}
[216/2417   8.9% elapsed=2m54s eta=29m29s] id=2hop__25396_212301 em=0 f1=0.50 iters=2 score=8 exit=score_threshold final=\boxed{Sidney Peel}
[217/2417   9.0% elapsed=2m54s eta=29m24s] id=2hop__216535_370666 em=0 f1=0.00 iters=1 score=8 exit=score_threshold final=\boxed{Marne la Vallée}
[218/2417   9.0% elapsed=2m54s eta=29m17s] id=2hop__86689_728109 em=1 f1=1.00 iters=3 score=5 exit=max_iterations final=\boxed{Oklahoma City Thunder}
[219/2417   9.1% elapsed=2m54s eta=29m08s] id=2hop__135822_46621 em=0 f1=0.67 iters=2 score=8 exit=score_threshold final=\boxed{3rd century BC}
[220/2417   9.1% elapsed=2m55s eta=29m03s] id=2hop__66149_85990 em=0 f1=0.00 iters=1 score=8 exit=score_threshold final=\boxed{The Republican Party}
[221/2417   9.1% elapsed=2m55s eta=28m57s] id=2hop__734057_88628 em=0 f1=0.00 iters=2 score=8 exit=score_threshold final=\boxed{John Wayne (1969) and Jeff Bridges (2010)}
[222/2417   9.2% elapsed=2m55s eta=28m49s] id=2hop__599396_19320 em=1 f1=1.00 iters=1 score=8 exit=score_threshold final=\boxed{74th}
[223/2417   9.2% elapsed=2m55s eta=28m43s] id=2hop__85713_72187 em=0 f1=0.00 iters=3 score=6 exit=max_iterations final=\boxed{Sister Mary}
[224/2417   9.3% elapsed=2m55s eta=28m37s] id=2hop__398344_85513 em=0 f1=0.00 iters=3 score=6 exit=max_iterations final=\boxed{2018}
[225/2417   9.3% elapsed=2m56s eta=28m35s] id=2hop__79875_84469 em=1 f1=1.00 iters=3 score=7 exit=max_iterations final=\boxed{Bill Pullman}
[226/2417   9.4% elapsed=2m56s eta=28m30s] id=2hop__28287_89399 em=0 f1=0.00 iters=3 score=6 exit=max_iterations final=\boxed{Mary Jo Catlett}
[227/2417   9.4% elapsed=3m07s eta=30m06s] id=2hop__39063_212301 em=1 f1=1.00 iters=3 score=10 exit=score_threshold final=\boxed{Arthur Peel}
[228/2417   9.4% elapsed=3m08s eta=30m03s] id=2hop__30384_30351 em=1 f1=1.00 iters=1 score=8 exit=score_threshold final=\boxed{Austrian government}
[229/2417   9.5% elapsed=3m08s eta=29m55s] id=2hop__846388_19320 em=0 f1=0.00 iters=2 score=8 exit=score_threshold final=\boxed{74}
[230/2417   9.5% elapsed=3m08s eta=29m51s] id=2hop__685045_19320 em=1 f1=1.00 iters=1 score=8 exit=score_threshold final=\boxed{74th}
[231/2417   9.6% elapsed=3m09s eta=29m44s] id=2hop__431934_30351 em=1 f1=1.00 iters=1 score=8 exit=score_threshold final=\boxed{the Austrian government}
[232/2417   9.6% elapsed=3m09s eta=29m36s] id=2hop__96062_159673 em=1 f1=1.00 iters=1 score=8 exit=score_threshold final=\boxed{The Hateful Eight}
[233/2417   9.6% elapsed=3m09s eta=29m28s] id=2hop__657913_88628 em=0 f1=0.00 iters=3 score=4 exit=max_iterations final=\boxed{Uncertain}
[234/2417   9.7% elapsed=3m09s eta=29m23s] id=2hop__810411_159673 em=0 f1=0.00 iters=1 score=8 exit=score_threshold final=\boxed{The Computer Wore Tennis Shoes}
[235/2417   9.7% elapsed=3m09s eta=29m17s] id=2hop__278022_71701 em=0 f1=0.00 iters=1 score=8 exit=score_threshold final=\boxed{1941}
[236/2417   9.8% elapsed=3m09s eta=29m10s] id=2hop__753260_71701 em=0 f1=0.80 iters=1 score=8 exit=score_threshold final=\boxed{November 5, 1941}
[237/2417   9.8% elapsed=3m10s eta=29m05s] id=2hop__631024_18974 em=0 f1=0.57 iters=1 score=8 exit=score_threshold final=\boxed{Chen Zheng and Chen Yuanguang}
[238/2417   9.8% elapsed=3m10s eta=29m00s] id=2hop__40697_46621 em=0 f1=0.67 iters=3 score=6 exit=max_iterations final=\boxed{3rd century BC}
[239/2417   9.9% elapsed=3m10s eta=28m54s] id=2hop__30032_46621 em=0 f1=0.25 iters=3 score=6 exit=max_iterations final=\boxed{16th century}
[240/2417   9.9% elapsed=3m10s eta=28m46s] id=2hop__13986_40169 em=1 f1=1.00 iters=3 score=6 exit=max_iterations final=\boxed{1191}
[241/2417  10.0% elapsed=3m11s eta=28m42s] id=2hop__157737_46621 em=0 f1=0.25 iters=3 score=6 exit=max_iterations final=\boxed{16th century}
[242/2417  10.0% elapsed=3m11s eta=28m36s] id=2hop__13986_161674 em=1 f1=1.00 iters=3 score=6 exit=max_iterations final=\boxed{October}
[243/2417  10.1% elapsed=3m21s eta=30m02s] id=2hop__506035_325512 em=1 f1=1.00 iters=1 score=9 exit=score_threshold final=\boxed{Pearl River County}
[244/2417  10.1% elapsed=3m22s eta=29m55s] id=2hop__10017_18974 em=0 f1=0.57 iters=2 score=8 exit=score_threshold final=\boxed{Chen Zheng and Chen Yuanguang}
[245/2417  10.1% elapsed=3m22s eta=29m48s] id=2hop__153532_72380 em=0 f1=0.00 iters=3 score=8 exit=score_threshold final=\boxed{The release date of season 4 of 'Ray Donovan' is not 
[246/2417  10.2% elapsed=3m22s eta=29m40s] id=2hop__77832_159673 em=1 f1=1.00 iters=2 score=8 exit=score_threshold final=\boxed{The Hateful Eight}
[247/2417  10.2% elapsed=3m22s eta=29m35s] id=2hop__203985_524737 em=0 f1=0.57 iters=2 score=8 exit=score_threshold final=\boxed{Southwest Independent Soccer League, SISL, USISL, and
[248/2417  10.3% elapsed=3m22s eta=29m29s] id=2hop__766973_770570 em=1 f1=1.00 iters=1 score=8 exit=score_threshold final=\boxed{Rockland County}
[249/2417  10.3% elapsed=3m22s eta=29m21s] id=2hop__708145_30351 em=0 f1=0.00 iters=2 score=8 exit=score_threshold final=\boxed{Ludwig von Mises}
[250/2417  10.3% elapsed=3m22s eta=29m13s] id=2hop__13592_49388 em=1 f1=1.00 iters=1 score=9 exit=score_threshold final=\boxed{38}
[251/2417  10.4% elapsed=3m23s eta=29m08s] id=2hop__619265_72380 em=0 f1=0.00 iters=3 score=9 exit=score_threshold final=\boxed{April 4, 2014}
[252/2417  10.4% elapsed=3m23s eta=29m02s] id=2hop__68590_27628 em=1 f1=1.00 iters=1 score=9 exit=score_threshold final=\boxed{Vitor Constâncio}
[253/2417  10.5% elapsed=3m23s eta=28m55s] id=2hop__107690_124896 em=1 f1=1.00 iters=1 score=8 exit=score_threshold final=\boxed{Sir Nicholas Bacon}
[254/2417  10.5% elapsed=3m23s eta=28m50s] id=2hop__107548_124896 em=1 f1=1.00 iters=1 score=8 exit=score_threshold final=\boxed{Sir Nicholas Bacon}
[255/2417  10.6% elapsed=3m23s eta=28m43s] id=2hop__68590_27619 em=0 f1=0.00 iters=1 score=8 exit=score_threshold final=\boxed{Frankfurt, Germany}
[256/2417  10.6% elapsed=3m23s eta=28m36s] id=2hop__370564_71701 em=0 f1=0.00 iters=2 score=8 exit=score_threshold final=\boxed{1938}
[257/2417  10.6% elapsed=3m24s eta=28m32s] id=2hop__37765_85990 em=0 f1=0.00 iters=3 score=5 exit=max_iterations final=\boxed{The Republican Party}
[258/2417  10.7% elapsed=3m24s eta=28m25s] id=2hop__91211_90973 em=0 f1=0.00 iters=3 score=4 exit=max_iterations final=\boxed{Not applicable}
[259/2417  10.7% elapsed=3m24s eta=28m17s] id=2hop__13592_85544 em=1 f1=1.00 iters=1 score=8 exit=score_threshold final=\boxed{38}
[260/2417  10.8% elapsed=3m24s eta=28m11s] id=2hop__507722_124896 em=1 f1=1.00 iters=1 score=9 exit=score_threshold final=\boxed{Sir Nicholas Bacon}
[261/2417  10.8% elapsed=3m25s eta=28m10s] id=2hop__30741_85990 em=0 f1=0.00 iters=3 score=6 exit=max_iterations final=\boxed{Anthony Eden}
[262/2417  10.8% elapsed=3m25s eta=28m03s] id=2hop__36747_18974 em=0 f1=0.00 iters=2 score=8 exit=score_threshold final=\boxed{Li Zicheng}
[263/2417  10.9% elapsed=3m35s eta=29m17s] id=2hop__809785_606637 em=0 f1=0.00 iters=2 score=10 exit=score_threshold final=\boxed{Italian Soul Note}
[264/2417  10.9% elapsed=3m35s eta=29m12s] id=2hop__656411_345851 em=1 f1=1.00 iters=1 score=9 exit=score_threshold final=\boxed{Hollywood Records}
[265/2417  11.0% elapsed=3m35s eta=29m07s] id=2hop__3131_3300 em=0 f1=0.00 iters=1 score=10 exit=score_threshold final=\boxed{Diana DeGarmo}
[266/2417  11.0% elapsed=3m35s eta=29m01s] id=2hop__593688_292889 em=1 f1=1.00 iters=1 score=8 exit=score_threshold final=\boxed{Senegal}
[267/2417  11.0% elapsed=3m35s eta=28m54s] id=2hop__24661_66233 em=1 f1=1.00 iters=1 score=9 exit=score_threshold final=\boxed{October 3, 2018}
[268/2417  11.1% elapsed=3m36s eta=28m48s] id=2hop__73717_653666 em=1 f1=1.00 iters=1 score=10 exit=score_threshold final=\boxed{Lucy Mack Smith}
[269/2417  11.1% elapsed=3m36s eta=28m43s] id=2hop__27650_27628 em=1 f1=1.00 iters=2 score=8 exit=score_threshold final=\boxed{Vitor Constâncio}
[270/2417  11.2% elapsed=3m36s eta=28m38s] id=2hop__538735_3296 em=1 f1=1.00 iters=1 score=10 exit=score_threshold final=\boxed{Diana DeGarmo}
[271/2417  11.2% elapsed=3m36s eta=28m31s] id=2hop__539184_119915 em=1 f1=1.00 iters=1 score=10 exit=score_threshold final=\boxed{1065}
[272/2417  11.3% elapsed=3m36s eta=28m24s] id=2hop__24661_81961 em=0 f1=0.33 iters=1 score=9 exit=score_threshold final=\boxed{October 3, 2018}
[273/2417  11.3% elapsed=3m36s eta=28m17s] id=2hop__142842_68489 em=1 f1=1.00 iters=1 score=9 exit=score_threshold final=\boxed{Snapper Foster}
[274/2417  11.3% elapsed=3m36s eta=28m10s] id=2hop__143915_68489 em=1 f1=1.00 iters=1 score=8 exit=score_threshold final=\boxed{Snapper Foster}
[275/2417  11.4% elapsed=3m36s eta=28m03s] id=2hop__538735_3299 em=0 f1=0.67 iters=1 score=8 exit=score_threshold final=\boxed{five}
[276/2417  11.4% elapsed=3m36s eta=27m56s] id=2hop__26642_81961 em=0 f1=0.33 iters=1 score=8 exit=score_threshold final=\boxed{October 3, 2018}
[277/2417  11.5% elapsed=3m37s eta=27m59s] id=2hop__365236_19320 em=0 f1=0.00 iters=3 score=4 exit=max_iterations final=\boxed{Cannot determine}
[278/2417  11.5% elapsed=3m37s eta=27m53s] id=2hop__252521_80650 em=1 f1=1.00 iters=1 score=8 exit=score_threshold final=\boxed{Martin Short}
[279/2417  11.5% elapsed=3m38s eta=27m48s] id=2hop__10122_18974 em=0 f1=0.57 iters=3 score=8 exit=score_threshold final=\boxed{Chen Zheng and Chen Yuanguang}
[280/2417  11.6% elapsed=3m38s eta=27m44s] id=2hop__527400_159673 em=0 f1=0.00 iters=3 score=4 exit=max_iterations final=\boxed{Search for the Gods}
[281/2417  11.6% elapsed=3m38s eta=27m37s] id=2hop__76402_653666 em=1 f1=1.00 iters=1 score=8 exit=score_threshold final=\boxed{Lucy Mack Smith}
[282/2417  11.7% elapsed=3m39s eta=27m35s] id=2hop__598467_68489 em=1 f1=1.00 iters=1 score=8 exit=score_threshold final=\boxed{Snapper Foster}
[283/2417  11.7% elapsed=3m39s eta=27m30s] id=2hop__555792_30351 em=1 f1=1.00 iters=3 score=6 exit=max_iterations final=\boxed{Austrian government}
[284/2417  11.8% elapsed=3m39s eta=27m26s] id=2hop__26642_66233 em=1 f1=1.00 iters=1 score=8 exit=score_threshold final=\boxed{October 3, 2018}
[285/2417  11.8% elapsed=3m40s eta=27m23s] id=2hop__837900_71701 em=0 f1=0.80 iters=3 score=6 exit=max_iterations final=\boxed{November 5, 1941}
[286/2417  11.8% elapsed=3m44s eta=27m47s] id=2hop__269076_449113 em=0 f1=0.00 iters=3 score=6 exit=max_iterations final=\boxed{Tel Aviv, Israel}
[287/2417  11.9% elapsed=3m50s eta=28m26s] id=2hop__124933_653666 em=1 f1=1.00 iters=2 score=8 exit=score_threshold final=\boxed{Lucy Mack Smith}
[288/2417  11.9% elapsed=3m50s eta=28m23s] id=2hop__736167_74735 em=1 f1=1.00 iters=1 score=8 exit=score_threshold final=\boxed{Hey Jude}
[289/2417  12.0% elapsed=3m51s eta=28m21s] id=2hop__34495_49388 em=1 f1=1.00 iters=3 score=6 exit=max_iterations final=\boxed{38}
[290/2417  12.0% elapsed=3m51s eta=28m15s] id=2hop__754682_730690 em=1 f1=1.00 iters=3 score=8 exit=score_threshold final=\boxed{Second Sophistic}
[291/2417  12.0% elapsed=3m51s eta=28m11s] id=2hop__75207_365216 em=0 f1=0.67 iters=1 score=8 exit=score_threshold final=\boxed{Talca}
[292/2417  12.1% elapsed=3m51s eta=28m04s] id=2hop__27650_27619 em=0 f1=0.00 iters=3 score=4 exit=max_iterations final=\boxed{Unknown}
[293/2417  12.1% elapsed=3m51s eta=27m58s] id=2hop__16446_58556 em=0 f1=0.00 iters=1 score=8 exit=score_threshold final=\boxed{FDA}
[294/2417  12.2% elapsed=3m51s eta=27m52s] id=2hop__34495_85544 em=0 f1=0.00 iters=3 score=4 exit=max_iterations final=\boxed{Cannot determine the exact number of games played by 
[295/2417  12.2% elapsed=3m52s eta=27m50s] id=2hop__75207_53316 em=1 f1=1.00 iters=1 score=8 exit=score_threshold final=\boxed{Salvador Allende}
[296/2417  12.2% elapsed=4m01s eta=28m50s] id=2hop__30905_213732 em=1 f1=1.00 iters=2 score=8 exit=score_threshold final=\boxed{Meghan McCain}
[297/2417  12.3% elapsed=4m01s eta=28m44s] id=2hop__75207_46837 em=1 f1=1.00 iters=2 score=8 exit=score_threshold final=\boxed{June}
[298/2417  12.3% elapsed=4m02s eta=28m39s] id=2hop__75207_7363 em=0 f1=0.57 iters=2 score=8 exit=score_threshold final=\boxed{24:00 local time (midnight)}
[299/2417  12.4% elapsed=4m02s eta=28m32s] id=2hop__95773_51329 em=1 f1=1.00 iters=1 score=8 exit=score_threshold final=\boxed{The African Queen}
[300/2417  12.4% elapsed=4m02s eta=28m26s] id=2hop__811015_3300 em=0 f1=0.00 iters=3 score=8 exit=score_threshold final=\boxed{Winter}
[301/2417  12.5% elapsed=4m02s eta=28m24s] id=2hop__30905_189318 em=0 f1=0.00 iters=2 score=8 exit=score_threshold final=\boxed{United States Naval Academy}
[302/2417  12.5% elapsed=4m02s eta=28m17s] id=2hop__142443_768138 em=0 f1=0.50 iters=1 score=8 exit=score_threshold final=\boxed{Joseph Lawrence}
[303/2417  12.5% elapsed=4m02s eta=28m11s] id=2hop__37097_53663 em=0 f1=0.00 iters=1 score=9 exit=score_threshold final=\boxed{Nile River}
[304/2417  12.6% elapsed=4m02s eta=28m05s] id=2hop__415518_616002 em=1 f1=1.00 iters=2 score=8 exit=score_threshold final=\boxed{Pulitzer Prize for Drama}
[305/2417  12.6% elapsed=4m02s eta=27m58s] id=2hop__230022_68489 em=1 f1=1.00 iters=2 score=9 exit=score_threshold final=\boxed{Snapper Foster}
[306/2417  12.7% elapsed=4m02s eta=27m52s] id=2hop__384238_74735 em=1 f1=1.00 iters=2 score=8 exit=score_threshold final=\boxed{Hey Jude}
[307/2417  12.7% elapsed=4m02s eta=27m46s] id=2hop__763380_74735 em=1 f1=1.00 iters=2 score=8 exit=score_threshold final=\boxed{Hey Jude}
[308/2417  12.7% elapsed=4m03s eta=27m42s] id=2hop__78756_198548 em=0 f1=0.00 iters=2 score=8 exit=score_threshold final=\boxed{Not enough information}
[309/2417  12.8% elapsed=4m04s eta=27m42s] id=2hop__58939_213732 em=0 f1=0.00 iters=2 score=8 exit=score_threshold final=\boxed{Unknown}
[310/2417  12.8% elapsed=4m04s eta=27m39s] id=2hop__329676_119915 em=0 f1=0.00 iters=3 score=4 exit=max_iterations final=\boxed{Unknown}
[311/2417  12.9% elapsed=4m04s eta=27m34s] id=2hop__789398_74735 em=0 f1=0.00 iters=2 score=8 exit=score_threshold final=\boxed{Too Late for Goodbyes}
[312/2417  12.9% elapsed=4m04s eta=27m28s] id=2hop__233551_746883 em=0 f1=0.00 iters=3 score=6 exit=max_iterations final=\boxed{Robert Curthose, Duke of Normandy}
[313/2417  12.9% elapsed=4m08s eta=27m45s] id=2hop__70584_198548 em=0 f1=0.00 iters=3 score=4 exit=max_iterations final=\boxed{Not specified in the provided paragraphs}
[314/2417  13.0% elapsed=4m13s eta=28m18s] id=2hop__678516_179720 em=0 f1=0.00 iters=2 score=8 exit=score_threshold final=\boxed{Paul}
[315/2417  13.0% elapsed=4m14s eta=28m15s] id=2hop__58939_189318 em=0 f1=0.00 iters=3 score=8 exit=score_threshold final=\boxed{Not specified in the provided text}
[316/2417  13.1% elapsed=4m14s eta=28m09s] id=2hop__2416_53663 em=0 f1=0.00 iters=2 score=8 exit=score_threshold final=\boxed{Egypt}
[317/2417  13.1% elapsed=4m14s eta=28m05s] id=2hop__39954_80303 em=1 f1=1.00 iters=1 score=10 exit=score_threshold final=\boxed{Selous Game Reserve}
[318/2417  13.2% elapsed=4m15s eta=28m01s] id=2hop__559273_152023 em=1 f1=1.00 iters=1 score=10 exit=score_threshold final=\boxed{Real World Records}
[319/2417  13.2% elapsed=4m15s eta=27m56s] id=2hop__403060_92763 em=1 f1=1.00 iters=1 score=9 exit=score_threshold final=\boxed{16,801}
[320/2417  13.2% elapsed=4m15s eta=27m50s] id=2hop__409166_152023 em=0 f1=0.00 iters=1 score=8 exit=score_threshold final=\boxed{Real World}
[321/2417  13.3% elapsed=4m15s eta=27m44s] id=2hop__374767_152023 em=0 f1=0.00 iters=1 score=10 exit=score_threshold final=\boxed{Telarc}
[322/2417  13.3% elapsed=4m15s eta=27m40s] id=2hop__143650_152023 em=1 f1=1.00 iters=1 score=10 exit=score_threshold final=\boxed{Real World Records}
[323/2417  13.4% elapsed=4m15s eta=27m34s] id=2hop__39954_80940 em=1 f1=1.00 iters=1 score=9 exit=score_threshold final=\boxed{Ruaha National Park}
[324/2417  13.4% elapsed=4m15s eta=27m30s] id=2hop__753715_51329 em=1 f1=1.00 iters=2 score=9 exit=score_threshold final=\boxed{The African Queen}
[325/2417  13.4% elapsed=4m16s eta=27m25s] id=2hop__696442_51329 em=1 f1=1.00 iters=2 score=8 exit=score_threshold final=\boxed{The African Queen}
[326/2417  13.5% elapsed=4m16s eta=27m20s] id=2hop__63982_768138 em=0 f1=0.00 iters=2 score=8 exit=score_threshold final=\boxed{Bessie}
[327/2417  13.5% elapsed=4m16s eta=27m15s] id=2hop__29349_92763 em=1 f1=1.00 iters=1 score=8 exit=score_threshold final=\boxed{16,801}
[328/2417  13.6% elapsed=4m16s eta=27m10s] id=2hop__39954_65371 em=1 f1=1.00 iters=1 score=9 exit=score_threshold final=\boxed{Modest Jonathan Mero}
[329/2417  13.6% elapsed=4m17s eta=27m08s] id=2hop__632161_643449 em=1 f1=1.00 iters=1 score=8 exit=score_threshold final=\boxed{Eva Amurri}
[330/2417  13.7% elapsed=4m17s eta=27m04s] id=2hop__142198_152093 em=1 f1=1.00 iters=1 score=8 exit=score_threshold final=\boxed{Fair Trade Services}
[331/2417  13.7% elapsed=4m17s eta=26m59s] id=2hop__203437_152093 em=1 f1=1.00 iters=1 score=8 exit=score_threshold final=\boxed{Fair Trade Services}
[332/2417  13.7% elapsed=4m17s eta=26m54s] id=2hop__47808_198548 em=0 f1=0.00 iters=3 score=4 exit=max_iterations final=\boxed{Not mentioned}
[333/2417  13.8% elapsed=4m17s eta=26m49s] id=2hop__84172_198548 em=0 f1=0.00 iters=3 score=6 exit=max_iterations final=\boxed{Unknown}
[334/2417  13.8% elapsed=4m17s eta=26m44s] id=2hop__170914_152093 em=1 f1=1.00 iters=1 score=8 exit=score_threshold final=\boxed{Fair Trade Services}
[335/2417  13.9% elapsed=4m17s eta=26m39s] id=2hop__723404_58556 em=0 f1=0.89 iters=3 score=6 exit=max_iterations final=\boxed{Food Safety Modernization Act}
[336/2417  13.9% elapsed=4m17s eta=26m34s] id=2hop__35686_58556 em=1 f1=1.00 iters=3 score=6 exit=max_iterations final=\boxed{Food Safety Modernization Act (FSMA)}
[337/2417  13.9% elapsed=4m18s eta=26m31s] id=2hop__671664_646310 em=1 f1=1.00 iters=3 score=8 exit=score_threshold final=\boxed{Albemarle}
[338/2417  14.0% elapsed=4m18s eta=26m26s] id=2hop__591435_51329 em=1 f1=1.00 iters=2 score=8 exit=score_threshold final=\boxed{The African Queen}
[339/2417  14.0% elapsed=4m19s eta=26m25s] id=2hop__44522_58556 em=0 f1=0.00 iters=3 score=8 exit=score_threshold final=\boxed{FDA}
[340/2417  14.1% elapsed=4m19s eta=26m23s] id=2hop__267938_92763 em=1 f1=1.00 iters=1 score=8 exit=score_threshold final=\boxed{16,801}
[341/2417  14.1% elapsed=4m22s eta=26m35s] id=2hop__82669_768138 em=0 f1=0.00 iters=3 score=6 exit=max_iterations final=\boxed{Unknown}
[342/2417  14.1% elapsed=4m23s eta=26m35s] id=2hop__385392_756039 em=0 f1=0.50 iters=2 score=8 exit=score_threshold final=\boxed{Idaho}
[343/2417  14.2% elapsed=4m30s eta=27m13s] id=2hop__435087_55984 em=1 f1=1.00 iters=1 score=9 exit=score_threshold final=\boxed{Phil Hanseroth}
[344/2417  14.2% elapsed=4m30s eta=27m07s] id=2hop__271045_68633 em=1 f1=1.00 iters=1 score=9 exit=score_threshold final=\boxed{Thomas Bach}
[345/2417  14.3% elapsed=4m31s eta=27m06s] id=2hop__126306_396277 em=1 f1=1.00 iters=1 score=10 exit=score_threshold final=\boxed{Doctor De Soto}
[346/2417  14.3% elapsed=4m31s eta=27m00s] id=2hop__275891_55984 em=1 f1=1.00 iters=1 score=9 exit=score_threshold final=\boxed{Phil Hanseroth}
[347/2417  14.4% elapsed=4m31s eta=26m55s] id=2hop__559076_55984 em=1 f1=1.00 iters=1 score=8 exit=score_threshold final=\boxed{Phil Hanseroth}
[348/2417  14.4% elapsed=4m31s eta=26m49s] id=2hop__126188_396277 em=1 f1=1.00 iters=1 score=10 exit=score_threshold final=\boxed{Doctor De Soto}
[349/2417  14.4% elapsed=4m31s eta=26m44s] id=2hop__605207_135019 em=1 f1=1.00 iters=1 score=8 exit=score_threshold final=\boxed{Europa}
[350/2417  14.5% elapsed=4m31s eta=26m41s] id=2hop__557743_92763 em=0 f1=0.00 iters=3 score=6 exit=max_iterations final=\boxed{Not enough information}
[351/2417  14.5% elapsed=4m32s eta=26m39s] id=2hop__645367_68633 em=1 f1=1.00 iters=1 score=8 exit=score_threshold final=\boxed{Thomas Bach}
[352/2417  14.6% elapsed=4m32s eta=26m34s] id=2hop__124807_135019 em=1 f1=1.00 iters=1 score=8 exit=score_threshold final=\boxed{Europa}
[353/2417  14.6% elapsed=4m32s eta=26m29s] id=2hop__613779_55984 em=1 f1=1.00 iters=1 score=8 exit=score_threshold final=\boxed{Phil Hanseroth}
[354/2417  14.6% elapsed=4m32s eta=26m24s] id=2hop__170341_43945 em=0 f1=0.70 iters=1 score=8 exit=score_threshold final=\boxed{It crystallized the demand for independence from Grea
[355/2417  14.7% elapsed=4m32s eta=26m21s] id=2hop__464479_70131 em=0 f1=0.53 iters=1 score=8 exit=score_threshold final=\boxed{World War I veterans and right-wing individuals}
[356/2417  14.7% elapsed=4m33s eta=26m18s] id=2hop__269766_43945 em=0 f1=0.67 iters=1 score=8 exit=score_threshold final=\boxed{advocated for American independence from Great Britai
[357/2417  14.8% elapsed=4m33s eta=26m16s] id=2hop__552546_70131 em=0 f1=0.00 iters=1 score=8 exit=score_threshold final=\boxed{Freikorps}
[358/2417  14.8% elapsed=4m37s eta=26m33s] id=2hop__69765_43945 em=0 f1=0.93 iters=1 score=8 exit=score_threshold final=\boxed{Crystallized the demand for independence from Great B
[359/2417  14.9% elapsed=4m37s eta=26m29s] id=2hop__374495_68633 em=0 f1=0.00 iters=2 score=8 exit=score_threshold final=\boxed{International Olympic Committee}
[360/2417  14.9% elapsed=4m39s eta=26m33s] id=2hop__414193_176917 em=0 f1=0.00 iters=1 score=8 exit=score_threshold final=\boxed{The information provided does not specify the spouse 
[361/2417  14.9% elapsed=4m43s eta=26m52s] id=2hop__580231_162399 em=1 f1=1.00 iters=1 score=9 exit=score_threshold final=\boxed{15 December 1950}
[362/2417  15.0% elapsed=4m43s eta=26m48s] id=2hop__455392_40315 em=0 f1=0.00 iters=1 score=9 exit=score_threshold final=\boxed{7}
[363/2417  15.0% elapsed=4m43s eta=26m43s] id=2hop__47071_162399 em=1 f1=1.00 iters=1 score=10 exit=score_threshold final=\boxed{15 December 1950}
[364/2417  15.1% elapsed=4m43s eta=26m38s] id=2hop__16581_16569 em=1 f1=1.00 iters=1 score=9 exit=score_threshold final=\boxed{Kalb}
[365/2417  15.1% elapsed=4m44s eta=26m35s] id=2hop__763840_144857 em=1 f1=1.00 iters=1 score=10 exit=score_threshold final=\boxed{Clatskanie, Oregon}
[366/2417  15.1% elapsed=4m44s eta=26m31s] id=2hop__663184_57816 em=1 f1=1.00 iters=1 score=9 exit=score_threshold final=\boxed{100}
[367/2417  15.2% elapsed=4m44s eta=26m26s] id=2hop__754753_57816 em=1 f1=1.00 iters=1 score=10 exit=score_threshold final=\boxed{100}
[368/2417  15.2% elapsed=4m44s eta=26m21s] id=2hop__510679_57816 em=0 f1=0.00 iters=1 score=8 exit=score_threshold final=\boxed{100th}
[369/2417  15.3% elapsed=4m45s eta=26m19s] id=2hop__498061_88622 em=0 f1=0.29 iters=2 score=8 exit=score_threshold final=\boxed{Lt Gen Michael Hayden}
[370/2417  15.3% elapsed=4m45s eta=26m14s] id=2hop__21991_43945 em=0 f1=0.00 iters=2 score=8 exit=score_threshold final=\boxed{shaped public opinion and inspired revolutionary acti
[371/2417  15.3% elapsed=4m45s eta=26m10s] id=2hop__231805_514393 em=0 f1=0.67 iters=1 score=9 exit=score_threshold final=\boxed{Somersby, Lincolnshire}
[372/2417  15.4% elapsed=4m45s eta=26m06s] id=2hop__156044_57816 em=1 f1=1.00 iters=1 score=9 exit=score_threshold final=\boxed{100}
[373/2417  15.4% elapsed=4m45s eta=26m02s] id=2hop__452580_70131 em=0 f1=0.00 iters=2 score=8 exit=score_threshold final=\boxed{The question cannot be answered based on the provided
[374/2417  15.5% elapsed=4m45s eta=25m57s] id=2hop__619265_45326 em=1 f1=1.00 iters=1 score=8 exit=score_threshold final=\boxed{12}
[375/2417  15.5% elapsed=4m45s eta=25m53s] id=2hop__153532_45326 em=1 f1=1.00 iters=1 score=8 exit=score_threshold final=\boxed{12}
[376/2417  15.6% elapsed=4m46s eta=25m50s] id=2hop__126299_396277 em=0 f1=0.60 iters=2 score=8 exit=score_threshold final=\boxed{Doctor De Soto, Shrek!, and Shrek the Halls}
[377/2417  15.6% elapsed=4m46s eta=25m46s] id=2hop__37097_86208 em=0 f1=0.67 iters=1 score=8 exit=score_threshold final=\boxed{August 15}
[378/2417  15.6% elapsed=4m46s eta=25m42s] id=2hop__554145_88622 em=0 f1=0.00 iters=2 score=8 exit=score_threshold final=\boxed{Keith B. Alexander}
[379/2417  15.7% elapsed=4m46s eta=25m40s] id=2hop__853227_68633 em=0 f1=0.00 iters=2 score=8 exit=score_threshold final=\boxed{Joseph Firth}
[380/2417  15.7% elapsed=4m46s eta=25m35s] id=2hop__705035_152093 em=0 f1=0.00 iters=3 score=6 exit=max_iterations final=\boxed{Big Star Recordings}
[381/2417  15.8% elapsed=4m48s eta=25m39s] id=2hop__48784_70131 em=0 f1=0.00 iters=3 score=5 exit=max_iterations final=\boxed{Freikorps}
[382/2417  15.8% elapsed=4m49s eta=25m41s] id=2hop__315246_88622 em=0 f1=0.00 iters=3 score=6 exit=max_iterations final=\boxed{Ian Higgins}
[383/2417  15.8% elapsed=4m51s eta=25m43s] id=2hop__168816_144857 em=1 f1=1.00 iters=1 score=9 exit=score_threshold final=\boxed{Clatskanie, Oregon}
[384/2417  15.9% elapsed=4m51s eta=25m41s] id=2hop__312223_144857 em=1 f1=1.00 iters=1 score=10 exit=score_threshold final=\boxed{Clatskanie, Oregon}
[385/2417  15.9% elapsed=4m56s eta=26m03s] id=2hop__332453_139339 em=0 f1=0.77 iters=1 score=8 exit=score_threshold final=\boxed{Best Live Action Short Film}
[386/2417  16.0% elapsed=4m56s eta=25m59s] id=2hop__507528_139339 em=0 f1=0.77 iters=1 score=8 exit=score_threshold final=\boxed{Best Live Action Short Film}
[387/2417  16.0% elapsed=4m57s eta=25m59s] id=2hop__77518_548781 em=0 f1=0.00 iters=3 score=8 exit=score_threshold final=\boxed{Vermont}
[388/2417  16.1% elapsed=4m57s eta=25m54s] id=2hop__358582_189042 em=0 f1=0.40 iters=1 score=9 exit=score_threshold final=\boxed{Capitol Records}
[389/2417  16.1% elapsed=4m58s eta=25m53s] id=2hop__289517_139339 em=0 f1=0.00 iters=1 score=8 exit=score_threshold final=\boxed{Griffin Dunne}
[390/2417  16.1% elapsed=4m58s eta=25m50s] id=2hop__85463_33311 em=1 f1=1.00 iters=1 score=9 exit=score_threshold final=\boxed{1950–1953}
[391/2417  16.2% elapsed=4m58s eta=25m47s] id=2hop__85463_50252 em=1 f1=1.00 iters=1 score=8 exit=score_threshold final=\boxed{Kim Il-sung}
[392/2417  16.2% elapsed=4m59s eta=25m43s] id=2hop__66708_573255 em=1 f1=1.00 iters=3 score=6 exit=max_iterations final=\boxed{Ahinoam}
[393/2417  16.3% elapsed=4m59s eta=25m38s] id=2hop__121145_561444 em=0 f1=0.80 iters=1 score=8 exit=score_threshold final=\boxed{Rabbi Dovber Schneuri}
[394/2417  16.3% elapsed=4m59s eta=25m36s] id=2hop__391873_88622 em=0 f1=0.00 iters=3 score=6 exit=max_iterations final=\boxed{LTG / GEN Keith B. Alexander USA}
[395/2417  16.3% elapsed=4m59s eta=25m32s] id=2hop__83405_158262 em=1 f1=1.00 iters=1 score=8 exit=score_threshold final=\boxed{1848}
[396/2417  16.4% elapsed=5m00s eta=25m29s] id=2hop__857585_14251 em=1 f1=1.00 iters=1 score=8 exit=score_threshold final=\boxed{Archibald, certainly not!}
[397/2417  16.4% elapsed=5m00s eta=25m24s] id=2hop__53175_548781 em=0 f1=0.80 iters=3 score=6 exit=max_iterations final=\boxed{Plymouth Notch, Vermont}
[398/2417  16.5% elapsed=5m00s eta=25m20s] id=2hop__85463_54688 em=0 f1=0.00 iters=1 score=8 exit=score_threshold final=\boxed{One-party state led by the Workers' Party of Korea}
[399/2417  16.5% elapsed=5m00s eta=25m16s] id=2hop__49887_573255 em=1 f1=1.00 iters=3 score=6 exit=max_iterations final=\boxed{Ahinoam}
[400/2417  16.5% elapsed=5m00s eta=25m14s] id=2hop__706038_14251 em=1 f1=1.00 iters=1 score=8 exit=score_threshold final=\boxed{Archibald, certainly not!}
[401/2417  16.6% elapsed=5m01s eta=25m11s] id=2hop__144317_120065 em=0 f1=0.00 iters=1 score=9 exit=score_threshold final=\boxed{1929}
[402/2417  16.6% elapsed=5m01s eta=25m07s] id=2hop__821368_14251 em=1 f1=1.00 iters=1 score=8 exit=score_threshold final=\boxed{Archibald, certainly not!}
[403/2417  16.7% elapsed=5m01s eta=25m03s] id=2hop__125412_544665 em=0 f1=0.86 iters=1 score=8 exit=score_threshold final=\boxed{Rabbi Menachem Mendel Schneersohn}
[404/2417  16.7% elapsed=5m02s eta=25m03s] id=2hop__57543_158262 em=0 f1=0.50 iters=1 score=8 exit=score_threshold final=\boxed{February 2, 1848}
[405/2417  16.8% elapsed=5m02s eta=24m58s] id=2hop__78401_158262 em=1 f1=1.00 iters=1 score=8 exit=score_threshold final=\boxed{1848}
[406/2417  16.8% elapsed=5m02s eta=24m57s] id=2hop__135668_561444 em=0 f1=0.00 iters=1 score=8 exit=score_threshold final=\boxed{Chaya Mushka Schneersohn}
[407/2417  16.8% elapsed=5m07s eta=25m15s] id=2hop__2416_86208 em=0 f1=0.00 iters=3 score=6 exit=max_iterations final=\boxed{Every year}
[408/2417  16.9% elapsed=5m07s eta=25m13s] id=2hop__85463_66122 em=0 f1=0.33 iters=2 score=8 exit=score_threshold final=\boxed{May 1951}
[409/2417  16.9% elapsed=5m08s eta=25m13s] id=2hop__107905_110222 em=1 f1=1.00 iters=1 score=10 exit=score_threshold final=\boxed{10 June 1819}
[410/2417  17.0% elapsed=5m10s eta=25m19s] id=2hop__123166_47134 em=1 f1=1.00 iters=1 score=8 exit=score_threshold final=\boxed{Benny Beaver}
[411/2417  17.0% elapsed=5m11s eta=25m16s] id=2hop__450600_158262 em=0 f1=0.50 iters=2 score=8 exit=score_threshold final=\boxed{February 2, 1848}
[412/2417  17.0% elapsed=5m11s eta=25m12s] id=2hop__351045_47134 em=1 f1=1.00 iters=1 score=8 exit=score_threshold final=\boxed{Benny Beaver}
[413/2417  17.1% elapsed=5m11s eta=25m10s] id=2hop__347652_47134 em=1 f1=1.00 iters=1 score=8 exit=score_threshold final=\boxed{Benny Beaver}
[414/2417  17.1% elapsed=5m12s eta=25m08s] id=2hop__175168_110222 em=1 f1=1.00 iters=1 score=10 exit=score_threshold final=\boxed{10 June 1819}
[415/2417  17.2% elapsed=5m12s eta=25m04s] id=2hop__503085_110222 em=1 f1=1.00 iters=1 score=10 exit=score_threshold final=\boxed{10 June 1819}
[416/2417  17.2% elapsed=5m12s eta=25m01s] id=2hop__326404_120065 em=1 f1=1.00 iters=1 score=8 exit=score_threshold final=\boxed{1738}
[417/2417  17.3% elapsed=5m13s eta=24m59s] id=2hop__846844_47134 em=1 f1=1.00 iters=1 score=9 exit=score_threshold final=\boxed{Benny Beaver}
[418/2417  17.3% elapsed=5m13s eta=24m55s] id=2hop__417937_158105 em=0 f1=0.30 iters=1 score=9 exit=score_threshold final=\boxed{integration of business and technology, digital infra
[419/2417  17.3% elapsed=5m13s eta=24m52s] id=2hop__107601_110222 em=1 f1=1.00 iters=1 score=10 exit=score_threshold final=\boxed{10 June 1819}
[420/2417  17.4% elapsed=5m13s eta=24m48s] id=2hop__311931_417706 em=0 f1=0.22 iters=1 score=8 exit=score_threshold final=\boxed{A&M Records (Canada) and Koch Entertainment (Europe)}
[421/2417  17.4% elapsed=5m14s eta=24m46s] id=2hop__238499_431914 em=0 f1=0.40 iters=1 score=9 exit=score_threshold final=\boxed{Provence-Alpes-Côte d'Azur region}
[422/2417  17.5% elapsed=5m14s eta=24m44s] id=2hop__123545_47134 em=1 f1=1.00 iters=1 score=8 exit=score_threshold final=\boxed{Benny Beaver}
[423/2417  17.5% elapsed=5m14s eta=24m41s] id=2hop__293131_110222 em=1 f1=1.00 iters=1 score=10 exit=score_threshold final=\boxed{10 June 1819}
[424/2417  17.5% elapsed=5m14s eta=24m37s] id=2hop__13106_158105 em=0 f1=0.12 iters=1 score=8 exit=score_threshold final=\boxed{IPTV platform integration and service partnerships}
[425/2417  17.6% elapsed=5m16s eta=24m40s] id=2hop__16844_20510 em=1 f1=1.00 iters=1 score=8 exit=score_threshold final=\boxed{1600}
[426/2417  17.6% elapsed=5m16s eta=24m37s] id=2hop__55552_158105 em=0 f1=0.95 iters=1 score=8 exit=score_threshold final=\boxed{ease of use and enhanced support for Plug and Play (P
[427/2417  17.7% elapsed=5m23s eta=25m03s] id=2hop__451574_120065 em=1 f1=1.00 iters=2 score=8 exit=score_threshold final=\boxed{1738}
[428/2417  17.7% elapsed=5m24s eta=25m08s] id=2hop__156658_155922 em=1 f1=1.00 iters=1 score=8 exit=score_threshold final=\boxed{Sydney Harbour}
[429/2417  17.7% elapsed=5m24s eta=25m03s] id=2hop__852657_155922 em=1 f1=1.00 iters=1 score=8 exit=score_threshold final=\boxed{Sydney Harbour}
[430/2417  17.8% elapsed=5m24s eta=24m59s] id=2hop__159146_120065 em=0 f1=0.00 iters=2 score=8 exit=score_threshold final=\boxed{2009}
[431/2417  17.8% elapsed=5m24s eta=24m55s] id=2hop__814408_155922 em=1 f1=1.00 iters=1 score=8 exit=score_threshold final=\boxed{Sydney Harbour}
[432/2417  17.9% elapsed=5m25s eta=24m52s] id=2hop__81682_707195 em=1 f1=1.00 iters=1 score=10 exit=score_threshold final=\boxed{Sydney Harbour}
[433/2417  17.9% elapsed=5m25s eta=24m48s] id=2hop__155781_155922 em=1 f1=1.00 iters=1 score=8 exit=score_threshold final=\boxed{Sydney Harbour}
[434/2417  18.0% elapsed=5m26s eta=24m48s] id=2hop__67660_158861 em=0 f1=0.00 iters=1 score=9 exit=score_threshold final=\boxed{Bob Saget}
[435/2417  18.0% elapsed=5m26s eta=24m45s] id=2hop__149710_108549 em=0 f1=0.00 iters=1 score=10 exit=score_threshold final=\boxed{Smallville}
[436/2417  18.0% elapsed=5m26s eta=24m42s] id=2hop__227031_144857 em=0 f1=0.00 iters=3 score=4 exit=max_iterations final=\boxed{Brooklyn}
[437/2417  18.1% elapsed=5m27s eta=24m40s] id=2hop__73615_42173 em=0 f1=0.00 iters=2 score=8 exit=score_threshold final=\boxed{1600}
[438/2417  18.1% elapsed=5m27s eta=24m38s] id=2hop__73615_16848 em=0 f1=0.20 iters=2 score=8 exit=score_threshold final=\boxed{The assets were transferred to the British East India
[439/2417  18.2% elapsed=5m27s eta=24m34s] id=2hop__73615_20510 em=1 f1=1.00 iters=1 score=8 exit=score_threshold final=\boxed{1600}
[440/2417  18.2% elapsed=5m27s eta=24m31s] id=2hop__669160_139339 em=1 f1=1.00 iters=3 score=4 exit=max_iterations final=\boxed{Academy Award for Best Live Action Short Film}
[441/2417  18.2% elapsed=5m28s eta=24m28s] id=2hop__149862_108549 em=0 f1=0.57 iters=1 score=8 exit=score_threshold final=\boxed{Alfred Gough and Miles Millar}
[442/2417  18.3% elapsed=5m28s eta=24m24s] id=2hop__60229_1783 em=1 f1=1.00 iters=3 score=6 exit=max_iterations final=\boxed{Fiorello La Guardia}
[443/2417  18.3% elapsed=5m28s eta=24m22s] id=2hop__62020_158262 em=0 f1=0.50 iters=3 score=6 exit=max_iterations final=\boxed{March 16, 1848}
[444/2417  18.4% elapsed=5m28s eta=24m19s] id=2hop__60229_38663 em=0 f1=0.00 iters=3 score=4 exit=max_iterations final=\boxed{The percentage the Dow Jones fell during the time the
[445/2417  18.4% elapsed=5m33s eta=24m38s] id=2hop__593397_224832 em=0 f1=0.40 iters=2 score=8 exit=score_threshold final=\boxed{KBO League}
[446/2417  18.5% elapsed=5m37s eta=24m48s] id=2hop__61664_786853 em=0 f1=0.00 iters=2 score=8 exit=score_threshold final=\boxed{The answer is not provided in the given paragraphs.}
[447/2417  18.5% elapsed=5m37s eta=24m44s] id=2hop__157498_127908 em=1 f1=1.00 iters=1 score=10 exit=score_threshold final=\boxed{Major League Soccer}
[448/2417  18.5% elapsed=5m37s eta=24m40s] id=2hop__669456_108549 em=0 f1=0.57 iters=2 score=9 exit=score_threshold final=\boxed{Alfred Gough and Miles Millar}
[449/2417  18.6% elapsed=5m38s eta=24m40s] id=2hop__63483_786853 em=0 f1=0.00 iters=2 score=8 exit=score_threshold final=\boxed{Not enough information}
[450/2417  18.6% elapsed=5m38s eta=24m37s] id=2hop__46376_158105 em=0 f1=0.15 iters=3 score=9 exit=score_threshold final=\boxed{being one of the most marketable athletes and being r
[451/2417  18.7% elapsed=5m38s eta=24m35s] id=2hop__152700_141308 em=0 f1=0.80 iters=1 score=10 exit=score_threshold final=\boxed{Apple Corps Ltd.}
[452/2417  18.7% elapsed=5m39s eta=24m32s] id=2hop__55032_786853 em=0 f1=0.00 iters=2 score=8 exit=score_threshold final=\boxed{The spouse of the actor who voices Batman in the Lego
[453/2417  18.7% elapsed=5m39s eta=24m28s] id=2hop__358270_108549 em=0 f1=0.57 iters=2 score=9 exit=score_threshold final=\boxed{Alfred Gough and Miles Millar}
[454/2417  18.8% elapsed=5m39s eta=24m24s] id=2hop__501624_181960 em=1 f1=1.00 iters=1 score=8 exit=score_threshold final=\boxed{Slade School of Art}
[455/2417  18.8% elapsed=5m39s eta=24m21s] id=2hop__825727_584042 em=0 f1=0.80 iters=2 score=8 exit=score_threshold final=\boxed{K League 2}
[456/2417  18.9% elapsed=5m39s eta=24m19s] id=2hop__448615_127908 em=0 f1=0.86 iters=1 score=8 exit=score_threshold final=\boxed{Major League Soccer (MLS)}
[457/2417  18.9% elapsed=5m39s eta=24m16s] id=2hop__67660_81007 em=0 f1=0.00 iters=2 score=8 exit=score_threshold final=\boxed{Someone else}
[458/2417  18.9% elapsed=5m39s eta=24m12s] id=2hop__67660_67223 em=0 f1=0.50 iters=1 score=8 exit=score_threshold final=\boxed{Tracy McConnell}
[459/2417  19.0% elapsed=5m39s eta=24m08s] id=2hop__152027_141308 em=0 f1=0.80 iters=1 score=10 exit=score_threshold final=\boxed{Apple Corps Ltd.}
[460/2417  19.0% elapsed=5m39s eta=24m04s] id=2hop__423874_128023 em=0 f1=0.86 iters=1 score=10 exit=score_threshold final=\boxed{Major League Soccer (MLS)}
[461/2417  19.1% elapsed=5m40s eta=24m01s] id=2hop__72118_83769 em=1 f1=1.00 iters=1 score=8 exit=score_threshold final=\boxed{Fred O'Bannion}
[462/2417  19.1% elapsed=5m40s eta=23m58s] id=2hop__91667_81007 em=1 f1=1.00 iters=1 score=8 exit=score_threshold final=\boxed{Tracy McConnell}
[463/2417  19.2% elapsed=5m41s eta=23m57s] id=2hop__91667_67223 em=0 f1=0.50 iters=1 score=8 exit=score_threshold final=\boxed{Tracy McConnell}
[464/2417  19.2% elapsed=5m41s eta=23m53s] id=2hop__152052_141308 em=0 f1=0.80 iters=1 score=8 exit=score_threshold final=\boxed{Apple Corps Ltd.}
[465/2417  19.2% elapsed=5m41s eta=23m52s] id=2hop__596188_297986 em=1 f1=1.00 iters=1 score=8 exit=score_threshold final=\boxed{Royal Borough of Greenwich}
[466/2417  19.3% elapsed=5m41s eta=23m48s] id=2hop__151750_141308 em=0 f1=0.50 iters=1 score=8 exit=score_threshold final=\boxed{Apple Records}
[467/2417  19.3% elapsed=5m41s eta=23m46s] id=2hop__179149_396277 em=1 f1=1.00 iters=1 score=8 exit=score_threshold final=\boxed{Doctor De Soto}
[468/2417  19.4% elapsed=5m42s eta=23m43s] id=2hop__16844_42173 em=0 f1=0.00 iters=3 score=8 exit=score_threshold final=\boxed{1757}
[469/2417  19.4% elapsed=5m42s eta=23m40s] id=2hop__608902_653666 em=1 f1=1.00 iters=2 score=8 exit=score_threshold final=\boxed{Lucy Mack Smith}
[470/2417  19.4% elapsed=5m42s eta=23m37s] id=2hop__85455_158105 em=0 f1=0.08 iters=3 score=5 exit=max_iterations final=\boxed{Jeff Bezos's net worth and his position as the third 
[471/2417  19.5% elapsed=5m46s eta=23m51s] id=2hop__149983_108549 em=0 f1=0.00 iters=3 score=6 exit=max_iterations final=\boxed{Smallville}
[472/2417  19.5% elapsed=5m52s eta=24m11s] id=2hop__245835_762148 em=0 f1=0.00 iters=2 score=10 exit=score_threshold final=\boxed{Leftover Salmon}
[473/2417  19.6% elapsed=5m52s eta=24m08s] id=2hop__60686_229757 em=0 f1=0.00 iters=3 score=6 exit=max_iterations final=\boxed{Unknown}
[474/2417  19.6% elapsed=5m53s eta=24m05s] id=2hop__108158_83769 em=1 f1=1.00 iters=2 score=9 exit=score_threshold final=\boxed{Fred O'Bannion}
[475/2417  19.7% elapsed=5m54s eta=24m06s] id=2hop__586343_83289 em=1 f1=1.00 iters=1 score=8 exit=score_threshold final=\boxed{Matt Bennett}
[476/2417  19.7% elapsed=5m54s eta=24m03s] id=2hop__64372_83289 em=1 f1=1.00 iters=1 score=8 exit=score_threshold final=\boxed{Matt Bennett}
[477/2417  19.7% elapsed=5m54s eta=23m59s] id=2hop__194469_83289 em=1 f1=1.00 iters=1 score=8 exit=score_threshold final=\boxed{Matt Bennett}
[478/2417  19.8% elapsed=5m54s eta=23m57s] id=2hop__72686_83769 em=1 f1=1.00 iters=2 score=8 exit=score_threshold final=\boxed{Fred O'Bannion}
[479/2417  19.8% elapsed=5m54s eta=23m54s] id=2hop__749997_96912 em=1 f1=1.00 iters=1 score=8 exit=score_threshold final=\boxed{University of Cambridge}
[480/2417  19.9% elapsed=5m55s eta=23m52s] id=2hop__91626_96912 em=1 f1=1.00 iters=1 score=8 exit=score_threshold final=\boxed{University of Cambridge}
[481/2417  19.9% elapsed=5m55s eta=23m48s] id=2hop__646573_83769 em=1 f1=1.00 iters=1 score=8 exit=score_threshold final=\boxed{Fred O'Bannion}
[482/2417  19.9% elapsed=5m55s eta=23m46s] id=2hop__88406_83289 em=0 f1=0.57 iters=1 score=8 exit=score_threshold final=\boxed{Matt Bennett and Elizabeth Gillies}
[483/2417  20.0% elapsed=5m56s eta=23m43s] id=2hop__179322_83289 em=0 f1=0.57 iters=1 score=8 exit=score_threshold final=\boxed{Matt Bennett and Elizabeth Gillies}
[484/2417  20.0% elapsed=5m56s eta=23m41s] id=2hop__691455_64006 em=0 f1=0.40 iters=1 score=8 exit=score_threshold final=\boxed{30--60%}
[485/2417  20.1% elapsed=5m56s eta=23m39s] id=2hop__88953_64006 em=1 f1=1.00 iters=1 score=8 exit=score_threshold final=\boxed{30% to 65%}
[486/2417  20.1% elapsed=6m07s eta=24m18s] id=2hop__363214_590899 em=1 f1=1.00 iters=1 score=9 exit=score_threshold final=\boxed{Santa Clara County}
[487/2417  20.1% elapsed=6m07s eta=24m14s] id=2hop__362912_97805 em=0 f1=0.00 iters=1 score=10 exit=score_threshold final=\boxed{Finnish Navy}
[488/2417  20.2% elapsed=6m07s eta=24m12s] id=2hop__157339_156796 em=1 f1=1.00 iters=1 score=8 exit=score_threshold final=\boxed{Limpopo River}
[489/2417  20.2% elapsed=6m08s eta=24m09s] id=2hop__575188_342798 em=0 f1=0.00 iters=2 score=8 exit=score_threshold final=\boxed{Mahmoud Mirza}
[490/2417  20.3% elapsed=6m08s eta=24m07s] id=2hop__62951_64006 em=1 f1=1.00 iters=2 score=8 exit=score_threshold final=\boxed{30% to 65%}
[491/2417  20.3% elapsed=6m08s eta=24m03s] id=2hop__169443_83769 em=1 f1=1.00 iters=2 score=9 exit=score_threshold final=\boxed{Fred O'Bannion}
[492/2417  20.4% elapsed=6m08s eta=23m59s] id=2hop__421324_97805 em=0 f1=0.50 iters=1 score=8 exit=score_threshold final=\boxed{Continuation War}
[493/2417  20.4% elapsed=6m08s eta=23m55s] id=2hop__690412_526810 em=1 f1=1.00 iters=2 score=9 exit=score_threshold final=\boxed{Chao Phraya River}
[494/2417  20.4% elapsed=6m08s eta=23m54s] id=2hop__55463_19033 em=1 f1=1.00 iters=1 score=8 exit=score_threshold final=\boxed{Great American Bash}
[495/2417  20.5% elapsed=6m09s eta=23m51s] id=2hop__20536_96912 em=0 f1=0.00 iters=2 score=8 exit=score_threshold final=\boxed{Adam Smith Prize}
[496/2417  20.5% elapsed=6m09s eta=23m49s] id=2hop__865828_377862 em=0 f1=0.50 iters=2 score=8 exit=score_threshold final=\boxed{Sucha County}
[497/2417  20.6% elapsed=6m09s eta=23m45s] id=2hop__151705_141308 em=0 f1=0.50 iters=3 score=8 exit=score_threshold final=\boxed{Apple Records}
[498/2417  20.6% elapsed=6m09s eta=23m43s] id=2hop__367336_97805 em=1 f1=1.00 iters=1 score=8 exit=score_threshold final=\boxed{Winter War}
[499/2417  20.6% elapsed=6m10s eta=23m41s] id=2hop__157285_556157 em=0 f1=0.50 iters=1 score=8 exit=score_threshold final=\boxed{Mzingwane River}
[500/2417  20.7% elapsed=6m10s eta=23m38s] id=2hop__394720_120259 em=0 f1=0.00 iters=2 score=8 exit=score_threshold final=\boxed{900}
[501/2417  20.7% elapsed=6m10s eta=23m35s] id=2hop__472486_97805 em=1 f1=1.00 iters=1 score=8 exit=score_threshold final=\boxed{Winter War}
[502/2417  20.8% elapsed=6m21s eta=24m14s] id=2hop__418941_429437 em=0 f1=0.40 iters=3 score=8 exit=score_threshold final=\boxed{the Little Naches River}
[503/2417  20.8% elapsed=6m21s eta=24m11s] id=2hop__518354_67465 em=1 f1=1.00 iters=1 score=10 exit=score_threshold final=\boxed{March 11, 2011}
[504/2417  20.9% elapsed=6m21s eta=24m08s] id=2hop__307719_121900 em=1 f1=1.00 iters=1 score=9 exit=score_threshold final=\boxed{Stanford University}
[505/2417  20.9% elapsed=6m21s eta=24m04s] id=2hop__142699_67465 em=1 f1=1.00 iters=1 score=9 exit=score_threshold final=\boxed{March 11, 2011}
[506/2417  20.9% elapsed=6m21s eta=24m01s] id=2hop__91021_19033 em=1 f1=1.00 iters=2 score=9 exit=score_threshold final=\boxed{Great American Bash}
[507/2417  21.0% elapsed=6m21s eta=23m57s] id=2hop__442516_595885 em=1 f1=1.00 iters=1 score=8 exit=score_threshold final=\boxed{Tanzania}
[508/2417  21.0% elapsed=6m22s eta=23m56s] id=2hop__157251_556157 em=1 f1=1.00 iters=2 score=8 exit=score_threshold final=\boxed{Limpopo River}
[509/2417  21.1% elapsed=6m22s eta=23m53s] id=2hop__424294_19033 em=1 f1=1.00 iters=2 score=10 exit=score_threshold final=\boxed{Great American Bash}
[510/2417  21.1% elapsed=6m23s eta=23m50s] id=2hop__80637_19033 em=1 f1=1.00 iters=2 score=8 exit=score_threshold final=\boxed{Great American Bash}
[511/2417  21.1% elapsed=6m23s eta=23m48s] id=2hop__536283_67465 em=1 f1=1.00 iters=1 score=10 exit=score_threshold final=\boxed{March 11, 2011}
[512/2417  21.2% elapsed=6m23s eta=23m45s] id=2hop__567588_67465 em=1 f1=1.00 iters=1 score=10 exit=score_threshold final=\boxed{March 11, 2011}
[513/2417  21.2% elapsed=6m23s eta=23m41s] id=2hop__557496_57594 em=0 f1=0.00 iters=3 score=6 exit=max_iterations final=\boxed{The information provided does not specify the weapon 
[514/2417  21.3% elapsed=6m23s eta=23m39s] id=2hop__603365_120259 em=0 f1=0.00 iters=3 score=4 exit=max_iterations final=\boxed{None}
[515/2417  21.3% elapsed=6m24s eta=23m37s] id=2hop__511454_120259 em=0 f1=0.00 iters=3 score=4 exit=max_iterations final=\boxed{The birthplace of Lady Godiva is not explicitly menti
[516/2417  21.3% elapsed=6m24s eta=23m33s] id=2hop__359312_18803 em=0 f1=0.11 iters=1 score=8 exit=score_threshold final=\boxed{divesting from downstream business in African countri
[517/2417  21.4% elapsed=6m24s eta=23m30s] id=2hop__194532_57594 em=0 f1=0.00 iters=3 score=4 exit=max_iterations final=\boxed{Not specified in the provided information}
[518/2417  21.4% elapsed=6m24s eta=23m29s] id=2hop__107185_64006 em=0 f1=0.40 iters=3 score=6 exit=max_iterations final=\boxed{30--60%}
[519/2417  21.5% elapsed=6m24s eta=23m26s] id=2hop__796221_18803 em=0 f1=0.11 iters=1 score=8 exit=score_threshold final=\boxed{divesting from downstream business in Africa}
[520/2417  21.5% elapsed=6m25s eta=23m24s] id=2hop__424908_500483 em=0 f1=0.50 iters=3 score=6 exit=max_iterations final=\boxed{Gmina Morawica}
[521/2417  21.6% elapsed=6m25s eta=23m21s] id=2hop__286268_97805 em=1 f1=1.00 iters=2 score=8 exit=score_threshold final=\boxed{Winter War}
[522/2417  21.6% elapsed=6m25s eta=23m19s] id=2hop__5190_64006 em=0 f1=0.00 iters=3 score=6 exit=max_iterations final=\boxed{60%}
[523/2417  21.6% elapsed=6m26s eta=23m18s] id=2hop__315072_120259 em=0 f1=0.00 iters=3 score=6 exit=max_iterations final=\boxed{The question cannot be definitively answered based on
[524/2417  21.7% elapsed=6m35s eta=23m48s] id=2hop__83489_747874 em=1 f1=1.00 iters=1 score=10 exit=score_threshold final=\boxed{Jamie Murray}
[525/2417  21.7% elapsed=6m36s eta=23m47s] id=2hop__794999_113442 em=1 f1=1.00 iters=1 score=10 exit=score_threshold final=\boxed{13 August 1896}
[526/2417  21.8% elapsed=6m36s eta=23m44s] id=2hop__215898_67465 em=1 f1=1.00 iters=2 score=10 exit=score_threshold final=\boxed{March 11, 2011}
[527/2417  21.8% elapsed=6m36s eta=23m41s] id=2hop__590631_110882 em=1 f1=1.00 iters=1 score=10 exit=score_threshold final=\boxed{1 January 1986}
[528/2417  21.8% elapsed=6m36s eta=23m38s] id=2hop__6745_6731 em=0 f1=0.50 iters=1 score=8 exit=score_threshold final=\boxed{Western Catalan and Majorcan}
[529/2417  21.9% elapsed=6m36s eta=23m34s] id=2hop__144784_623159 em=1 f1=1.00 iters=1 score=8 exit=score_threshold final=\boxed{Yaroslavl Oblast}
[530/2417  21.9% elapsed=6m36s eta=23m31s] id=2hop__814856_110882 em=1 f1=1.00 iters=1 score=9 exit=score_threshold final=\boxed{1 January 1986}
[531/2417  22.0% elapsed=6m36s eta=23m28s] id=2hop__695432_18803 em=0 f1=0.00 iters=2 score=8 exit=score_threshold final=\boxed{divesting from downstream business}
[532/2417  22.0% elapsed=6m37s eta=23m26s] id=2hop__818692_113442 em=1 f1=1.00 iters=1 score=10 exit=score_threshold final=\boxed{13 August 1896}
[533/2417  22.1% elapsed=6m37s eta=23m22s] id=2hop__253612_110882 em=1 f1=1.00 iters=1 score=10 exit=score_threshold final=\boxed{1 January 1986}
[534/2417  22.1% elapsed=6m37s eta=23m19s] id=2hop__388467_110882 em=1 f1=1.00 iters=1 score=10 exit=score_threshold final=\boxed{1 January 1986}
[535/2417  22.1% elapsed=6m37s eta=23m16s] id=2hop__540035_113442 em=1 f1=1.00 iters=1 score=10 exit=score_threshold final=\boxed{13 August 1896}
[536/2417  22.2% elapsed=6m37s eta=23m13s] id=2hop__109242_113442 em=1 f1=1.00 iters=1 score=10 exit=score_threshold final=\boxed{13 August 1896}
[537/2417  22.2% elapsed=6m37s eta=23m11s] id=2hop__677160_110882 em=1 f1=1.00 iters=1 score=10 exit=score_threshold final=\boxed{1 January 1986}
[538/2417  22.3% elapsed=6m37s eta=23m08s] id=2hop__156702_51769 em=0 f1=0.22 iters=1 score=8 exit=score_threshold final=\boxed{10.75 years}
[539/2417  22.3% elapsed=6m38s eta=23m07s] id=2hop__530579_13529 em=1 f1=1.00 iters=1 score=8 exit=score_threshold final=\boxed{June 1982}
[540/2417  22.3% elapsed=6m38s eta=23m04s] id=2hop__16632_110014 em=1 f1=1.00 iters=1 score=8 exit=score_threshold final=\boxed{1517}
[541/2417  22.4% elapsed=6m38s eta=23m00s] id=2hop__44259_747874 em=1 f1=1.00 iters=1 score=8 exit=score_threshold final=\boxed{Jamie Murray}
[542/2417  22.4% elapsed=6m38s eta=22m57s] id=2hop__272714_113442 em=1 f1=1.00 iters=1 score=10 exit=score_threshold final=\boxed{13 August 1896}
[543/2417  22.5% elapsed=6m39s eta=22m56s] id=2hop__83257_19033 em=0 f1=0.00 iters=3 score=8 exit=score_threshold final=\boxed{Orlando, Florida}
[544/2417  22.5% elapsed=6m39s eta=22m53s] id=2hop__68158_189357 em=0 f1=0.00 iters=3 score=4 exit=max_iterations final=\boxed{Unknown}
[545/2417  22.5% elapsed=6m39s eta=22m51s] id=2hop__13548_13529 em=1 f1=1.00 iters=1 score=8 exit=score_threshold final=\boxed{June 1982}
[546/2417  22.6% elapsed=6m40s eta=22m51s] id=2hop__273020_57594 em=0 f1=0.00 iters=3 score=6 exit=max_iterations final=\boxed{No specific gun is mentioned in the provided paragrap
[547/2417  22.6% elapsed=6m40s eta=22m49s] id=2hop__242938_18803 em=0 f1=0.64 iters=3 score=7 exit=max_iterations final=\boxed{finding a potential buyer for its operations in Finla
[548/2417  22.7% elapsed=6m44s eta=22m57s] id=2hop__77878_189357 em=1 f1=1.00 iters=3 score=4 exit=max_iterations final=\boxed{Stanford University}
[549/2417  22.7% elapsed=6m49s eta=23m13s] id=2hop__83800_747874 em=1 f1=1.00 iters=2 score=8 exit=score_threshold final=\boxed{Jamie Murray}
[550/2417  22.8% elapsed=6m50s eta=23m12s] id=2hop__70338_36240 em=0 f1=0.00 iters=3 score=6 exit=max_iterations final=\boxed{Job 19:20}
[551/2417  22.8% elapsed=6m50s eta=23m10s] id=2hop__676045_7292 em=1 f1=1.00 iters=1 score=8 exit=score_threshold final=\boxed{George Benson}
[552/2417  22.8% elapsed=6m51s eta=23m07s] id=2hop__91713_289940 em=1 f1=1.00 iters=1 score=9 exit=score_threshold final=\boxed{Arizona Cardinals}
[553/2417  22.9% elapsed=6m51s eta=23m05s] id=2hop__859431_18803 em=0 f1=0.91 iters=3 score=8 exit=score_threshold final=\boxed{trying to find a potential buyer for its operations i
[554/2417  22.9% elapsed=6m51s eta=23m01s] id=2hop__141365_417697 em=0 f1=0.29 iters=1 score=8 exit=score_threshold final=\boxed{Datsun model produced by Nissan}
[555/2417  23.0% elapsed=6m51s eta=22m58s] id=2hop__161273_92673 em=0 f1=0.40 iters=1 score=8 exit=score_threshold final=\boxed{North Pole}
[556/2417  23.0% elapsed=6m51s eta=22m57s] id=2hop__147260_623159 em=1 f1=1.00 iters=2 score=8 exit=score_threshold final=\boxed{Yaroslavl Oblast}
[557/2417  23.0% elapsed=6m51s eta=22m53s] id=2hop__46065_417697 em=1 f1=1.00 iters=1 score=8 exit=score_threshold final=\boxed{Nissan Altima}
[558/2417  23.1% elapsed=6m52s eta=22m51s] id=2hop__9174_9237 em=1 f1=1.00 iters=1 score=8 exit=score_threshold final=\boxed{September 2012}
[559/2417  23.1% elapsed=6m52s eta=22m50s] id=2hop__850984_7292 em=0 f1=0.00 iters=1 score=8 exit=score_threshold final=\boxed{Dave Koz}
[560/2417  23.2% elapsed=6m52s eta=22m47s] id=2hop__132854_417697 em=0 f1=0.67 iters=1 score=8 exit=score_threshold final=\boxed{Nissan}
[561/2417  23.2% elapsed=6m52s eta=22m43s] id=2hop__75169_92673 em=0 f1=0.00 iters=1 score=8 exit=score_threshold final=\boxed{Greenwich Meridian}
[562/2417  23.3% elapsed=6m52s eta=22m40s] id=2hop__136179_13529 em=1 f1=1.00 iters=1 score=10 exit=score_threshold final=\boxed{June 1982}
[563/2417  23.3% elapsed=6m52s eta=22m37s] id=2hop__367318_7292 em=0 f1=0.00 iters=1 score=8 exit=score_threshold final=\boxed{Dave Koz}
[564/2417  23.3% elapsed=6m53s eta=22m37s] id=2hop__88834_425488 em=1 f1=1.00 iters=1 score=8 exit=score_threshold final=\boxed{Terri Irwin}
[565/2417  23.4% elapsed=6m53s eta=22m34s] id=2hop__35989_623159 em=1 f1=1.00 iters=2 score=8 exit=score_threshold final=\boxed{Yaroslavl Oblast}
[566/2417  23.4% elapsed=6m53s eta=22m31s] id=2hop__3737_13529 em=1 f1=1.00 iters=1 score=8 exit=score_threshold final=\boxed{June 1982}
[567/2417  23.5% elapsed=6m54s eta=22m29s] id=2hop__88834_356793 em=1 f1=1.00 iters=1 score=8 exit=score_threshold final=\boxed{Steve Irwin}
[568/2417  23.5% elapsed=6m54s eta=22m27s] id=2hop__3739_13529 em=1 f1=1.00 iters=1 score=8 exit=score_threshold final=\boxed{June 1982}
[569/2417  23.5% elapsed=6m54s eta=22m25s] id=2hop__53937_92673 em=0 f1=0.40 iters=1 score=8 exit=score_threshold final=\boxed{North Pole}
[570/2417  23.6% elapsed=6m54s eta=22m22s] id=2hop__70338_160040 em=0 f1=0.00 iters=3 score=6 exit=max_iterations final=\boxed{The Bible}
[571/2417  23.6% elapsed=6m58s eta=22m32s] id=2hop__133102_417697 em=1 f1=1.00 iters=1 score=8 exit=score_threshold final=\boxed{Nissan Altima}
[572/2417  23.7% elapsed=7m05s eta=22m51s] id=2hop__89657_289940 em=0 f1=0.33 iters=2 score=9 exit=score_threshold final=\boxed{New York Giants}
[573/2417  23.7% elapsed=7m05s eta=22m48s] id=2hop__9223_9237 em=1 f1=1.00 iters=1 score=9 exit=score_threshold final=\boxed{September 2012}
[574/2417  23.7% elapsed=7m05s eta=22m46s] id=2hop__642686_7292 em=1 f1=1.00 iters=2 score=8 exit=score_threshold final=\boxed{George Benson}
[575/2417  23.8% elapsed=7m06s eta=22m44s] id=2hop__781079_9237 em=1 f1=1.00 iters=1 score=9 exit=score_threshold final=\boxed{September 2012}
[576/2417  23.8% elapsed=7m06s eta=22m41s] id=2hop__135963_486257 em=0 f1=0.67 iters=1 score=8 exit=score_threshold final=\boxed{quantum physics}
[577/2417  23.9% elapsed=7m06s eta=22m38s] id=2hop__301011_820181 em=1 f1=1.00 iters=1 score=8 exit=score_threshold final=\boxed{Norton County}
[578/2417  23.9% elapsed=7m06s eta=22m35s] id=2hop__84971_67668 em=1 f1=1.00 iters=1 score=9 exit=score_threshold final=\boxed{Nightwing / Dick Grayson}
[579/2417  24.0% elapsed=7m06s eta=22m33s] id=2hop__29606_600504 em=0 f1=0.00 iters=1 score=10 exit=score_threshold final=\boxed{Physics}
[580/2417  24.0% elapsed=7m06s eta=22m30s] id=2hop__88632_67668 em=1 f1=1.00 iters=1 score=8 exit=score_threshold final=\boxed{Nightwing / Dick Grayson}
[581/2417  24.0% elapsed=7m07s eta=22m28s] id=2hop__556426_9237 em=1 f1=1.00 iters=1 score=8 exit=score_threshold final=\boxed{September 2012}
[582/2417  24.1% elapsed=7m07s eta=22m25s] id=2hop__57209_67668 em=1 f1=1.00 iters=1 score=10 exit=score_threshold final=\boxed{Nightwing / Dick Grayson}
[583/2417  24.1% elapsed=7m07s eta=22m23s] id=2hop__263728_705527 em=0 f1=0.00 iters=2 score=8 exit=score_threshold final=\boxed{Not explicitly mentioned}
[584/2417  24.2% elapsed=7m07s eta=22m21s] id=2hop__82766_67668 em=1 f1=1.00 iters=1 score=8 exit=score_threshold final=\boxed{Nightwing / Dick Grayson}
[585/2417  24.2% elapsed=7m07s eta=22m18s] id=2hop__37353_23241 em=0 f1=0.00 iters=1 score=8 exit=score_threshold final=\boxed{The question is based on a misunderstanding, as there
[586/2417  24.2% elapsed=7m07s eta=22m15s] id=2hop__754826_7292 em=0 f1=0.00 iters=2 score=8 exit=score_threshold final=\boxed{Arturo Tappin}
[587/2417  24.3% elapsed=7m07s eta=22m12s] id=2hop__38030_23241 em=0 f1=0.00 iters=1 score=8 exit=score_threshold final=\boxed{49.3%}
[588/2417  24.3% elapsed=7m08s eta=22m10s] id=2hop__160151_23241 em=0 f1=0.80 iters=1 score=8 exit=score_threshold final=\boxed{48.8}
[589/2417  24.4% elapsed=7m08s eta=22m08s] id=2hop__42464_718451 em=0 f1=0.00 iters=1 score=8 exit=score_threshold final=\boxed{physics}
[590/2417  24.4% elapsed=7m08s eta=22m06s] id=2hop__6744_6731 em=0 f1=0.33 iters=3 score=5 exit=max_iterations final=\boxed{Western Catalan}
[591/2417  24.5% elapsed=7m08s eta=22m03s] id=2hop__243084_523417 em=0 f1=0.00 iters=1 score=8 exit=score_threshold final=\boxed{Rurouni Kenshin}
[592/2417  24.5% elapsed=7m09s eta=22m02s] id=2hop__22930_23241 em=0 f1=0.80 iters=1 score=8 exit=score_threshold final=\boxed{48.8}
[593/2417  24.5% elapsed=7m09s eta=21m59s] id=2hop__160292_23241 em=0 f1=0.00 iters=1 score=8 exit=score_threshold final=\boxed{49.3}
[594/2417  24.6% elapsed=7m09s eta=21m56s] id=2hop__9238_9237 em=1 f1=1.00 iters=2 score=8 exit=score_threshold final=\boxed{September 2012}
[595/2417  24.6% elapsed=7m09s eta=21m53s] id=2hop__31085_23241 em=0 f1=0.80 iters=1 score=8 exit=score_threshold final=\boxed{48.8%}
[596/2417  24.7% elapsed=7m09s eta=21m52s] id=2hop__132969_417697 em=1 f1=1.00 iters=2 score=8 exit=score_threshold final=\boxed{Nissan Altima}
[597/2417  24.7% elapsed=7m13s eta=21m59s] id=2hop__301587_233146 em=0 f1=0.67 iters=1 score=8 exit=score_threshold final=\boxed{Mayer Amschel Rothschild}
[598/2417  24.7% elapsed=7m16s eta=22m05s] id=2hop__142130_67668 em=0 f1=0.00 iters=2 score=8 exit=score_threshold final=\boxed{Neil Patrick Harris}
[599/2417  24.8% elapsed=7m19s eta=22m13s] id=2hop__96812_130869 em=0 f1=0.00 iters=1 score=10 exit=score_threshold final=\boxed{Massachusetts}
[600/2417  24.8% elapsed=7m19s eta=22m11s] id=2hop__29873_679424 em=0 f1=0.67 iters=1 score=9 exit=score_threshold final=\boxed{Serbia}
[601/2417  24.9% elapsed=7m20s eta=22m08s] id=2hop__13353_85402 em=1 f1=1.00 iters=1 score=8 exit=score_threshold final=\boxed{Brussels}
[602/2417  24.9% elapsed=7m20s eta=22m06s] id=2hop__123145_66723 em=1 f1=1.00 iters=1 score=8 exit=score_threshold final=\boxed{James Howard Meredith}
[603/2417  24.9% elapsed=7m20s eta=22m03s] id=2hop__6265_718451 em=0 f1=0.00 iters=2 score=8 exit=score_threshold final=\boxed{chemistry}
[604/2417  25.0% elapsed=7m20s eta=22m00s] id=2hop__463353_66723 em=1 f1=1.00 iters=1 score=9 exit=score_threshold final=\boxed{James Meredith}
[605/2417  25.0% elapsed=7m20s eta=21m59s] id=2hop__92590_43786 em=1 f1=1.00 iters=1 score=9 exit=score_threshold final=\boxed{Washington, D.C.}
[606/2417  25.1% elapsed=7m20s eta=21m56s] id=2hop__123145_80420 em=1 f1=1.00 iters=1 score=9 exit=score_threshold final=\boxed{James Meredith}
[607/2417  25.1% elapsed=7m20s eta=21m53s] id=2hop__49409_67668 em=0 f1=0.00 iters=2 score=8 exit=score_threshold final=\boxed{Joker}
[608/2417  25.2% elapsed=7m21s eta=21m52s] id=2hop__373544_66723 em=1 f1=1.00 iters=1 score=8 exit=score_threshold final=\boxed{James Meredith}
[609/2417  25.2% elapsed=7m21s eta=21m49s] id=2hop__326140_9237 em=1 f1=1.00 iters=2 score=8 exit=score_threshold final=\boxed{September 2012}
[610/2417  25.2% elapsed=7m21s eta=21m47s] id=2hop__166484_798067 em=0 f1=0.80 iters=1 score=8 exit=score_threshold final=\boxed{Jinjiang, Fujian Province}
[611/2417  25.3% elapsed=7m21s eta=21m44s] id=2hop__280451_84616 em=0 f1=0.77 iters=1 score=8 exit=score_threshold final=\boxed{1954 Tony Award for Best Performance by a Leading Act
[612/2417  25.3% elapsed=7m22s eta=21m42s] id=2hop__428940_135373 em=0 f1=0.50 iters=1 score=8 exit=score_threshold final=\boxed{Bering Sea}
[613/2417  25.4% elapsed=7m22s eta=21m40s] id=2hop__9014_679424 em=0 f1=0.67 iters=1 score=8 exit=score_threshold final=\boxed{Serbia}
[614/2417  25.4% elapsed=7m22s eta=21m38s] id=2hop__51113_84616 em=0 f1=0.18 iters=1 score=8 exit=score_threshold final=\boxed{Ondine}
[615/2417  25.4% elapsed=7m23s eta=21m37s] id=2hop__827940_277334 em=0 f1=0.00 iters=3 score=6 exit=max_iterations final=\boxed{Merla Zellerbach}
[616/2417  25.5% elapsed=7m23s eta=21m35s] id=2hop__43579_289940 em=0 f1=0.00 iters=3 score=6 exit=max_iterations final=\boxed{Dallas Cowboys}
[617/2417  25.5% elapsed=7m32s eta=22m00s] id=2hop__47257_43786 em=0 f1=0.67 iters=2 score=8 exit=score_threshold final=\boxed{The Washington Post}
[618/2417  25.6% elapsed=7m33s eta=21m58s] id=2hop__463353_80420 em=1 f1=1.00 iters=2 score=9 exit=score_threshold final=\boxed{James Meredith}
[619/2417  25.6% elapsed=7m33s eta=21m56s] id=2hop__128420_375952 em=0 f1=0.33 iters=2 score=8 exit=score_threshold final=\boxed{Los Alamos County}
[620/2417  25.7% elapsed=7m33s eta=21m54s] id=2hop__77263_84616 em=0 f1=0.95 iters=2 score=8 exit=score_threshold final=\boxed{Best Performance by a Leading Actress in a Play for '
[621/2417  25.7% elapsed=7m34s eta=21m52s] id=2hop__373544_80420 em=1 f1=1.00 iters=2 score=8 exit=score_threshold final=\boxed{James Meredith}
[622/2417  25.7% elapsed=7m34s eta=21m50s] id=2hop__747306_72813 em=0 f1=0.00 iters=1 score=8 exit=score_threshold final=\boxed{Bobby Brown}
[623/2417  25.8% elapsed=7m34s eta=21m48s] id=2hop__59366_71206 em=0 f1=0.00 iters=2 score=8 exit=score_threshold final=\boxed{John Carroll Lynch}
[624/2417  25.8% elapsed=7m35s eta=21m46s] id=2hop__848156_130869 em=0 f1=0.00 iters=2 score=8 exit=score_threshold final=\boxed{District of Columbia}
[625/2417  25.9% elapsed=7m35s eta=21m44s] id=2hop__62369_84616 em=0 f1=0.76 iters=2 score=8 exit=score_threshold final=\boxed{1954 Tony Award for Best Performance by a Leading Act
[626/2417  25.9% elapsed=7m35s eta=21m42s] id=2hop__840174_78851 em=0 f1=0.00 iters=1 score=8 exit=score_threshold final=\boxed{Chicago Bulls}
[627/2417  25.9% elapsed=7m35s eta=21m39s] id=2hop__81825_49084 em=1 f1=1.00 iters=1 score=8 exit=score_threshold final=\boxed{Liam Garrigan}
[628/2417  26.0% elapsed=7m35s eta=21m37s] id=2hop__864101_135373 em=0 f1=0.50 iters=2 score=8 exit=score_threshold final=\boxed{Bering Sea}
[629/2417  26.0% elapsed=7m46s eta=22m05s] id=2hop__2150_78851 em=0 f1=0.00 iters=2 score=8 exit=score_threshold final=\boxed{Washington Capitals}
[630/2417  26.1% elapsed=7m46s eta=22m03s] id=2hop__10620_49084 em=1 f1=1.00 iters=1 score=8 exit=score_threshold final=\boxed{Liam Garrigan}
[631/2417  26.1% elapsed=7m47s eta=22m00s] id=2hop__96414_47902 em=1 f1=1.00 iters=2 score=9 exit=score_threshold final=\boxed{Matt Damon}
[632/2417  26.1% elapsed=7m47s eta=21m58s] id=2hop__2148_78851 em=0 f1=0.80 iters=2 score=8 exit=score_threshold final=\boxed{Brooklyn Nets}
[633/2417  26.2% elapsed=7m47s eta=21m56s] id=2hop__730788_72813 em=1 f1=1.00 iters=2 score=8 exit=score_threshold final=\boxed{Western District uniformed officer}
[634/2417  26.2% elapsed=7m47s eta=21m53s] id=2hop__7906_78851 em=0 f1=0.00 iters=2 score=8 exit=score_threshold final=\boxed{Pittsburgh Condors}
[635/2417  26.3% elapsed=7m47s eta=21m52s] id=2hop__460091_405771 em=0 f1=0.00 iters=1 score=8 exit=score_threshold final=\boxed{Archostemata}
[636/2417  26.3% elapsed=7m48s eta=21m49s] id=2hop__96414_159054 em=1 f1=1.00 iters=2 score=8 exit=score_threshold final=\boxed{The novel of the same name by Robert Ludlum}
[637/2417  26.4% elapsed=7m48s eta=21m47s] id=2hop__683203_72813 em=0 f1=0.00 iters=2 score=8 exit=score_threshold final=\boxed{There is no clear evidence that Bobby Brown is associ
[638/2417  26.4% elapsed=7m48s eta=21m45s] id=2hop__96411_47902 em=0 f1=0.00 iters=2 score=8 exit=score_threshold final=\boxed{Jason Bourne}
[639/2417  26.4% elapsed=7m48s eta=21m43s] id=2hop__10620_79092 em=0 f1=0.00 iters=2 score=8 exit=score_threshold final=\boxed{1907}
[640/2417  26.5% elapsed=7m48s eta=21m40s] id=2hop__244193_461106 em=1 f1=1.00 iters=3 score=6 exit=max_iterations final=\boxed{Greek Revival}
[641/2417  26.5% elapsed=7m49s eta=21m38s] id=2hop__96411_159054 em=0 f1=0.44 iters=2 score=8 exit=score_threshold final=\boxed{The Jason Bourne series created by Robert Ludlum}
[642/2417  26.6% elapsed=7m49s eta=21m36s] id=2hop__544760_35739 em=1 f1=1.00 iters=1 score=8 exit=score_threshold final=\boxed{September 2013}
[643/2417  26.6% elapsed=7m49s eta=21m34s] id=2hop__82713_84616 em=0 f1=0.43 iters=3 score=6 exit=max_iterations final=\boxed{Best Actress in a Musical}
[644/2417  26.6% elapsed=7m49s eta=21m32s] id=2hop__128342_375952 em=0 f1=0.33 iters=3 score=6 exit=max_iterations final=\boxed{Los Alamos County}
[645/2417  26.7% elapsed=7m50s eta=21m30s] id=2hop__2299_1783 em=1 f1=1.00 iters=1 score=8 exit=score_threshold final=\boxed{Fiorello La Guardia}
[646/2417  26.7% elapsed=7m50s eta=21m28s] id=2hop__81379_84616 em=0 f1=0.82 iters=3 score=5 exit=max_iterations final=\boxed{Best Performance by a Leading Actress in a Play}
[647/2417  26.8% elapsed=7m54s eta=21m35s] id=2hop__161915_78851 em=0 f1=0.00 iters=3 score=8 exit=score_threshold final=\boxed{Milwaukee Badgers}
[648/2417  26.8% elapsed=7m54s eta=21m35s] id=2hop__532383_768138 em=0 f1=0.00 iters=3 score=6 exit=max_iterations final=\boxed{Unknown}
[649/2417  26.9% elapsed=7m55s eta=21m34s] id=2hop__96410_159054 em=0 f1=0.00 iters=3 score=6 exit=max_iterations final=\boxed{The Bourne Betrayal}
[650/2417  26.9% elapsed=7m55s eta=21m32s] id=2hop__612719_6455 em=0 f1=0.50 iters=2 score=8 exit=score_threshold final=\boxed{Mozilla Thunderbird}
[651/2417  26.9% elapsed=7m56s eta=21m31s] id=2hop__158275_35739 em=1 f1=1.00 iters=2 score=8 exit=score_threshold final=\boxed{September 2013}
[652/2417  27.0% elapsed=8m00s eta=21m40s] id=2hop__765180_123956 em=1 f1=1.00 iters=1 score=10 exit=score_threshold final=\boxed{15 February 1942}
[653/2417  27.0% elapsed=8m01s eta=21m38s] id=2hop__61714_64633 em=1 f1=1.00 iters=1 score=8 exit=score_threshold final=\boxed{The Negotiation}
[654/2417  27.1% elapsed=8m01s eta=21m36s] id=2hop__242753_658778 em=0 f1=0.80 iters=1 score=9 exit=score_threshold final=\boxed{Vienna Secession movement}
[655/2417  27.1% elapsed=8m01s eta=21m33s] id=2hop__37656_160040 em=0 f1=0.00 iters=1 score=8 exit=score_threshold final=\boxed{Sébastien Fath}
[656/2417  27.1% elapsed=8m01s eta=21m32s] id=2hop__96410_47902 em=1 f1=1.00 iters=3 score=6 exit=max_iterations final=\boxed{Matt Damon}
[657/2417  27.2% elapsed=8m01s eta=21m30s] id=2hop__820739_250752 em=0 f1=0.00 iters=3 score=6 exit=max_iterations final=\boxed{Unknown}
[658/2417  27.2% elapsed=8m01s eta=21m27s] id=2hop__816977_6455 em=1 f1=1.00 iters=1 score=8 exit=score_threshold final=\boxed{Firefox}
[659/2417  27.3% elapsed=8m02s eta=21m25s] id=2hop__22885_36240 em=1 f1=1.00 iters=1 score=8 exit=score_threshold final=\boxed{Genesis 3:15}
[660/2417  27.3% elapsed=8m02s eta=21m24s] id=2hop__61714_89309 em=1 f1=1.00 iters=1 score=8 exit=score_threshold final=\boxed{October 8, 2009}
[661/2417  27.3% elapsed=8m02s eta=21m21s] id=2hop__61714_42553 em=0 f1=0.00 iters=1 score=8 exit=score_threshold final=\boxed{4th and 5th episodes}
[662/2417  27.4% elapsed=8m03s eta=21m19s] id=2hop__744371_78851 em=0 f1=0.80 iters=3 score=6 exit=max_iterations final=\boxed{Brooklyn Nets}
[663/2417  27.4% elapsed=8m03s eta=21m17s] id=2hop__808562_72813 em=0 f1=0.00 iters=3 score=4 exit=max_iterations final=\boxed{Bobby Brown}
[664/2417  27.5% elapsed=8m03s eta=21m15s] id=2hop__61714_52026 em=1 f1=1.00 iters=1 score=8 exit=score_threshold final=\boxed{Niagara}
[665/2417  27.5% elapsed=8m05s eta=21m18s] id=2hop__141456_6455 em=1 f1=1.00 iters=3 score=7 exit=max_iterations final=\boxed{Firefox}
[666/2417  27.6% elapsed=8m07s eta=21m21s] id=2hop__265989_531490 em=1 f1=1.00 iters=1 score=9 exit=score_threshold final=\boxed{Jane Greer}
[667/2417  27.6% elapsed=8m08s eta=21m19s] id=2hop__752214_639679 em=0 f1=0.00 iters=2 score=8 exit=score_threshold final=\boxed{Unknown}
[668/2417  27.6% elapsed=8m12s eta=21m29s] id=2hop__520033_123956 em=1 f1=1.00 iters=2 score=8 exit=score_threshold final=\boxed{15 February 1942}
[669/2417  27.7% elapsed=8m12s eta=21m27s] id=2hop__22885_160040 em=0 f1=0.00 iters=2 score=8 exit=score_threshold final=\boxed{Isaac ben Abraham}
[670/2417  27.7% elapsed=8m13s eta=21m25s] id=2hop__323534_810083 em=1 f1=1.00 iters=1 score=9 exit=score_threshold final=\boxed{Scranton, Pennsylvania}
[671/2417  27.8% elapsed=8m13s eta=21m22s] id=2hop__829358_754719 em=0 f1=0.00 iters=2 score=9 exit=score_threshold final=\boxed{Municipality of Pedro Leopoldo}
[672/2417  27.8% elapsed=8m13s eta=21m20s] id=2hop__748615_123956 em=1 f1=1.00 iters=2 score=8 exit=score_threshold final=\boxed{15 February 1942}
[673/2417  27.8% elapsed=8m13s eta=21m19s] id=2hop__32887_578772 em=0 f1=0.00 iters=1 score=8 exit=score_threshold final=\boxed{Tang dynasty}
[674/2417  27.9% elapsed=8m14s eta=21m16s] id=2hop__215896_460425 em=0 f1=0.67 iters=1 score=10 exit=score_threshold final=\boxed{Fort Lee, New Jersey}
[675/2417  27.9% elapsed=8m14s eta=21m14s] id=2hop__486392_35739 em=0 f1=0.00 iters=2 score=8 exit=score_threshold final=\boxed{August 1, 2012}
[676/2417  28.0% elapsed=8m14s eta=21m13s] id=2hop__846921_160249 em=0 f1=0.25 iters=1 score=8 exit=score_threshold final=\boxed{280 BC and 279 BC}
[677/2417  28.0% elapsed=8m14s eta=21m10s] id=2hop__58168_1783 em=1 f1=1.00 iters=3 score=7 exit=max_iterations final=\boxed{Fiorello La Guardia}
[678/2417  28.1% elapsed=8m14s eta=21m08s] id=2hop__14078_49084 em=0 f1=0.00 iters=3 score=6 exit=max_iterations final=\boxed{Matthew Cuthbert}
[679/2417  28.1% elapsed=8m15s eta=21m07s] id=2hop__61714_80069 em=0 f1=0.25 iters=2 score=8 exit=score_threshold final=\boxed{Season 6, Episodes 4-5}
[680/2417  28.1% elapsed=8m15s eta=21m05s] id=2hop__223655_463572 em=1 f1=1.00 iters=1 score=8 exit=score_threshold final=\boxed{MGM Records}
[681/2417  28.2% elapsed=8m16s eta=21m04s] id=2hop__34594_160249 em=0 f1=0.33 iters=1 score=8 exit=score_threshold final=\boxed{280–275 BC}
[682/2417  28.2% elapsed=8m17s eta=21m04s] id=2hop__58168_38663 em=0 f1=0.00 iters=3 score=6 exit=max_iterations final=\boxed{50%}
[683/2417  28.3% elapsed=8m17s eta=21m01s] id=2hop__136067_160249 em=0 f1=0.50 iters=1 score=8 exit=score_threshold final=\boxed{280 BC to 272 BC}
[684/2417  28.3% elapsed=8m19s eta=21m05s] id=2hop__829474_123956 em=0 f1=0.00 iters=3 score=6 exit=max_iterations final=\boxed{No battle date is associated with Muhammad Shobran's 
[685/2417  28.3% elapsed=8m20s eta=21m04s] id=2hop__61714_53995 em=0 f1=0.00 iters=2 score=8 exit=score_threshold final=\boxed{Season 6}
[686/2417  28.4% elapsed=8m20s eta=21m03s] id=2hop__6736_6733 em=0 f1=0.00 iters=2 score=8 exit=score_threshold final=\boxed{Barcelona province}
[687/2417  28.4% elapsed=8m21s eta=21m01s] id=2hop__6735_6733 em=1 f1=1.00 iters=2 score=8 exit=score_threshold final=\boxed{Eastern block}
[688/2417  28.5% elapsed=8m22s eta=21m01s] id=2hop__32887_235620 em=1 f1=1.00 iters=2 score=8 exit=score_threshold final=\boxed{Emperor Zhaozong of Tang}
[689/2417  28.5% elapsed=8m22s eta=20m59s] id=2hop__37656_36240 em=0 f1=0.00 iters=3 score=6 exit=max_iterations final=\boxed{None}
[690/2417  28.5% elapsed=8m22s eta=20m58s] id=2hop__34595_160249 em=0 f1=0.25 iters=2 score=9 exit=score_threshold final=\boxed{280 BC to 275 BC}
[691/2417  28.6% elapsed=8m24s eta=20m59s] id=2hop__135993_160249 em=1 f1=1.00 iters=2 score=8 exit=score_threshold final=\boxed{323–272 BC}
[692/2417  28.6% elapsed=8m28s eta=21m05s] id=2hop__44590_510545 em=0 f1=0.00 iters=3 score=6 exit=max_iterations final=\boxed{Unknown}
[693/2417  28.7% elapsed=8m28s eta=21m04s] id=2hop__249867_557232 em=0 f1=0.00 iters=1 score=10 exit=score_threshold final=\boxed{United States}
[694/2417  28.7% elapsed=8m28s eta=21m02s] id=2hop__80860_510545 em=0 f1=0.00 iters=3 score=8 exit=score_threshold final=\boxed{Unknown}
[695/2417  28.8% elapsed=8m29s eta=21m00s] id=2hop__806869_56873 em=1 f1=1.00 iters=1 score=8 exit=score_threshold final=\boxed{1898 and 1959}
[696/2417  28.8% elapsed=8m29s eta=20m58s] id=2hop__68322_510545 em=0 f1=0.00 iters=2 score=8 exit=score_threshold final=\boxed{Marcia Jean Jackson}
[697/2417  28.8% elapsed=8m29s eta=20m55s] id=2hop__6750_6733 em=1 f1=1.00 iters=3 score=8 exit=score_threshold final=\boxed{Eastern block}
[698/2417  28.9% elapsed=8m29s eta=20m54s] id=2hop__73719_510545 em=0 f1=0.00 iters=2 score=8 exit=score_threshold final=\boxed{Unknown}
[699/2417  28.9% elapsed=8m30s eta=20m53s] id=2hop__96177_62765 em=1 f1=1.00 iters=1 score=8 exit=score_threshold final=\boxed{Dathan}
[700/2417  29.0% elapsed=8m30s eta=20m50s] id=2hop__557284_160249 em=0 f1=0.00 iters=2 score=8 exit=score_threshold final=\boxed{5th century BCE}
[701/2417  29.0% elapsed=8m30s eta=20m48s] id=2hop__96137_62765 em=1 f1=1.00 iters=1 score=8 exit=score_threshold final=\boxed{Dathan}
[702/2417  29.0% elapsed=8m35s eta=20m57s] id=2hop__72487_510545 em=0 f1=0.00 iters=3 score=6 exit=max_iterations final=\boxed{Not available}
[703/2417  29.1% elapsed=8m39s eta=21m06s] id=2hop__80673_510545 em=0 f1=0.00 iters=2 score=8 exit=score_threshold final=\boxed{Unknown}
[704/2417  29.1% elapsed=8m40s eta=21m05s] id=2hop__92900_512508 em=0 f1=0.00 iters=1 score=8 exit=score_threshold final=\boxed{Tube Alloys}
[705/2417  29.2% elapsed=8m40s eta=21m03s] id=2hop__95673_62765 em=0 f1=0.00 iters=2 score=10 exit=score_threshold final=\boxed{Edward G. Robinson}
[706/2417  29.2% elapsed=8m40s eta=21m01s] id=2hop__216959_204037 em=0 f1=0.57 iters=2 score=10 exit=score_threshold final=\boxed{Daniel Darc and Mirwais Ahmadzaï}
[707/2417  29.3% elapsed=8m41s eta=20m59s] id=2hop__96177_121319 em=0 f1=0.67 iters=2 score=8 exit=score_threshold final=\boxed{Townsend Harris High School and the City College of N
[708/2417  29.3% elapsed=8m41s eta=20m57s] id=2hop__59133_512508 em=0 f1=0.00 iters=1 score=8 exit=score_threshold final=\boxed{Atomic theory}
[709/2417  29.3% elapsed=8m41s eta=20m54s] id=2hop__95673_121319 em=0 f1=0.67 iters=2 score=8 exit=score_threshold final=\boxed{Townsend Harris High School and the City College of N
[710/2417  29.4% elapsed=8m41s eta=20m52s] id=2hop__96137_121319 em=1 f1=1.00 iters=2 score=8 exit=score_threshold final=\boxed{American Academy of Dramatic Arts}
[711/2417  29.4% elapsed=8m41s eta=20m50s] id=2hop__50432_56873 em=0 f1=0.33 iters=2 score=9 exit=score_threshold final=\boxed{2 May 1959}
[712/2417  29.5% elapsed=8m42s eta=20m49s] id=2hop__29893_29898 em=0 f1=0.67 iters=2 score=8 exit=score_threshold final=\boxed{CFJC-TV}
[713/2417  29.5% elapsed=8m42s eta=20m47s] id=2hop__122140_37168 em=1 f1=1.00 iters=1 score=8 exit=score_threshold final=\boxed{551-600}
[714/2417  29.5% elapsed=8m42s eta=20m44s] id=2hop__121386_37168 em=0 f1=0.00 iters=1 score=8 exit=score_threshold final=\boxed{401-500}
[715/2417  29.6% elapsed=8m42s eta=20m43s] id=2hop__442175_56873 em=1 f1=1.00 iters=2 score=8 exit=score_threshold final=\boxed{1898 and 1959}
[716/2417  29.6% elapsed=8m42s eta=20m41s] id=2hop__815205_590407 em=0 f1=0.67 iters=1 score=8 exit=score_threshold final=\boxed{Bethesda, Maryland}
[717/2417  29.7% elapsed=8m43s eta=20m39s] id=2hop__337223_56873 em=0 f1=0.50 iters=2 score=8 exit=score_threshold final=\boxed{1959}
[718/2417  29.7% elapsed=8m43s eta=20m38s] id=2hop__23459_35123 em=1 f1=1.00 iters=1 score=10 exit=score_threshold final=\boxed{980–1037}
[719/2417  29.7% elapsed=8m44s eta=20m38s] id=2hop__29893_29905 em=0 f1=0.00 iters=2 score=8 exit=score_threshold final=\boxed{15}
[720/2417  29.8% elapsed=8m46s eta=20m39s] id=2hop__122565_37168 em=1 f1=1.00 iters=2 score=9 exit=score_threshold final=\boxed{551-600}
[721/2417  29.8% elapsed=8m52s eta=20m51s] id=2hop__85993_512508 em=0 f1=0.40 iters=2 score=8 exit=score_threshold final=\boxed{Tube Alloys project}
[722/2417  29.9% elapsed=8m52s eta=20m48s] id=2hop__122651_141338 em=1 f1=1.00 iters=1 score=8 exit=score_threshold final=\boxed{City University of New York}
[723/2417  29.9% elapsed=8m52s eta=20m46s] id=2hop__403580_37168 em=1 f1=1.00 iters=2 score=8 exit=score_threshold final=\boxed{551-600}
[724/2417  30.0% elapsed=8m52s eta=20m45s] id=2hop__216256_141338 em=1 f1=1.00 iters=1 score=9 exit=score_threshold final=\boxed{City University of New York}
[725/2417  30.0% elapsed=8m53s eta=20m43s] id=2hop__835171_141338 em=1 f1=1.00 iters=1 score=9 exit=score_threshold final=\boxed{City University of New York}
[726/2417  30.0% elapsed=8m53s eta=20m41s] id=2hop__333020_69048 em=0 f1=0.00 iters=1 score=8 exit=score_threshold final=\boxed{Rosaline Bozimo}
[727/2417  30.1% elapsed=8m53s eta=20m39s] id=2hop__699172_141338 em=1 f1=1.00 iters=1 score=10 exit=score_threshold final=\boxed{City University of New York}
[728/2417  30.1% elapsed=8m53s eta=20m37s] id=2hop__462179_643013 em=0 f1=0.00 iters=2 score=8 exit=score_threshold final=\boxed{Przemków Landscape Park}
[729/2417  30.2% elapsed=8m54s eta=20m36s] id=2hop__23459_22946 em=1 f1=1.00 iters=1 score=8 exit=score_threshold final=\boxed{George Sarton}
[730/2417  30.2% elapsed=8m54s eta=20m33s] id=2hop__327688_56873 em=0 f1=0.00 iters=3 score=8 exit=score_threshold final=\boxed{No FA Cup win recorded for the team Craig Westcarr pl
[731/2417  30.2% elapsed=8m54s eta=20m31s] id=2hop__226204_69048 em=0 f1=0.00 iters=1 score=8 exit=score_threshold final=\boxed{Rosaline Bozimo}
[732/2417  30.3% elapsed=8m54s eta=20m29s] id=2hop__686395_141338 em=1 f1=1.00 iters=1 score=9 exit=score_threshold final=\boxed{City University of New York}
[733/2417  30.3% elapsed=8m54s eta=20m27s] id=2hop__562154_69048 em=0 f1=0.00 iters=1 score=8 exit=score_threshold final=\boxed{Rosaline Patricia Irorefe Bozimo}
[734/2417  30.4% elapsed=8m54s eta=20m25s] id=2hop__90773_715759 em=0 f1=0.50 iters=2 score=8 exit=score_threshold final=\boxed{Dayton Project}
[735/2417  30.4% elapsed=8m55s eta=20m24s] id=2hop__862994_69048 em=0 f1=0.00 iters=1 score=8 exit=score_threshold final=\boxed{Rosaline Bozimo}
[736/2417  30.5% elapsed=8m55s eta=20m21s] id=2hop__6870_16335 em=0 f1=0.14 iters=1 score=8 exit=score_threshold final=\boxed{historical intermarriage and shared ancestry}
[737/2417  30.5% elapsed=8m55s eta=20m19s] id=2hop__41158_35124 em=0 f1=0.50 iters=2 score=8 exit=score_threshold final=\boxed{more than 450}
[738/2417  30.5% elapsed=8m55s eta=20m18s] id=2hop__629030_56873 em=0 f1=0.00 iters=3 score=6 exit=max_iterations final=\boxed{1979-80}
[739/2417  30.6% elapsed=8m55s eta=20m16s] id=2hop__23459_35124 em=1 f1=1.00 iters=1 score=8 exit=score_threshold final=\boxed{450}
[740/2417  30.6% elapsed=8m57s eta=20m16s] id=2hop__635185_141338 em=1 f1=1.00 iters=1 score=8 exit=score_threshold final=\boxed{City University of New York}
[741/2417  30.7% elapsed=8m59s eta=20m19s] id=2hop__703767_37168 em=1 f1=1.00 iters=3 score=8 exit=score_threshold final=\boxed{551-600}
[742/2417  30.7% elapsed=9m01s eta=20m20s] id=2hop__60001_512508 em=1 f1=1.00 iters=3 score=6 exit=max_iterations final=\boxed{Manhattan Project}
[743/2417  30.7% elapsed=9m01s eta=20m20s] id=2hop__75781_512508 em=0 f1=0.40 iters=3 score=7 exit=max_iterations final=\boxed{Tube Alloys project}
[744/2417  30.8% elapsed=9m01s eta=20m18s] id=2hop__41158_35123 em=1 f1=1.00 iters=3 score=9 exit=score_threshold final=\boxed{980–1037}
[745/2417  30.8% elapsed=9m02s eta=20m16s] id=2hop__21104_16254 em=0 f1=0.67 iters=1 score=8 exit=score_threshold final=\boxed{92%}
[746/2417  30.9% elapsed=9m06s eta=20m24s] id=2hop__159816_37168 em=0 f1=0.00 iters=3 score=4 exit=max_iterations final=\boxed{Not specified in the provided paragraphs}
[747/2417  30.9% elapsed=9m07s eta=20m22s] id=2hop__58691_192417 em=0 f1=0.40 iters=1 score=10 exit=score_threshold final=\boxed{National Football League (NFL)}
[748/2417  30.9% elapsed=9m07s eta=20m20s] id=2hop__770487_494646 em=1 f1=1.00 iters=1 score=8 exit=score_threshold final=\boxed{Mono County, California}
[749/2417  31.0% elapsed=9m07s eta=20m18s] id=2hop__95172_152907 em=1 f1=1.00 iters=1 score=9 exit=score_threshold final=\boxed{Tunis}
[750/2417  31.0% elapsed=9m07s eta=20m16s] id=2hop__768312_814677 em=1 f1=1.00 iters=1 score=8 exit=score_threshold final=\boxed{ancient Egyptian religion}
[751/2417  31.1% elapsed=9m07s eta=20m14s] id=2hop__611538_152907 em=1 f1=1.00 iters=1 score=8 exit=score_threshold final=\boxed{Tunis}
[752/2417  31.1% elapsed=9m08s eta=20m12s] id=2hop__204493_69048 em=0 f1=0.00 iters=2 score=8 exit=score_threshold final=\boxed{Rosaline Bozimo}
[753/2417  31.2% elapsed=9m08s eta=20m11s] id=2hop__388523_75487 em=1 f1=1.00 iters=1 score=8 exit=score_threshold final=\boxed{Andrew Scheer}
[754/2417  31.2% elapsed=9m08s eta=20m08s] id=2hop__779424_75487 em=1 f1=1.00 iters=1 score=8 exit=score_threshold final=\boxed{Andrew Scheer}
[755/2417  31.2% elapsed=9m08s eta=20m07s] id=2hop__631139_75487 em=1 f1=1.00 iters=1 score=8 exit=score_threshold final=\boxed{Andrew Scheer}
[756/2417  31.3% elapsed=9m09s eta=20m05s] id=2hop__77134_88165 em=1 f1=1.00 iters=1 score=8 exit=score_threshold final=\boxed{Keturah}
[757/2417  31.3% elapsed=9m09s eta=20m03s] id=2hop__491195_265959 em=0 f1=0.00 iters=3 score=6 exit=max_iterations final=\boxed{Unknown}
[758/2417  31.4% elapsed=9m09s eta=20m01s] id=2hop__22431_16335 em=0 f1=0.11 iters=2 score=8 exit=score_threshold final=\boxed{shared Middle Eastern ancestry and historical interma
[759/2417  31.4% elapsed=9m09s eta=19m58s] id=2hop__95970_456836 em=1 f1=1.00 iters=1 score=8 exit=score_threshold final=\boxed{La Goulette}
[760/2417  31.4% elapsed=9m09s eta=19m56s] id=2hop__21104_16335 em=0 f1=0.14 iters=1 score=8 exit=score_threshold final=\boxed{shared ancestry and historical intermarriage}
[761/2417  31.5% elapsed=9m09s eta=19m54s] id=2hop__147212_60904 em=1 f1=1.00 iters=1 score=8 exit=score_threshold final=\boxed{Jack Michel}
[762/2417  31.5% elapsed=9m09s eta=19m52s] id=2hop__315267_277284 em=0 f1=0.80 iters=1 score=8 exit=score_threshold final=\boxed{Tonbridge, Kent, England}
[763/2417  31.6% elapsed=9m10s eta=19m53s] id=2hop__21103_16254 em=0 f1=0.67 iters=1 score=8 exit=score_threshold final=\boxed{92%}
[764/2417  31.6% elapsed=9m10s eta=19m51s] id=2hop__21104_16334 em=0 f1=0.50 iters=1 score=8 exit=score_threshold final=\boxed{Italians}
[765/2417  31.7% elapsed=9m11s eta=19m50s] id=2hop__21103_16334 em=1 f1=1.00 iters=1 score=8 exit=score_threshold final=\boxed{modern-day Italians}
[766/2417  31.7% elapsed=9m12s eta=19m49s] id=2hop__227791_75487 em=1 f1=1.00 iters=1 score=8 exit=score_threshold final=\boxed{Andrew Scheer}
[767/2417  31.7% elapsed=9m13s eta=19m50s] id=2hop__351275_75487 em=1 f1=1.00 iters=1 score=8 exit=score_threshold final=\boxed{Andrew Scheer}
[768/2417  31.8% elapsed=9m15s eta=19m52s] id=2hop__263638_69048 em=0 f1=0.00 iters=3 score=6 exit=max_iterations final=\boxed{Adama Lamikanra}
[769/2417  31.8% elapsed=9m16s eta=19m51s] id=2hop__41158_22946 em=1 f1=1.00 iters=3 score=6 exit=max_iterations final=\boxed{George Sarton}
[770/2417  31.9% elapsed=9m18s eta=19m53s] id=2hop__95172_456836 em=1 f1=1.00 iters=2 score=8 exit=score_threshold final=\boxed{La Goulette}
[771/2417  31.9% elapsed=9m21s eta=19m59s] id=2hop__6956_192417 em=0 f1=0.00 iters=3 score=10 exit=score_threshold final=\boxed{NFL}
[772/2417  31.9% elapsed=9m23s eta=19m59s] id=2hop__21103_16335 em=0 f1=0.14 iters=2 score=8 exit=score_threshold final=\boxed{shared ancestry and historical intermarriage}
[773/2417  32.0% elapsed=9m23s eta=19m58s] id=2hop__157376_643670 em=0 f1=0.00 iters=1 score=8 exit=score_threshold final=\boxed{Nieuwe Maas}
[774/2417  32.0% elapsed=9m23s eta=19m56s] id=2hop__748182_78303 em=0 f1=0.00 iters=1 score=8 exit=score_threshold final=\boxed{Chuck Norris}
[775/2417  32.1% elapsed=9m23s eta=19m54s] id=2hop__159903_154896 em=0 f1=0.50 iters=1 score=8 exit=score_threshold final=\boxed{2009}
[776/2417  32.1% elapsed=9m24s eta=19m52s] id=2hop__502852_75487 em=0 f1=0.00 iters=2 score=8 exit=score_threshold final=\boxed{Stephen Harper}
[777/2417  32.1% elapsed=9m24s eta=19m50s] id=2hop__691639_154896 em=0 f1=0.50 iters=1 score=8 exit=score_threshold final=\boxed{2009}
[778/2417  32.2% elapsed=9m24s eta=19m48s] id=2hop__268084_78303 em=0 f1=0.00 iters=1 score=8 exit=score_threshold final=\boxed{Chuck Norris}
[779/2417  32.2% elapsed=9m24s eta=19m46s] id=2hop__2299_38663 em=1 f1=1.00 iters=2 score=8 exit=score_threshold final=\boxed{54.7%}
[780/2417  32.3% elapsed=9m24s eta=19m44s] id=2hop__73069_88165 em=1 f1=1.00 iters=2 score=8 exit=score_threshold final=\boxed{Keturah}
[781/2417  32.3% elapsed=9m25s eta=19m43s] id=2hop__96194_78303 em=1 f1=1.00 iters=1 score=8 exit=score_threshold final=\boxed{Cordell Walker}
[782/2417  32.4% elapsed=9m25s eta=19m42s] id=2hop__389778_78303 em=0 f1=0.00 iters=1 score=8 exit=score_threshold final=\boxed{Chuck Norris}
[783/2417  32.4% elapsed=9m35s eta=19m59s] id=2hop__582045_161450 em=0 f1=0.00 iters=1 score=9 exit=score_threshold final=\boxed{Golestan Province}
[784/2417  32.4% elapsed=9m35s eta=19m57s] id=2hop__684287_78303 em=0 f1=0.00 iters=2 score=8 exit=score_threshold final=\boxed{Aaron Norris}
[785/2417  32.5% elapsed=9m35s eta=19m55s] id=2hop__607517_161450 em=0 f1=0.00 iters=1 score=8 exit=score_threshold final=\boxed{Golestan Province}
[786/2417  32.5% elapsed=9m35s eta=19m53s] id=2hop__307218_161450 em=0 f1=0.46 iters=1 score=8 exit=score_threshold final=\boxed{north-east of Iran}
[787/2417  32.6% elapsed=9m35s eta=19m51s] id=2hop__131951_643670 em=0 f1=0.00 iters=2 score=8 exit=score_threshold final=\boxed{Nieuwe Maas River}
[788/2417  32.6% elapsed=9m35s eta=19m49s] id=2hop__68162_482364 em=1 f1=1.00 iters=2 score=9 exit=score_threshold final=\boxed{Aeson}
[789/2417  32.6% elapsed=9m36s eta=19m48s] id=2hop__131818_161450 em=0 f1=0.00 iters=1 score=9 exit=score_threshold final=\boxed{Aqqala County, Golestan Province, Iran}
[790/2417  32.7% elapsed=9m36s eta=19m46s] id=2hop__391258_161450 em=0 f1=0.00 iters=1 score=10 exit=score_threshold final=\boxed{Golestan Province}
[791/2417  32.7% elapsed=9m36s eta=19m44s] id=2hop__846415_88165 em=1 f1=1.00 iters=2 score=8 exit=score_threshold final=\boxed{Keturah}
[792/2417  32.8% elapsed=9m36s eta=19m42s] id=2hop__525581_161450 em=0 f1=0.00 iters=1 score=8 exit=score_threshold final=\boxed{Iran}
[793/2417  32.8% elapsed=9m37s eta=19m41s] id=2hop__159903_419949 em=0 f1=0.00 iters=2 score=8 exit=score_threshold final=\boxed{Georgetown}
[794/2417  32.9% elapsed=9m37s eta=19m40s] id=2hop__13353_17738 em=0 f1=0.00 iters=1 score=8 exit=score_threshold final=\boxed{Geluwe}
[795/2417  32.9% elapsed=9m38s eta=19m39s] id=2hop__95970_152907 em=1 f1=1.00 iters=3 score=5 exit=max_iterations final=\boxed{Tunis}
[796/2417  32.9% elapsed=9m48s eta=19m58s] id=2hop__52283_75184 em=1 f1=1.00 iters=1 score=9 exit=score_threshold final=\boxed{Claudia Wells}
[797/2417  33.0% elapsed=9m48s eta=19m56s] id=2hop__329591_91104 em=1 f1=1.00 iters=1 score=8 exit=score_threshold final=\boxed{ATS-6}
[798/2417  33.0% elapsed=9m49s eta=19m54s] id=2hop__682872_516436 em=0 f1=0.00 iters=1 score=9 exit=score_threshold final=\boxed{theoretical physics}
[799/2417  33.1% elapsed=9m49s eta=19m53s] id=2hop__84439_482364 em=1 f1=1.00 iters=2 score=8 exit=score_threshold final=\boxed{Aeson}
[800/2417  33.1% elapsed=9m49s eta=19m51s] id=2hop__386236_350892 em=0 f1=0.44 iters=1 score=9 exit=score_threshold final=\boxed{Eton College and King's College, Cambridge}
[801/2417  33.1% elapsed=9m49s eta=19m49s] id=2hop__93230_319887 em=0 f1=0.91 iters=2 score=8 exit=score_threshold final=\boxed{National Institute of Dramatic Art (NIDA)}
[802/2417  33.2% elapsed=9m50s eta=19m47s] id=2hop__468778_88165 em=0 f1=0.00 iters=3 score=6 exit=max_iterations final=\boxed{Unknown}
[803/2417  33.2% elapsed=9m50s eta=19m46s] id=2hop__575282_114648 em=1 f1=1.00 iters=3 score=6 exit=max_iterations final=\boxed{1583}
[804/2417  33.3% elapsed=9m50s eta=19m44s] id=2hop__80546_75184 em=0 f1=0.00 iters=1 score=8 exit=score_threshold final=\boxed{Elisabeth Shue}
[805/2417  33.3% elapsed=9m50s eta=19m42s] id=2hop__16267_25719 em=1 f1=1.00 iters=2 score=8 exit=score_threshold final=\boxed{406}
[806/2417  33.3% elapsed=9m51s eta=19m40s] id=2hop__51074_75184 em=1 f1=1.00 iters=1 score=8 exit=score_threshold final=\boxed{Claudia Wells}
[807/2417  33.4% elapsed=9m51s eta=19m38s] id=2hop__818302_25719 em=0 f1=0.00 iters=3 score=5 exit=max_iterations final=\boxed{4th century}
[808/2417  33.4% elapsed=9m51s eta=19m36s] id=2hop__108336_772156 em=0 f1=0.00 iters=3 score=8 exit=score_threshold final=\boxed{Not specified in the provided paragraphs}
[809/2417  33.5% elapsed=9m51s eta=19m34s] id=2hop__85325_88165 em=1 f1=1.00 iters=3 score=8 exit=score_threshold final=\boxed{Keturah}
[810/2417  33.5% elapsed=9m51s eta=19m32s] id=2hop__310112_88165 em=0 f1=0.00 iters=3 score=5 exit=max_iterations final=\boxed{Abraham}
[811/2417  33.6% elapsed=9m51s eta=19m29s] id=2hop__64537_482364 em=0 f1=0.00 iters=3 score=4 exit=max_iterations final=\boxed{Unknown}
[812/2417  33.6% elapsed=9m52s eta=19m29s] id=2hop__89460_75184 em=1 f1=1.00 iters=1 score=8 exit=score_threshold final=\boxed{Claudia Wells}
[813/2417  33.6% elapsed=9m52s eta=19m28s] id=2hop__203955_25719 em=0 f1=0.00 iters=3 score=6 exit=max_iterations final=\boxed{The question contains an error, as the Michelsberg cu
[814/2417  33.7% elapsed=9m52s eta=19m26s] id=2hop__47712_25719 em=0 f1=0.00 iters=3 score=6 exit=max_iterations final=\boxed{390–387 BC}
[815/2417  33.7% elapsed=9m52s eta=19m24s] id=2hop__519160_78303 em=0 f1=0.00 iters=3 score=6 exit=max_iterations final=\boxed{Chuck Norris}
[816/2417  33.8% elapsed=9m53s eta=19m24s] id=2hop__603598_25719 em=0 f1=0.00 iters=3 score=8 exit=score_threshold final=\boxed{409}
[817/2417  33.8% elapsed=9m55s eta=19m25s] id=2hop__283_574195 em=0 f1=0.00 iters=3 score=8 exit=score_threshold final=\boxed{Not enough information}
[818/2417  33.8% elapsed=9m56s eta=19m25s] id=2hop__576118_25719 em=0 f1=0.00 iters=3 score=6 exit=max_iterations final=\boxed{409}
[819/2417  33.9% elapsed=9m56s eta=19m23s] id=2hop__286_574195 em=0 f1=0.00 iters=3 score=4 exit=max_iterations final=\boxed{Unknown}
[820/2417  33.9% elapsed=9m59s eta=19m26s] id=2hop__835914_91104 em=0 f1=0.00 iters=3 score=4 exit=max_iterations final=\boxed{Not determinable from the provided information}
[821/2417  34.0% elapsed=10m02s eta=19m31s] id=2hop__71016_75184 em=0 f1=0.00 iters=2 score=8 exit=score_threshold final=\boxed{Elisabeth Shue}
[822/2417  34.0% elapsed=10m03s eta=19m30s] id=2hop__35137_22899 em=0 f1=0.00 iters=1 score=10 exit=score_threshold final=\boxed{10}
[823/2417  34.1% elapsed=10m04s eta=19m30s] id=2hop__35137_22896 em=0 f1=0.00 iters=1 score=8 exit=score_threshold final=\boxed{Balkh}
[824/2417  34.1% elapsed=10m04s eta=19m28s] id=2hop__35137_22932 em=0 f1=0.00 iters=1 score=8 exit=score_threshold final=\boxed{theological interpretation}
[825/2417  34.1% elapsed=10m05s eta=19m27s] id=2hop__123509_5385 em=0 f1=0.00 iters=1 score=8 exit=score_threshold final=\boxed{11900}
[826/2417  34.2% elapsed=10m05s eta=19m26s] id=2hop__35137_22901 em=0 f1=0.67 iters=1 score=8 exit=score_threshold final=\boxed{Sunni Hanafi}
[827/2417  34.2% elapsed=10m06s eta=19m25s] id=2hop__857493_17335 em=1 f1=1.00 iters=1 score=8 exit=score_threshold final=\boxed{323 BC}
[828/2417  34.3% elapsed=10m06s eta=19m23s] id=2hop__35209_17335 em=1 f1=1.00 iters=1 score=8 exit=score_threshold final=\boxed{323 BC}
[829/2417  34.3% elapsed=10m06s eta=19m21s] id=2hop__171254_383727 em=1 f1=1.00 iters=1 score=8 exit=score_threshold final=\boxed{Geoffrey Boleyn}
[830/2417  34.3% elapsed=10m10s eta=19m27s] id=2hop__35137_22943 em=1 f1=1.00 iters=1 score=8 exit=score_threshold final=\boxed{Below the Sun}
[831/2417  34.4% elapsed=10m14s eta=19m32s] id=2hop__35136_35117 em=1 f1=1.00 iters=2 score=10 exit=score_threshold final=\boxed{1213–1288}
[832/2417  34.4% elapsed=10m15s eta=19m32s] id=2hop__685930_110949 em=1 f1=1.00 iters=1 score=10 exit=score_threshold final=\boxed{11 September 1962}
[833/2417  34.5% elapsed=10m15s eta=19m30s] id=2hop__780238_110949 em=1 f1=1.00 iters=1 score=9 exit=score_threshold final=\boxed{11 September 1962}
[834/2417  34.5% elapsed=10m15s eta=19m28s] id=2hop__861047_110949 em=1 f1=1.00 iters=1 score=10 exit=score_threshold final=\boxed{11 September 1962}
[835/2417  34.5% elapsed=10m15s eta=19m26s] id=2hop__635544_110949 em=1 f1=1.00 iters=1 score=10 exit=score_threshold final=\boxed{11 September 1962}
[836/2417  34.6% elapsed=10m16s eta=19m24s] id=2hop__646493_5385 em=0 f1=0.00 iters=2 score=8 exit=score_threshold final=\boxed{The number of people working in the school where Tayl
[837/2417  34.6% elapsed=10m16s eta=19m23s] id=2hop__655505_110949 em=1 f1=1.00 iters=1 score=10 exit=score_threshold final=\boxed{11 September 1962}
[838/2417  34.7% elapsed=10m16s eta=19m21s] id=2hop__48481_319887 em=0 f1=0.77 iters=1 score=8 exit=score_threshold final=\boxed{National Institute of Dramatic Art (NIDA) in Sydney}
[839/2417  34.7% elapsed=10m16s eta=19m19s] id=2hop__35173_17335 em=1 f1=1.00 iters=2 score=8 exit=score_threshold final=\boxed{323 BC}
[840/2417  34.8% elapsed=10m16s eta=19m17s] id=2hop__494659_5385 em=0 f1=0.00 iters=2 score=8 exit=score_threshold final=\boxed{The answer is not available from the provided paragra
[841/2417  34.8% elapsed=10m17s eta=19m16s] id=2hop__35137_22940 em=1 f1=1.00 iters=1 score=8 exit=score_threshold final=\boxed{Kitab al-Shifa}
[842/2417  34.8% elapsed=10m17s eta=19m14s] id=2hop__826864_17335 em=1 f1=1.00 iters=2 score=8 exit=score_threshold final=\boxed{323 BC}
[843/2417  34.9% elapsed=10m17s eta=19m13s] id=2hop__575797_91104 em=1 f1=1.00 iters=3 score=5 exit=max_iterations final=\boxed{ATS-6}
[844/2417  34.9% elapsed=10m17s eta=19m10s] id=2hop__560534_91104 em=0 f1=0.00 iters=3 score=6 exit=max_iterations final=\boxed{PSLV}
[845/2417  35.0% elapsed=10m17s eta=19m08s] id=2hop__449673_91104 em=0 f1=0.00 iters=3 score=6 exit=max_iterations final=\boxed{Compass-M1}
[846/2417  35.0% elapsed=10m17s eta=19m06s] id=2hop__711639_110949 em=0 f1=0.00 iters=1 score=8 exit=score_threshold final=\boxed{between 1895 and 1897}
[847/2417  35.0% elapsed=10m18s eta=19m05s] id=2hop__82910_75184 em=0 f1=0.00 iters=3 score=6 exit=max_iterations final=\boxed{Jennifer Parker}
[848/2417  35.1% elapsed=10m18s eta=19m04s] id=2hop__17508_17335 em=0 f1=0.00 iters=2 score=8 exit=score_threshold final=\boxed{Hellenistic period}
[849/2417  35.1% elapsed=10m21s eta=19m06s] id=2hop__274529_5385 em=0 f1=0.00 iters=3 score=6 exit=max_iterations final=\boxed{Cannot be determined}
[850/2417  35.2% elapsed=10m23s eta=19m08s] id=2hop__123148_5385 em=0 f1=0.00 iters=3 score=6 exit=max_iterations final=\boxed{Unknown}
[851/2417  35.2% elapsed=10m23s eta=19m06s] id=2hop__178922_5385 em=0 f1=0.00 iters=3 score=6 exit=max_iterations final=\boxed{The answer is unknown.}
[852/2417  35.3% elapsed=10m28s eta=19m13s] id=2hop__450608_373421 em=0 f1=0.00 iters=1 score=10 exit=score_threshold final=\boxed{Vilnius County}
[853/2417  35.3% elapsed=10m28s eta=19m11s] id=2hop__51965_165532 em=0 f1=0.00 iters=3 score=4 exit=max_iterations final=\boxed{Unknown}
[854/2417  35.3% elapsed=10m28s eta=19m10s] id=2hop__6827_86319 em=1 f1=1.00 iters=1 score=9 exit=score_threshold final=\boxed{Brian Moynihan}
[855/2417  35.4% elapsed=10m28s eta=19m08s] id=2hop__6827_79845 em=1 f1=1.00 iters=1 score=9 exit=score_threshold final=\boxed{15,900}
[856/2417  35.4% elapsed=10m28s eta=19m06s] id=2hop__95687_2684 em=1 f1=1.00 iters=1 score=8 exit=score_threshold final=\boxed{Donda West Law}
[857/2417  35.5% elapsed=10m29s eta=19m05s] id=2hop__95687_577502 em=1 f1=1.00 iters=1 score=8 exit=score_threshold final=\boxed{Maria Shriver}
[858/2417  35.5% elapsed=10m29s eta=19m03s] id=2hop__695364_513121 em=0 f1=0.50 iters=1 score=9 exit=score_threshold final=\boxed{Richard Ainley}
[859/2417  35.5% elapsed=10m29s eta=19m01s] id=2hop__511296_2684 em=1 f1=1.00 iters=1 score=8 exit=score_threshold final=\boxed{Donda West Law}
[860/2417  35.6% elapsed=10m30s eta=19m00s] id=2hop__74084_75184 em=0 f1=0.00 iters=3 score=8 exit=score_threshold final=\boxed{Sally Field}
[861/2417  35.6% elapsed=10m30s eta=18m58s] id=2hop__623931_656446 em=0 f1=0.00 iters=3 score=4 exit=max_iterations final=\boxed{Unknown}
[862/2417  35.7% elapsed=10m30s eta=18m56s] id=2hop__2682_577502 em=1 f1=1.00 iters=1 score=8 exit=score_threshold final=\boxed{Maria Shriver}
[863/2417  35.7% elapsed=10m30s eta=18m54s] id=2hop__6827_75783 em=1 f1=1.00 iters=1 score=9 exit=score_threshold final=\boxed{July 1, 2008}
[864/2417  35.7% elapsed=10m30s eta=18m52s] id=2hop__6827_88924 em=1 f1=1.00 iters=1 score=8 exit=score_threshold final=\boxed{Brian Moynihan}
[865/2417  35.8% elapsed=10m30s eta=18m50s] id=2hop__6827_55848 em=0 f1=0.00 iters=1 score=8 exit=score_threshold final=\boxed{1928}
[866/2417  35.8% elapsed=10m30s eta=18m48s] id=2hop__2683_577502 em=1 f1=1.00 iters=1 score=8 exit=score_threshold final=\boxed{Maria Shriver}
[867/2417  35.9% elapsed=10m30s eta=18m46s] id=2hop__658472_5385 em=0 f1=0.00 iters=3 score=8 exit=score_threshold final=\boxed{The answer is not available from the given paragraphs
[868/2417  35.9% elapsed=10m32s eta=18m48s] id=2hop__6827_49664 em=0 f1=0.67 iters=1 score=8 exit=score_threshold final=\boxed{Bank of America}
[869/2417  36.0% elapsed=10m33s eta=18m48s] id=2hop__242045_2684 em=1 f1=1.00 iters=1 score=8 exit=score_threshold final=\boxed{Donda West Law}
[870/2417  36.0% elapsed=10m33s eta=18m46s] id=2hop__44652_165532 em=0 f1=0.00 iters=3 score=8 exit=score_threshold final=\boxed{Not enough information}
[871/2417  36.0% elapsed=10m33s eta=18m44s] id=2hop__61143_165532 em=0 f1=0.00 iters=3 score=4 exit=max_iterations final=\boxed{Unknown}
[872/2417  36.1% elapsed=10m34s eta=18m43s] id=2hop__39231_17335 em=0 f1=0.00 iters=3 score=4 exit=max_iterations final=\boxed{26 December 1981}
[873/2417  36.1% elapsed=10m40s eta=18m52s] id=2hop__94629_1110 em=1 f1=1.00 iters=1 score=8 exit=score_threshold final=\boxed{2005}
[874/2417  36.2% elapsed=10m42s eta=18m53s] id=2hop__412633_15781 em=1 f1=1.00 iters=2 score=8 exit=score_threshold final=\boxed{David Hume}
[875/2417  36.2% elapsed=10m42s eta=18m51s] id=2hop__606439_127399 em=1 f1=1.00 iters=1 score=10 exit=score_threshold final=\boxed{2005}
[876/2417  36.2% elapsed=10m42s eta=18m49s] id=2hop__142881_127399 em=1 f1=1.00 iters=1 score=8 exit=score_threshold final=\boxed{2005}
[877/2417  36.3% elapsed=10m42s eta=18m47s] id=2hop__347686_127399 em=1 f1=1.00 iters=1 score=10 exit=score_threshold final=\boxed{2005}
[878/2417  36.3% elapsed=10m42s eta=18m45s] id=2hop__256778_131879 em=1 f1=1.00 iters=2 score=8 exit=score_threshold final=\boxed{River Great Ouse}
[879/2417  36.4% elapsed=10m43s eta=18m44s] id=2hop__85931_108632 em=1 f1=1.00 iters=1 score=8 exit=score_threshold final=\boxed{Mario Puzo}
[880/2417  36.4% elapsed=10m43s eta=18m42s] id=2hop__747667_52835 em=1 f1=1.00 iters=1 score=8 exit=score_threshold final=\boxed{John D. Loudermilk}
[881/2417  36.5% elapsed=10m43s eta=18m40s] id=2hop__45296_83837 em=1 f1=1.00 iters=1 score=8 exit=score_threshold final=\boxed{Karen Fairchild}
[882/2417  36.5% elapsed=10m43s eta=18m38s] id=2hop__807257_590611 em=0 f1=0.00 iters=1 score=8 exit=score_threshold final=\boxed{David Hasselhoff}
[883/2417  36.5% elapsed=10m43s eta=18m37s] id=2hop__39420_39345 em=0 f1=0.50 iters=1 score=8 exit=score_threshold final=\boxed{July 1, 2005}
[884/2417  36.6% elapsed=10m43s eta=18m35s] id=2hop__42747_83837 em=1 f1=1.00 iters=1 score=8 exit=score_threshold final=\boxed{Karen Fairchild}
[885/2417  36.6% elapsed=10m43s eta=18m34s] id=2hop__166820_52835 em=1 f1=1.00 iters=1 score=9 exit=score_threshold final=\boxed{John D. Loudermilk}
[886/2417  36.7% elapsed=10m44s eta=18m32s] id=2hop__124932_278133 em=1 f1=1.00 iters=1 score=8 exit=score_threshold final=\boxed{Guru Tegh Bahadur}
[887/2417  36.7% elapsed=10m44s eta=18m30s] id=2hop__81659_52835 em=1 f1=1.00 iters=1 score=8 exit=score_threshold final=\boxed{John D. Loudermilk}
[888/2417  36.7% elapsed=10m44s eta=18m30s] id=2hop__88372_83837 em=1 f1=1.00 iters=1 score=8 exit=score_threshold final=\boxed{Karen Fairchild}
[889/2417  36.8% elapsed=10m44s eta=18m28s] id=2hop__822113_91104 em=1 f1=1.00 iters=2 score=8 exit=score_threshold final=\boxed{ATS-6}
[890/2417  36.8% elapsed=10m44s eta=18m26s] id=2hop__409884_83837 em=0 f1=0.00 iters=1 score=8 exit=score_threshold final=\boxed{Luke Bryan}
[891/2417  36.9% elapsed=10m45s eta=18m25s] id=2hop__756620_127399 em=1 f1=1.00 iters=1 score=8 exit=score_threshold final=\boxed{2005}
[892/2417  36.9% elapsed=10m46s eta=18m24s] id=2hop__398344_54166 em=0 f1=0.00 iters=3 score=6 exit=max_iterations final=\boxed{4}
[893/2417  36.9% elapsed=10m47s eta=18m24s] id=2hop__525242_52835 em=1 f1=1.00 iters=1 score=8 exit=score_threshold final=\boxed{John D. Loudermilk}
[894/2417  37.0% elapsed=10m48s eta=18m24s] id=2hop__547045_131879 em=1 f1=1.00 iters=3 score=8 exit=score_threshold final=\boxed{River Great Ouse}
[895/2417  37.0% elapsed=10m48s eta=18m22s] id=2hop__545711_52835 em=1 f1=1.00 iters=1 score=9 exit=score_threshold final=\boxed{John D. Loudermilk}
[896/2417  37.1% elapsed=10m50s eta=18m23s] id=2hop__735014_83837 em=1 f1=1.00 iters=2 score=8 exit=score_threshold final=\boxed{Karen Fairchild}
[897/2417  37.1% elapsed=10m51s eta=18m23s] id=2hop__215124_83837 em=0 f1=0.00 iters=2 score=8 exit=score_threshold final=\boxed{Luke Bryan}
[898/2417  37.2% elapsed=10m51s eta=18m21s] id=2hop__788306_131879 em=0 f1=0.00 iters=3 score=4 exit=max_iterations final=\boxed{Hazelton}
[899/2417  37.2% elapsed=10m51s eta=18m20s] id=2hop__644898_64046 em=0 f1=0.00 iters=3 score=8 exit=score_threshold final=\boxed{Michael Gambon}
[900/2417  37.2% elapsed=10m57s eta=18m27s] id=2hop__61924_712629 em=0 f1=0.57 iters=1 score=8 exit=score_threshold final=\boxed{Philip Mountbatten, Duke of Edinburgh}
[901/2417  37.3% elapsed=10m57s eta=18m25s] id=2hop__31124_31093 em=1 f1=1.00 iters=1 score=8 exit=score_threshold final=\boxed{Irish}
[902/2417  37.3% elapsed=10m57s eta=18m24s] id=2hop__734582_71302 em=1 f1=1.00 iters=1 score=8 exit=score_threshold final=\boxed{Vito Corleone}
[903/2417  37.4% elapsed=10m57s eta=18m22s] id=2hop__734582_74481 em=1 f1=1.00 iters=1 score=8 exit=score_threshold final=\boxed{Vito Corleone}
[904/2417  37.4% elapsed=10m57s eta=18m20s] id=2hop__370911_589237 em=1 f1=1.00 iters=1 score=8 exit=score_threshold final=\boxed{Sheila Hancock}
[905/2417  37.4% elapsed=10m58s eta=18m19s] id=2hop__31091_31122 em=1 f1=1.00 iters=1 score=10 exit=score_threshold final=\boxed{18th}
[906/2417  37.5% elapsed=10m58s eta=18m17s] id=2hop__167577_31122 em=1 f1=1.00 iters=1 score=9 exit=score_threshold final=\boxed{18th}
[907/2417  37.5% elapsed=10m58s eta=18m16s] id=2hop__31094_31122 em=1 f1=1.00 iters=1 score=10 exit=score_threshold final=\boxed{18th}
[908/2417  37.6% elapsed=10m58s eta=18m14s] id=2hop__689472_52835 em=1 f1=1.00 iters=2 score=8 exit=score_threshold final=\boxed{John D. Loudermilk}
[909/2417  37.6% elapsed=10m58s eta=18m12s] id=2hop__71900_712629 em=0 f1=0.29 iters=1 score=8 exit=score_threshold final=\boxed{Prince Philip, Duke of Edinburgh}
[910/2417  37.6% elapsed=10m58s eta=18m10s] id=2hop__65202_712629 em=0 f1=0.00 iters=1 score=8 exit=score_threshold final=\boxed{The answer cannot be determined from the provided inf
[911/2417  37.7% elapsed=10m59s eta=18m09s] id=2hop__461639_83837 em=0 f1=0.57 iters=3 score=8 exit=score_threshold final=\boxed{Luke Bryan and Karen Fairchild}
[912/2417  37.7% elapsed=10m59s eta=18m07s] id=2hop__20685_712629 em=0 f1=0.57 iters=1 score=8 exit=score_threshold final=\boxed{Philip Mountbatten, Duke of Edinburgh}
[913/2417  37.8% elapsed=10m59s eta=18m06s] id=2hop__145288_502838 em=0 f1=0.40 iters=1 score=8 exit=score_threshold final=\boxed{Duncanville, Texas}
[914/2417  37.8% elapsed=10m59s eta=18m04s] id=2hop__135029_712629 em=0 f1=0.29 iters=1 score=8 exit=score_threshold final=\boxed{Prince Philip, Duke of Edinburgh}
[915/2417  37.9% elapsed=11m00s eta=18m03s] id=2hop__423045_570226 em=0 f1=0.00 iters=3 score=8 exit=score_threshold final=\boxed{Haikou}
[916/2417  37.9% elapsed=11m00s eta=18m02s] id=2hop__31124_31122 em=1 f1=1.00 iters=1 score=8 exit=score_threshold final=\boxed{18th century}
[917/2417  37.9% elapsed=11m01s eta=18m00s] id=2hop__20256_74481 em=1 f1=1.00 iters=1 score=8 exit=score_threshold final=\boxed{Vito Corleone}
[918/2417  38.0% elapsed=11m01s eta=18m00s] id=2hop__132472_120537 em=0 f1=0.50 iters=1 score=8 exit=score_threshold final=\boxed{1999}
[919/2417  38.0% elapsed=11m02s eta=17m59s] id=2hop__132472_684936 em=1 f1=1.00 iters=1 score=8 exit=score_threshold final=\boxed{BAC}
[920/2417  38.1% elapsed=11m06s eta=18m03s] id=2hop__63214_319330 em=1 f1=1.00 iters=1 score=9 exit=score_threshold final=\boxed{Jessie Woodrow Wilson Sayre}
[921/2417  38.1% elapsed=11m10s eta=18m08s] id=2hop__132929_684936 em=0 f1=0.00 iters=2 score=8 exit=score_threshold final=\boxed{MBDA}
[922/2417  38.1% elapsed=11m11s eta=18m07s] id=2hop__73760_712629 em=0 f1=0.57 iters=2 score=8 exit=score_threshold final=\boxed{Philip Mountbatten, Duke of Edinburgh}
[923/2417  38.2% elapsed=11m11s eta=18m06s] id=2hop__639445_567836 em=1 f1=1.00 iters=1 score=10 exit=score_threshold final=\boxed{Adams County}
[924/2417  38.2% elapsed=11m11s eta=18m04s] id=2hop__538412_126089 em=1 f1=1.00 iters=1 score=8 exit=score_threshold final=\boxed{Johan Remkes}
[925/2417  38.3% elapsed=11m11s eta=18m02s] id=2hop__25797_990 em=1 f1=1.00 iters=1 score=8 exit=score_threshold final=\boxed{third generation}
[926/2417  38.3% elapsed=11m11s eta=18m01s] id=2hop__466700_214359 em=1 f1=1.00 iters=1 score=8 exit=score_threshold final=\boxed{Aaron Benward}
[927/2417  38.4% elapsed=11m11s eta=17m59s] id=2hop__87053_319330 em=1 f1=1.00 iters=1 score=9 exit=score_threshold final=\boxed{Jessie Woodrow Wilson Sayre}
[928/2417  38.4% elapsed=11m12s eta=17m57s] id=2hop__552607_126089 em=1 f1=1.00 iters=1 score=8 exit=score_threshold final=\boxed{Johan Remkes}
[929/2417  38.4% elapsed=11m12s eta=17m56s] id=2hop__25797_25855 em=1 f1=1.00 iters=1 score=8 exit=score_threshold final=\boxed{PowerShare}
[930/2417  38.5% elapsed=11m12s eta=17m55s] id=2hop__498251_126089 em=1 f1=1.00 iters=1 score=8 exit=score_threshold final=\boxed{Johan Remkes}
[931/2417  38.5% elapsed=11m12s eta=17m53s] id=2hop__731956_126089 em=1 f1=1.00 iters=1 score=8 exit=score_threshold final=\boxed{Johan Remkes}
[932/2417  38.6% elapsed=11m12s eta=17m51s] id=2hop__130668_126089 em=1 f1=1.00 iters=2 score=9 exit=score_threshold final=\boxed{Johan Remkes}
[933/2417  38.6% elapsed=11m13s eta=17m50s] id=2hop__72660_319330 em=1 f1=1.00 iters=1 score=8 exit=score_threshold final=\boxed{Jessie Woodrow Wilson Sayre}
[934/2417  38.6% elapsed=11m13s eta=17m48s] id=2hop__132929_120537 em=0 f1=0.50 iters=2 score=8 exit=score_threshold final=\boxed{1999}
[935/2417  38.7% elapsed=11m13s eta=17m47s] id=2hop__25788_990 em=1 f1=1.00 iters=1 score=8 exit=score_threshold final=\boxed{third generation}
[936/2417  38.7% elapsed=11m13s eta=17m45s] id=2hop__284789_52835 em=1 f1=1.00 iters=3 score=6 exit=max_iterations final=\boxed{John D. Loudermilk}
[937/2417  38.8% elapsed=11m14s eta=17m44s] id=2hop__276637_126089 em=1 f1=1.00 iters=1 score=8 exit=score_threshold final=\boxed{Johan Remkes}
[938/2417  38.8% elapsed=11m14s eta=17m42s] id=2hop__25788_25855 em=0 f1=0.00 iters=1 score=8 exit=score_threshold final=\boxed{sleep-and-charge}
[939/2417  38.8% elapsed=11m14s eta=17m41s] id=2hop__25797_25839 em=0 f1=0.00 iters=1 score=8 exit=score_threshold final=\boxed{500 mA}
[940/2417  38.9% elapsed=11m17s eta=17m43s] id=2hop__998_25839 em=0 f1=0.00 iters=1 score=8 exit=score_threshold final=\boxed{500 mA}
[941/2417  38.9% elapsed=11m18s eta=17m43s] id=2hop__475808_74481 em=0 f1=0.00 iters=3 score=6 exit=max_iterations final=\boxed{Unknown}
[942/2417  39.0% elapsed=11m18s eta=17m42s] id=2hop__797443_120537 em=1 f1=1.00 iters=3 score=5 exit=max_iterations final=\boxed{30 November 1999}
[943/2417  39.0% elapsed=11m20s eta=17m42s] id=2hop__475808_71302 em=0 f1=0.00 iters=3 score=5 exit=max_iterations final=\boxed{Luca Brasi}
[944/2417  39.1% elapsed=11m21s eta=17m43s] id=2hop__20256_71302 em=1 f1=1.00 iters=3 score=8 exit=score_threshold final=\boxed{Vito Corleone}
[945/2417  39.1% elapsed=11m23s eta=17m44s] id=2hop__711946_269414 em=0 f1=0.00 iters=1 score=10 exit=score_threshold final=\boxed{Cold Crush Records}
[946/2417  39.1% elapsed=11m23s eta=17m43s] id=2hop__20268_42014 em=1 f1=1.00 iters=2 score=8 exit=score_threshold final=\boxed{2}
[947/2417  39.2% elapsed=11m24s eta=17m41s] id=2hop__135336_461854 em=0 f1=0.00 iters=1 score=10 exit=score_threshold final=\boxed{Herbert Leigh Holman}
[948/2417  39.2% elapsed=11m24s eta=17m39s] id=2hop__363216_787353 em=0 f1=0.33 iters=1 score=10 exit=score_threshold final=\boxed{Ramstein Air Base, Germany}
[949/2417  39.3% elapsed=11m24s eta=17m38s] id=2hop__75714_148696 em=0 f1=0.00 iters=1 score=9 exit=score_threshold final=\boxed{Warren Hastings}
[950/2417  39.3% elapsed=11m24s eta=17m36s] id=2hop__83785_461854 em=0 f1=0.00 iters=1 score=8 exit=score_threshold final=\boxed{Rhett Butler}
[951/2417  39.3% elapsed=11m24s eta=17m35s] id=2hop__446324_620302 em=1 f1=1.00 iters=1 score=10 exit=score_threshold final=\boxed{University of Toronto}
[952/2417  39.4% elapsed=11m25s eta=17m33s] id=2hop__804417_126089 em=0 f1=0.00 iters=2 score=8 exit=score_threshold final=\boxed{Bergen Municipality}
[953/2417  39.4% elapsed=11m25s eta=17m32s] id=2hop__84937_148696 em=1 f1=1.00 iters=1 score=8 exit=score_threshold final=\boxed{Governor-General of India}
[954/2417  39.5% elapsed=11m25s eta=17m31s] id=2hop__25788_25839 em=0 f1=0.00 iters=2 score=8 exit=score_threshold final=\boxed{900 mA}
[955/2417  39.5% elapsed=11m25s eta=17m29s] id=2hop__84847_21969 em=0 f1=0.00 iters=1 score=9 exit=score_threshold final=\boxed{1788–1795}
[956/2417  39.6% elapsed=11m26s eta=17m28s] id=2hop__84847_148696 em=0 f1=0.00 iters=1 score=8 exit=score_threshold final=\boxed{Warren Hastings}
[957/2417  39.6% elapsed=11m26s eta=17m26s] id=2hop__80834_148696 em=0 f1=0.00 iters=1 score=8 exit=score_threshold final=\boxed{Warren Hastings}
[958/2417  39.6% elapsed=11m26s eta=17m25s] id=2hop__84937_21969 em=0 f1=0.00 iters=1 score=8 exit=score_threshold final=\boxed{1788}
[959/2417  39.7% elapsed=11m27s eta=17m25s] id=2hop__75714_21969 em=0 f1=0.00 iters=1 score=8 exit=score_threshold final=\boxed{1788-1795}
[960/2417  39.7% elapsed=11m37s eta=17m37s] id=2hop__725233_150107 em=1 f1=1.00 iters=1 score=8 exit=score_threshold final=\boxed{Association for Computing Machinery}
[961/2417  39.8% elapsed=11m37s eta=17m36s] id=2hop__78766_461854 em=0 f1=0.00 iters=2 score=10 exit=score_threshold final=\boxed{Clark Gable}
[962/2417  39.8% elapsed=11m37s eta=17m34s] id=2hop__200391_44187 em=0 f1=0.67 iters=2 score=8 exit=score_threshold final=\boxed{Wilson}
[963/2417  39.8% elapsed=11m37s eta=17m33s] id=2hop__852122_150107 em=1 f1=1.00 iters=1 score=8 exit=score_threshold final=\boxed{ACM}
[964/2417  39.9% elapsed=11m38s eta=17m32s] id=2hop__589264_150107 em=0 f1=0.89 iters=1 score=9 exit=score_threshold final=\boxed{Association for Computing Machinery (ACM)}
[965/2417  39.9% elapsed=11m38s eta=17m30s] id=2hop__92716_319330 em=0 f1=0.00 iters=3 score=4 exit=max_iterations final=\boxed{Unknown}
[966/2417  40.0% elapsed=11m38s eta=17m28s] id=2hop__445963_6063 em=1 f1=1.00 iters=1 score=8 exit=score_threshold final=\boxed{4,255}
[967/2417  40.0% elapsed=11m38s eta=17m27s] id=2hop__729651_631003 em=0 f1=0.00 iters=2 score=8 exit=score_threshold final=\boxed{Unknown}
[968/2417  40.0% elapsed=11m39s eta=17m26s] id=2hop__445963_6095 em=1 f1=1.00 iters=1 score=8 exit=score_threshold final=\boxed{1792}
[969/2417  40.1% elapsed=11m39s eta=17m25s] id=2hop__731584_700117 em=0 f1=0.00 iters=3 score=5 exit=max_iterations final=\boxed{Not specified}
[970/2417  40.1% elapsed=11m39s eta=17m23s] id=2hop__445963_6098 em=0 f1=0.67 iters=1 score=8 exit=score_threshold final=\boxed{over 800}
[971/2417  40.2% elapsed=11m39s eta=17m21s] id=2hop__463884_807572 em=0 f1=0.00 iters=3 score=6 exit=max_iterations final=\boxed{Fair Haven}
[972/2417  40.2% elapsed=11m40s eta=17m20s] id=2hop__998_25855 em=1 f1=1.00 iters=3 score=6 exit=max_iterations final=\boxed{PowerShare}
[973/2417  40.3% elapsed=11m40s eta=17m19s] id=2hop__805610_392181 em=1 f1=1.00 iters=1 score=8 exit=score_threshold final=\boxed{Academy Award for Best Documentary (Short Subject)}
[974/2417  40.3% elapsed=11m41s eta=17m19s] id=2hop__80834_21969 em=1 f1=1.00 iters=2 score=8 exit=score_threshold final=\boxed{1786}
[975/2417  40.3% elapsed=11m49s eta=17m29s] id=2hop__78873_461854 em=0 f1=0.00 iters=3 score=8 exit=score_threshold final=\boxed{Vivien Leigh}
[976/2417  40.4% elapsed=11m50s eta=17m28s] id=2hop__723101_150107 em=0 f1=0.50 iters=2 score=10 exit=score_threshold final=\boxed{Communications of the ACM}
[977/2417  40.4% elapsed=11m50s eta=17m26s] id=2hop__510647_507085 em=1 f1=1.00 iters=1 score=8 exit=score_threshold final=\boxed{John Crockett}
[978/2417  40.5% elapsed=11m50s eta=17m25s] id=2hop__788087_150107 em=0 f1=0.50 iters=2 score=8 exit=score_threshold final=\boxed{Communications of the ACM}
[979/2417  40.5% elapsed=11m50s eta=17m24s] id=2hop__87953_17335 em=0 f1=0.00 iters=2 score=8 exit=score_threshold final=\boxed{The question cannot be answered based on the provided
[980/2417  40.5% elapsed=11m51s eta=17m22s] id=2hop__66167_615257 em=0 f1=0.00 iters=2 score=8 exit=score_threshold final=\boxed{Philadelphia Warriors}
[981/2417  40.6% elapsed=11m51s eta=17m21s] id=2hop__157602_21567 em=1 f1=1.00 iters=1 score=9 exit=score_threshold final=\boxed{John Kukuzelis}
[982/2417  40.6% elapsed=11m51s eta=17m19s] id=2hop__196348_150107 em=1 f1=1.00 iters=2 score=8 exit=score_threshold final=\boxed{Association for Computing Machinery}
[983/2417  40.7% elapsed=11m52s eta=17m18s] id=2hop__24973_5674 em=1 f1=1.00 iters=1 score=8 exit=score_threshold final=\boxed{Boris Yeltsin}
[984/2417  40.7% elapsed=11m52s eta=17m16s] id=2hop__10515_21567 em=1 f1=1.00 iters=1 score=8 exit=score_threshold final=\boxed{John Kukuzelis}
[985/2417  40.8% elapsed=11m52s eta=17m15s] id=2hop__59274_461854 em=0 f1=0.00 iters=3 score=5 exit=max_iterations final=\boxed{Not specified}
[986/2417  40.8% elapsed=11m52s eta=17m13s] id=2hop__63002_461854 em=1 f1=1.00 iters=3 score=6 exit=max_iterations final=\boxed{Laurence Olivier}
[987/2417  40.8% elapsed=11m52s eta=17m12s] id=2hop__8496_21567 em=1 f1=1.00 iters=1 score=8 exit=score_threshold final=\boxed{John Kukuzelis}
[988/2417  40.9% elapsed=11m53s eta=17m12s] id=2hop__70490_21567 em=1 f1=1.00 iters=1 score=8 exit=score_threshold final=\boxed{John Kukuzelis}
[989/2417  40.9% elapsed=11m55s eta=17m13s] id=2hop__5658_25002 em=0 f1=0.50 iters=1 score=8 exit=score_threshold final=\boxed{10 years}
[990/2417  41.0% elapsed=12m02s eta=17m21s] id=2hop__280583_229757 em=0 f1=0.00 iters=3 score=6 exit=max_iterations final=\boxed{Not enough information}
[991/2417  41.0% elapsed=12m03s eta=17m20s] id=2hop__802991_443552 em=1 f1=1.00 iters=2 score=8 exit=score_threshold final=\boxed{Hayneville}
[992/2417  41.0% elapsed=12m03s eta=17m19s] id=2hop__24697_578772 em=0 f1=0.00 iters=2 score=8 exit=score_threshold final=\boxed{Chang'an}
[993/2417  41.1% elapsed=12m04s eta=17m18s] id=2hop__739909_807845 em=1 f1=1.00 iters=1 score=8 exit=score_threshold final=\boxed{Digital First Media}
[994/2417  41.1% elapsed=12m04s eta=17m17s] id=2hop__59612_42429 em=1 f1=1.00 iters=1 score=9 exit=score_threshold final=\boxed{10 February 1763}
[995/2417  41.2% elapsed=12m04s eta=17m15s] id=2hop__502473_634689 em=1 f1=1.00 iters=1 score=9 exit=score_threshold final=\boxed{Malko Tarnovo Municipality}
[996/2417  41.2% elapsed=12m04s eta=17m13s] id=2hop__83938_5666 em=0 f1=0.67 iters=2 score=8 exit=score_threshold final=\boxed{Boris Yeltsin}
[997/2417  41.2% elapsed=12m04s eta=17m12s] id=2hop__123214_22402 em=0 f1=0.00 iters=1 score=8 exit=score_threshold final=\boxed{25000}
[998/2417  41.3% elapsed=12m05s eta=17m10s] id=2hop__66167_90991 em=0 f1=0.00 iters=3 score=4 exit=max_iterations final=\boxed{Unknown}
[999/2417  41.3% elapsed=12m05s eta=17m09s] id=2hop__496792_392646 em=0 f1=0.67 iters=2 score=8 exit=score_threshold final=\boxed{clan}
[1000/2417  41.4% elapsed=12m05s eta=17m08s] id=2hop__57638_88526 em=0 f1=0.00 iters=3 score=4 exit=max_iterations final=\boxed{Wilt Chamberlain}
[1001/2417  41.4% elapsed=12m06s eta=17m06s] id=2hop__632870_22402 em=0 f1=0.00 iters=1 score=8 exit=score_threshold final=\boxed{25000}
[1002/2417  41.5% elapsed=12m06s eta=17m05s] id=2hop__5658_161105 em=1 f1=1.00 iters=1 score=8 exit=score_threshold final=\boxed{72}
[1003/2417  41.5% elapsed=12m06s eta=17m03s] id=2hop__24976_161105 em=1 f1=1.00 iters=1 score=8 exit=score_threshold final=\boxed{72}
[1004/2417  41.5% elapsed=12m06s eta=17m02s] id=2hop__66167_72467 em=0 f1=0.00 iters=3 score=6 exit=max_iterations final=\boxed{Oklahoma City Thunder}
[1005/2417  41.6% elapsed=12m06s eta=17m00s] id=2hop__650138_22402 em=0 f1=0.80 iters=1 score=8 exit=score_threshold final=\boxed{25,000}
[1006/2417  41.6% elapsed=12m06s eta=16m58s] id=2hop__71336_604644 em=1 f1=1.00 iters=1 score=8 exit=score_threshold final=\boxed{429 Records}
[1007/2417  41.7% elapsed=12m07s eta=16m57s] id=2hop__24976_25002 em=0 f1=0.50 iters=1 score=8 exit=score_threshold final=\boxed{10 years}
[1008/2417  41.7% elapsed=12m07s eta=16m56s] id=2hop__161872_21567 em=1 f1=1.00 iters=3 score=6 exit=max_iterations final=\boxed{John Kukuzelis}
[1009/2417  41.7% elapsed=12m07s eta=16m54s] id=2hop__17455_21567 em=1 f1=1.00 iters=2 score=8 exit=score_threshold final=\boxed{John Kukuzelis}
[1010/2417  41.8% elapsed=12m07s eta=16m53s] id=2hop__57638_615257 em=0 f1=0.00 iters=3 score=5 exit=max_iterations final=\boxed{Milwaukee Bucks}
[1011/2417  41.8% elapsed=12m07s eta=16m51s] id=2hop__57638_90991 em=0 f1=0.00 iters=3 score=6 exit=max_iterations final=\boxed{Kevin Durant}
[1012/2417  41.9% elapsed=12m07s eta=16m50s] id=2hop__66167_88526 em=0 f1=0.00 iters=3 score=5 exit=max_iterations final=\boxed{The 2nd overall pick in the 1959 NBA draft}
[1013/2417  41.9% elapsed=12m08s eta=16m49s] id=2hop__152229_604644 em=1 f1=1.00 iters=1 score=8 exit=score_threshold final=\boxed{429 Records}
[1014/2417  42.0% elapsed=12m08s eta=16m47s] id=2hop__57638_72467 em=0 f1=0.00 iters=3 score=6 exit=max_iterations final=\boxed{Philadelphia Warriors}
[1015/2417  42.0% elapsed=12m09s eta=16m47s] id=2hop__161151_50883 em=0 f1=0.00 iters=1 score=8 exit=score_threshold final=\boxed{4}
[1016/2417  42.0% elapsed=12m18s eta=16m58s] id=2hop__24697_634490 em=0 f1=0.00 iters=3 score=6 exit=max_iterations final=\boxed{Prince Yu}
[1017/2417  42.1% elapsed=12m18s eta=16m57s] id=2hop__283298_22402 em=0 f1=0.80 iters=1 score=8 exit=score_threshold final=\boxed{25,000}
[1018/2417  42.1% elapsed=12m18s eta=16m55s] id=2hop__85596_807969 em=0 f1=0.00 iters=1 score=9 exit=score_threshold final=\boxed{Liverpool}
[1019/2417  42.2% elapsed=12m19s eta=16m53s] id=2hop__500379_126537 em=1 f1=1.00 iters=1 score=10 exit=score_threshold final=\boxed{1986}
[1020/2417  42.2% elapsed=12m19s eta=16m52s] id=2hop__48776_807969 em=0 f1=0.00 iters=1 score=10 exit=score_threshold final=\boxed{Liverpool}
[1021/2417  42.2% elapsed=12m19s eta=16m51s] id=2hop__622637_120171 em=1 f1=1.00 iters=1 score=8 exit=score_threshold final=\boxed{1986}
[1022/2417  42.3% elapsed=12m19s eta=16m49s] id=2hop__24648_192417 em=0 f1=0.40 iters=1 score=10 exit=score_threshold final=\boxed{National Football League (NFL)}
[1023/2417  42.3% elapsed=12m19s eta=16m48s] id=2hop__17827_54024 em=0 f1=0.75 iters=1 score=9 exit=score_threshold final=\boxed{King James I}
[1024/2417  42.4% elapsed=12m19s eta=16m46s] id=2hop__170823_120171 em=1 f1=1.00 iters=1 score=9 exit=score_threshold final=\boxed{1986}
[1025/2417  42.4% elapsed=12m19s eta=16m44s] id=2hop__65576_80026 em=1 f1=1.00 iters=1 score=8 exit=score_threshold final=\boxed{Julie Dawn Cole}
[1026/2417  42.4% elapsed=12m19s eta=16m42s] id=2hop__61752_54024 em=0 f1=0.75 iters=1 score=8 exit=score_threshold final=\boxed{King James I}
[1027/2417  42.5% elapsed=12m20s eta=16m41s] id=2hop__510860_22402 em=0 f1=0.80 iters=1 score=8 exit=score_threshold final=\boxed{25,000}
[1028/2417  42.5% elapsed=12m20s eta=16m40s] id=2hop__353836_80026 em=1 f1=1.00 iters=1 score=8 exit=score_threshold final=\boxed{Julie Dawn Cole}
[1029/2417  42.6% elapsed=12m21s eta=16m39s] id=2hop__151455_120171 em=0 f1=0.00 iters=1 score=8 exit=score_threshold final=\boxed{1984}
[1030/2417  42.6% elapsed=12m21s eta=16m37s] id=2hop__516918_126537 em=1 f1=1.00 iters=1 score=8 exit=score_threshold final=\boxed{1986}
[1031/2417  42.7% elapsed=12m21s eta=16m36s] id=2hop__341176_711757 em=1 f1=1.00 iters=1 score=8 exit=score_threshold final=\boxed{Gmina Ryki}
[1032/2417  42.7% elapsed=12m21s eta=16m34s] id=2hop__73921_807969 em=1 f1=1.00 iters=1 score=8 exit=score_threshold final=\boxed{Egypt national football team}
[1033/2417  42.7% elapsed=12m21s eta=16m33s] id=2hop__161151_42429 em=1 f1=1.00 iters=1 score=9 exit=score_threshold final=\boxed{10 February 1763}
[1034/2417  42.8% elapsed=12m21s eta=16m32s] id=2hop__59612_50883 em=0 f1=0.00 iters=1 score=8 exit=score_threshold final=\boxed{4}
[1035/2417  42.8% elapsed=12m22s eta=16m30s] id=2hop__93145_54024 em=0 f1=0.57 iters=1 score=8 exit=score_threshold final=\boxed{James I}
[1036/2417  42.9% elapsed=12m22s eta=16m29s] id=2hop__259267_22402 em=0 f1=0.10 iters=2 score=8 exit=score_threshold final=\boxed{The number of students attending the universities whe
[1037/2417  42.9% elapsed=12m22s eta=16m28s] id=2hop__56307_604644 em=0 f1=0.00 iters=3 score=4 exit=max_iterations final=\boxed{Unknown}
[1038/2417  42.9% elapsed=12m22s eta=16m26s] id=2hop__9930_21567 em=1 f1=1.00 iters=3 score=4 exit=max_iterations final=\boxed{John Kukuzelis}
[1039/2417  43.0% elapsed=12m23s eta=16m25s] id=2hop__10900_21567 em=1 f1=1.00 iters=3 score=6 exit=max_iterations final=\boxed{John Kukuzelis}
[1040/2417  43.0% elapsed=12m24s eta=16m25s] id=2hop__810884_22402 em=0 f1=0.00 iters=3 score=8 exit=score_threshold final=\boxed{25000}
[1041/2417  43.1% elapsed=12m28s eta=16m28s] id=2hop__71165_807969 em=0 f1=0.00 iters=2 score=8 exit=score_threshold final=\boxed{Liverpool}
[1042/2417  43.1% elapsed=12m28s eta=16m27s] id=2hop__474885_22402 em=0 f1=0.00 iters=2 score=8 exit=score_threshold final=\boxed{25000}
[1043/2417  43.2% elapsed=12m33s eta=16m32s] id=2hop__88149_807969 em=0 f1=0.00 iters=2 score=8 exit=score_threshold final=\boxed{Blackburn Rovers}
[1044/2417  43.2% elapsed=12m34s eta=16m31s] id=2hop__785711_73244 em=1 f1=1.00 iters=1 score=10 exit=score_threshold final=\boxed{Thaba Putsoa}
[1045/2417  43.2% elapsed=12m34s eta=16m31s] id=2hop__36269_73244 em=0 f1=0.00 iters=1 score=8 exit=score_threshold final=\boxed{Maloti Mountains (Drakensberg) in Lesotho}
[1046/2417  43.3% elapsed=12m34s eta=16m29s] id=2hop__398344_439882 em=1 f1=1.00 iters=1 score=8 exit=score_threshold final=\boxed{Rebecca Sugar}
[1047/2417  43.3% elapsed=12m35s eta=16m28s] id=2hop__207597_63853 em=0 f1=0.00 iters=1 score=8 exit=score_threshold final=\boxed{Maloti Mountains (Drakensberg) in Lesotho}
[1048/2417  43.4% elapsed=12m35s eta=16m26s] id=2hop__156700_73244 em=0 f1=0.00 iters=1 score=8 exit=score_threshold final=\boxed{Maloti Mountains (Drakensberg) in Lesotho}
[1049/2417  43.4% elapsed=12m36s eta=16m25s] id=2hop__719184_55227 em=0 f1=0.00 iters=1 score=8 exit=score_threshold final=\boxed{Salma Hayek}
[1050/2417  43.4% elapsed=12m36s eta=16m24s] id=2hop__36269_63853 em=1 f1=1.00 iters=1 score=8 exit=score_threshold final=\boxed{Thaba Putsoa}
[1051/2417  43.5% elapsed=12m36s eta=16m23s] id=2hop__364489_861485 em=0 f1=0.33 iters=3 score=8 exit=score_threshold final=\boxed{Saint Paul, Minnesota}
[1052/2417  43.5% elapsed=12m36s eta=16m21s] id=2hop__96096_78606 em=1 f1=1.00 iters=1 score=8 exit=score_threshold final=\boxed{Joyce Van Patten}
[1053/2417  43.6% elapsed=12m38s eta=16m22s] id=2hop__50087_807969 em=0 f1=0.00 iters=3 score=5 exit=max_iterations final=\boxed{Liverpool}
[1054/2417  43.6% elapsed=12m45s eta=16m29s] id=2hop__45126_807969 em=0 f1=0.00 iters=3 score=6 exit=max_iterations final=\boxed{Cannot be determined}
[1055/2417  43.6% elapsed=12m46s eta=16m28s] id=2hop__95794_55227 em=0 f1=0.00 iters=2 score=8 exit=score_threshold final=\boxed{Sally}
[1056/2417  43.7% elapsed=12m46s eta=16m27s] id=2hop__785711_63853 em=1 f1=1.00 iters=2 score=9 exit=score_threshold final=\boxed{Thaba Putsoa}
[1057/2417  43.7% elapsed=12m46s eta=16m25s] id=2hop__504464_708278 em=0 f1=0.33 iters=2 score=8 exit=score_threshold final=\boxed{Morgan Stanley Capital Partners}
[1058/2417  43.8% elapsed=12m46s eta=16m24s] id=2hop__89403_602275 em=0 f1=0.40 iters=1 score=8 exit=score_threshold final=\boxed{Evelyn Einstein}
[1059/2417  43.8% elapsed=12m47s eta=16m23s] id=2hop__593866_80026 em=0 f1=0.00 iters=2 score=8 exit=score_threshold final=\boxed{Veruca Salt}
[1060/2417  43.9% elapsed=12m47s eta=16m22s] id=2hop__864201_80026 em=1 f1=1.00 iters=2 score=8 exit=score_threshold final=\boxed{Julie Dawn Cole}
[1061/2417  43.9% elapsed=12m47s eta=16m21s] id=2hop__757497_78606 em=1 f1=1.00 iters=2 score=8 exit=score_threshold final=\boxed{Joyce Van Patten}
[1062/2417  43.9% elapsed=12m48s eta=16m20s] id=2hop__20433_157939 em=0 f1=0.00 iters=3 score=4 exit=max_iterations final=\boxed{No waterfowl character with a satirical series is exp
[1063/2417  44.0% elapsed=12m48s eta=16m18s] id=2hop__803903_78606 em=1 f1=1.00 iters=2 score=8 exit=score_threshold final=\boxed{Joyce Van Patten}
[1064/2417  44.0% elapsed=12m48s eta=16m17s] id=2hop__713299_55227 em=0 f1=0.00 iters=2 score=8 exit=score_threshold final=\boxed{Gloria}
[1065/2417  44.1% elapsed=12m59s eta=16m28s] id=2hop__46213_494136 em=0 f1=0.00 iters=2 score=8 exit=score_threshold final=\boxed{Madeline Carroll}
[1066/2417  44.1% elapsed=12m59s eta=16m27s] id=2hop__223823_29898 em=0 f1=0.67 iters=2 score=8 exit=score_threshold final=\boxed{CFJC-TV}
[1067/2417  44.1% elapsed=12m59s eta=16m26s] id=2hop__156700_63853 em=0 f1=0.00 iters=3 score=9 exit=score_threshold final=\boxed{Maloti Mountains (Drakensberg) in Lesotho}
[1068/2417  44.2% elapsed=12m59s eta=16m24s] id=2hop__217011_80026 em=1 f1=1.00 iters=3 score=8 exit=score_threshold final=\boxed{Julie Dawn Cole}
[1069/2417  44.2% elapsed=12m59s eta=16m23s] id=2hop__71871_494136 em=0 f1=0.00 iters=3 score=6 exit=max_iterations final=\boxed{Cannot determine}
[1070/2417  44.3% elapsed=13m00s eta=16m21s] id=2hop__434218_29898 em=0 f1=0.67 iters=2 score=8 exit=score_threshold final=\boxed{CFJC-TV}
[1071/2417  44.3% elapsed=13m00s eta=16m20s] id=2hop__537404_55227 em=0 f1=0.00 iters=3 score=8 exit=score_threshold final=\boxed{Sally}
[1072/2417  44.4% elapsed=13m00s eta=16m19s] id=2hop__269659_722575 em=1 f1=1.00 iters=1 score=8 exit=score_threshold final=\boxed{News Corp}
[1073/2417  44.4% elapsed=13m00s eta=16m17s] id=2hop__40485_40501 em=1 f1=1.00 iters=1 score=9 exit=score_threshold final=\boxed{75,000 to 100,000}
[1074/2417  44.4% elapsed=13m01s eta=16m16s] id=2hop__59612_42352 em=0 f1=0.00 iters=3 score=5 exit=max_iterations final=\boxed{North America}
[1075/2417  44.5% elapsed=13m01s eta=16m15s] id=2hop__487706_40502 em=1 f1=1.00 iters=1 score=8 exit=score_threshold final=\boxed{2 million}
[1076/2417  44.5% elapsed=13m01s eta=16m13s] id=2hop__847760_80026 em=0 f1=0.00 iters=3 score=4 exit=max_iterations final=\boxed{Veruca Salt}
[1077/2417  44.6% elapsed=13m01s eta=16m12s] id=2hop__207597_73244 em=0 f1=0.57 iters=3 score=5 exit=max_iterations final=\boxed{Thaba Putsoa, Maloti Mountains, Lesotho}
[1078/2417  44.6% elapsed=13m01s eta=16m11s] id=2hop__161151_42352 em=1 f1=1.00 iters=3 score=6 exit=max_iterations final=\boxed{2 million}
[1079/2417  44.6% elapsed=13m02s eta=16m10s] id=2hop__247353_55227 em=0 f1=0.00 iters=3 score=6 exit=max_iterations final=\boxed{Salma Hayek}
[1080/2417  44.7% elapsed=13m10s eta=16m19s] id=2hop__543050_245420 em=1 f1=1.00 iters=2 score=8 exit=score_threshold final=\boxed{Citrus Heights}
[1081/2417  44.7% elapsed=13m11s eta=16m17s] id=2hop__32441_274635 em=0 f1=0.33 iters=2 score=8 exit=score_threshold final=\boxed{U.S. Army}
[1082/2417  44.8% elapsed=13m11s eta=16m16s] id=2hop__511296_577502 em=1 f1=1.00 iters=2 score=8 exit=score_threshold final=\boxed{Maria Shriver}
[1083/2417  44.8% elapsed=13m11s eta=16m15s] id=2hop__51760_602275 em=0 f1=0.40 iters=3 score=8 exit=score_threshold final=\boxed{Evelyn Einstein}
[1084/2417  44.8% elapsed=13m12s eta=16m13s] id=2hop__1667_40501 em=1 f1=1.00 iters=1 score=9 exit=score_threshold final=\boxed{75,000 to 100,000}
[1085/2417  44.9% elapsed=13m12s eta=16m12s] id=2hop__50068_494136 em=0 f1=0.00 iters=3 score=4 exit=max_iterations final=\boxed{Cannot be determined}
[1086/2417  44.9% elapsed=13m12s eta=16m10s] id=2hop__89403_122023 em=0 f1=0.00 iters=3 score=4 exit=max_iterations final=\boxed{University of Munich}
[1087/2417  45.0% elapsed=13m12s eta=16m10s] id=2hop__44815_494136 em=0 f1=0.00 iters=3 score=8 exit=score_threshold final=\boxed{Not specified in the provided information}
[1088/2417  45.0% elapsed=13m12s eta=16m08s] id=2hop__487706_40501 em=0 f1=0.00 iters=2 score=8 exit=score_threshold final=\boxed{0}
[1089/2417  45.1% elapsed=13m12s eta=16m06s] id=2hop__31326_31270 em=1 f1=1.00 iters=1 score=8 exit=score_threshold final=\boxed{45}
[1090/2417  45.1% elapsed=13m13s eta=16m05s] id=2hop__92385_2072 em=1 f1=1.00 iters=1 score=10 exit=score_threshold final=\boxed{Brooklyn Public Library}
[1091/2417  45.1% elapsed=13m13s eta=16m04s] id=2hop__32441_522949 em=0 f1=0.67 iters=1 score=9 exit=score_threshold final=\boxed{Edith Roosevelt (Derby) Williams}
[1092/2417  45.2% elapsed=13m13s eta=16m02s] id=2hop__51760_122023 em=0 f1=0.00 iters=3 score=8 exit=score_threshold final=\boxed{Not specified in the provided text}
[1093/2417  45.2% elapsed=13m13s eta=16m01s] id=2hop__71294_494136 em=0 f1=0.00 iters=3 score=6 exit=max_iterations final=\boxed{Unable to determine}
[1094/2417  45.3% elapsed=13m13s eta=16m00s] id=2hop__66843_494136 em=0 f1=0.00 iters=3 score=6 exit=max_iterations final=\boxed{Unknown}
[1095/2417  45.3% elapsed=13m14s eta=15m58s] id=2hop__104095_40501 em=1 f1=1.00 iters=2 score=8 exit=score_threshold final=\boxed{75,000 to 100,000}
[1096/2417  45.3% elapsed=13m14s eta=15m57s] id=2hop__56806_7298 em=0 f1=0.00 iters=1 score=8 exit=score_threshold final=\boxed{Josh Groban}
[1097/2417  45.4% elapsed=13m14s eta=15m56s] id=2hop__40485_40502 em=0 f1=0.00 iters=3 score=8 exit=score_threshold final=\boxed{Dutch Republic}
[1098/2417  45.4% elapsed=13m14s eta=15m54s] id=2hop__771477_149987 em=1 f1=1.00 iters=1 score=8 exit=score_threshold final=\boxed{Greek mythology}
[1099/2417  45.5% elapsed=13m14s eta=15m52s] id=2hop__104095_40502 em=1 f1=1.00 iters=2 score=8 exit=score_threshold final=\boxed{2 million}
[1100/2417  45.5% elapsed=13m15s eta=15m52s] id=2hop__223823_29905 em=0 f1=0.00 iters=3 score=6 exit=max_iterations final=\boxed{15}
[1101/2417  45.6% elapsed=13m16s eta=15m51s] id=2hop__434218_29905 em=0 f1=0.00 iters=2 score=8 exit=score_threshold final=\boxed{15}
[1102/2417  45.6% elapsed=13m26s eta=16m01s] id=2hop__32441_178460 em=0 f1=0.40 iters=3 score=8 exit=score_threshold final=\boxed{James I. Roosevelt}
[1103/2417  45.6% elapsed=13m26s eta=16m00s] id=2hop__144150_82341 em=1 f1=1.00 iters=1 score=8 exit=score_threshold final=\boxed{Northern Florida}
[1104/2417  45.7% elapsed=13m26s eta=15m59s] id=2hop__595747_31270 em=1 f1=1.00 iters=1 score=8 exit=score_threshold final=\boxed{45}
[1105/2417  45.7% elapsed=13m26s eta=15m57s] id=2hop__787538_31270 em=1 f1=1.00 iters=1 score=9 exit=score_threshold final=\boxed{45}
[1106/2417  45.8% elapsed=13m26s eta=15m55s] id=2hop__813461_31270 em=0 f1=0.67 iters=1 score=10 exit=score_threshold final=\boxed{45 miles}
[1107/2417  45.8% elapsed=13m26s eta=15m54s] id=2hop__250030_7298 em=1 f1=1.00 iters=1 score=8 exit=score_threshold final=\boxed{Michael Bublé}
[1108/2417  45.8% elapsed=13m26s eta=15m53s] id=2hop__10114_599630 em=0 f1=0.00 iters=1 score=10 exit=score_threshold final=\boxed{Wenzhou}
[1109/2417  45.9% elapsed=13m26s eta=15m51s] id=2hop__144303_483189 em=0 f1=0.00 iters=2 score=8 exit=score_threshold final=\boxed{Sicyon}
[1110/2417  45.9% elapsed=13m27s eta=15m50s] id=2hop__133116_533882 em=0 f1=0.80 iters=1 score=8 exit=score_threshold final=\boxed{Martin Marietta Corporation}
[1111/2417  46.0% elapsed=13m27s eta=15m48s] id=2hop__835710_7298 em=1 f1=1.00 iters=1 score=8 exit=score_threshold final=\boxed{Michael Bublé}
[1112/2417  46.0% elapsed=13m27s eta=15m47s] id=2hop__435184_84856 em=1 f1=1.00 iters=2 score=8 exit=score_threshold final=\boxed{January 20, 2017}
[1113/2417  46.0% elapsed=13m28s eta=15m46s] id=2hop__435184_67370 em=1 f1=1.00 iters=2 score=8 exit=score_threshold final=\boxed{January 19, 2018}
[1114/2417  46.1% elapsed=13m28s eta=15m45s] id=2hop__87580_7298 em=0 f1=0.00 iters=1 score=8 exit=score_threshold final=\boxed{Josh Groban}
[1115/2417  46.1% elapsed=13m28s eta=15m43s] id=2hop__128608_82341 em=1 f1=1.00 iters=1 score=8 exit=score_threshold final=\boxed{Northern Florida}
[1116/2417  46.2% elapsed=13m28s eta=15m42s] id=2hop__198650_84856 em=1 f1=1.00 iters=2 score=9 exit=score_threshold final=\boxed{January 20, 2017}
[1117/2417  46.2% elapsed=13m28s eta=15m41s] id=2hop__53147_7298 em=0 f1=0.00 iters=1 score=8 exit=score_threshold final=\boxed{Josh Groban}
[1118/2417  46.3% elapsed=13m29s eta=15m40s] id=2hop__286621_67370 em=1 f1=1.00 iters=2 score=8 exit=score_threshold final=\boxed{January 19, 2018}
[1119/2417  46.3% elapsed=13m29s eta=15m38s] id=2hop__82051_7298 em=0 f1=0.00 iters=1 score=8 exit=score_threshold final=\boxed{Josh Groban}
[1120/2417  46.3% elapsed=13m29s eta=15m37s] id=2hop__839126_472799 em=0 f1=0.86 iters=1 score=8 exit=score_threshold final=\boxed{Eurovision Song Contest}
[1121/2417  46.4% elapsed=13m29s eta=15m36s] id=2hop__58111_7298 em=1 f1=1.00 iters=1 score=8 exit=score_threshold final=\boxed{Michael Bublé}
[1122/2417  46.4% elapsed=13m36s eta=15m42s] id=2hop__524623_82341 em=0 f1=0.50 iters=1 score=10 exit=score_threshold final=\boxed{Ocala, Florida}
[1123/2417  46.5% elapsed=13m39s eta=15m43s] id=2hop__444265_82341 em=1 f1=1.00 iters=1 score=9 exit=score_threshold final=\boxed{Northern Florida}
[1124/2417  46.5% elapsed=13m39s eta=15m42s] id=2hop__704217_82341 em=0 f1=0.50 iters=1 score=10 exit=score_threshold final=\boxed{Ocala, Florida}
[1125/2417  46.5% elapsed=13m39s eta=15m40s] id=2hop__390055_82341 em=0 f1=0.50 iters=1 score=10 exit=score_threshold final=\boxed{Ocala, Florida}
[1126/2417  46.6% elapsed=13m39s eta=15m39s] id=2hop__35445_22458 em=1 f1=1.00 iters=1 score=8 exit=score_threshold final=\boxed{FIFA}
[1127/2417  46.6% elapsed=13m39s eta=15m38s] id=2hop__814671_82341 em=1 f1=1.00 iters=1 score=8 exit=score_threshold final=\boxed{Northern Florida}
[1128/2417  46.7% elapsed=13m40s eta=15m37s] id=2hop__593633_82341 em=0 f1=0.00 iters=2 score=8 exit=score_threshold final=\boxed{Unknown}
[1129/2417  46.7% elapsed=13m40s eta=15m35s] id=2hop__472083_7298 em=1 f1=1.00 iters=2 score=8 exit=score_threshold final=\boxed{Michael Bublé}
[1130/2417  46.8% elapsed=13m40s eta=15m34s] id=2hop__136214_483189 em=1 f1=1.00 iters=3 score=6 exit=max_iterations final=\boxed{Greek mythology}
[1131/2417  46.8% elapsed=13m40s eta=15m33s] id=2hop__132954_533882 em=1 f1=1.00 iters=1 score=8 exit=score_threshold final=\boxed{Martin Marietta}
[1132/2417  46.8% elapsed=13m40s eta=15m31s] id=2hop__132469_533882 em=0 f1=0.80 iters=1 score=9 exit=score_threshold final=\boxed{Martin Marietta Corporation}
[1133/2417  46.9% elapsed=13m41s eta=15m30s] id=2hop__761291_87295 em=1 f1=1.00 iters=1 score=10 exit=score_threshold final=\boxed{Queen Dowager Clarisse Renaldi}
[1134/2417  46.9% elapsed=13m41s eta=15m29s] id=2hop__144658_599630 em=0 f1=0.00 iters=2 score=8 exit=score_threshold final=\boxed{Wenzhou, Zhejiang}
[1135/2417  47.0% elapsed=13m41s eta=15m27s] id=2hop__286621_84856 em=0 f1=0.00 iters=3 score=6 exit=max_iterations final=\boxed{The premiere date of the new season of the show named
[1136/2417  47.0% elapsed=13m41s eta=15m26s] id=2hop__776637_87295 em=1 f1=1.00 iters=1 score=8 exit=score_threshold final=\boxed{Queen Dowager Clarisse Renaldi}
[1137/2417  47.0% elapsed=13m42s eta=15m25s] id=2hop__418360_67370 em=1 f1=1.00 iters=3 score=6 exit=max_iterations final=\boxed{January 19, 2018}
[1138/2417  47.1% elapsed=13m42s eta=15m23s] id=2hop__1667_40502 em=0 f1=0.00 iters=3 score=4 exit=max_iterations final=\boxed{Not directly provided in the given text}
[1139/2417  47.1% elapsed=13m42s eta=15m22s] id=2hop__542569_87295 em=1 f1=1.00 iters=1 score=8 exit=score_threshold final=\boxed{Queen Dowager Clarisse Renaldi}
[1140/2417  47.2% elapsed=13m48s eta=15m27s] id=2hop__778212_22458 em=1 f1=1.00 iters=2 score=8 exit=score_threshold final=\boxed{FIFA}
[1141/2417  47.2% elapsed=13m50s eta=15m29s] id=2hop__476927_31270 em=0 f1=0.40 iters=3 score=6 exit=max_iterations final=\boxed{45 miles (72 km)}
[1142/2417  47.2% elapsed=13m51s eta=15m27s] id=2hop__35418_22458 em=1 f1=1.00 iters=2 score=10 exit=score_threshold final=\boxed{FIFA}
[1143/2417  47.3% elapsed=13m51s eta=15m26s] id=2hop__511176_22458 em=0 f1=0.00 iters=2 score=9 exit=score_threshold final=\boxed{DFB}
[1144/2417  47.3% elapsed=13m51s eta=15m25s] id=2hop__219456_87295 em=1 f1=1.00 iters=2 score=9 exit=score_threshold final=\boxed{Queen Dowager Clarisse Renaldi}
[1145/2417  47.4% elapsed=13m52s eta=15m24s] id=2hop__809096_491515 em=0 f1=0.00 iters=3 score=6 exit=max_iterations final=\boxed{Cannot determine}
[1146/2417  47.4% elapsed=13m52s eta=15m22s] id=2hop__9_59409 em=0 f1=0.00 iters=1 score=8 exit=score_threshold final=\boxed{Jay-Z}
[1147/2417  47.5% elapsed=13m52s eta=15m21s] id=2hop__564984_139312 em=1 f1=1.00 iters=1 score=9 exit=score_threshold final=\boxed{Academy Award for Best Supporting Actor}
[1148/2417  47.5% elapsed=13m52s eta=15m20s] id=2hop__51261_87295 em=1 f1=1.00 iters=2 score=9 exit=score_threshold final=\boxed{Queen dowager Clarisse Renaldi}
[1149/2417  47.5% elapsed=13m52s eta=15m19s] id=2hop__85958_87295 em=0 f1=0.00 iters=2 score=8 exit=score_threshold final=\boxed{The answer cannot be determined from the given inform
[1150/2417  47.6% elapsed=13m52s eta=15m17s] id=2hop__347_59409 em=0 f1=0.00 iters=1 score=8 exit=score_threshold final=\boxed{Jay-Z}
[1151/2417  47.6% elapsed=13m53s eta=15m16s] id=2hop__144763_599630 em=0 f1=0.00 iters=3 score=6 exit=max_iterations final=\boxed{Wenzhou, Zhejiang}
[1152/2417  47.7% elapsed=13m53s eta=15m15s] id=2hop__669837_31270 em=1 f1=1.00 iters=3 score=6 exit=max_iterations final=\boxed{45}
[1153/2417  47.7% elapsed=13m53s eta=15m13s] id=2hop__70930_7298 em=0 f1=0.57 iters=3 score=8 exit=score_threshold final=\boxed{Josh Groban and Michael Bublé}
[1154/2417  47.7% elapsed=13m53s eta=15m12s] id=2hop__2613_59409 em=0 f1=0.60 iters=1 score=8 exit=score_threshold final=\boxed{three different relationships}
[1155/2417  47.8% elapsed=13m53s eta=15m11s] id=2hop__345_59409 em=0 f1=0.00 iters=1 score=8 exit=score_threshold final=\boxed{Jay-Z}
[1156/2417  47.8% elapsed=13m54s eta=15m10s] id=2hop__697729_576069 em=0 f1=0.80 iters=1 score=8 exit=score_threshold final=\boxed{Lake Chad Basin}
[1157/2417  47.9% elapsed=13m54s eta=15m08s] id=2hop__14_59409 em=0 f1=0.00 iters=1 score=8 exit=score_threshold final=\boxed{Jay-Z}
[1158/2417  47.9% elapsed=13m54s eta=15m07s] id=2hop__481809_184805 em=0 f1=0.00 iters=1 score=8 exit=score_threshold final=\boxed{Alluvial}
[1159/2417  48.0% elapsed=13m55s eta=15m06s] id=2hop__80_59409 em=0 f1=0.00 iters=1 score=8 exit=score_threshold final=\boxed{Jay-Z}
[1160/2417  48.0% elapsed=13m56s eta=15m06s] id=2hop__316374_82341 em=1 f1=1.00 iters=3 score=6 exit=max_iterations final=\boxed{Northern Florida}
[1161/2417  48.0% elapsed=13m56s eta=15m05s] id=2hop__620853_22458 em=1 f1=1.00 iters=2 score=8 exit=score_threshold final=\boxed{International Federation of Association Football}
[1162/2417  48.1% elapsed=14m00s eta=15m08s] id=2hop__284613_87295 em=0 f1=0.00 iters=3 score=8 exit=score_threshold final=\boxed{Not enough information}
[1163/2417  48.1% elapsed=14m06s eta=15m12s] id=2hop__754021_20057 em=1 f1=1.00 iters=1 score=10 exit=score_threshold final=\boxed{Richard Stallman}
[1164/2417  48.2% elapsed=14m06s eta=15m11s] id=2hop__458672_20057 em=1 f1=1.00 iters=1 score=8 exit=score_threshold final=\boxed{Richard Stallman}
[1165/2417  48.2% elapsed=14m06s eta=15m09s] id=2hop__279729_20057 em=0 f1=0.00 iters=1 score=10 exit=score_threshold final=\boxed{Free Software Foundation (FSF)}
[1166/2417  48.2% elapsed=14m06s eta=15m08s] id=3hop1__103662_443779_52195 em=1 f1=1.00 iters=1 score=9 exit=score_threshold final=\boxed{Francisco Guterres}
[1167/2417  48.3% elapsed=14m07s eta=15m07s] id=2hop__427249_20057 em=1 f1=1.00 iters=1 score=8 exit=score_threshold final=\boxed{Richard Stallman}
[1168/2417  48.3% elapsed=14m07s eta=15m05s] id=2hop__66_59409 em=0 f1=0.00 iters=1 score=8 exit=score_threshold final=\boxed{Jay Z}
[1169/2417  48.4% elapsed=14m07s eta=15m04s] id=2hop__506099_20057 em=1 f1=1.00 iters=1 score=8 exit=score_threshold final=\boxed{Richard Stallman}
[1170/2417  48.4% elapsed=14m07s eta=15m03s] id=2hop__20059_236755 em=1 f1=1.00 iters=1 score=8 exit=score_threshold final=\boxed{GNU Manifesto}
[1171/2417  48.4% elapsed=14m07s eta=15m02s] id=2hop__580458_139390 em=0 f1=0.17 iters=2 score=8 exit=score_threshold final=\boxed{No specific cast member of 'The Bad Man' is mentioned
[1172/2417  48.5% elapsed=14m08s eta=15m01s] id=2hop__60880_87295 em=0 f1=0.00 iters=3 score=8 exit=score_threshold final=\boxed{Not in The Princess Diaries}
[1173/2417  48.5% elapsed=14m08s eta=14m59s] id=3hop1__145212_443779_52195 em=1 f1=1.00 iters=1 score=8 exit=score_threshold final=\boxed{Francisco Guterres}
[1174/2417  48.6% elapsed=14m08s eta=14m58s] id=3hop1__103881_443779_52195 em=1 f1=1.00 iters=1 score=8 exit=score_threshold final=\boxed{Francisco Guterres}
[1175/2417  48.6% elapsed=14m08s eta=14m57s] id=3hop1__103440_443779_52195 em=1 f1=1.00 iters=1 score=8 exit=score_threshold final=\boxed{Francisco Guterres}
[1176/2417  48.7% elapsed=14m08s eta=14m55s] id=3hop1__106094_443779_52195 em=1 f1=1.00 iters=1 score=8 exit=score_threshold final=\boxed{Francisco Guterres}
[1177/2417  48.7% elapsed=14m08s eta=14m54s] id=3hop1__145290_443779_52195 em=1 f1=1.00 iters=1 score=8 exit=score_threshold final=\boxed{Francisco Guterres}
[1178/2417  48.7% elapsed=14m09s eta=14m53s] id=2hop__486314_544665 em=0 f1=0.33 iters=2 score=9 exit=score_threshold final=\boxed{Chaya Mushka Schneersohn}
[1179/2417  48.8% elapsed=14m09s eta=14m52s] id=2hop__60336_169233 em=0 f1=0.20 iters=2 score=8 exit=score_threshold final=\boxed{Cecil B. DeMille Award}
[1180/2417  48.8% elapsed=14m14s eta=14m55s] id=2hop__684839_139312 em=0 f1=0.80 iters=3 score=6 exit=max_iterations final=\boxed{Academy Award for Best Supporting Actor in 'Broadcast
[1181/2417  48.9% elapsed=14m21s eta=15m01s] id=3hop1__106313_443779_52195 em=1 f1=1.00 iters=2 score=8 exit=score_threshold final=\boxed{Francisco Guterres}
[1182/2417  48.9% elapsed=14m21s eta=15m00s] id=3hop1__145411_443779_52195 em=1 f1=1.00 iters=2 score=8 exit=score_threshold final=\boxed{Francisco Guterres}
[1183/2417  48.9% elapsed=14m22s eta=14m59s] id=3hop1__105126_443779_52195 em=1 f1=1.00 iters=2 score=8 exit=score_threshold final=\boxed{Francisco Guterres}
[1184/2417  49.0% elapsed=14m22s eta=14m58s] id=3hop1__144439_443779_52195 em=1 f1=1.00 iters=2 score=8 exit=score_threshold final=\boxed{Francisco Guterres}
[1185/2417  49.0% elapsed=14m22s eta=14m56s] id=3hop1__222380_443779_52195 em=1 f1=1.00 iters=1 score=8 exit=score_threshold final=\boxed{Francisco Guterres}
[1186/2417  49.1% elapsed=14m22s eta=14m55s] id=3hop1__604797_443779_52195 em=1 f1=1.00 iters=1 score=8 exit=score_threshold final=\boxed{Francisco Guterres}
[1187/2417  49.1% elapsed=14m23s eta=14m54s] id=3hop1__438364_443779_52195 em=1 f1=1.00 iters=1 score=8 exit=score_threshold final=\boxed{Francisco Guterres}
[1188/2417  49.2% elapsed=14m23s eta=14m53s] id=3hop1__163024_443779_52195 em=1 f1=1.00 iters=1 score=8 exit=score_threshold final=\boxed{Francisco Guterres}
[1189/2417  49.2% elapsed=14m24s eta=14m52s] id=3hop1__488744_443779_52195 em=1 f1=1.00 iters=1 score=8 exit=score_threshold final=\boxed{Francisco Guterres}
[1190/2417  49.2% elapsed=14m24s eta=14m51s] id=2hop__54651_169233 em=0 f1=0.67 iters=3 score=6 exit=max_iterations final=\boxed{Academy Award for Best Original Song}
[1191/2417  49.3% elapsed=14m24s eta=14m50s] id=2hop__681463_402641 em=0 f1=0.38 iters=3 score=6 exit=max_iterations final=\boxed{Hsiao-wen, Hsiao-chang, Hsiao-wu, Hsiao-yung, Winston
[1192/2417  49.3% elapsed=14m24s eta=14m48s] id=3hop1__28404_160713_77246 em=0 f1=0.00 iters=1 score=8 exit=score_threshold final=\boxed{Hindu}
[1193/2417  49.4% elapsed=14m24s eta=14m47s] id=3hop1__159737_160713_77246 em=0 f1=0.00 iters=1 score=8 exit=score_threshold final=\boxed{Hindu}
[1194/2417  49.4% elapsed=14m24s eta=14m45s] id=2hop__50199_59409 em=0 f1=0.29 iters=3 score=6 exit=max_iterations final=\boxed{one of Jay-Z's past relationships}
[1195/2417  49.4% elapsed=14m24s eta=14m44s] id=3hop1__161507_160713_77246 em=0 f1=0.00 iters=1 score=8 exit=score_threshold final=\boxed{Hindu}
[1196/2417  49.5% elapsed=14m26s eta=14m44s] id=2hop__69_59409 em=0 f1=0.00 iters=3 score=6 exit=max_iterations final=\boxed{Jay-Z}
[1197/2417  49.5% elapsed=14m31s eta=14m48s] id=2hop__789565_416401 em=0 f1=0.00 iters=3 score=6 exit=max_iterations final=\boxed{Lady Li}
[1198/2417  49.6% elapsed=14m38s eta=14m53s] id=3hop1__93963_170667_18967 em=1 f1=1.00 iters=2 score=8 exit=score_threshold final=\boxed{Dutch East Indies}
[1199/2417  49.6% elapsed=14m38s eta=14m52s] id=3hop1__275261_443779_52195 em=1 f1=1.00 iters=1 score=8 exit=score_threshold final=\boxed{Francisco Guterres}
[1200/2417  49.6% elapsed=14m38s eta=14m50s] id=3hop1__489567_443779_52195 em=1 f1=1.00 iters=1 score=8 exit=score_threshold final=\boxed{Francisco Guterres}
[1201/2417  49.7% elapsed=14m38s eta=14m49s] id=3hop1__487301_443779_52195 em=1 f1=1.00 iters=1 score=8 exit=score_threshold final=\boxed{Francisco Guterres}
[1202/2417  49.7% elapsed=14m39s eta=14m48s] id=3hop1__144678_443779_52195 em=0 f1=0.00 iters=3 score=6 exit=max_iterations final=\boxed{Sukarno}
[1203/2417  49.8% elapsed=14m39s eta=14m47s] id=3hop1__749581_443779_52195 em=0 f1=0.00 iters=2 score=8 exit=score_threshold final=\boxed{Xanana Gusmão}
[1204/2417  49.8% elapsed=14m39s eta=14m46s] id=3hop1__23444_160713_77246 em=0 f1=0.00 iters=2 score=8 exit=score_threshold final=\boxed{Al-Hind}
[1205/2417  49.9% elapsed=14m39s eta=14m45s] id=3hop1__105837_160713_77246 em=0 f1=0.00 iters=1 score=8 exit=score_threshold final=\boxed{Hinduism}
[1206/2417  49.9% elapsed=14m39s eta=14m43s] id=3hop1__106688_160713_77246 em=0 f1=0.29 iters=2 score=8 exit=score_threshold final=\boxed{a large body of water}
[1207/2417  49.9% elapsed=14m39s eta=14m42s] id=3hop1__475351_160713_77246 em=0 f1=0.00 iters=2 score=8 exit=score_threshold final=\boxed{Hindu}
[1208/2417  50.0% elapsed=14m39s eta=14m40s] id=3hop1__30885_160713_77246 em=0 f1=0.00 iters=1 score=8 exit=score_threshold final=\boxed{Hindu}
[1209/2417  50.0% elapsed=14m40s eta=14m39s] id=3hop1__105767_443779_52195 em=1 f1=1.00 iters=3 score=8 exit=score_threshold final=\boxed{Francisco Guterres}
[1210/2417  50.1% elapsed=14m40s eta=14m38s] id=3hop1__248929_160713_77246 em=0 f1=0.00 iters=2 score=8 exit=score_threshold final=\boxed{Hinduism}
[1211/2417  50.1% elapsed=14m41s eta=14m37s] id=3hop1__632623_160713_77246 em=0 f1=0.00 iters=1 score=8 exit=score_threshold final=\boxed{Hindu}
[1212/2417  50.1% elapsed=14m41s eta=14m36s] id=3hop1__498954_160713_77246 em=0 f1=0.00 iters=2 score=8 exit=score_threshold final=\boxed{Al-Hind}
[1213/2417  50.2% elapsed=14m52s eta=14m46s] id=3hop1__84887_538202_84283 em=1 f1=1.00 iters=1 score=8 exit=score_threshold final=\boxed{Warner Music Group}
[1214/2417  50.2% elapsed=14m53s eta=14m45s] id=3hop1__142044_538202_84283 em=1 f1=1.00 iters=1 score=8 exit=score_threshold final=\boxed{Warner Music Group}
[1215/2417  50.3% elapsed=14m53s eta=14m43s] id=3hop1__504362_443779_52195 em=1 f1=1.00 iters=2 score=8 exit=score_threshold final=\boxed{Francisco Guterres}
[1216/2417  50.3% elapsed=14m53s eta=14m42s] id=3hop1__106900_443779_52195 em=1 f1=1.00 iters=3 score=8 exit=score_threshold final=\boxed{Francisco Guterres}
[1217/2417  50.4% elapsed=14m53s eta=14m41s] id=3hop1__743797_443779_52195 em=1 f1=1.00 iters=2 score=8 exit=score_threshold final=\boxed{Francisco Guterres}
[1218/2417  50.4% elapsed=14m54s eta=14m40s] id=3hop1__123190_519940_18967 em=1 f1=1.00 iters=3 score=8 exit=score_threshold final=\boxed{Dutch East Indies}
[1219/2417  50.4% elapsed=14m54s eta=14m39s] id=3hop1__66872_709625_84283 em=1 f1=1.00 iters=1 score=8 exit=score_threshold final=\boxed{Warner Music Group}
[1220/2417  50.5% elapsed=14m54s eta=14m38s] id=3hop1__53690_161697_73916 em=1 f1=1.00 iters=1 score=8 exit=score_threshold final=\boxed{72,641}
[1221/2417  50.5% elapsed=14m55s eta=14m37s] id=3hop1__106847_160713_77246 em=0 f1=0.00 iters=3 score=8 exit=score_threshold final=\boxed{Hinduism}
[1222/2417  50.6% elapsed=14m55s eta=14m35s] id=3hop1__507961_160713_77246 em=0 f1=0.00 iters=3 score=8 exit=score_threshold final=\boxed{Hindu}
[1223/2417  50.6% elapsed=14m55s eta=14m34s] id=3hop1__376309_160713_77246 em=0 f1=0.00 iters=2 score=8 exit=score_threshold final=\boxed{Hindu}
[1224/2417  50.6% elapsed=14m55s eta=14m32s] id=3hop1__309596_160713_77246 em=0 f1=0.00 iters=1 score=8 exit=score_threshold final=\boxed{Hindu}
[1225/2417  50.7% elapsed=14m55s eta=14m31s] id=3hop1__107195_160713_77246 em=0 f1=0.00 iters=2 score=8 exit=score_threshold final=\boxed{Hindu}
[1226/2417  50.7% elapsed=14m56s eta=14m30s] id=3hop1__582007_160713_77246 em=0 f1=0.00 iters=2 score=8 exit=score_threshold final=\boxed{Al-Hind}
[1227/2417  50.8% elapsed=15m03s eta=14m36s] id=3hop1__71549_486583_84283 em=1 f1=1.00 iters=2 score=8 exit=score_threshold final=\boxed{Warner Music Group}
[1228/2417  50.8% elapsed=15m06s eta=14m37s] id=3hop1__45612_502967_84283 em=1 f1=1.00 iters=2 score=9 exit=score_threshold final=\boxed{Warner Music Group}
[1229/2417  50.8% elapsed=15m06s eta=14m35s] id=3hop1__53690_161697_49779 em=1 f1=1.00 iters=2 score=8 exit=score_threshold final=\boxed{Chris Harrison}
[1230/2417  50.9% elapsed=15m06s eta=14m35s] id=3hop1__694534_160088_85460 em=0 f1=0.00 iters=2 score=8 exit=score_threshold final=\boxed{59039}
[1231/2417  50.9% elapsed=15m07s eta=14m34s] id=3hop1__622497_160088_49779 em=1 f1=1.00 iters=2 score=8 exit=score_threshold final=\boxed{Chris Harrison}
[1232/2417  51.0% elapsed=15m08s eta=14m34s] id=3hop1__694534_160088_49779 em=0 f1=0.00 iters=2 score=8 exit=score_threshold final=\boxed{Regis Philbin}
[1233/2417  51.0% elapsed=15m09s eta=14m32s] id=3hop1__654651_55349_651302 em=0 f1=0.00 iters=3 score=6 exit=max_iterations final=\boxed{Unknown}
[1234/2417  51.1% elapsed=15m09s eta=14m31s] id=3hop1__649930_15840_36002 em=0 f1=0.44 iters=1 score=8 exit=score_threshold final=\boxed{Improved graphics, sound, and a larger game library}
[1235/2417  51.1% elapsed=15m09s eta=14m30s] id=3hop1__104996_160713_77246 em=0 f1=0.00 iters=3 score=8 exit=score_threshold final=\boxed{Hindu}
[1236/2417  51.1% elapsed=15m09s eta=14m28s] id=3hop1__106864_160713_77246 em=0 f1=0.00 iters=3 score=5 exit=max_iterations final=\boxed{الإسلام}
[1237/2417  51.2% elapsed=15m09s eta=14m28s] id=3hop1__379315_160713_77246 em=0 f1=0.00 iters=3 score=6 exit=max_iterations final=\boxed{Hindu}
[1238/2417  51.2% elapsed=15m10s eta=14m27s] id=3hop1__374018_160713_77246 em=0 f1=0.00 iters=3 score=6 exit=max_iterations final=\boxed{Al-Hindu}
[1239/2417  51.3% elapsed=15m11s eta=14m27s] id=3hop1__835193_160713_77246 em=0 f1=0.00 iters=3 score=6 exit=max_iterations final=\boxed{الإسلام}
[1240/2417  51.3% elapsed=15m13s eta=14m26s] id=3hop1__63037_567566_84283 em=0 f1=0.00 iters=3 score=6 exit=max_iterations final=\boxed{American Cowboy Songs}
[1241/2417  51.3% elapsed=15m16s eta=14m28s] id=3hop1__53690_161697_85460 em=0 f1=0.00 iters=3 score=6 exit=max_iterations final=\boxed{Cannot determine}
[1242/2417  51.4% elapsed=15m22s eta=14m32s] id=3hop1__469478_15840_36002 em=0 f1=0.44 iters=2 score=8 exit=score_threshold final=\boxed{Improved graphics, sound, and a larger game library}
[1243/2417  51.4% elapsed=15m22s eta=14m31s] id=3hop1__836699_15840_36002 em=0 f1=0.43 iters=2 score=8 exit=score_threshold final=\boxed{Improved graphics and sound, larger library of games,
[1244/2417  51.5% elapsed=15m22s eta=14m30s] id=3hop1__418091_15840_36002 em=0 f1=0.44 iters=2 score=8 exit=score_threshold final=\boxed{Improved graphics, sound, and a larger game library}
[1245/2417  51.5% elapsed=15m23s eta=14m29s] id=3hop1__742464_15840_36002 em=0 f1=0.43 iters=2 score=8 exit=score_threshold final=\boxed{Improved graphics and sound, larger game library, and
[1246/2417  51.6% elapsed=15m23s eta=14m28s] id=3hop1__791757_15840_36002 em=0 f1=0.45 iters=2 score=8 exit=score_threshold final=\boxed{Improved graphics and sound, and a 'cool' marketing s
[1247/2417  51.6% elapsed=15m24s eta=14m27s] id=3hop1__536452_15840_36002 em=0 f1=0.00 iters=2 score=8 exit=score_threshold final=\boxed{Superior hardware capabilities}
[1248/2417  51.6% elapsed=15m24s eta=14m25s] id=3hop1__804367_160713_77246 em=0 f1=0.29 iters=3 score=8 exit=score_threshold final=\boxed{a large body of water}
[1249/2417  51.7% elapsed=15m24s eta=14m24s] id=3hop1__622497_160088_821792 em=0 f1=0.60 iters=1 score=8 exit=score_threshold final=\boxed{Min Zhou and Carl L. Bankston III}
[1250/2417  51.7% elapsed=15m24s eta=14m23s] id=3hop1__622497_160088_85460 em=0 f1=0.00 iters=3 score=6 exit=max_iterations final=\boxed{59039}
[1251/2417  51.8% elapsed=15m25s eta=14m22s] id=3hop1__694534_160088_73916 em=0 f1=0.00 iters=3 score=6 exit=max_iterations final=\boxed{72641}
[1252/2417  51.8% elapsed=15m25s eta=14m21s] id=3hop1__239036_15840_36002 em=0 f1=0.11 iters=3 score=5 exit=max_iterations final=\boxed{larger game library and lower price point}
[1253/2417  51.8% elapsed=15m32s eta=14m25s] id=3hop1__848113_15840_36002 em=0 f1=0.33 iters=3 score=8 exit=score_threshold final=\boxed{Better graphics and sound, more mature titles}
[1254/2417  51.9% elapsed=15m37s eta=14m29s] id=3hop1__694534_160088_821792 em=0 f1=0.00 iters=3 score=8 exit=score_threshold final=\boxed{American}
[1255/2417  51.9% elapsed=15m37s eta=14m28s] id=3hop1__346812_15840_36002 em=0 f1=0.10 iters=3 score=8 exit=score_threshold final=\boxed{Technical specifications, larger game library, and mo
[1256/2417  52.0% elapsed=15m38s eta=14m27s] id=3hop1__691197_15840_36002 em=0 f1=0.11 iters=3 score=8 exit=score_threshold final=\boxed{larger library of games and lower price point}
[1257/2417  52.0% elapsed=15m38s eta=14m25s] id=3hop1__850160_15840_36002 em=0 f1=0.53 iters=3 score=6 exit=max_iterations final=\boxed{improved graphics and sound}
[1258/2417  52.0% elapsed=15m38s eta=14m25s] id=3hop2__304722_747004_63959 em=0 f1=0.00 iters=2 score=8 exit=score_threshold final=\boxed{There is no direct match where Small Heath beat Aston
[1259/2417  52.1% elapsed=15m39s eta=14m23s] id=3hop2__304722_667199_63959 em=0 f1=0.00 iters=2 score=8 exit=score_threshold final=\boxed{The last time the team that Malcolm Briggs was a memb
[1260/2417  52.1% elapsed=15m39s eta=14m22s] id=3hop1__622497_160088_73916 em=0 f1=0.00 iters=3 score=6 exit=max_iterations final=\boxed{72641}
[1261/2417  52.2% elapsed=15m39s eta=14m21s] id=3hop1__765847_831637_91775 em=1 f1=1.00 iters=1 score=8 exit=score_threshold final=\boxed{Sea, Air, and Land}
[1262/2417  52.2% elapsed=15m40s eta=14m20s] id=3hop2__304722_692815_63959 em=0 f1=0.00 iters=2 score=8 exit=score_threshold final=\boxed{1985}
[1263/2417  52.3% elapsed=15m52s eta=14m30s] id=3hop2__304722_423353_63959 em=0 f1=0.00 iters=3 score=6 exit=max_iterations final=\boxed{Unknown}
[1264/2417  52.3% elapsed=15m52s eta=14m29s] id=3hop1__791757_15840_36014 em=0 f1=0.00 iters=1 score=10 exit=score_threshold final=\boxed{5}
[1265/2417  52.3% elapsed=15m52s eta=14m27s] id=3hop1__469478_15840_36014 em=0 f1=0.00 iters=1 score=8 exit=score_threshold final=\boxed{5}
[1266/2417  52.4% elapsed=15m53s eta=14m26s] id=3hop1__742464_15840_36014 em=0 f1=0.67 iters=1 score=8 exit=score_threshold final=\boxed{five games}
[1267/2417  52.4% elapsed=15m53s eta=14m25s] id=3hop1__418091_15840_36014 em=1 f1=1.00 iters=1 score=8 exit=score_threshold final=\boxed{five}
[1268/2417  52.5% elapsed=15m53s eta=14m24s] id=3hop1__536452_15840_36014 em=0 f1=0.00 iters=1 score=8 exit=score_threshold final=\boxed{5}
[1269/2417  52.5% elapsed=15m54s eta=14m23s] id=3hop1__756602_831637_91775 em=1 f1=1.00 iters=1 score=9 exit=score_threshold final=\boxed{Sea, Air, and Land}
[1270/2417  52.5% elapsed=15m54s eta=14m21s] id=3hop2__304722_781203_63959 em=0 f1=0.00 iters=2 score=8 exit=score_threshold final=\boxed{1908-09}
[1271/2417  52.6% elapsed=15m54s eta=14m20s] id=3hop2__304722_689786_63959 em=0 f1=0.00 iters=2 score=8 exit=score_threshold final=\boxed{The information provided does not specify the last ma
[1272/2417  52.6% elapsed=15m54s eta=14m19s] id=3hop2__304722_796034_63959 em=0 f1=0.00 iters=3 score=6 exit=max_iterations final=\boxed{27 May 1963}
[1273/2417  52.7% elapsed=15m54s eta=14m17s] id=3hop1__251085_831637_91775 em=0 f1=0.00 iters=2 score=8 exit=score_threshold final=\boxed{coastal minesweeper}
[1274/2417  52.7% elapsed=15m55s eta=14m16s] id=3hop2__304722_582839_63959 em=0 f1=0.00 iters=3 score=4 exit=max_iterations final=\boxed{The most recent match date between the team employing
[1275/2417  52.8% elapsed=15m55s eta=14m15s] id=3hop2__304722_602987_63959 em=0 f1=0.00 iters=3 score=4 exit=max_iterations final=\boxed{1894-95 FA Cup}
[1276/2417  52.8% elapsed=15m55s eta=14m14s] id=3hop2__304722_466316_63959 em=0 f1=0.00 iters=3 score=6 exit=max_iterations final=\boxed{Cannot determine from the provided information}
[1277/2417  52.8% elapsed=15m55s eta=14m12s] id=3hop2__304722_590317_63959 em=0 f1=0.00 iters=3 score=4 exit=max_iterations final=\boxed{23 May 1963}
[1278/2417  52.9% elapsed=15m55s eta=14m11s] id=3hop2__304722_591230_63959 em=0 f1=0.00 iters=3 score=4 exit=max_iterations final=\boxed{The information provided does not include any specifi
[1279/2417  52.9% elapsed=15m56s eta=14m10s] id=3hop2__304722_526346_63959 em=0 f1=0.00 iters=3 score=8 exit=score_threshold final=\boxed{1995}
[1280/2417  53.0% elapsed=15m56s eta=14m09s] id=3hop2__304722_397371_63959 em=0 f1=0.00 iters=3 score=6 exit=max_iterations final=\boxed{The information provided does not specify the exact d
[1281/2417  53.0% elapsed=16m06s eta=14m17s] id=3hop1__837871_831637_91775 em=0 f1=0.00 iters=2 score=8 exit=score_threshold final=\boxed{United States Navy}
[1282/2417  53.0% elapsed=16m06s eta=14m15s] id=3hop1__848113_15840_36014 em=0 f1=0.00 iters=1 score=8 exit=score_threshold final=\boxed{5}
[1283/2417  53.1% elapsed=16m06s eta=14m14s] id=3hop1__850160_15840_36014 em=0 f1=0.00 iters=1 score=8 exit=score_threshold final=\boxed{5}
[1284/2417  53.1% elapsed=16m07s eta=14m13s] id=3hop1__831162_831637_91775 em=1 f1=1.00 iters=2 score=8 exit=score_threshold final=\boxed{Sea, Air, and Land}
[1285/2417  53.2% elapsed=16m07s eta=14m11s] id=3hop1__691197_15840_36014 em=0 f1=0.00 iters=1 score=8 exit=score_threshold final=\boxed{5}
[1286/2417  53.2% elapsed=16m07s eta=14m10s] id=3hop1__534450_831637_91775 em=1 f1=1.00 iters=2 score=8 exit=score_threshold final=\boxed{Sea, Air, and Land}
[1287/2417  53.2% elapsed=16m07s eta=14m09s] id=3hop1__324448_831637_91775 em=1 f1=1.00 iters=1 score=9 exit=score_threshold final=\boxed{Sea, Air, and Land}
[1288/2417  53.3% elapsed=16m07s eta=14m08s] id=3hop1__346812_15840_36014 em=0 f1=0.00 iters=1 score=8 exit=score_threshold final=\boxed{5}
[1289/2417  53.3% elapsed=16m07s eta=14m06s] id=3hop1__754160_831637_91775 em=0 f1=0.00 iters=1 score=8 exit=score_threshold final=\boxed{Navy SEALs}
[1290/2417  53.4% elapsed=16m07s eta=14m05s] id=3hop1__454441_55349_651302 em=0 f1=0.00 iters=3 score=5 exit=max_iterations final=\boxed{Unknown}
[1291/2417  53.4% elapsed=16m08s eta=14m04s] id=3hop2__304722_398767_63959 em=0 f1=0.00 iters=3 score=6 exit=max_iterations final=\boxed{Not enough information}
[1292/2417  53.5% elapsed=16m08s eta=14m03s] id=3hop1__836699_15840_36014 em=0 f1=0.00 iters=1 score=8 exit=score_threshold final=\boxed{5}
[1293/2417  53.5% elapsed=16m08s eta=14m01s] id=3hop1__346416_831637_91775 em=1 f1=1.00 iters=1 score=8 exit=score_threshold final=\boxed{Sea, Air, and Land}
[1294/2417  53.5% elapsed=16m08s eta=14m00s] id=3hop2__304722_330033_63959 em=0 f1=0.00 iters=3 score=6 exit=max_iterations final=\boxed{Cannot determine from the given text}
[1295/2417  53.6% elapsed=16m08s eta=13m59s] id=3hop2__304722_238553_63959 em=0 f1=0.00 iters=3 score=4 exit=max_iterations final=\boxed{The exact date is not explicitly provided in the give
[1296/2417  53.6% elapsed=16m08s eta=13m58s] id=3hop2__304722_230978_63959 em=0 f1=0.00 iters=3 score=6 exit=max_iterations final=\boxed{Cannot determine}
[1297/2417  53.7% elapsed=16m08s eta=13m56s] id=3hop1__255970_831637_91775 em=1 f1=1.00 iters=1 score=8 exit=score_threshold final=\boxed{Sea, Air, and Land}
[1298/2417  53.7% elapsed=16m09s eta=13m55s] id=3hop1__761225_831637_91775 em=1 f1=1.00 iters=1 score=8 exit=score_threshold final=\boxed{Sea, Air, and Land}
[1299/2417  53.7% elapsed=16m09s eta=13m54s] id=3hop2__304722_372858_63959 em=0 f1=0.00 iters=3 score=4 exit=max_iterations final=\boxed{No match found}
[1300/2417  53.8% elapsed=16m09s eta=13m53s] id=3hop1__380590_831637_91775 em=0 f1=0.00 iters=3 score=6 exit=max_iterations final=\boxed{Destroyer class}
[1301/2417  53.8% elapsed=16m10s eta=13m52s] id=3hop2__304722_297619_63959 em=0 f1=0.00 iters=3 score=4 exit=max_iterations final=\boxed{No match found}
[1302/2417  53.9% elapsed=16m10s eta=13m51s] id=3hop1__786632_831637_91775 em=0 f1=0.00 iters=1 score=8 exit=score_threshold final=\boxed{Navy SEALs}
[1303/2417  53.9% elapsed=16m10s eta=13m49s] id=3hop2__304722_203717_63959 em=0 f1=0.00 iters=3 score=4 exit=max_iterations final=\boxed{Unknown}
[1304/2417  54.0% elapsed=16m10s eta=13m48s] id=3hop2__304722_740784_63959 em=0 f1=0.00 iters=3 score=6 exit=max_iterations final=\boxed{Never}
[1305/2417  54.0% elapsed=16m13s eta=13m49s] id=3hop1__239036_15840_36014 em=0 f1=0.00 iters=3 score=8 exit=score_threshold final=\boxed{5}
[1306/2417  54.0% elapsed=16m19s eta=13m53s] id=3hop1__673934_831637_91775 em=0 f1=0.00 iters=2 score=10 exit=score_threshold final=\boxed{United States Navy}
[1307/2417  54.1% elapsed=16m21s eta=13m53s] id=3hop1__326941_366209_84283 em=1 f1=1.00 iters=1 score=9 exit=score_threshold final=\boxed{Warner Music Group}
[1308/2417  54.1% elapsed=16m21s eta=13m51s] id=3hop1__518381_709625_84283 em=1 f1=1.00 iters=1 score=8 exit=score_threshold final=\boxed{Warner Music Group}
[1309/2417  54.2% elapsed=16m21s eta=13m50s] id=3hop1__285585_538202_84283 em=1 f1=1.00 iters=1 score=8 exit=score_threshold final=\boxed{Warner Music Group}
[1310/2417  54.2% elapsed=16m21s eta=13m49s] id=3hop1__695430_831637_91775 em=1 f1=1.00 iters=1 score=9 exit=score_threshold final=\boxed{Sea, Air, and Land}
[1311/2417  54.2% elapsed=16m21s eta=13m48s] id=3hop1__232315_831637_91775 em=0 f1=0.00 iters=2 score=8 exit=score_threshold final=\boxed{Navy SEALs}
[1312/2417  54.3% elapsed=16m22s eta=13m47s] id=3hop1__524212_831637_91775 em=1 f1=1.00 iters=1 score=8 exit=score_threshold final=\boxed{Sea, Air, and Land}
[1313/2417  54.3% elapsed=16m22s eta=13m45s] id=3hop1__830700_538202_84283 em=1 f1=1.00 iters=1 score=8 exit=score_threshold final=\boxed{Warner Music Group}
[1314/2417  54.4% elapsed=16m22s eta=13m44s] id=3hop1__226638_538202_84283 em=1 f1=1.00 iters=1 score=8 exit=score_threshold final=\boxed{Warner Music Group}
[1315/2417  54.4% elapsed=16m22s eta=13m43s] id=3hop1__459153_544076_84283 em=1 f1=1.00 iters=1 score=8 exit=score_threshold final=\boxed{Warner Music Group}
[1316/2417  54.4% elapsed=16m22s eta=13m42s] id=3hop1__617062_127905_92225 em=0 f1=0.80 iters=1 score=8 exit=score_threshold final=\boxed{March 29}
[1317/2417  54.5% elapsed=16m23s eta=13m41s] id=3hop1__480375_709625_84283 em=1 f1=1.00 iters=1 score=8 exit=score_threshold final=\boxed{Warner Music Group}
[1318/2417  54.5% elapsed=16m23s eta=13m40s] id=3hop1__829944_474097_84283 em=1 f1=1.00 iters=1 score=8 exit=score_threshold final=\boxed{Warner Music Group}
[1319/2417  54.6% elapsed=16m23s eta=13m38s] id=3hop1__699454_831637_91775 em=1 f1=1.00 iters=2 score=8 exit=score_threshold final=\boxed{Sea, Air, and Land}
[1320/2417  54.6% elapsed=16m23s eta=13m37s] id=3hop1__390489_502967_84283 em=1 f1=1.00 iters=1 score=8 exit=score_threshold final=\boxed{Warner Music Group}
[1321/2417  54.7% elapsed=16m25s eta=13m37s] id=3hop1__617062_127905_46748 em=0 f1=0.00 iters=1 score=8 exit=score_threshold final=\boxed{22}
[1322/2417  54.7% elapsed=16m28s eta=13m38s] id=3hop1__433054_831637_91775 em=0 f1=0.00 iters=3 score=8 exit=score_threshold final=\boxed{United States Navy}
[1323/2417  54.7% elapsed=16m34s eta=13m42s] id=3hop1__617062_127905_46894 em=1 f1=1.00 iters=2 score=9 exit=score_threshold final=\boxed{Bill Bergen}
[1324/2417  54.8% elapsed=16m34s eta=13m40s] id=3hop1__389955_132457_47686 em=1 f1=1.00 iters=1 score=8 exit=score_threshold final=\boxed{Toronto Coach Terminal}
[1325/2417  54.8% elapsed=16m34s eta=13m39s] id=3hop1__210639_147339_51423 em=1 f1=1.00 iters=1 score=8 exit=score_threshold final=\boxed{Casa Loma}
[1326/2417  54.9% elapsed=16m34s eta=13m38s] id=3hop1__511157_709625_84283 em=0 f1=0.00 iters=2 score=8 exit=score_threshold final=\boxed{Sugar Hill}
[1327/2417  54.9% elapsed=16m34s eta=13m37s] id=3hop1__389069_132457_51423 em=1 f1=1.00 iters=1 score=8 exit=score_threshold final=\boxed{Casa Loma}
[1328/2417  54.9% elapsed=16m34s eta=13m35s] id=3hop1__617062_127905_48717 em=1 f1=1.00 iters=1 score=8 exit=score_threshold final=\boxed{Josh Beckett}
[1329/2417  55.0% elapsed=16m34s eta=13m34s] id=3hop1__568951_567566_84283 em=0 f1=0.00 iters=2 score=8 exit=score_threshold final=\boxed{Kudu}
[1330/2417  55.0% elapsed=16m34s eta=13m33s] id=3hop1__742780_567566_84283 em=1 f1=1.00 iters=2 score=8 exit=score_threshold final=\boxed{Warner Music Group}
[1331/2417  55.1% elapsed=16m34s eta=13m31s] id=3hop1__389069_132457_47686 em=1 f1=1.00 iters=1 score=8 exit=score_threshold final=\boxed{Toronto Coach Terminal}
[1332/2417  55.1% elapsed=16m34s eta=13m30s] id=3hop1__617062_127905_80286 em=1 f1=1.00 iters=1 score=8 exit=score_threshold final=\boxed{Pete Rose}
[1333/2417  55.2% elapsed=16m35s eta=13m29s] id=3hop1__838590_831637_91775 em=0 f1=0.00 iters=3 score=9 exit=score_threshold final=\boxed{U.S. Navy}
[1334/2417  55.2% elapsed=16m35s eta=13m28s] id=3hop1__337705_132457_47686 em=1 f1=1.00 iters=1 score=8 exit=score_threshold final=\boxed{Toronto Coach Terminal}
[1335/2417  55.2% elapsed=16m36s eta=13m27s] id=3hop1__198276_709625_84283 em=0 f1=0.40 iters=2 score=8 exit=score_threshold final=\boxed{Warner Bros. Records}
[1336/2417  55.3% elapsed=16m36s eta=13m26s] id=3hop1__617062_127905_87812 em=0 f1=0.80 iters=2 score=8 exit=score_threshold final=\boxed{March 29}
[1337/2417  55.3% elapsed=16m37s eta=13m25s] id=3hop1__797496_831637_91775 em=0 f1=0.00 iters=3 score=6 exit=max_iterations final=\boxed{Seal class of destroyers}
[1338/2417  55.4% elapsed=16m37s eta=13m24s] id=3hop1__406043_831637_91775 em=0 f1=0.00 iters=3 score=8 exit=score_threshold final=\boxed{HMS Seal (1897)}
[1339/2417  55.4% elapsed=16m40s eta=13m25s] id=3hop1__462125_538202_84283 em=0 f1=0.00 iters=3 score=6 exit=max_iterations final=\boxed{Mercury Nashville Records}
[1340/2417  55.4% elapsed=16m46s eta=13m29s] id=3hop1__401538_132457_51423 em=1 f1=1.00 iters=2 score=8 exit=score_threshold final=\boxed{Casa Loma}
[1341/2417  55.5% elapsed=16m47s eta=13m28s] id=3hop1__798544_514761_594810 em=0 f1=0.86 iters=2 score=8 exit=score_threshold final=\boxed{Warner Bros. Records Nashville}
[1342/2417  55.5% elapsed=16m47s eta=13m27s] id=3hop1__210639_147339_47686 em=1 f1=1.00 iters=1 score=8 exit=score_threshold final=\boxed{Toronto Coach Terminal}
[1343/2417  55.6% elapsed=16m47s eta=13m25s] id=3hop1__287291_375759_84283 em=0 f1=0.00 iters=3 score=6 exit=max_iterations final=\boxed{Eye Reckon Records}
[1344/2417  55.6% elapsed=16m47s eta=13m24s] id=3hop1__671542_665330_47686 em=1 f1=1.00 iters=1 score=8 exit=score_threshold final=\boxed{Toronto Coach Terminal}
[1345/2417  55.6% elapsed=16m47s eta=13m23s] id=3hop1__726561_132457_47686 em=1 f1=1.00 iters=2 score=8 exit=score_threshold final=\boxed{Toronto Coach Terminal}
[1346/2417  55.7% elapsed=16m48s eta=13m22s] id=3hop1__816887_127905_80286 em=1 f1=1.00 iters=3 score=4 exit=max_iterations final=\boxed{Pete Rose}
[1347/2417  55.7% elapsed=16m48s eta=13m21s] id=3hop1__389761_567566_84283 em=0 f1=0.40 iters=3 score=8 exit=score_threshold final=\boxed{Warner Bros. Records}
[1348/2417  55.8% elapsed=16m48s eta=13m20s] id=3hop1__617062_127905_89859 em=0 f1=0.00 iters=3 score=6 exit=max_iterations final=\boxed{April}
[1349/2417  55.8% elapsed=16m49s eta=13m19s] id=3hop1__337705_132457_51423 em=1 f1=1.00 iters=1 score=8 exit=score_threshold final=\boxed{Casa Loma}
[1350/2417  55.9% elapsed=16m49s eta=13m18s] id=3hop1__529164_567566_84283 em=0 f1=0.00 iters=3 score=5 exit=max_iterations final=\boxed{James Conkling}
[1351/2417  55.9% elapsed=16m50s eta=13m17s] id=3hop1__90327_78276_68042 em=0 f1=0.67 iters=1 score=8 exit=score_threshold final=\boxed{2010}
[1352/2417  55.9% elapsed=16m50s eta=13m15s] id=3hop1__401538_132457_47686 em=1 f1=1.00 iters=1 score=8 exit=score_threshold final=\boxed{Toronto Coach Terminal}
[1353/2417  56.0% elapsed=16m50s eta=13m14s] id=3hop2__87184_90327_76291 em=1 f1=1.00 iters=1 score=8 exit=score_threshold final=\boxed{January 2015}
[1354/2417  56.0% elapsed=17m00s eta=13m21s] id=3hop1__83970_685536_47686 em=1 f1=1.00 iters=3 score=6 exit=max_iterations final=\boxed{Toronto Coach Terminal}
[1355/2417  56.1% elapsed=17m00s eta=13m20s] id=3hop1__458916_665330_51423 em=1 f1=1.00 iters=1 score=8 exit=score_threshold final=\boxed{Casa Loma}
[1356/2417  56.1% elapsed=17m00s eta=13m18s] id=3hop1__617062_127905_86588 em=0 f1=0.33 iters=3 score=8 exit=score_threshold final=\boxed{575 feet}
[1357/2417  56.1% elapsed=17m01s eta=13m17s] id=3hop2__31398_2130_2232 em=0 f1=0.57 iters=3 score=8 exit=score_threshold final=\boxed{New York Cosmos}
[1358/2417  56.2% elapsed=17m01s eta=13m16s] id=3hop1__92788_648104_13493 em=0 f1=0.00 iters=2 score=9 exit=score_threshold final=\boxed{La Liga, Copa del Rey, and UEFA Champions League}
[1359/2417  56.2% elapsed=17m01s eta=13m15s] id=3hop1__458916_651917_47686 em=1 f1=1.00 iters=2 score=8 exit=score_threshold final=\boxed{Toronto Coach Terminal}
[1360/2417  56.3% elapsed=17m01s eta=13m14s] id=3hop1__617062_127905_80487 em=0 f1=0.33 iters=3 score=8 exit=score_threshold final=\boxed{July 17, 2018}
[1361/2417  56.3% elapsed=17m02s eta=13m13s] id=3hop1__617062_127905_67954 em=1 f1=1.00 iters=3 score=8 exit=score_threshold final=\boxed{Alex Bregman}
[1362/2417  56.4% elapsed=17m02s eta=13m12s] id=3hop1__617062_127905_54974 em=0 f1=0.80 iters=3 score=6 exit=max_iterations final=\boxed{575 feet}
[1363/2417  56.4% elapsed=17m02s eta=13m10s] id=3hop1__241001_568433_47686 em=1 f1=1.00 iters=1 score=8 exit=score_threshold final=\boxed{Toronto Coach Terminal}
[1364/2417  56.4% elapsed=17m02s eta=13m09s] id=3hop1__458916_665330_47686 em=1 f1=1.00 iters=1 score=8 exit=score_threshold final=\boxed{Toronto Coach Terminal}
[1365/2417  56.5% elapsed=17m04s eta=13m09s] id=3hop2__27069_92991_76291 em=0 f1=0.67 iters=1 score=8 exit=score_threshold final=\boxed{2015}
[1366/2417  56.5% elapsed=17m04s eta=13m08s] id=3hop1__305566_568433_51423 em=0 f1=0.00 iters=3 score=4 exit=max_iterations final=\boxed{Unknown}
[1367/2417  56.6% elapsed=17m12s eta=13m13s] id=3hop1__540585_568433_51423 em=1 f1=1.00 iters=2 score=9 exit=score_threshold final=\boxed{Casa Loma}
[1368/2417  56.6% elapsed=17m13s eta=13m12s] id=3hop1__671542_665330_51423 em=1 f1=1.00 iters=2 score=8 exit=score_threshold final=\boxed{Casa Loma}
[1369/2417  56.6% elapsed=17m14s eta=13m11s] id=3hop1__389955_132457_51423 em=0 f1=0.00 iters=3 score=6 exit=max_iterations final=\boxed{Cannot be determined}
[1370/2417  56.7% elapsed=17m14s eta=13m10s] id=3hop1__90327_73181_68042 em=0 f1=0.67 iters=1 score=8 exit=score_threshold final=\boxed{2010}
[1371/2417  56.7% elapsed=17m14s eta=13m09s] id=3hop1__572324_568433_51423 em=1 f1=1.00 iters=3 score=6 exit=max_iterations final=\boxed{Casa Loma}
[1372/2417  56.8% elapsed=17m14s eta=13m07s] id=3hop1__305566_568433_47686 em=0 f1=0.00 iters=3 score=4 exit=max_iterations final=\boxed{Unknown}
[1373/2417  56.8% elapsed=17m14s eta=13m06s] id=3hop1__92991_73181_68042 em=0 f1=0.67 iters=3 score=8 exit=score_threshold final=\boxed{2010}
[1374/2417  56.8% elapsed=17m15s eta=13m05s] id=3hop1__702699_792411_51423 em=1 f1=1.00 iters=3 score=5 exit=max_iterations final=\boxed{Casa Loma}
[1375/2417  56.9% elapsed=17m15s eta=13m04s] id=3hop1__862117_792411_51423 em=0 f1=0.00 iters=3 score=8 exit=score_threshold final=\boxed{No castle is explicitly mentioned in Jane Siberry's b
[1376/2417  56.9% elapsed=17m15s eta=13m03s] id=3hop1__726561_132457_51423 em=1 f1=1.00 iters=3 score=6 exit=max_iterations final=\boxed{Casa Loma}
[1377/2417  57.0% elapsed=17m15s eta=13m02s] id=3hop1__506062_792411_51423 em=0 f1=0.00 iters=3 score=4 exit=max_iterations final=\boxed{Unknown}
[1378/2417  57.0% elapsed=17m16s eta=13m01s] id=3hop2__92991_89854_76291 em=1 f1=1.00 iters=1 score=8 exit=score_threshold final=\boxed{January 2015}
[1379/2417  57.1% elapsed=17m17s eta=13m00s] id=3hop1__36497_78276_68042 em=0 f1=0.67 iters=1 score=8 exit=score_threshold final=\boxed{2010}
[1380/2417  57.1% elapsed=17m19s eta=13m01s] id=3hop2__92991_27069_76291 em=0 f1=0.67 iters=3 score=6 exit=max_iterations final=\boxed{2015}
[1381/2417  57.1% elapsed=17m21s eta=13m01s] id=3hop1__671542_651917_47686 em=1 f1=1.00 iters=2 score=9 exit=score_threshold final=\boxed{Toronto Coach Terminal}
[1382/2417  57.2% elapsed=17m24s eta=13m02s] id=3hop1__602329_792411_51423 em=0 f1=0.00 iters=3 score=4 exit=max_iterations final=\boxed{Unknown}
[1383/2417  57.2% elapsed=17m26s eta=13m02s] id=3hop2__92991_72083_76291 em=0 f1=0.00 iters=2 score=8 exit=score_threshold final=\boxed{1946}
[1384/2417  57.3% elapsed=17m26s eta=13m01s] id=3hop2__90327_87184_76291 em=0 f1=0.80 iters=2 score=9 exit=score_threshold final=\boxed{January 3, 2015}
[1385/2417  57.3% elapsed=17m27s eta=13m00s] id=3hop1__540585_568433_47686 em=0 f1=0.33 iters=3 score=5 exit=max_iterations final=\boxed{Philadelphia Greyhound Terminal}
[1386/2417  57.3% elapsed=17m27s eta=12m59s] id=3hop1__274148_792411_51423 em=0 f1=0.00 iters=3 score=4 exit=max_iterations final=\boxed{Unknown}
[1387/2417  57.4% elapsed=17m27s eta=12m58s] id=3hop2__89854_92991_76291 em=1 f1=1.00 iters=1 score=8 exit=score_threshold final=\boxed{January 2015}
[1388/2417  57.4% elapsed=17m28s eta=12m57s] id=3hop1__38738_78276_68042 em=0 f1=0.67 iters=1 score=8 exit=score_threshold final=\boxed{2010}
[1389/2417  57.5% elapsed=17m28s eta=12m55s] id=3hop2__87184_38738_76291 em=0 f1=0.80 iters=3 score=6 exit=max_iterations final=\boxed{January 3, 2015}
[1390/2417  57.5% elapsed=17m28s eta=12m55s] id=3hop1__38738_73181_68042 em=0 f1=0.67 iters=3 score=6 exit=max_iterations final=\boxed{2010}
[1391/2417  57.6% elapsed=17m28s eta=12m53s] id=3hop2__92991_87184_76291 em=0 f1=0.80 iters=3 score=8 exit=score_threshold final=\boxed{January 3, 2015}
[1392/2417  57.6% elapsed=17m29s eta=12m52s] id=3hop2__38242_92991_76291 em=0 f1=0.00 iters=3 score=6 exit=max_iterations final=\boxed{1954}
[1393/2417  57.6% elapsed=17m30s eta=12m52s] id=3hop2__89854_38738_76291 em=0 f1=0.00 iters=3 score=8 exit=score_threshold final=\boxed{2010}
[1394/2417  57.7% elapsed=17m34s eta=12m54s] id=3hop1__36497_73181_68042 em=0 f1=0.67 iters=1 score=8 exit=score_threshold final=\boxed{2010}
[1395/2417  57.7% elapsed=17m35s eta=12m53s] id=3hop1__572324_568433_47686 em=0 f1=0.00 iters=3 score=4 exit=max_iterations final=\boxed{Unknown}
[1396/2417  57.8% elapsed=17m39s eta=12m54s] id=3hop1__587540_514761_594810 em=0 f1=0.86 iters=2 score=8 exit=score_threshold final=\boxed{Warner Bros. Records Nashville}
[1397/2417  57.8% elapsed=17m40s eta=12m54s] id=3hop1__254856_400692_51423 em=0 f1=0.00 iters=3 score=4 exit=max_iterations final=\boxed{Millbrook, Ontario, Canada}
[1398/2417  57.8% elapsed=17m40s eta=12m52s] id=3hop1__307152_400692_51423 em=1 f1=1.00 iters=3 score=6 exit=max_iterations final=\boxed{Casa Loma}
[1399/2417  57.9% elapsed=17m40s eta=12m51s] id=3hop1__699507_792411_51423 em=1 f1=1.00 iters=3 score=6 exit=max_iterations final=\boxed{Casa Loma}
[1400/2417  57.9% elapsed=17m40s eta=12m50s] id=3hop2__89854_36497_76291 em=0 f1=0.80 iters=2 score=8 exit=score_threshold final=\boxed{January 3, 2015}
[1401/2417  58.0% elapsed=17m40s eta=12m49s] id=3hop1__715607_792411_51423 em=0 f1=0.00 iters=3 score=4 exit=max_iterations final=\boxed{Unknown}
[1402/2417  58.0% elapsed=17m40s eta=12m48s] id=3hop1__747772_514761_594810 em=0 f1=0.00 iters=3 score=4 exit=max_iterations final=\boxed{Unknown}
[1403/2417  58.0% elapsed=17m41s eta=12m47s] id=3hop1__132795_40769_64047 em=0 f1=0.29 iters=1 score=8 exit=score_threshold final=\boxed{2012}
[1404/2417  58.1% elapsed=17m41s eta=12m46s] id=3hop1__241001_568433_51423 em=0 f1=0.00 iters=3 score=6 exit=max_iterations final=\boxed{Marksburg Castle}
[1405/2417  58.1% elapsed=17m41s eta=12m44s] id=3hop2__87184_92991_76291 em=0 f1=0.40 iters=2 score=8 exit=score_threshold final=\boxed{January 3, 2017}
[1406/2417  58.2% elapsed=17m41s eta=12m43s] id=3hop2__90327_89854_76291 em=0 f1=0.00 iters=2 score=9 exit=score_threshold final=\boxed{2014}
[1407/2417  58.2% elapsed=17m42s eta=12m42s] id=3hop2__92991_38326_76291 em=0 f1=0.67 iters=1 score=8 exit=score_threshold final=\boxed{2015}
[1408/2417  58.3% elapsed=17m42s eta=12m41s] id=3hop1__86965_488922_4093 em=0 f1=0.00 iters=3 score=6 exit=max_iterations final=\boxed{six years}
[1409/2417  58.3% elapsed=17m42s eta=12m40s] id=3hop2__87184_36497_76291 em=0 f1=0.67 iters=2 score=8 exit=score_threshold final=\boxed{2015}
[1410/2417  58.3% elapsed=17m42s eta=12m39s] id=3hop1__595371_40769_64047 em=0 f1=0.29 iters=1 score=8 exit=score_threshold final=\boxed{2012}
[1411/2417  58.4% elapsed=17m43s eta=12m38s] id=3hop1__593597_40769_64047 em=0 f1=0.29 iters=1 score=8 exit=score_threshold final=\boxed{2012}
[1412/2417  58.4% elapsed=17m53s eta=12m44s] id=3hop1__132968_40769_64047 em=0 f1=0.29 iters=2 score=8 exit=score_threshold final=\boxed{2012}
[1413/2417  58.5% elapsed=17m54s eta=12m43s] id=3hop2__569322_223623_162182 em=1 f1=1.00 iters=1 score=8 exit=score_threshold final=\boxed{South Central Coast}
[1414/2417  58.5% elapsed=17m54s eta=12m42s] id=3hop1__379231_40769_64047 em=0 f1=0.29 iters=1 score=9 exit=score_threshold final=\boxed{2012}
[1415/2417  58.5% elapsed=17m54s eta=12m41s] id=3hop2__831456_223623_162182 em=0 f1=0.40 iters=1 score=8 exit=score_threshold final=\boxed{Central Highlands}
[1416/2417  58.6% elapsed=17m54s eta=12m39s] id=3hop1__132967_40769_64047 em=0 f1=0.25 iters=2 score=8 exit=score_threshold final=\boxed{March 2012}
[1417/2417  58.6% elapsed=17m55s eta=12m38s] id=3hop2__607269_467331_162182 em=1 f1=1.00 iters=1 score=8 exit=score_threshold final=\boxed{South Central Coast}
[1418/2417  58.7% elapsed=17m55s eta=12m37s] id=3hop1__76377_40769_64047 em=0 f1=0.29 iters=1 score=8 exit=score_threshold final=\boxed{2012}
[1419/2417  58.7% elapsed=17m55s eta=12m36s] id=3hop2__802066_223623_162182 em=0 f1=0.00 iters=1 score=8 exit=score_threshold final=\boxed{Southeast region}
[1420/2417  58.8% elapsed=17m55s eta=12m35s] id=3hop2__132957_222979_40768 em=0 f1=0.00 iters=1 score=8 exit=score_threshold final=\boxed{early 1980s}
[1421/2417  58.8% elapsed=17m56s eta=12m34s] id=3hop2__38326_92991_76291 em=0 f1=0.00 iters=2 score=8 exit=score_threshold final=\boxed{2014}
[1422/2417  58.8% elapsed=17m56s eta=12m33s] id=3hop2__92991_38242_76291 em=0 f1=0.00 iters=3 score=5 exit=max_iterations final=\boxed{1954}
[1423/2417  58.9% elapsed=17m56s eta=12m31s] id=3hop2__28727_92991_76291 em=0 f1=0.67 iters=2 score=8 exit=score_threshold final=\boxed{2015}
[1424/2417  58.9% elapsed=17m56s eta=12m30s] id=3hop1__90327_83076_319330 em=1 f1=1.00 iters=2 score=8 exit=score_threshold final=\boxed{Jessie Woodrow Wilson Sayre}
[1425/2417  59.0% elapsed=17m56s eta=12m29s] id=3hop1__800948_40769_64047 em=0 f1=0.29 iters=1 score=8 exit=score_threshold final=\boxed{2012}
[1426/2417  59.0% elapsed=17m56s eta=12m28s] id=3hop1__295815_40769_64047 em=0 f1=0.29 iters=1 score=8 exit=score_threshold final=\boxed{2012}
[1427/2417  59.0% elapsed=17m56s eta=12m27s] id=3hop1__408237_400692_51423 em=0 f1=0.00 iters=3 score=6 exit=max_iterations final=\boxed{Not available}
[1428/2417  59.1% elapsed=17m57s eta=12m26s] id=3hop1__483843_40769_64047 em=0 f1=0.25 iters=2 score=8 exit=score_threshold final=\boxed{March 2012}
[1429/2417  59.1% elapsed=17m57s eta=12m25s] id=3hop2__72083_92991_76291 em=0 f1=0.00 iters=3 score=8 exit=score_threshold final=\boxed{1946}
[1430/2417  59.2% elapsed=17m57s eta=12m23s] id=3hop2__36497_89854_76291 em=0 f1=0.00 iters=3 score=6 exit=max_iterations final=\boxed{Senate}
[1431/2417  59.2% elapsed=17m58s eta=12m22s] id=3hop1__133264_40769_64047 em=0 f1=0.29 iters=1 score=8 exit=score_threshold final=\boxed{2012}
[1432/2417  59.2% elapsed=17m58s eta=12m22s] id=3hop1__92991_78276_68042 em=0 f1=0.67 iters=3 score=7 exit=max_iterations final=\boxed{2010}
[1433/2417  59.3% elapsed=18m00s eta=12m22s] id=3hop2__831456_467331_162182 em=0 f1=0.55 iters=2 score=8 exit=score_threshold final=\boxed{Central Highlands region and South Central Coast regi
[1434/2417  59.3% elapsed=18m01s eta=12m21s] id=3hop2__89854_90327_76291 em=1 f1=1.00 iters=3 score=8 exit=score_threshold final=\boxed{January 2015}
[1435/2417  59.4% elapsed=18m01s eta=12m19s] id=3hop2__92991_28727_76291 em=0 f1=0.00 iters=3 score=4 exit=max_iterations final=\boxed{The answer cannot be determined from the given paragr
[1436/2417  59.4% elapsed=18m01s eta=12m19s] id=3hop2__782397_223623_162182 em=1 f1=1.00 iters=2 score=9 exit=score_threshold final=\boxed{South Central Coast}
[1437/2417  59.5% elapsed=18m02s eta=12m18s] id=3hop2__855821_467331_162182 em=0 f1=0.40 iters=2 score=8 exit=score_threshold final=\boxed{Central Highlands}
[1438/2417  59.5% elapsed=18m06s eta=12m20s] id=3hop1__52222_40769_64047 em=0 f1=0.29 iters=2 score=8 exit=score_threshold final=\boxed{2012}
[1439/2417  59.5% elapsed=18m09s eta=12m20s] id=3hop2__132957_595371_40768 em=0 f1=0.00 iters=1 score=8 exit=score_threshold final=\boxed{1980s}
[1440/2417  59.6% elapsed=18m09s eta=12m19s] id=3hop1__132798_40769_64047 em=0 f1=0.29 iters=3 score=8 exit=score_threshold final=\boxed{2012}
[1441/2417  59.6% elapsed=18m09s eta=12m18s] id=3hop2__132957_132798_40768 em=0 f1=0.00 iters=1 score=8 exit=score_threshold final=\boxed{early 1980s}
[1442/2417  59.7% elapsed=18m09s eta=12m17s] id=3hop2__222979_132477_40768 em=0 f1=0.00 iters=1 score=8 exit=score_threshold final=\boxed{1980s}
[1443/2417  59.7% elapsed=18m11s eta=12m17s] id=3hop2__222979_840908_40768 em=0 f1=0.00 iters=1 score=8 exit=score_threshold final=\boxed{Early 1980s}
[1444/2417  59.7% elapsed=18m13s eta=12m17s] id=3hop2__132957_593597_40768 em=0 f1=0.00 iters=1 score=8 exit=score_threshold final=\boxed{1980s}
[1445/2417  59.8% elapsed=18m19s eta=12m19s] id=3hop1__51933_40769_64047 em=0 f1=0.29 iters=3 score=6 exit=max_iterations final=\boxed{2012}
[1446/2417  59.8% elapsed=18m21s eta=12m19s] id=3hop2__222979_380281_40768 em=0 f1=0.00 iters=2 score=8 exit=score_threshold final=\boxed{early 1980s}
[1447/2417  59.9% elapsed=18m21s eta=12m18s] id=3hop1__120881_2053_52946 em=1 f1=1.00 iters=1 score=9 exit=score_threshold final=\boxed{February 7, 2018}
[1448/2417  59.9% elapsed=18m21s eta=12m17s] id=3hop2__222979_132628_40768 em=0 f1=0.00 iters=2 score=8 exit=score_threshold final=\boxed{early 1980s}
[1449/2417  60.0% elapsed=18m21s eta=12m16s] id=3hop2__132957_52222_40768 em=0 f1=0.00 iters=2 score=8 exit=score_threshold final=\boxed{1980s}
[1450/2417  60.0% elapsed=18m21s eta=12m14s] id=3hop2__781093_223623_162182 em=0 f1=0.00 iters=2 score=8 exit=score_threshold final=\boxed{Northeast region of Vietnam}
[1451/2417  60.0% elapsed=18m22s eta=12m13s] id=3hop2__132957_800948_40768 em=0 f1=0.00 iters=2 score=8 exit=score_threshold final=\boxed{1980s}
[1452/2417  60.1% elapsed=18m22s eta=12m12s] id=3hop1__133292_40769_64047 em=0 f1=0.29 iters=3 score=8 exit=score_threshold final=\boxed{2012}
[1453/2417  60.1% elapsed=18m22s eta=12m11s] id=3hop1__140994_2053_52946 em=1 f1=1.00 iters=1 score=8 exit=score_threshold final=\boxed{February 7, 2018}
[1454/2417  60.2% elapsed=18m22s eta=12m10s] id=3hop1__140786_2053_5289 em=1 f1=1.00 iters=2 score=8 exit=score_threshold final=\boxed{Oriole Records}
[1455/2417  60.2% elapsed=18m22s eta=12m09s] id=3hop2__222979_133099_40768 em=0 f1=0.00 iters=3 score=6 exit=max_iterations final=\boxed{1980s}
[1456/2417  60.2% elapsed=18m23s eta=12m08s] id=3hop2__222979_132536_40768 em=0 f1=0.00 iters=2 score=9 exit=score_threshold final=\boxed{early 1980s}
[1457/2417  60.3% elapsed=18m23s eta=12m07s] id=3hop2__132957_433432_40768 em=1 f1=1.00 iters=2 score=8 exit=score_threshold final=\boxed{1981}
[1458/2417  60.3% elapsed=18m24s eta=12m06s] id=3hop1__222979_40769_64047 em=0 f1=0.25 iters=3 score=6 exit=max_iterations final=\boxed{March 2012}
[1459/2417  60.4% elapsed=18m24s eta=12m05s] id=3hop2__132957_483843_40768 em=1 f1=1.00 iters=2 score=8 exit=score_threshold final=\boxed{1981}
[1460/2417  60.4% elapsed=18m24s eta=12m04s] id=3hop2__132957_76377_40768 em=0 f1=0.00 iters=2 score=8 exit=score_threshold final=\boxed{1983}
[1461/2417  60.4% elapsed=18m25s eta=12m03s] id=3hop2__132957_133264_40768 em=0 f1=0.00 iters=2 score=8 exit=score_threshold final=\boxed{1980s}
[1462/2417  60.5% elapsed=18m33s eta=12m07s] id=3hop2__855821_223623_162182 em=0 f1=0.40 iters=3 score=8 exit=score_threshold final=\boxed{Central Highlands}
[1463/2417  60.5% elapsed=18m33s eta=12m06s] id=3hop1__751782_2053_52946 em=0 f1=0.00 iters=2 score=8 exit=score_threshold final=\boxed{CBS}
[1464/2417  60.6% elapsed=18m34s eta=12m05s] id=3hop1__140855_2053_52946 em=1 f1=1.00 iters=3 score=8 exit=score_threshold final=\boxed{February 7, 2018}
[1465/2417  60.6% elapsed=18m34s eta=12m04s] id=3hop2__565959_467331_162182 em=1 f1=1.00 iters=1 score=8 exit=score_threshold final=\boxed{South Central Coast}
[1466/2417  60.7% elapsed=18m34s eta=12m03s] id=3hop1__140786_2053_52946 em=1 f1=1.00 iters=1 score=8 exit=score_threshold final=\boxed{February 7, 2018}
[1467/2417  60.7% elapsed=18m34s eta=12m02s] id=3hop1__652852_2053_52946 em=1 f1=1.00 iters=2 score=8 exit=score_threshold final=\boxed{February 7, 2018}
[1468/2417  60.7% elapsed=18m34s eta=12m00s] id=3hop1__545624_2053_52946 em=1 f1=1.00 iters=1 score=8 exit=score_threshold final=\boxed{February 7, 2018}
[1469/2417  60.8% elapsed=18m35s eta=11m59s] id=3hop2__132957_132968_40768 em=1 f1=1.00 iters=3 score=8 exit=score_threshold final=\boxed{1981}
[1470/2417  60.8% elapsed=18m35s eta=11m58s] id=3hop2__222979_132957_40768 em=1 f1=1.00 iters=3 score=6 exit=max_iterations final=\boxed{1981}
[1471/2417  60.9% elapsed=18m35s eta=11m57s] id=3hop2__792915_223623_162182 em=1 f1=1.00 iters=1 score=8 exit=score_threshold final=\boxed{South Central Coast}
[1472/2417  60.9% elapsed=18m35s eta=11m56s] id=3hop2__132957_51933_40768 em=1 f1=1.00 iters=3 score=6 exit=max_iterations final=\boxed{1981}
[1473/2417  60.9% elapsed=18m36s eta=11m55s] id=3hop2__132957_379231_40768 em=0 f1=0.00 iters=2 score=8 exit=score_threshold final=\boxed{1980s}
[1474/2417  61.0% elapsed=18m36s eta=11m54s] id=3hop2__792915_467331_162182 em=1 f1=1.00 iters=1 score=8 exit=score_threshold final=\boxed{South Central Coast}
[1475/2417  61.0% elapsed=18m36s eta=11m53s] id=3hop2__132957_295815_40768 em=0 f1=0.00 iters=3 score=6 exit=max_iterations final=\boxed{1983}
[1476/2417  61.1% elapsed=18m36s eta=11m52s] id=3hop2__132957_132967_40768 em=0 f1=0.00 iters=3 score=6 exit=max_iterations final=\boxed{1980}
[1477/2417  61.1% elapsed=18m37s eta=11m51s] id=3hop2__222979_133154_40768 em=0 f1=0.00 iters=3 score=6 exit=max_iterations final=\boxed{1958}
[1478/2417  61.2% elapsed=18m38s eta=11m50s] id=3hop2__132957_133292_40768 em=0 f1=0.00 iters=3 score=8 exit=score_threshold final=\boxed{1980s}
[1479/2417  61.2% elapsed=18m40s eta=11m50s] id=3hop2__668732_223623_162182 em=1 f1=1.00 iters=3 score=8 exit=score_threshold final=\boxed{South Central Coast}
[1480/2417  61.2% elapsed=18m45s eta=11m52s] id=3hop2__782397_467331_162182 em=1 f1=1.00 iters=2 score=8 exit=score_threshold final=\boxed{South Central Coast}
[1481/2417  61.3% elapsed=18m46s eta=11m52s] id=3hop2__655849_223623_162182 em=1 f1=1.00 iters=2 score=8 exit=score_threshold final=\boxed{South Central Coast}
[1482/2417  61.3% elapsed=18m46s eta=11m50s] id=3hop2__569322_467331_162182 em=1 f1=1.00 iters=2 score=8 exit=score_threshold final=\boxed{South Central Coast}
[1483/2417  61.4% elapsed=18m46s eta=11m49s] id=3hop2__781093_467331_162182 em=0 f1=0.00 iters=2 score=8 exit=score_threshold final=\boxed{Northeast region of Vietnam}
[1484/2417  61.4% elapsed=18m46s eta=11m48s] id=3hop1__140855_2053_5289 em=1 f1=1.00 iters=2 score=8 exit=score_threshold final=\boxed{Oriole Records}
[1485/2417  61.4% elapsed=18m46s eta=11m47s] id=3hop1__140554_2053_52946 em=1 f1=1.00 iters=2 score=9 exit=score_threshold final=\boxed{February 7, 2018}
[1486/2417  61.5% elapsed=18m46s eta=11m46s] id=3hop2__565959_223623_162182 em=0 f1=0.00 iters=3 score=8 exit=score_threshold final=\boxed{Phú Thọ Province}
[1487/2417  61.5% elapsed=18m46s eta=11m44s] id=3hop1__140345_2053_5289 em=1 f1=1.00 iters=2 score=8 exit=score_threshold final=\boxed{Oriole Records}
[1488/2417  61.6% elapsed=18m47s eta=11m44s] id=3hop1__140345_2053_52946 em=1 f1=1.00 iters=1 score=9 exit=score_threshold final=\boxed{February 7, 2018}
[1489/2417  61.6% elapsed=18m47s eta=11m42s] id=3hop2__607269_223623_162182 em=0 f1=0.00 iters=2 score=8 exit=score_threshold final=\boxed{Northeast region of Vietnam}
[1490/2417  61.6% elapsed=18m47s eta=11m41s] id=3hop1__140554_2053_5289 em=1 f1=1.00 iters=2 score=9 exit=score_threshold final=\boxed{Oriole Records}
[1491/2417  61.7% elapsed=18m48s eta=11m40s] id=3hop1__120881_2053_5289 em=1 f1=1.00 iters=2 score=8 exit=score_threshold final=\boxed{Oriole Records}
[1492/2417  61.7% elapsed=18m48s eta=11m39s] id=3hop1__141138_2053_52946 em=1 f1=1.00 iters=1 score=8 exit=score_threshold final=\boxed{February 7, 2018}
[1493/2417  61.8% elapsed=18m48s eta=11m38s] id=3hop2__655849_467331_162182 em=1 f1=1.00 iters=3 score=6 exit=max_iterations final=\boxed{South Central Coast}
[1494/2417  61.8% elapsed=18m48s eta=11m37s] id=3hop1__751782_2053_5289 em=1 f1=1.00 iters=1 score=8 exit=score_threshold final=\boxed{Oriole Records}
[1495/2417  61.9% elapsed=18m48s eta=11m36s] id=3hop1__139862_2053_52946 em=1 f1=1.00 iters=1 score=8 exit=score_threshold final=\boxed{February 7, 2018}
[1496/2417  61.9% elapsed=18m48s eta=11m35s] id=3hop1__103180_214799_259594 em=1 f1=1.00 iters=1 score=8 exit=score_threshold final=\boxed{East Germany}
[1497/2417  61.9% elapsed=18m49s eta=11m34s] id=3hop1__141138_2053_5289 em=1 f1=1.00 iters=2 score=8 exit=score_threshold final=\boxed{Oriole Records}
[1498/2417  62.0% elapsed=18m49s eta=11m32s] id=3hop1__140514_2053_5289 em=1 f1=1.00 iters=1 score=8 exit=score_threshold final=\boxed{Oriole Records}
[1499/2417  62.0% elapsed=18m49s eta=11m31s] id=3hop1__545624_2053_5289 em=1 f1=1.00 iters=1 score=8 exit=score_threshold final=\boxed{Oriole Records}
[1500/2417  62.1% elapsed=19m00s eta=11m37s] id=3hop1__652852_2053_5289 em=1 f1=1.00 iters=2 score=8 exit=score_threshold final=\boxed{Oriole Records}
[1501/2417  62.1% elapsed=19m00s eta=11m36s] id=3hop1__103254_214799_259594 em=1 f1=1.00 iters=1 score=8 exit=score_threshold final=\boxed{East Germany}
[1502/2417  62.1% elapsed=19m01s eta=11m35s] id=3hop1__102087_214799_259594 em=0 f1=0.00 iters=2 score=9 exit=score_threshold final=\boxed{DEU}
[1503/2417  62.2% elapsed=19m01s eta=11m34s] id=3hop1__139862_2053_5289 em=1 f1=1.00 iters=2 score=9 exit=score_threshold final=\boxed{Oriole Records}
[1504/2417  62.2% elapsed=19m01s eta=11m33s] id=3hop1__140994_2053_5289 em=1 f1=1.00 iters=2 score=8 exit=score_threshold final=\boxed{Oriole Records}
[1505/2417  62.3% elapsed=19m02s eta=11m32s] id=3hop2__668732_467331_162182 em=1 f1=1.00 iters=3 score=8 exit=score_threshold final=\boxed{South Central Coast}
[1506/2417  62.3% elapsed=19m02s eta=11m31s] id=3hop1__79039_131926_87157 em=0 f1=0.00 iters=1 score=8 exit=score_threshold final=\boxed{south}
[1507/2417  62.4% elapsed=19m02s eta=11m29s] id=3hop1__104237_214799_259594 em=0 f1=0.00 iters=1 score=8 exit=score_threshold final=\boxed{DE}
[1508/2417  62.4% elapsed=19m02s eta=11m28s] id=3hop1__635099_131926_87157 em=0 f1=0.00 iters=1 score=8 exit=score_threshold final=\boxed{north to south}
[1509/2417  62.4% elapsed=19m02s eta=11m27s] id=3hop1__152880_131926_87157 em=0 f1=0.00 iters=1 score=8 exit=score_threshold final=\boxed{southward}
[1510/2417  62.5% elapsed=19m03s eta=11m26s] id=3hop1__635099_131926_13165 em=0 f1=0.86 iters=1 score=8 exit=score_threshold final=\boxed{Treaty of Paris (1783)}
[1511/2417  62.5% elapsed=19m03s eta=11m25s] id=3hop1__152880_131926_89261 em=0 f1=0.00 iters=1 score=8 exit=score_threshold final=\boxed{Gulf of Mexico}
[1512/2417  62.6% elapsed=19m03s eta=11m24s] id=3hop1__131783_131926_87157 em=0 f1=0.00 iters=1 score=8 exit=score_threshold final=\boxed{Southward}
[1513/2417  62.6% elapsed=19m03s eta=11m23s] id=3hop1__152880_131926_90707 em=0 f1=0.57 iters=1 score=8 exit=score_threshold final=\boxed{Cairo, Illinois}
[1514/2417  62.6% elapsed=19m03s eta=11m22s] id=3hop1__106239_650651_7262 em=0 f1=0.00 iters=2 score=8 exit=score_threshold final=\boxed{Johnny Dare}
[1515/2417  62.7% elapsed=19m03s eta=11m21s] id=3hop1__79039_131926_90707 em=0 f1=0.57 iters=1 score=8 exit=score_threshold final=\boxed{Cairo, Illinois}
[1516/2417  62.7% elapsed=19m14s eta=11m26s] id=3hop1__584774_131926_87157 em=0 f1=0.00 iters=2 score=10 exit=score_threshold final=\boxed{southward}
[1517/2417  62.8% elapsed=19m15s eta=11m25s] id=3hop2__156850_90098_10557 em=1 f1=1.00 iters=1 score=8 exit=score_threshold final=\boxed{Medieval Latin}
[1518/2417  62.8% elapsed=19m15s eta=11m24s] id=3hop1__131783_131926_89261 em=0 f1=0.80 iters=2 score=8 exit=score_threshold final=\boxed{Mississippi River}
[1519/2417  62.8% elapsed=19m15s eta=11m23s] id=3hop1__103197_214799_259594 em=0 f1=0.50 iters=2 score=8 exit=score_threshold final=\boxed{West Germany}
[1520/2417  62.9% elapsed=19m15s eta=11m22s] id=3hop1__635099_131926_89261 em=1 f1=1.00 iters=2 score=8 exit=score_threshold final=\boxed{Mississippi River Delta}
[1521/2417  62.9% elapsed=19m16s eta=11m21s] id=3hop2__90098_60649_10557 em=0 f1=0.67 iters=1 score=8 exit=score_threshold final=\boxed{Latin}
[1522/2417  63.0% elapsed=19m16s eta=11m20s] id=3hop2__84553_90098_10557 em=1 f1=1.00 iters=1 score=8 exit=score_threshold final=\boxed{Medieval Latin}
[1523/2417  63.0% elapsed=19m16s eta=11m18s] id=3hop2__88342_93066_90766 em=0 f1=0.00 iters=1 score=8 exit=score_threshold final=\boxed{2017}
[1524/2417  63.1% elapsed=19m16s eta=11m17s] id=3hop1__152880_131926_13165 em=0 f1=0.00 iters=2 score=8 exit=score_threshold final=\boxed{Louisiana Purchase}
[1525/2417  63.1% elapsed=19m16s eta=11m16s] id=3hop2__90098_76623_10557 em=0 f1=0.67 iters=1 score=8 exit=score_threshold final=\boxed{Latin}
[1526/2417  63.1% elapsed=19m16s eta=11m15s] id=3hop2__90098_156850_10557 em=1 f1=1.00 iters=1 score=8 exit=score_threshold final=\boxed{Medieval Latin}
[1527/2417  63.2% elapsed=19m16s eta=11m14s] id=3hop1__79039_131926_89261 em=0 f1=0.40 iters=2 score=8 exit=score_threshold final=\boxed{Perdido River}
[1528/2417  63.2% elapsed=19m17s eta=11m13s] id=3hop2__60649_90098_10557 em=0 f1=0.67 iters=1 score=8 exit=score_threshold final=\boxed{Latin}
[1529/2417  63.3% elapsed=19m17s eta=11m12s] id=3hop1__131783_131926_90707 em=0 f1=0.57 iters=2 score=8 exit=score_threshold final=\boxed{Cairo, Illinois}
[1530/2417  63.3% elapsed=19m17s eta=11m11s] id=3hop2__76623_90098_10557 em=1 f1=1.00 iters=1 score=8 exit=score_threshold final=\boxed{Medieval Latin}
[1531/2417  63.3% elapsed=19m17s eta=11m10s] id=3hop1__532517_214799_259594 em=1 f1=1.00 iters=1 score=8 exit=score_threshold final=\boxed{East Germany}
[1532/2417  63.4% elapsed=19m17s eta=11m08s] id=3hop1__321720_650651_7262 em=0 f1=0.00 iters=3 score=6 exit=max_iterations final=\boxed{Johnny Dare}
[1533/2417  63.4% elapsed=19m17s eta=11m07s] id=3hop2__90098_79978_10557 em=0 f1=0.67 iters=1 score=8 exit=score_threshold final=\boxed{Latin}
[1534/2417  63.5% elapsed=19m18s eta=11m06s] id=3hop1__174833_650651_7262 em=0 f1=0.00 iters=3 score=8 exit=score_threshold final=\boxed{Johnny Dare}
[1535/2417  63.5% elapsed=19m18s eta=11m05s] id=3hop2__90098_125104_10557 em=1 f1=1.00 iters=1 score=8 exit=score_threshold final=\boxed{Medieval Latin}
[1536/2417  63.5% elapsed=19m18s eta=11m04s] id=3hop1__664835_650651_7262 em=0 f1=0.00 iters=3 score=6 exit=max_iterations final=\boxed{Dan Daniel}
[1537/2417  63.6% elapsed=19m19s eta=11m04s] id=3hop1__131783_131926_13165 em=0 f1=0.57 iters=3 score=5 exit=max_iterations final=\boxed{Treaty of Guadalupe Hidalgo}
[1538/2417  63.6% elapsed=19m19s eta=11m03s] id=3hop1__377943_650651_7262 em=1 f1=1.00 iters=3 score=6 exit=max_iterations final=\boxed{Walter Sabo}
[1539/2417  63.7% elapsed=19m30s eta=11m07s] id=3hop2__93066_88342_90766 em=0 f1=0.00 iters=3 score=8 exit=score_threshold final=\boxed{2017 World Series}
[1540/2417  63.7% elapsed=19m30s eta=11m07s] id=3hop2__93066_88342_47738 em=0 f1=0.00 iters=3 score=8 exit=score_threshold final=\boxed{October 2017}
[1541/2417  63.8% elapsed=19m31s eta=11m06s] id=3hop1__635099_131926_90707 em=0 f1=0.00 iters=3 score=6 exit=max_iterations final=\boxed{Mississippi River}
[1542/2417  63.8% elapsed=19m31s eta=11m04s] id=3hop1__768500_730460_70315 em=0 f1=0.00 iters=1 score=8 exit=score_threshold final=\boxed{17th Street Canal and London Avenue}
[1543/2417  63.8% elapsed=19m31s eta=11m03s] id=3hop2__90098_84553_10557 em=1 f1=1.00 iters=2 score=8 exit=score_threshold final=\boxed{Medieval Latin}
[1544/2417  63.9% elapsed=19m32s eta=11m02s] id=3hop1__768500_730460_78782 em=0 f1=0.00 iters=1 score=8 exit=score_threshold final=\boxed{Admiral Alexander Cochrane}
[1545/2417  63.9% elapsed=19m32s eta=11m02s] id=3hop2__90098_19639_10557 em=1 f1=1.00 iters=1 score=8 exit=score_threshold final=\boxed{Medieval Latin}
[1546/2417  64.0% elapsed=19m33s eta=11m01s] id=3hop1__79039_131926_13165 em=1 f1=1.00 iters=3 score=5 exit=max_iterations final=\boxed{Treaty of Paris}
[1547/2417  64.0% elapsed=19m43s eta=11m05s] id=3hop1__765565_326948_78782 em=0 f1=0.00 iters=2 score=8 exit=score_threshold final=\boxed{Andrew Jackson}
[1548/2417  64.0% elapsed=19m43s eta=11m04s] id=3hop2__91678_90098_10557 em=0 f1=0.50 iters=2 score=8 exit=score_threshold final=\boxed{Classical Latin}
[1549/2417  64.1% elapsed=19m43s eta=11m03s] id=3hop1__157177_625046_613900 em=0 f1=0.40 iters=3 score=9 exit=score_threshold final=\boxed{St. Louis County}
[1550/2417  64.1% elapsed=19m43s eta=11m02s] id=3hop2__90098_91678_10557 em=0 f1=0.67 iters=3 score=8 exit=score_threshold final=\boxed{Latin}
[1551/2417  64.2% elapsed=19m44s eta=11m01s] id=3hop1__398232_326948_78782 em=0 f1=0.00 iters=2 score=8 exit=score_threshold final=\boxed{Admiral Alexander Cochrane}
[1552/2417  64.2% elapsed=19m44s eta=11m00s] id=3hop1__28841_547811_80702 em=1 f1=1.00 iters=1 score=9 exit=score_threshold final=\boxed{Rialto Bridge}
[1553/2417  64.3% elapsed=19m44s eta=10m59s] id=3hop1__28841_547811_41132 em=1 f1=1.00 iters=1 score=8 exit=score_threshold final=\boxed{22}
[1554/2417  64.3% elapsed=19m44s eta=10m58s] id=3hop1__109196_720914_41132 em=1 f1=1.00 iters=2 score=8 exit=score_threshold final=\boxed{22}
[1555/2417  64.3% elapsed=19m44s eta=10m56s] id=3hop2__88342_93066_47738 em=0 f1=0.00 iters=3 score=8 exit=score_threshold final=\boxed{November 1}
[1556/2417  64.4% elapsed=19m44s eta=10m55s] id=3hop2__19639_90098_10557 em=1 f1=1.00 iters=2 score=8 exit=score_threshold final=\boxed{Medieval Latin}
[1557/2417  64.4% elapsed=19m45s eta=10m54s] id=3hop1__21282_692112_236857 em=1 f1=1.00 iters=2 score=8 exit=score_threshold final=\boxed{East Germany}
[1558/2417  64.5% elapsed=19m45s eta=10m54s] id=3hop1__398232_326948_10972 em=0 f1=0.00 iters=1 score=8 exit=score_threshold final=\boxed{1973}
[1559/2417  64.5% elapsed=19m46s eta=10m53s] id=3hop2__125104_90098_10557 em=0 f1=0.00 iters=3 score=8 exit=score_threshold final=\boxed{Carolingian Renaissance}
[1560/2417  64.5% elapsed=19m54s eta=10m56s] id=3hop1__640171_228453_86925 em=0 f1=0.00 iters=3 score=8 exit=score_threshold final=\boxed{No known symbol}
[1561/2417  64.6% elapsed=19m54s eta=10m55s] id=3hop1__390673_228453_86925 em=0 f1=0.00 iters=3 score=8 exit=score_threshold final=\boxed{Sazerac Company}
[1562/2417  64.6% elapsed=19m55s eta=10m54s] id=3hop2__79978_90098_10557 em=0 f1=0.50 iters=3 score=8 exit=score_threshold final=\boxed{Classical Latin}
[1563/2417  64.7% elapsed=19m56s eta=10m53s] id=3hop1__786067_228453_86925 em=0 f1=0.00 iters=3 score=6 exit=max_iterations final=\boxed{No known symbol directly referenced for Frankfort}
[1564/2417  64.7% elapsed=19m56s eta=10m52s] id=3hop1__222497_309482_80702 em=1 f1=1.00 iters=1 score=8 exit=score_threshold final=\boxed{Rialto Bridge}
[1565/2417  64.7% elapsed=19m56s eta=10m51s] id=3hop1__823336_228453_86925 em=0 f1=0.00 iters=3 score=4 exit=max_iterations final=\boxed{No specific symbol is identified for the Saints from 
[1566/2417  64.8% elapsed=19m56s eta=10m50s] id=3hop1__109422_720914_41132 em=0 f1=0.00 iters=3 score=6 exit=max_iterations final=\boxed{Insufficient information}
[1567/2417  64.8% elapsed=19m56s eta=10m49s] id=3hop1__108062_720914_41132 em=0 f1=0.00 iters=3 score=6 exit=max_iterations final=\boxed{Cannot determine}
[1568/2417  64.9% elapsed=19m56s eta=10m48s] id=3hop1__109113_720914_41132 em=0 f1=0.00 iters=3 score=5 exit=max_iterations final=\boxed{Cannot determine}
[1569/2417  64.9% elapsed=19m56s eta=10m47s] id=3hop1__109185_720914_41132 em=1 f1=1.00 iters=3 score=6 exit=max_iterations final=\boxed{22}
[1570/2417  65.0% elapsed=19m57s eta=10m46s] id=3hop1__765565_326948_86925 em=1 f1=1.00 iters=3 score=6 exit=max_iterations final=\boxed{fleur-de-lis}
[1571/2417  65.0% elapsed=19m57s eta=10m45s] id=3hop1__305282_282081_73772 em=1 f1=1.00 iters=3 score=6 exit=max_iterations final=\boxed{December 14, 1814}
[1572/2417  65.0% elapsed=19m58s eta=10m44s] id=3hop1__398232_326948_59893 em=1 f1=1.00 iters=3 score=5 exit=max_iterations final=\boxed{1884}
[1573/2417  65.1% elapsed=19m58s eta=10m43s] id=3hop1__108881_720914_41132 em=0 f1=0.00 iters=3 score=6 exit=max_iterations final=\boxed{Cannot determine}
[1574/2417  65.1% elapsed=19m59s eta=10m42s] id=3hop1__765565_326948_10972 em=1 f1=1.00 iters=1 score=8 exit=score_threshold final=\boxed{1970s}
[1575/2417  65.2% elapsed=19m59s eta=10m41s] id=3hop1__108833_720914_41132 em=1 f1=1.00 iters=3 score=6 exit=max_iterations final=\boxed{22}
[1576/2417  65.2% elapsed=20m08s eta=10m45s] id=3hop1__108062_720914_27537 em=0 f1=0.00 iters=3 score=5 exit=max_iterations final=\boxed{Venice}
[1577/2417  65.2% elapsed=20m09s eta=10m44s] id=3hop1__857_846_7849 em=0 f1=0.59 iters=1 score=8 exit=score_threshold final=\boxed{Yang, Yue (shaoxing), Xi, Jing, Suzhou pingtan, and p
[1578/2417  65.3% elapsed=20m09s eta=10m43s] id=3hop1__108881_720914_27537 em=0 f1=0.00 iters=2 score=8 exit=score_threshold final=\boxed{Venice}
[1579/2417  65.3% elapsed=20m09s eta=10m42s] id=3hop1__857_846_7798 em=1 f1=1.00 iters=1 score=8 exit=score_threshold final=\boxed{Han nationality}
[1580/2417  65.4% elapsed=20m09s eta=10m41s] id=3hop1__831499_228453_10972 em=0 f1=0.00 iters=2 score=8 exit=score_threshold final=\boxed{The answer cannot be determined from the provided inf
[1581/2417  65.4% elapsed=20m10s eta=10m40s] id=3hop1__801799_547811_80702 em=1 f1=1.00 iters=1 score=9 exit=score_threshold final=\boxed{Rialto Bridge}
[1582/2417  65.5% elapsed=20m10s eta=10m39s] id=3hop1__857_846_7713 em=0 f1=0.80 iters=1 score=8 exit=score_threshold final=\boxed{400 years}
[1583/2417  65.5% elapsed=20m10s eta=10m38s] id=3hop1__707569_228453_10972 em=1 f1=1.00 iters=2 score=8 exit=score_threshold final=\boxed{1970s}
[1584/2417  65.5% elapsed=20m10s eta=10m37s] id=3hop1__222497_737465_93723 em=1 f1=1.00 iters=1 score=8 exit=score_threshold final=\boxed{Jason Momoa}
[1585/2417  65.6% elapsed=20m11s eta=10m36s] id=3hop1__823336_228453_10972 em=0 f1=0.00 iters=2 score=8 exit=score_threshold final=\boxed{1973}
[1586/2417  65.6% elapsed=20m11s eta=10m35s] id=3hop1__178435_547811_80702 em=1 f1=1.00 iters=1 score=8 exit=score_threshold final=\boxed{Rialto Bridge}
[1587/2417  65.7% elapsed=20m12s eta=10m34s] id=3hop1__108833_720914_27537 em=0 f1=0.00 iters=3 score=6 exit=max_iterations final=\boxed{election as Pope John XXIII}
[1588/2417  65.7% elapsed=20m12s eta=10m33s] id=3hop1__30240_740597_41132 em=1 f1=1.00 iters=3 score=5 exit=max_iterations final=\boxed{22}
[1589/2417  65.7% elapsed=20m13s eta=10m32s] id=3hop1__109196_720914_27537 em=0 f1=0.00 iters=3 score=6 exit=max_iterations final=\boxed{Venice}
[1590/2417  65.8% elapsed=20m22s eta=10m36s] id=3hop1__640171_228453_10972 em=0 f1=0.00 iters=3 score=8 exit=score_threshold final=\boxed{Unable to determine}
[1591/2417  65.8% elapsed=20m23s eta=10m35s] id=3hop1__865037_214799_259594 em=0 f1=0.00 iters=2 score=8 exit=score_threshold final=\boxed{Poland}
[1592/2417  65.9% elapsed=20m23s eta=10m34s] id=3hop1__857_846_7702 em=1 f1=1.00 iters=1 score=8 exit=score_threshold final=\boxed{Southern Capital}
[1593/2417  65.9% elapsed=20m23s eta=10m33s] id=3hop1__390673_228453_10972 em=0 f1=0.00 iters=3 score=4 exit=max_iterations final=\boxed{Unable to determine}
[1594/2417  65.9% elapsed=20m23s eta=10m31s] id=3hop1__857_846_7795 em=1 f1=1.00 iters=1 score=8 exit=score_threshold final=\boxed{8.11 million}
[1595/2417  66.0% elapsed=20m23s eta=10m30s] id=3hop1__109422_720914_27537 em=0 f1=0.00 iters=3 score=8 exit=score_threshold final=\boxed{The answer cannot be determined from the given inform
[1596/2417  66.0% elapsed=20m24s eta=10m30s] id=3hop1__801799_547811_41132 em=1 f1=1.00 iters=2 score=8 exit=score_threshold final=\boxed{22}
[1597/2417  66.1% elapsed=20m24s eta=10m29s] id=3hop1__409517_547811_80702 em=1 f1=1.00 iters=1 score=8 exit=score_threshold final=\boxed{Rialto Bridge}
[1598/2417  66.1% elapsed=20m24s eta=10m27s] id=3hop1__107540_720914_27537 em=0 f1=0.00 iters=3 score=8 exit=score_threshold final=\boxed{Unknown}
[1599/2417  66.2% elapsed=20m25s eta=10m26s] id=3hop1__857_846_7794 em=1 f1=1.00 iters=1 score=9 exit=score_threshold final=\boxed{8.005 million}
[1600/2417  66.2% elapsed=20m25s eta=10m25s] id=3hop1__208108_547811_80702 em=1 f1=1.00 iters=1 score=8 exit=score_threshold final=\boxed{Rialto Bridge}
[1601/2417  66.2% elapsed=20m25s eta=10m24s] id=3hop1__786067_228453_10972 em=0 f1=0.00 iters=3 score=4 exit=max_iterations final=\boxed{1970}
[1602/2417  66.3% elapsed=20m25s eta=10m23s] id=3hop1__320697_547811_41132 em=1 f1=1.00 iters=2 score=8 exit=score_threshold final=\boxed{22}
[1603/2417  66.3% elapsed=20m25s eta=10m22s] id=3hop1__843207_755530_88011 em=0 f1=0.00 iters=1 score=8 exit=score_threshold final=\boxed{Venice, northern Italy}
[1604/2417  66.4% elapsed=20m26s eta=10m21s] id=3hop1__109185_720914_27537 em=1 f1=1.00 iters=3 score=6 exit=max_iterations final=\boxed{Rome}
[1605/2417  66.4% elapsed=20m26s eta=10m20s] id=3hop1__305282_282081_10972 em=0 f1=0.00 iters=3 score=4 exit=max_iterations final=\boxed{Cannot determine}
[1606/2417  66.4% elapsed=20m26s eta=10m19s] id=3hop2__326964_7719_7713 em=0 f1=0.00 iters=2 score=8 exit=score_threshold final=\boxed{0}
[1607/2417  66.5% elapsed=20m27s eta=10m19s] id=3hop1__178435_547811_41132 em=1 f1=1.00 iters=1 score=8 exit=score_threshold final=\boxed{22}
[1608/2417  66.5% elapsed=20m37s eta=10m22s] id=3hop1__593288_720914_41132 em=0 f1=0.00 iters=3 score=6 exit=max_iterations final=\boxed{Unable to determine}
[1609/2417  66.6% elapsed=20m37s eta=10m21s] id=3hop1__280834_547811_80702 em=1 f1=1.00 iters=1 score=9 exit=score_threshold final=\boxed{Rialto Bridge}
[1610/2417  66.6% elapsed=20m37s eta=10m20s] id=3hop1__857_846_7872 em=1 f1=1.00 iters=1 score=8 exit=score_threshold final=\boxed{Jiangsu Sainty}
[1611/2417  66.7% elapsed=20m37s eta=10m19s] id=3hop1__820301_720914_41132 em=1 f1=1.00 iters=3 score=6 exit=max_iterations final=\boxed{22}
[1612/2417  66.7% elapsed=20m38s eta=10m18s] id=3hop1__844109_720914_41132 em=0 f1=0.00 iters=3 score=5 exit=max_iterations final=\boxed{0}
[1613/2417  66.7% elapsed=20m38s eta=10m17s] id=3hop1__857_846_7770 em=0 f1=0.00 iters=1 score=8 exit=score_threshold final=\boxed{Nanjing}
[1614/2417  66.8% elapsed=20m38s eta=10m16s] id=3hop1__857_846_7769 em=0 f1=0.67 iters=1 score=8 exit=score_threshold final=\boxed{2,548}
[1615/2417  66.8% elapsed=20m39s eta=10m15s] id=3hop1__222497_309482_41132 em=0 f1=0.00 iters=3 score=6 exit=max_iterations final=\boxed{0}
[1616/2417  66.9% elapsed=20m39s eta=10m14s] id=3hop1__857_846_7821 em=0 f1=0.67 iters=1 score=8 exit=score_threshold final=\boxed{140}
[1617/2417  66.9% elapsed=20m39s eta=10m13s] id=3hop1__689538_547811_80702 em=1 f1=1.00 iters=1 score=8 exit=score_threshold final=\boxed{Rialto Bridge}
[1618/2417  66.9% elapsed=20m39s eta=10m12s] id=3hop1__208108_547811_41132 em=1 f1=1.00 iters=3 score=6 exit=max_iterations final=\boxed{22}
[1619/2417  67.0% elapsed=20m39s eta=10m11s] id=3hop1__857_846_7887 em=1 f1=1.00 iters=1 score=8 exit=score_threshold final=\boxed{thousands}
[1620/2417  67.0% elapsed=20m40s eta=10m10s] id=3hop2__326964_7861_7713 em=0 f1=0.80 iters=3 score=6 exit=max_iterations final=\boxed{400 years}
[1621/2417  67.1% elapsed=20m46s eta=10m12s] id=3hop1__857_846_7846 em=1 f1=1.00 iters=3 score=6 exit=max_iterations final=\boxed{Jiangsu Peking Opera Institute}
[1622/2417  67.1% elapsed=20m51s eta=10m13s] id=3hop1__857_846_7870 em=1 f1=1.00 iters=1 score=8 exit=score_threshold final=\boxed{along Shanghai road and its neighbourhood}
[1623/2417  67.1% elapsed=20m51s eta=10m12s] id=3hop1__857_846_7791 em=0 f1=0.00 iters=1 score=8 exit=score_threshold final=\boxed{1}
[1624/2417  67.2% elapsed=20m51s eta=10m11s] id=3hop1__796649_720914_41132 em=0 f1=0.00 iters=3 score=6 exit=max_iterations final=\boxed{Cannot determine}
[1625/2417  67.2% elapsed=20m52s eta=10m10s] id=3hop1__857_846_7890 em=1 f1=1.00 iters=1 score=8 exit=score_threshold final=\boxed{75}
[1626/2417  67.3% elapsed=20m52s eta=10m09s] id=3hop1__857_846_7701 em=0 f1=0.50 iters=3 score=6 exit=max_iterations final=\boxed{Ming dynasty}
[1627/2417  67.3% elapsed=20m52s eta=10m08s] id=3hop2__326964_7707_7713 em=0 f1=0.00 iters=3 score=8 exit=score_threshold final=\boxed{0}
[1628/2417  67.4% elapsed=20m53s eta=10m07s] id=3hop1__857_846_7874 em=1 f1=1.00 iters=2 score=8 exit=score_threshold final=\boxed{Jiangsu Nangang Basketball Club}
[1629/2417  67.4% elapsed=20m53s eta=10m06s] id=3hop2__326964_846_7713 em=0 f1=0.80 iters=3 score=6 exit=max_iterations final=\boxed{400 years}
[1630/2417  67.4% elapsed=20m53s eta=10m05s] id=3hop1__857_846_7810 em=0 f1=0.00 iters=3 score=6 exit=max_iterations final=\boxed{Nanjing}
[1631/2417  67.5% elapsed=20m53s eta=10m04s] id=3hop1__409517_547811_41132 em=0 f1=0.00 iters=3 score=6 exit=max_iterations final=\boxed{Cannot determine}
[1632/2417  67.5% elapsed=21m04s eta=10m08s] id=3hop1__820301_720914_27537 em=1 f1=1.00 iters=3 score=8 exit=score_threshold final=\boxed{Rome}
[1633/2417  67.6% elapsed=21m04s eta=10m07s] id=3hop2__326964_265410_7713 em=0 f1=0.00 iters=2 score=10 exit=score_threshold final=\boxed{0}
[1634/2417  67.6% elapsed=21m04s eta=10m06s] id=3hop1__818422_160545_60577 em=1 f1=1.00 iters=1 score=8 exit=score_threshold final=\boxed{Ko Phi Phi Leh}
[1635/2417  67.6% elapsed=21m04s eta=10m05s] id=3hop1__320697_547811_80702 em=1 f1=1.00 iters=3 score=5 exit=max_iterations final=\boxed{Rialto Bridge}
[1636/2417  67.7% elapsed=21m05s eta=10m04s] id=3hop1__222497_309482_89834 em=0 f1=0.00 iters=3 score=4 exit=max_iterations final=\boxed{Unknown}
[1637/2417  67.7% elapsed=21m05s eta=10m03s] id=3hop1__857_846_7752 em=0 f1=0.00 iters=2 score=8 exit=score_threshold final=\boxed{Yongle Emperor}
[1638/2417  67.8% elapsed=21m05s eta=10m02s] id=3hop1__844109_720914_27537 em=1 f1=1.00 iters=3 score=8 exit=score_threshold final=\boxed{Rome}
[1639/2417  67.8% elapsed=21m05s eta=10m01s] id=3hop2__326964_7845_7713 em=0 f1=0.00 iters=3 score=6 exit=max_iterations final=\boxed{The answer cannot be determined from the given text.}
[1640/2417  67.9% elapsed=21m05s eta=10m00s] id=3hop1__145194_160545_60577 em=0 f1=0.00 iters=1 score=8 exit=score_threshold final=\boxed{Thailand}
[1641/2417  67.9% elapsed=21m06s eta=9m58s] id=3hop1__312146_720914_41132 em=0 f1=0.00 iters=3 score=5 exit=max_iterations final=\boxed{1}
[1642/2417  67.9% elapsed=21m06s eta=9m57s] id=3hop2__326964_7721_7713 em=0 f1=0.00 iters=3 score=6 exit=max_iterations final=\boxed{More than two and a half centuries}
[1643/2417  68.0% elapsed=21m06s eta=9m56s] id=3hop2__326964_36852_7713 em=0 f1=0.80 iters=3 score=6 exit=max_iterations final=\boxed{400 years}
[1644/2417  68.0% elapsed=21m06s eta=9m55s] id=3hop1__857_846_7888 em=0 f1=0.53 iters=2 score=8 exit=score_threshold final=\boxed{Yangshan Quarry, scenic lakes, and small mountains}
[1645/2417  68.1% elapsed=21m06s eta=9m54s] id=3hop1__280834_547811_41132 em=1 f1=1.00 iters=3 score=6 exit=max_iterations final=\boxed{22}
[1646/2417  68.1% elapsed=21m07s eta=9m53s] id=3hop1__222497_309482_27537 em=1 f1=1.00 iters=3 score=6 exit=max_iterations final=\boxed{Rome}
[1647/2417  68.1% elapsed=21m17s eta=9m57s] id=3hop1__127716_157828_239539 em=0 f1=0.00 iters=2 score=8 exit=score_threshold final=\boxed{Sarajevo}
[1648/2417  68.2% elapsed=21m17s eta=9m56s] id=3hop1__465684_160545_60577 em=1 f1=1.00 iters=2 score=8 exit=score_threshold final=\boxed{Ko Phi Phi Leh}
[1649/2417  68.2% elapsed=21m17s eta=9m55s] id=3hop2__326964_7855_7713 em=0 f1=0.00 iters=3 score=5 exit=max_iterations final=\boxed{Not enough information}
[1650/2417  68.3% elapsed=21m17s eta=9m54s] id=3hop1__818422_160545_62931 em=0 f1=0.00 iters=1 score=8 exit=score_threshold final=\boxed{Thailand}
[1651/2417  68.3% elapsed=21m18s eta=9m53s] id=3hop1__462960_160545_62931 em=0 f1=0.00 iters=1 score=8 exit=score_threshold final=\boxed{Thailand}
[1652/2417  68.3% elapsed=21m18s eta=9m52s] id=3hop1__462960_160545_60577 em=1 f1=1.00 iters=1 score=8 exit=score_threshold final=\boxed{Ko Phi Phi Leh}
[1653/2417  68.4% elapsed=21m18s eta=9m51s] id=3hop1__145194_160545_62931 em=0 f1=0.00 iters=1 score=8 exit=score_threshold final=\boxed{Thailand}
[1654/2417  68.4% elapsed=21m19s eta=9m50s] id=3hop1__593288_720914_27537 em=0 f1=0.00 iters=3 score=6 exit=max_iterations final=\boxed{Venice}
[1655/2417  68.5% elapsed=21m19s eta=9m49s] id=3hop1__127837_157828_239539 em=0 f1=0.00 iters=2 score=8 exit=score_threshold final=\boxed{Belgrade}
[1656/2417  68.5% elapsed=21m19s eta=9m48s] id=3hop1__462960_160545_34751 em=1 f1=1.00 iters=1 score=8 exit=score_threshold final=\boxed{1941}
[1657/2417  68.6% elapsed=21m19s eta=9m47s] id=3hop1__446612_160545_60577 em=0 f1=0.89 iters=1 score=8 exit=score_threshold final=\boxed{Ko Phi Phi Leh, Thailand}
[1658/2417  68.6% elapsed=21m19s eta=9m45s] id=3hop2__326964_811351_7713 em=0 f1=0.00 iters=2 score=8 exit=score_threshold final=\boxed{0}
[1659/2417  68.6% elapsed=21m19s eta=9m45s] id=3hop1__465684_160545_62931 em=0 f1=0.00 iters=1 score=8 exit=score_threshold final=\boxed{Thailand}
[1660/2417  68.7% elapsed=21m20s eta=9m44s] id=3hop2__326964_789654_7713 em=0 f1=0.80 iters=2 score=8 exit=score_threshold final=\boxed{400 years}
[1661/2417  68.7% elapsed=21m20s eta=9m43s] id=3hop1__312146_720914_27537 em=0 f1=0.00 iters=3 score=5 exit=max_iterations final=\boxed{Venice}
[1662/2417  68.8% elapsed=21m20s eta=9m42s] id=3hop2__326964_263934_7713 em=0 f1=0.40 iters=3 score=6 exit=max_iterations final=\boxed{0 years}
[1663/2417  68.8% elapsed=21m20s eta=9m41s] id=3hop1__796649_720914_27537 em=0 f1=0.00 iters=3 score=5 exit=max_iterations final=\boxed{Venice}
[1664/2417  68.8% elapsed=21m21s eta=9m39s] id=3hop2__36852_326964_7713 em=0 f1=0.00 iters=3 score=5 exit=max_iterations final=\boxed{Unknown}
[1665/2417  68.9% elapsed=21m21s eta=9m38s] id=3hop2__36852_613770_7713 em=0 f1=0.80 iters=3 score=6 exit=max_iterations final=\boxed{400 years}
[1666/2417  68.9% elapsed=21m30s eta=9m42s] id=3hop1__145194_160545_34751 em=1 f1=1.00 iters=2 score=8 exit=score_threshold final=\boxed{1941}
[1667/2417  69.0% elapsed=21m30s eta=9m41s] id=3hop1__818422_160545_34751 em=1 f1=1.00 iters=1 score=8 exit=score_threshold final=\boxed{1941}
[1668/2417  69.0% elapsed=21m31s eta=9m40s] id=3hop2__326964_464925_7713 em=0 f1=0.00 iters=3 score=8 exit=score_threshold final=\boxed{The question contains a logical inconsistency as Nanj
[1669/2417  69.1% elapsed=21m32s eta=9m39s] id=3hop1__446612_160545_62931 em=0 f1=0.86 iters=2 score=8 exit=score_threshold final=\boxed{Koh Phi Phi}
[1670/2417  69.1% elapsed=21m32s eta=9m38s] id=3hop2__65854_88342_58657 em=0 f1=0.00 iters=1 score=8 exit=score_threshold final=\boxed{Chicago Cubs}
[1671/2417  69.1% elapsed=21m32s eta=9m37s] id=3hop1__127821_157828_239539 em=0 f1=0.00 iters=3 score=8 exit=score_threshold final=\boxed{Sarajevo}
[1672/2417  69.2% elapsed=21m33s eta=9m36s] id=3hop2__851134_613770_7713 em=0 f1=0.00 iters=3 score=4 exit=max_iterations final=\boxed{The information is not available.}
[1673/2417  69.2% elapsed=21m33s eta=9m35s] id=3hop2__326964_734214_7713 em=0 f1=0.80 iters=3 score=6 exit=max_iterations final=\boxed{400 years}
[1674/2417  69.3% elapsed=21m33s eta=9m34s] id=3hop1__465684_160545_34754 em=0 f1=0.40 iters=1 score=8 exit=score_threshold final=\boxed{Japanese blackmail and occupation}
[1675/2417  69.3% elapsed=21m34s eta=9m33s] id=3hop1__465684_160545_34751 em=1 f1=1.00 iters=1 score=8 exit=score_threshold final=\boxed{1941}
[1676/2417  69.3% elapsed=21m34s eta=9m32s] id=3hop2__573858_326964_7713 em=0 f1=0.00 iters=3 score=6 exit=max_iterations final=\boxed{The information required to calculate the duration is
[1677/2417  69.4% elapsed=21m43s eta=9m35s] id=3hop2__326964_851134_7713 em=0 f1=0.00 iters=3 score=8 exit=score_threshold final=\boxed{The duration is not provided in the given data.}
[1678/2417  69.4% elapsed=21m44s eta=9m34s] id=3hop1__462960_160545_34754 em=0 f1=0.67 iters=2 score=10 exit=score_threshold final=\boxed{Japanese blackmail}
[1679/2417  69.5% elapsed=21m44s eta=9m33s] id=3hop1__145194_160545_34754 em=0 f1=0.67 iters=2 score=8 exit=score_threshold final=\boxed{Japanese blackmail}
[1680/2417  69.5% elapsed=21m44s eta=9m32s] id=3hop1__841091_339990_54675 em=0 f1=0.00 iters=2 score=8 exit=score_threshold final=\boxed{No specific mountain is mentioned as being visible fr
[1681/2417  69.5% elapsed=21m44s eta=9m31s] id=3hop1__662618_339990_54675 em=0 f1=0.00 iters=2 score=8 exit=score_threshold final=\boxed{No mountain}
[1682/2417  69.6% elapsed=21m44s eta=9m30s] id=3hop2__127483_156850_10557 em=0 f1=0.67 iters=1 score=8 exit=score_threshold final=\boxed{Latin}
[1683/2417  69.6% elapsed=21m45s eta=9m29s] id=3hop1__527372_339990_54675 em=0 f1=0.00 iters=2 score=8 exit=score_threshold final=\boxed{Mt. Hood and Mt. St. Helens}
[1684/2417  69.7% elapsed=21m45s eta=9m28s] id=3hop1__847684_339990_54675 em=0 f1=0.00 iters=2 score=8 exit=score_threshold final=\boxed{Mt. Hood and Mt. St. Helens}
[1685/2417  69.7% elapsed=21m45s eta=9m27s] id=3hop2__127483_76623_10557 em=1 f1=1.00 iters=2 score=8 exit=score_threshold final=\boxed{Medieval Latin}
[1686/2417  69.8% elapsed=21m46s eta=9m26s] id=3hop1__491648_339990_54675 em=0 f1=0.00 iters=2 score=8 exit=score_threshold final=\boxed{None}
[1687/2417  69.8% elapsed=21m46s eta=9m25s] id=3hop1__637555_339990_15538 em=0 f1=0.00 iters=1 score=8 exit=score_threshold final=\boxed{The answer is not available in the provided informati
[1688/2417  69.8% elapsed=21m46s eta=9m24s] id=3hop1__573244_339990_15538 em=0 f1=0.00 iters=1 score=8 exit=score_threshold final=\boxed{The question cannot be answered based on the provided
[1689/2417  69.9% elapsed=21m46s eta=9m23s] id=3hop2__127483_79978_10557 em=1 f1=1.00 iters=1 score=8 exit=score_threshold final=\boxed{Medieval Latin}
[1690/2417  69.9% elapsed=21m46s eta=9m22s] id=3hop1__818422_160545_34754 em=0 f1=0.67 iters=2 score=8 exit=score_threshold final=\boxed{Japanese blackmail}
[1691/2417  70.0% elapsed=21m46s eta=9m21s] id=3hop2__127483_125104_10557 em=1 f1=1.00 iters=1 score=8 exit=score_threshold final=\boxed{Medieval Latin}
[1692/2417  70.0% elapsed=21m47s eta=9m20s] id=3hop2__851134_326964_7713 em=0 f1=0.00 iters=3 score=8 exit=score_threshold final=\boxed{The question contains a misinterpretation, as there i
[1693/2417  70.0% elapsed=21m47s eta=9m19s] id=3hop2__326964_320101_7713 em=0 f1=0.00 iters=3 score=4 exit=max_iterations final=\boxed{Not explicitly stated}
[1694/2417  70.1% elapsed=21m47s eta=9m18s] id=3hop2__326964_573858_7713 em=0 f1=0.00 iters=3 score=4 exit=max_iterations final=\boxed{Cannot determine}
[1695/2417  70.1% elapsed=21m48s eta=9m17s] id=3hop2__573858_613770_7713 em=0 f1=0.00 iters=3 score=6 exit=max_iterations final=\boxed{Cannot determine}
[1696/2417  70.2% elapsed=21m52s eta=9m18s] id=3hop1__358853_339990_54675 em=0 f1=0.00 iters=3 score=8 exit=score_threshold final=\boxed{None}
[1697/2417  70.2% elapsed=21m52s eta=9m17s] id=3hop1__446612_160545_34754 em=0 f1=0.00 iters=3 score=6 exit=max_iterations final=\boxed{Japan's actions}
[1698/2417  70.3% elapsed=21m53s eta=9m16s] id=3hop1__604991_339990_15538 em=0 f1=0.00 iters=2 score=8 exit=score_threshold final=\boxed{The information provided does not specify when Pennsy
[1699/2417  70.3% elapsed=21m53s eta=9m15s] id=3hop1__586087_339990_54675 em=0 f1=0.00 iters=3 score=6 exit=max_iterations final=\boxed{None}
[1700/2417  70.3% elapsed=21m54s eta=9m14s] id=3hop2__127483_91678_10557 em=0 f1=0.67 iters=2 score=8 exit=score_threshold final=\boxed{Latin}
[1701/2417  70.4% elapsed=21m54s eta=9m13s] id=3hop1__604991_339990_54675 em=0 f1=0.00 iters=3 score=8 exit=score_threshold final=\boxed{Mount Hood}
[1702/2417  70.4% elapsed=21m58s eta=9m14s] id=3hop2__127483_60649_10557 em=1 f1=1.00 iters=2 score=8 exit=score_threshold final=\boxed{Medieval Latin}
[1703/2417  70.5% elapsed=21m58s eta=9m13s] id=3hop2__127483_84553_10557 em=1 f1=1.00 iters=3 score=8 exit=score_threshold final=\boxed{Medieval Latin}
[1704/2417  70.5% elapsed=21m58s eta=9m12s] id=3hop2__125104_127483_10557 em=1 f1=1.00 iters=2 score=8 exit=score_threshold final=\boxed{Medieval Latin}
[1705/2417  70.5% elapsed=22m00s eta=9m11s] id=3hop1__67704_237521_291682 em=1 f1=1.00 iters=1 score=8 exit=score_threshold final=\boxed{Liza Minnelli}
[1706/2417  70.6% elapsed=22m01s eta=9m10s] id=3hop1__491648_339990_15538 em=0 f1=0.00 iters=3 score=8 exit=score_threshold final=\boxed{The information provided does not specify when Pennsy
[1707/2417  70.6% elapsed=22m01s eta=9m10s] id=3hop1__228_237521_291682 em=1 f1=1.00 iters=1 score=8 exit=score_threshold final=\boxed{Liza Minnelli}
[1708/2417  70.7% elapsed=22m02s eta=9m09s] id=3hop1__446612_160545_34751 em=1 f1=1.00 iters=3 score=5 exit=max_iterations final=\boxed{1941}
[1709/2417  70.7% elapsed=22m14s eta=9m13s] id=3hop1__57186_237521_291682 em=1 f1=1.00 iters=2 score=8 exit=score_threshold final=\boxed{Liza Minnelli}
[1710/2417  70.7% elapsed=22m14s eta=9m12s] id=3hop1__358853_339990_15538 em=0 f1=0.00 iters=3 score=6 exit=max_iterations final=\boxed{The information provided does not specify the exact d
[1711/2417  70.8% elapsed=22m15s eta=9m11s] id=3hop2__89048_228_66294 em=0 f1=0.00 iters=2 score=8 exit=score_threshold final=\boxed{Wylie Draper}
[1712/2417  70.8% elapsed=22m15s eta=9m10s] id=3hop2__57186_89048_66294 em=0 f1=0.00 iters=2 score=8 exit=score_threshold final=\boxed{Joe Jackson}
[1713/2417  70.9% elapsed=22m15s eta=9m09s] id=3hop2__809962_89048_66294 em=0 f1=0.00 iters=2 score=8 exit=score_threshold final=\boxed{Wylie Draper}
[1714/2417  70.9% elapsed=22m15s eta=9m08s] id=3hop1__559908_42197_18397 em=0 f1=0.00 iters=2 score=8 exit=score_threshold final=\boxed{UN Security Council}
[1715/2417  71.0% elapsed=22m15s eta=9m07s] id=3hop1__773338_42197_18397 em=0 f1=0.00 iters=1 score=8 exit=score_threshold final=\boxed{9}
[1716/2417  71.0% elapsed=22m15s eta=9m06s] id=3hop2__209741_89048_66294 em=0 f1=0.00 iters=2 score=9 exit=score_threshold final=\boxed{Wylie Draper}
[1717/2417  71.0% elapsed=22m29s eta=9m10s] id=3hop1__847420_720378_15538 em=0 f1=0.00 iters=3 score=4 exit=max_iterations final=\boxed{Unable to determine}
[1718/2417  71.1% elapsed=22m29s eta=9m09s] id=3hop1__483634_720378_15538 em=0 f1=0.00 iters=3 score=6 exit=max_iterations final=\boxed{The death penalty was not reinstated in California ba
[1719/2417  71.1% elapsed=22m29s eta=9m08s] id=3hop2__89048_860687_66294 em=0 f1=0.00 iters=3 score=6 exit=max_iterations final=\boxed{Joe Jackson}
[1720/2417  71.2% elapsed=22m30s eta=9m07s] id=3hop2__368986_89048_66294 em=0 f1=0.00 iters=3 score=8 exit=score_threshold final=\boxed{Joe Jackson}
[1721/2417  71.2% elapsed=22m30s eta=9m06s] id=3hop1__857_846_7877 em=0 f1=0.00 iters=1 score=8 exit=score_threshold final=\boxed{2}
[1722/2417  71.2% elapsed=22m30s eta=9m05s] id=3hop1__512574_42197_18397 em=0 f1=0.00 iters=3 score=8 exit=score_threshold final=\boxed{Korean conflict}
[1723/2417  71.3% elapsed=22m30s eta=9m04s] id=3hop1__109113_720914_27537 em=0 f1=0.00 iters=3 score=6 exit=max_iterations final=\boxed{Venice}
[1724/2417  71.3% elapsed=22m30s eta=9m03s] id=3hop1__24980_42197_18397 em=0 f1=0.00 iters=2 score=8 exit=score_threshold final=\boxed{Mao Zedong}
[1725/2417  71.4% elapsed=22m31s eta=9m02s] id=3hop1__169494_42197_18397 em=0 f1=0.00 iters=3 score=8 exit=score_threshold final=\boxed{United Nations Security Council}
[1726/2417  71.4% elapsed=22m31s eta=9m01s] id=3hop2__127483_19639_10557 em=0 f1=0.00 iters=3 score=8 exit=score_threshold final=\boxed{Old East Slavic}
[1727/2417  71.5% elapsed=22m31s eta=9m00s] id=3hop1__622145_42197_18397 em=0 f1=0.00 iters=2 score=8 exit=score_threshold final=\boxed{Korea}
[1728/2417  71.5% elapsed=22m31s eta=8m59s] id=3hop1__624901_42197_18397 em=0 f1=0.00 iters=2 score=8 exit=score_threshold final=\boxed{17}
[1729/2417  71.5% elapsed=22m31s eta=8m58s] id=3hop1__278222_42197_18397 em=1 f1=1.00 iters=2 score=8 exit=score_threshold final=\boxed{Politburo}
[1730/2417  71.6% elapsed=22m32s eta=8m57s] id=3hop1__194006_42197_18397 em=0 f1=0.00 iters=3 score=6 exit=max_iterations final=\boxed{Mao Zedong}
[1731/2417  71.6% elapsed=22m32s eta=8m56s] id=3hop2__89048_809962_66294 em=0 f1=0.00 iters=3 score=5 exit=max_iterations final=\boxed{John Ross Bowie}
[1732/2417  71.7% elapsed=22m32s eta=8m55s] id=3hop1__373866_5189_63702 em=1 f1=1.00 iters=1 score=8 exit=score_threshold final=\boxed{June 1941}
[1733/2417  71.7% elapsed=22m33s eta=8m54s] id=3hop2__230_89048_66294 em=0 f1=0.00 iters=3 score=5 exit=max_iterations final=\boxed{Joe Jackson}
[1734/2417  71.7% elapsed=22m33s eta=8m53s] id=3hop1__426806_42197_18397 em=0 f1=0.00 iters=3 score=6 exit=max_iterations final=\boxed{Mao Zedong}
[1735/2417  71.8% elapsed=22m44s eta=8m56s] id=3hop1__73796_87694_124169 em=1 f1=1.00 iters=1 score=9 exit=score_threshold final=\boxed{1952}
[1736/2417  71.8% elapsed=22m45s eta=8m55s] id=3hop1__539312_744503_34754 em=0 f1=0.29 iters=1 score=8 exit=score_threshold final=\boxed{coercion by Japanese blackmail and occupation}
[1737/2417  71.9% elapsed=22m45s eta=8m54s] id=3hop1__773623_87694_124169 em=1 f1=1.00 iters=1 score=8 exit=score_threshold final=\boxed{1952}
[1738/2417  71.9% elapsed=22m45s eta=8m53s] id=3hop1__603558_87694_124169 em=1 f1=1.00 iters=1 score=8 exit=score_threshold final=\boxed{1952}
[1739/2417  71.9% elapsed=22m45s eta=8m52s] id=3hop1__64957_87694_64412 em=1 f1=1.00 iters=1 score=9 exit=score_threshold final=\boxed{11 February 1929}
[1740/2417  72.0% elapsed=22m45s eta=8m51s] id=3hop1__365934_87694_124169 em=1 f1=1.00 iters=1 score=8 exit=score_threshold final=\boxed{1952}
[1741/2417  72.0% elapsed=22m46s eta=8m50s] id=3hop1__136083_87694_124169 em=1 f1=1.00 iters=1 score=8 exit=score_threshold final=\boxed{1952}
[1742/2417  72.1% elapsed=22m46s eta=8m49s] id=3hop1__759384_42197_18397 em=0 f1=0.00 iters=3 score=6 exit=max_iterations final=\boxed{United Nations Security Council}
[1743/2417  72.1% elapsed=22m46s eta=8m48s] id=3hop1__136083_87694_64412 em=1 f1=1.00 iters=1 score=8 exit=score_threshold final=\boxed{11 February 1929}
[1744/2417  72.2% elapsed=22m46s eta=8m47s] id=3hop1__765388_42197_18397 em=0 f1=0.00 iters=3 score=6 exit=max_iterations final=\boxed{Korea}
[1745/2417  72.2% elapsed=22m46s eta=8m46s] id=3hop1__6379_42197_18397 em=0 f1=0.00 iters=3 score=8 exit=score_threshold final=\boxed{Korea}
[1746/2417  72.2% elapsed=22m46s eta=8m45s] id=3hop1__135659_87694_124169 em=1 f1=1.00 iters=1 score=8 exit=score_threshold final=\boxed{1952}
[1747/2417  72.3% elapsed=22m46s eta=8m44s] id=3hop1__415141_42197_18397 em=0 f1=0.00 iters=3 score=6 exit=max_iterations final=\boxed{Truman}
[1748/2417  72.3% elapsed=22m47s eta=8m43s] id=3hop1__241085_42197_18397 em=0 f1=0.00 iters=3 score=8 exit=score_threshold final=\boxed{Soviet Union}
[1749/2417  72.4% elapsed=22m47s eta=8m42s] id=3hop1__28527_42197_18397 em=0 f1=0.00 iters=3 score=8 exit=score_threshold final=\boxed{Soviet Union}
[1750/2417  72.4% elapsed=22m47s eta=8m41s] id=3hop1__64957_87694_124169 em=1 f1=1.00 iters=1 score=8 exit=score_threshold final=\boxed{1952}
[1751/2417  72.4% elapsed=22m47s eta=8m40s] id=3hop1__365934_87694_64412 em=0 f1=0.50 iters=1 score=8 exit=score_threshold final=\boxed{1929}
[1752/2417  72.5% elapsed=22m47s eta=8m39s] id=3hop1__135392_87694_64412 em=0 f1=0.50 iters=1 score=8 exit=score_threshold final=\boxed{1929}
[1753/2417  72.5% elapsed=22m48s eta=8m38s] id=3hop1__33845_42197_18397 em=0 f1=0.00 iters=3 score=6 exit=max_iterations final=\boxed{China}
[1754/2417  72.6% elapsed=22m48s eta=8m37s] id=3hop1__135794_87694_64412 em=1 f1=1.00 iters=1 score=8 exit=score_threshold final=\boxed{11 February 1929}
[1755/2417  72.6% elapsed=22m48s eta=8m36s] id=3hop1__136016_87694_124169 em=1 f1=1.00 iters=1 score=8 exit=score_threshold final=\boxed{1952}
[1756/2417  72.7% elapsed=22m49s eta=8m35s] id=3hop1__641921_42197_18397 em=0 f1=0.00 iters=3 score=6 exit=max_iterations final=\boxed{China}
[1757/2417  72.7% elapsed=22m52s eta=8m35s] id=3hop1__313670_42197_18397 em=1 f1=1.00 iters=3 score=8 exit=score_threshold final=\boxed{Politburo}
[1758/2417  72.7% elapsed=22m53s eta=8m35s] id=3hop1__243276_42197_18397 em=0 f1=0.00 iters=3 score=6 exit=max_iterations final=\boxed{United Nations Security Council}
[1759/2417  72.8% elapsed=22m53s eta=8m34s] id=3hop1__351696_42197_18397 em=0 f1=0.00 iters=3 score=6 exit=max_iterations final=\boxed{Korean conflict}
[1760/2417  72.8% elapsed=22m57s eta=8m34s] id=3hop1__46571_87694_64412 em=0 f1=0.50 iters=3 score=8 exit=score_threshold final=\boxed{1929}
[1761/2417  72.9% elapsed=22m59s eta=8m34s] id=3hop1__564628_42197_18397 em=0 f1=0.00 iters=3 score=8 exit=score_threshold final=\boxed{Mao Zedong}
[1762/2417  72.9% elapsed=23m00s eta=8m33s] id=3hop1__662413_42197_18397 em=0 f1=0.00 iters=3 score=5 exit=max_iterations final=\boxed{United Nations}
[1763/2417  72.9% elapsed=23m00s eta=8m32s] id=3hop1__639955_834494_33939 em=0 f1=0.00 iters=1 score=10 exit=score_threshold final=\boxed{7531}
[1764/2417  73.0% elapsed=23m01s eta=8m31s] id=3hop1__516535_834494_34053 em=1 f1=1.00 iters=1 score=9 exit=score_threshold final=\boxed{1905}
[1765/2417  73.0% elapsed=23m01s eta=8m30s] id=3hop1__73796_87694_64412 em=0 f1=0.50 iters=1 score=8 exit=score_threshold final=\boxed{1929}
[1766/2417  73.1% elapsed=23m01s eta=8m29s] id=3hop1__516535_834494_34088 em=1 f1=1.00 iters=1 score=8 exit=score_threshold final=\boxed{Tucson}
[1767/2417  73.1% elapsed=23m01s eta=8m28s] id=3hop1__516535_834494_34109 em=1 f1=1.00 iters=1 score=8 exit=score_threshold final=\boxed{KUAT-TV 6}
[1768/2417  73.1% elapsed=23m01s eta=8m27s] id=3hop1__315504_629431_64412 em=1 f1=1.00 iters=1 score=8 exit=score_threshold final=\boxed{11 February 1929}
[1769/2417  73.2% elapsed=23m01s eta=8m26s] id=3hop1__516535_834494_33939 em=1 f1=1.00 iters=1 score=8 exit=score_threshold final=\boxed{7,531}
[1770/2417  73.2% elapsed=23m01s eta=8m25s] id=3hop1__813285_774554_124169 em=1 f1=1.00 iters=1 score=8 exit=score_threshold final=\boxed{1952}
[1771/2417  73.3% elapsed=23m02s eta=8m24s] id=3hop1__136129_87694_64412 em=0 f1=0.50 iters=2 score=8 exit=score_threshold final=\boxed{1929}
[1772/2417  73.3% elapsed=23m02s eta=8m23s] id=3hop1__579562_629431_64412 em=1 f1=1.00 iters=1 score=8 exit=score_threshold final=\boxed{11 February 1929}
[1773/2417  73.4% elapsed=23m03s eta=8m22s] id=3hop1__813285_774554_64412 em=0 f1=0.50 iters=1 score=8 exit=score_threshold final=\boxed{1929}
[1774/2417  73.4% elapsed=23m03s eta=8m21s] id=3hop1__315504_629431_124169 em=1 f1=1.00 iters=1 score=8 exit=score_threshold final=\boxed{1952}
[1775/2417  73.4% elapsed=23m03s eta=8m20s] id=3hop1__135392_87694_124169 em=1 f1=1.00 iters=1 score=8 exit=score_threshold final=\boxed{1952}
[1776/2417  73.5% elapsed=23m06s eta=8m20s] id=3hop1__273571_834494_34099 em=0 f1=0.00 iters=1 score=8 exit=score_threshold final=\boxed{4 years}
[1777/2417  73.5% elapsed=23m07s eta=8m20s] id=3hop1__273571_834494_33939 em=1 f1=1.00 iters=1 score=9 exit=score_threshold final=\boxed{7,531}
[1778/2417  73.6% elapsed=23m07s eta=8m19s] id=3hop1__135793_87694_64412 em=0 f1=0.00 iters=3 score=8 exit=score_threshold final=\boxed{The location of San Pietro in Ciel d'Oro has never be
[1779/2417  73.6% elapsed=23m08s eta=8m18s] id=3hop1__273571_834494_34109 em=1 f1=1.00 iters=1 score=8 exit=score_threshold final=\boxed{KUAT-TV 6}
[1780/2417  73.6% elapsed=23m08s eta=8m17s] id=3hop1__135659_87694_64412 em=0 f1=0.00 iters=3 score=6 exit=max_iterations final=\boxed{Italy}
[1781/2417  73.7% elapsed=23m09s eta=8m16s] id=3hop1__639955_834494_34109 em=1 f1=1.00 iters=1 score=8 exit=score_threshold final=\boxed{KUAT-TV 6}
[1782/2417  73.7% elapsed=23m10s eta=8m15s] id=3hop1__497845_629431_64412 em=0 f1=0.50 iters=2 score=8 exit=score_threshold final=\boxed{1929}
[1783/2417  73.8% elapsed=23m12s eta=8m15s] id=3hop1__79462_91850_685675 em=1 f1=1.00 iters=1 score=10 exit=score_threshold final=\boxed{New York Yankees}
[1784/2417  73.8% elapsed=23m12s eta=8m14s] id=3hop1__354480_834494_34109 em=0 f1=0.00 iters=1 score=8 exit=score_threshold final=\boxed{Pima County}
[1785/2417  73.9% elapsed=23m13s eta=8m13s] id=3hop1__273571_834494_34053 em=1 f1=1.00 iters=1 score=9 exit=score_threshold final=\boxed{1905}
[1786/2417  73.9% elapsed=23m13s eta=8m12s] id=3hop1__639955_834494_34099 em=0 f1=0.50 iters=1 score=8 exit=score_threshold final=\boxed{four years}
[1787/2417  73.9% elapsed=23m13s eta=8m11s] id=3hop1__639955_834494_34088 em=1 f1=1.00 iters=1 score=8 exit=score_threshold final=\boxed{Tucson Raceway Park}
[1788/2417  74.0% elapsed=23m13s eta=8m10s] id=3hop1__38426_91850_685675 em=1 f1=1.00 iters=1 score=9 exit=score_threshold final=\boxed{New York Yankees}
[1789/2417  74.0% elapsed=23m13s eta=8m09s] id=3hop1__354480_834494_34099 em=0 f1=0.50 iters=1 score=8 exit=score_threshold final=\boxed{four years}
[1790/2417  74.1% elapsed=23m14s eta=8m08s] id=3hop1__516535_834494_34099 em=0 f1=0.50 iters=1 score=8 exit=score_threshold final=\boxed{four years}
[1791/2417  74.1% elapsed=23m14s eta=8m07s] id=3hop1__354480_834494_34053 em=1 f1=1.00 iters=1 score=8 exit=score_threshold final=\boxed{1905}
[1792/2417  74.1% elapsed=23m14s eta=8m06s] id=3hop1__88707_91850_685675 em=1 f1=1.00 iters=1 score=8 exit=score_threshold final=\boxed{New York Yankees}
[1793/2417  74.2% elapsed=23m15s eta=8m05s] id=3hop1__136016_87694_64412 em=0 f1=0.50 iters=2 score=8 exit=score_threshold final=\boxed{1929}
[1794/2417  74.2% elapsed=23m15s eta=8m04s] id=3hop1__354480_834494_33939 em=1 f1=1.00 iters=1 score=8 exit=score_threshold final=\boxed{7,531}
[1795/2417  74.3% elapsed=23m15s eta=8m03s] id=3hop1__639955_834494_34053 em=1 f1=1.00 iters=1 score=8 exit=score_threshold final=\boxed{1905}
[1796/2417  74.3% elapsed=23m15s eta=8m02s] id=3hop1__353661_629431_64412 em=0 f1=0.50 iters=2 score=8 exit=score_threshold final=\boxed{1929}
[1797/2417  74.3% elapsed=23m15s eta=8m01s] id=3hop1__354480_834494_34088 em=1 f1=1.00 iters=1 score=8 exit=score_threshold final=\boxed{Tucson, Arizona}
[1798/2417  74.4% elapsed=23m16s eta=8m00s] id=3hop1__46571_87694_124169 em=1 f1=1.00 iters=3 score=6 exit=max_iterations final=\boxed{1952}
[1799/2417  74.4% elapsed=23m16s eta=7m59s] id=3hop1__497845_629431_124169 em=1 f1=1.00 iters=2 score=8 exit=score_threshold final=\boxed{1952}
[1800/2417  74.5% elapsed=23m16s eta=7m59s] id=3hop1__764280_834494_34053 em=1 f1=1.00 iters=1 score=8 exit=score_threshold final=\boxed{1905}
[1801/2417  74.5% elapsed=23m21s eta=7m59s] id=3hop1__579562_629431_124169 em=0 f1=0.00 iters=3 score=4 exit=max_iterations final=\boxed{Unknown}
[1802/2417  74.6% elapsed=23m27s eta=8m00s] id=3hop1__609479_503371_21711 em=1 f1=1.00 iters=1 score=8 exit=score_threshold final=\boxed{15th century}
[1803/2417  74.6% elapsed=23m27s eta=7m59s] id=3hop1__680374_503371_21711 em=1 f1=1.00 iters=1 score=8 exit=score_threshold final=\boxed{15th century}
[1804/2417  74.6% elapsed=23m28s eta=7m58s] id=3hop1__136129_87694_124169 em=0 f1=0.00 iters=3 score=4 exit=max_iterations final=\boxed{Unknown}
[1805/2417  74.7% elapsed=23m28s eta=7m57s] id=3hop1__558449_503371_21711 em=1 f1=1.00 iters=1 score=8 exit=score_threshold final=\boxed{15th century}
[1806/2417  74.7% elapsed=23m28s eta=7m56s] id=4hop1__93963_170667_443779_52195 em=1 f1=1.00 iters=1 score=8 exit=score_threshold final=\boxed{Francisco Guterres}
[1807/2417  74.8% elapsed=23m28s eta=7m55s] id=3hop1__672543_503371_21711 em=1 f1=1.00 iters=1 score=8 exit=score_threshold final=\boxed{15th century}
[1808/2417  74.8% elapsed=23m29s eta=7m54s] id=3hop1__567955_503371_21711 em=1 f1=1.00 iters=1 score=8 exit=score_threshold final=\boxed{15th century}
[1809/2417  74.8% elapsed=23m29s eta=7m54s] id=3hop1__404541_629431_64412 em=0 f1=0.50 iters=3 score=6 exit=max_iterations final=\boxed{1929}
[1810/2417  74.9% elapsed=23m29s eta=7m53s] id=3hop1__603558_87694_64412 em=0 f1=0.00 iters=3 score=8 exit=score_threshold final=\boxed{1861}
[1811/2417  74.9% elapsed=23m29s eta=7m52s] id=4hop1__72247_497223_15840_36002 em=0 f1=0.53 iters=1 score=8 exit=score_threshold final=\boxed{Improved graphics and sound}
[1812/2417  75.0% elapsed=23m30s eta=7m51s] id=3hop1__353661_629431_124169 em=1 f1=1.00 iters=3 score=7 exit=max_iterations final=\boxed{1952}
[1813/2417  75.0% elapsed=23m32s eta=7m50s] id=3hop1__404541_629431_124169 em=1 f1=1.00 iters=3 score=6 exit=max_iterations final=\boxed{1952}
[1814/2417  75.1% elapsed=23m33s eta=7m50s] id=3hop1__273571_834494_34088 em=1 f1=1.00 iters=3 score=8 exit=score_threshold final=\boxed{Tucson Raceway Park}
[1815/2417  75.1% elapsed=23m39s eta=7m51s] id=3hop1__395211_503371_21711 em=1 f1=1.00 iters=2 score=8 exit=score_threshold final=\boxed{15th century}
[1816/2417  75.1% elapsed=23m41s eta=7m50s] id=4hop1__40316_497223_15840_36002 em=0 f1=0.74 iters=1 score=8 exit=score_threshold final=\boxed{16-bit architecture and improved graphics and sound}
[1817/2417  75.2% elapsed=23m41s eta=7m49s] id=4hop1__525129_315334_131926_89261 em=1 f1=1.00 iters=1 score=8 exit=score_threshold final=\boxed{Mississippi River Delta}
[1818/2417  75.2% elapsed=23m41s eta=7m48s] id=4hop1__525129_315334_131926_90707 em=0 f1=0.57 iters=1 score=8 exit=score_threshold final=\boxed{Cairo, Illinois}
[1819/2417  75.3% elapsed=23m41s eta=7m47s] id=4hop1__525129_315334_131926_87157 em=0 f1=0.00 iters=1 score=8 exit=score_threshold final=\boxed{southward}
[1820/2417  75.3% elapsed=23m43s eta=7m47s] id=3hop1__626214_503371_21711 em=1 f1=1.00 iters=3 score=6 exit=max_iterations final=\boxed{15th century}
[1821/2417  75.3% elapsed=23m43s eta=7m46s] id=4hop3__857_846_326964_7713 em=0 f1=0.00 iters=2 score=8 exit=score_threshold final=\boxed{0}
[1822/2417  75.4% elapsed=23m52s eta=7m48s] id=4hop1__860115_798482_131926_90707 em=0 f1=0.57 iters=2 score=8 exit=score_threshold final=\boxed{Cairo, Illinois}
[1823/2417  75.4% elapsed=23m52s eta=7m47s] id=4hop1__46196_497223_15840_36014 em=0 f1=0.00 iters=1 score=8 exit=score_threshold final=\boxed{5}
[1824/2417  75.5% elapsed=23m52s eta=7m46s] id=4hop1__860115_798482_131926_87157 em=0 f1=0.00 iters=2 score=8 exit=score_threshold final=\boxed{southward}
[1825/2417  75.5% elapsed=23m52s eta=7m45s] id=3hop1__849312_503371_21711 em=1 f1=1.00 iters=3 score=8 exit=score_threshold final=\boxed{15th century}
[1826/2417  75.5% elapsed=23m53s eta=7m44s] id=4hop1__94201_642284_131926_87157 em=0 f1=0.22 iters=2 score=8 exit=score_threshold final=\boxed{southwards}
[1827/2417  75.6% elapsed=23m53s eta=7m43s] id=3hop1__698501_503371_21711 em=1 f1=1.00 iters=3 score=6 exit=max_iterations final=\boxed{15th century}
[1828/2417  75.6% elapsed=23m53s eta=7m42s] id=4hop1__72247_497223_15840_36014 em=0 f1=0.67 iters=1 score=8 exit=score_threshold final=\boxed{five games}
[1829/2417  75.7% elapsed=23m53s eta=7m41s] id=3hop1__423001_503371_21711 em=1 f1=1.00 iters=3 score=8 exit=score_threshold final=\boxed{15th century}
[1830/2417  75.7% elapsed=23m54s eta=7m40s] id=4hop1__46196_497223_15840_36002 em=0 f1=0.47 iters=2 score=8 exit=score_threshold final=\boxed{Improved graphics, sound, and processing power}
[1831/2417  75.8% elapsed=23m54s eta=7m39s] id=3hop1__186307_503371_21711 em=1 f1=1.00 iters=3 score=4 exit=max_iterations final=\boxed{15th century}
[1832/2417  75.8% elapsed=23m54s eta=7m38s] id=3hop1__783711_503371_21711 em=1 f1=1.00 iters=3 score=6 exit=max_iterations final=\boxed{15th century}
[1833/2417  75.8% elapsed=23m54s eta=7m37s] id=4hop3__862_846_326964_7713 em=0 f1=0.00 iters=3 score=8 exit=score_threshold final=\boxed{1421–1644}
[1834/2417  75.9% elapsed=23m54s eta=7m36s] id=4hop2__160585_14670_8987_8974 em=0 f1=0.40 iters=1 score=8 exit=score_threshold final=\boxed{Paraguay}
[1835/2417  75.9% elapsed=23m54s eta=7m35s] id=3hop1__857241_503371_21711 em=1 f1=1.00 iters=3 score=6 exit=max_iterations final=\boxed{15th century}
[1836/2417  76.0% elapsed=23m55s eta=7m34s] id=3hop1__268450_503371_21711 em=1 f1=1.00 iters=3 score=6 exit=max_iterations final=\boxed{15th century}
[1837/2417  76.0% elapsed=23m55s eta=7m33s] id=3hop1__220023_503371_21711 em=1 f1=1.00 iters=3 score=6 exit=max_iterations final=\boxed{15th century}
[1838/2417  76.0% elapsed=23m55s eta=7m32s] id=3hop1__163654_503371_21711 em=1 f1=1.00 iters=3 score=6 exit=max_iterations final=\boxed{15th century}
[1839/2417  76.1% elapsed=23m56s eta=7m31s] id=3hop1__347858_503371_21711 em=0 f1=0.00 iters=3 score=5 exit=max_iterations final=\boxed{13th and 14th centuries}
[1840/2417  76.1% elapsed=23m57s eta=7m30s] id=4hop3__857_846_613770_7713 em=0 f1=0.00 iters=3 score=4 exit=max_iterations final=\boxed{not specified}
[1841/2417  76.2% elapsed=23m57s eta=7m30s] id=4hop2__103790_14670_8987_8974 em=0 f1=0.40 iters=1 score=8 exit=score_threshold final=\boxed{Paraguay}
[1842/2417  76.2% elapsed=23m59s eta=7m29s] id=4hop3__862_846_613770_7713 em=0 f1=0.00 iters=3 score=5 exit=max_iterations final=\boxed{Nanjing}
[1843/2417  76.3% elapsed=23m59s eta=7m28s] id=4hop1__94201_642284_131926_90707 em=0 f1=0.57 iters=3 score=6 exit=max_iterations final=\boxed{Cairo, Illinois}
[1844/2417  76.3% elapsed=24m00s eta=7m28s] id=4hop1__860115_798482_131926_89261 em=1 f1=1.00 iters=2 score=8 exit=score_threshold final=\boxed{Mississippi River Delta}
[1845/2417  76.3% elapsed=24m01s eta=7m27s] id=4hop1__94201_642284_131926_89261 em=0 f1=0.80 iters=3 score=8 exit=score_threshold final=\boxed{Mississippi River}
[1846/2417  76.4% elapsed=24m01s eta=7m26s] id=3hop1__302383_503371_21711 em=1 f1=1.00 iters=1 score=8 exit=score_threshold final=\boxed{15th century}
[1847/2417  76.4% elapsed=24m01s eta=7m25s] id=4hop1__21282_692112_214799_259594 em=0 f1=0.00 iters=2 score=8 exit=score_threshold final=\boxed{FRG}
[1848/2417  76.5% elapsed=24m03s eta=7m24s] id=4hop2__161324_14670_8987_8974 em=0 f1=0.40 iters=2 score=8 exit=score_threshold final=\boxed{Paraguay}
[1849/2417  76.5% elapsed=24m04s eta=7m23s] id=4hop1__860115_798482_131926_13165 em=0 f1=0.00 iters=3 score=6 exit=max_iterations final=\boxed{Louisiana Purchase}
[1850/2417  76.5% elapsed=24m04s eta=7m23s] id=4hop1__525129_315334_131926_13165 em=0 f1=0.57 iters=3 score=6 exit=max_iterations final=\boxed{Treaty of Guadalupe Hidalgo}
[1851/2417  76.6% elapsed=24m04s eta=7m22s] id=4hop1__94201_642284_131926_13165 em=1 f1=1.00 iters=3 score=5 exit=max_iterations final=\boxed{Treaty of Paris}
[1852/2417  76.6% elapsed=24m11s eta=7m23s] id=4hop2__105527_14670_8987_8974 em=0 f1=0.40 iters=1 score=8 exit=score_threshold final=\boxed{Paraguay}
[1853/2417  76.7% elapsed=24m11s eta=7m22s] id=4hop1__93601_46196_497223_15840 em=1 f1=1.00 iters=1 score=8 exit=score_threshold final=\boxed{NES}
[1854/2417  76.7% elapsed=24m12s eta=7m21s] id=4hop2__567956_14670_8987_8529 em=0 f1=0.00 iters=1 score=8 exit=score_threshold final=\boxed{1939–1945}
[1855/2417  76.7% elapsed=24m14s eta=7m20s] id=4hop2__5206_14670_8987_8529 em=1 f1=1.00 iters=2 score=8 exit=score_threshold final=\boxed{1943–1992}
[1856/2417  76.8% elapsed=24m24s eta=7m22s] id=4hop2__567956_39078_8987_8974 em=0 f1=0.40 iters=2 score=8 exit=score_threshold final=\boxed{Paraguay}
[1857/2417  76.8% elapsed=24m24s eta=7m22s] id=4hop2__105527_39078_8987_8974 em=0 f1=0.40 iters=2 score=8 exit=score_threshold final=\boxed{Paraguay}
[1858/2417  76.9% elapsed=24m24s eta=7m21s] id=4hop2__5206_39078_8987_8974 em=0 f1=0.40 iters=2 score=8 exit=score_threshold final=\boxed{Paraguay}
[1859/2417  76.9% elapsed=24m25s eta=7m20s] id=4hop1__88342_49853_128008_92225 em=0 f1=0.80 iters=2 score=8 exit=score_threshold final=\boxed{March 29}
[1860/2417  77.0% elapsed=24m25s eta=7m19s] id=4hop1__88342_49853_128008_46894 em=1 f1=1.00 iters=2 score=8 exit=score_threshold final=\boxed{Bill Bergen}
[1861/2417  77.0% elapsed=24m26s eta=7m18s] id=4hop2__797545_14670_8987_8974 em=0 f1=0.40 iters=2 score=8 exit=score_threshold final=\boxed{Paraguay}
[1862/2417  77.0% elapsed=24m26s eta=7m17s] id=4hop1__88342_49853_128008_54974 em=0 f1=0.40 iters=2 score=8 exit=score_threshold final=\boxed{582 feet}
[1863/2417  77.1% elapsed=24m27s eta=7m16s] id=4hop1__88342_49853_128008_86588 em=0 f1=0.67 iters=2 score=8 exit=score_threshold final=\boxed{582 feet}
[1864/2417  77.1% elapsed=24m27s eta=7m15s] id=4hop2__160585_39078_8987_8974 em=0 f1=0.40 iters=2 score=8 exit=score_threshold final=\boxed{Paraguay}
[1865/2417  77.2% elapsed=24m39s eta=7m18s] id=4hop3__813358_24325_125104_10557 em=1 f1=1.00 iters=1 score=8 exit=score_threshold final=\boxed{Medieval Latin}
[1866/2417  77.2% elapsed=24m40s eta=7m17s] id=4hop1__88342_75218_128008_46748 em=1 f1=1.00 iters=2 score=8 exit=score_threshold final=\boxed{26}
[1867/2417  77.2% elapsed=24m40s eta=7m16s] id=4hop1__88342_75218_128008_48717 em=0 f1=0.50 iters=2 score=8 exit=score_threshold final=\boxed{Josh Girdley}
[1868/2417  77.3% elapsed=24m40s eta=7m15s] id=4hop1__88342_49853_128008_89859 em=0 f1=0.50 iters=3 score=8 exit=score_threshold final=\boxed{March}
[1869/2417  77.3% elapsed=24m41s eta=7m14s] id=4hop3__275416_24325_125104_10557 em=1 f1=1.00 iters=1 score=9 exit=score_threshold final=\boxed{Medieval Latin}
[1870/2417  77.4% elapsed=24m41s eta=7m13s] id=4hop1__88342_75218_128008_87812 em=0 f1=0.86 iters=2 score=8 exit=score_threshold final=\boxed{Thursday, March 29, 2018}
[1871/2417  77.4% elapsed=24m41s eta=7m12s] id=3hop1__840353_503371_21711 em=1 f1=1.00 iters=3 score=6 exit=max_iterations final=\boxed{15th century}
[1872/2417  77.5% elapsed=24m41s eta=7m11s] id=4hop2__105527_14670_8987_8529 em=1 f1=1.00 iters=3 score=8 exit=score_threshold final=\boxed{1943–1992}
[1873/2417  77.5% elapsed=24m41s eta=7m10s] id=4hop1__88342_49853_128008_67954 em=0 f1=0.00 iters=2 score=8 exit=score_threshold final=\boxed{Mike Trout}
[1874/2417  77.5% elapsed=24m42s eta=7m09s] id=4hop1__88342_49853_128008_80487 em=0 f1=0.50 iters=3 score=8 exit=score_threshold final=\boxed{2017}
[1875/2417  77.6% elapsed=24m42s eta=7m08s] id=4hop2__103790_14670_8987_8529 em=1 f1=1.00 iters=3 score=8 exit=score_threshold final=\boxed{1943–1992}
[1876/2417  77.6% elapsed=24m42s eta=7m07s] id=4hop2__161324_14670_8987_8529 em=0 f1=0.00 iters=3 score=6 exit=max_iterations final=\boxed{Slovak Republic}
[1877/2417  77.7% elapsed=24m42s eta=7m06s] id=4hop2__567956_14670_8987_8974 em=0 f1=0.40 iters=3 score=8 exit=score_threshold final=\boxed{Paraguay}
[1878/2417  77.7% elapsed=24m42s eta=7m05s] id=4hop1__88342_49853_128008_87812 em=0 f1=0.00 iters=3 score=4 exit=max_iterations final=\boxed{Monday}
[1879/2417  77.7% elapsed=24m43s eta=7m04s] id=4hop1__88342_49853_128008_46748 em=0 f1=0.00 iters=3 score=6 exit=max_iterations final=\boxed{27}
[1880/2417  77.8% elapsed=24m43s eta=7m04s] id=4hop2__160585_14670_8987_8529 em=0 f1=0.00 iters=3 score=8 exit=score_threshold final=\boxed{1939–1945}
[1881/2417  77.8% elapsed=24m43s eta=7m03s] id=4hop1__88342_49853_128008_48717 em=1 f1=1.00 iters=3 score=5 exit=max_iterations final=\boxed{Josh Beckett}
[1882/2417  77.9% elapsed=24m44s eta=7m02s] id=4hop2__103790_39078_8987_8529 em=1 f1=1.00 iters=3 score=6 exit=max_iterations final=\boxed{1943–1992}
[1883/2417  77.9% elapsed=24m47s eta=7m02s] id=4hop1__88342_75218_128008_46894 em=1 f1=1.00 iters=3 score=8 exit=score_threshold final=\boxed{Bill Bergen}
[1884/2417  77.9% elapsed=24m51s eta=7m02s] id=4hop1__88342_75218_128008_92225 em=1 f1=1.00 iters=3 score=5 exit=max_iterations final=\boxed{March 29, 2018}
[1885/2417  78.0% elapsed=24m53s eta=7m01s] id=4hop1__88342_49853_128008_80286 em=0 f1=0.00 iters=3 score=6 exit=max_iterations final=\boxed{Ichiro Suzuki}
[1886/2417  78.0% elapsed=24m53s eta=7m00s] id=4hop3__275416_24325_156850_10557 em=0 f1=0.00 iters=2 score=8 exit=score_threshold final=\boxed{Walloon}
[1887/2417  78.1% elapsed=24m54s eta=7m00s] id=4hop1__638706_378185_282674_759393 em=0 f1=0.00 iters=3 score=8 exit=score_threshold final=\boxed{Appleton}
[1888/2417  78.1% elapsed=24m54s eta=6m59s] id=4hop1__88342_75218_128008_89859 em=0 f1=0.80 iters=3 score=4 exit=max_iterations final=\boxed{March 29}
[1889/2417  78.2% elapsed=24m54s eta=6m58s] id=4hop1__344155_378185_282674_759393 em=0 f1=0.00 iters=1 score=8 exit=score_threshold final=\boxed{Pulaski}
[1890/2417  78.2% elapsed=24m55s eta=6m57s] id=4hop1__88342_75218_128008_80487 em=0 f1=0.00 iters=3 score=5 exit=max_iterations final=\boxed{2014 and 2015}
[1891/2417  78.2% elapsed=24m55s eta=6m56s] id=4hop1__88342_75218_128008_80286 em=1 f1=1.00 iters=3 score=6 exit=max_iterations final=\boxed{Pete Rose}
[1892/2417  78.3% elapsed=24m56s eta=6m55s] id=4hop1__88342_75218_128008_67954 em=1 f1=1.00 iters=3 score=6 exit=max_iterations final=\boxed{Alex Bregman}
[1893/2417  78.3% elapsed=25m01s eta=6m56s] id=4hop1__199881_765799_282674_759393 em=0 f1=0.00 iters=2 score=8 exit=score_threshold final=\boxed{Greenville}
[1894/2417  78.4% elapsed=25m02s eta=6m55s] id=4hop1__324759_378185_282674_759393 em=0 f1=0.00 iters=2 score=8 exit=score_threshold final=\boxed{Neillsville}
[1895/2417  78.4% elapsed=25m02s eta=6m54s] id=4hop1__88342_75218_128008_86588 em=0 f1=0.50 iters=3 score=8 exit=score_threshold final=\boxed{575 feet (175 m)}
[1896/2417  78.4% elapsed=25m03s eta=6m53s] id=4hop1__199362_765799_282674_759393 em=0 f1=0.00 iters=3 score=6 exit=max_iterations final=\boxed{Outagamie County}
[1897/2417  78.5% elapsed=25m03s eta=6m52s] id=4hop1__161810_583746_457883_650651 em=1 f1=1.00 iters=1 score=8 exit=score_threshold final=\boxed{NBC}
[1898/2417  78.5% elapsed=25m03s eta=6m51s] id=4hop1__638706_765799_282674_759393 em=0 f1=0.00 iters=3 score=4 exit=max_iterations final=\boxed{The capital of Outagamie County is not explicitly sta
[1899/2417  78.6% elapsed=25m03s eta=6m50s] id=4hop1__707078_378185_282674_759393 em=0 f1=0.00 iters=3 score=6 exit=max_iterations final=\boxed{Pulaski}
[1900/2417  78.6% elapsed=25m04s eta=6m49s] id=4hop1__88342_75218_128008_54974 em=0 f1=0.80 iters=3 score=6 exit=max_iterations final=\boxed{575 feet}
[1901/2417  78.7% elapsed=25m10s eta=6m50s] id=4hop1__145422_698949_157828_162309 em=0 f1=0.00 iters=1 score=8 exit=score_threshold final=\boxed{1992}
[1902/2417  78.7% elapsed=25m10s eta=6m49s] id=4hop1__814776_765799_282674_759393 em=0 f1=0.00 iters=3 score=5 exit=max_iterations final=\boxed{Brown City}
[1903/2417  78.7% elapsed=25m11s eta=6m48s] id=4hop1__399219_765799_282674_759393 em=0 f1=0.00 iters=3 score=8 exit=score_threshold final=\boxed{Pulaski}
[1904/2417  78.8% elapsed=25m11s eta=6m47s] id=4hop1__324759_765799_282674_759393 em=0 f1=0.00 iters=3 score=8 exit=score_threshold final=\boxed{Pulaski}
[1905/2417  78.8% elapsed=25m11s eta=6m46s] id=4hop1__814776_378185_282674_759393 em=1 f1=1.00 iters=3 score=6 exit=max_iterations final=\boxed{Green Bay}
[1906/2417  78.9% elapsed=25m11s eta=6m45s] id=4hop1__344155_765799_282674_759393 em=0 f1=0.00 iters=3 score=6 exit=max_iterations final=\boxed{Saint Paul}
[1907/2417  78.9% elapsed=25m11s eta=6m44s] id=4hop1__833841_378185_282674_759393 em=0 f1=0.00 iters=3 score=8 exit=score_threshold final=\boxed{Neillsville}
[1908/2417  78.9% elapsed=25m11s eta=6m43s] id=4hop1__690653_378185_282674_759393 em=0 f1=0.00 iters=3 score=6 exit=max_iterations final=\boxed{Neenah}
[1909/2417  79.0% elapsed=25m12s eta=6m42s] id=4hop1__105773_457883_650651_7262 em=0 f1=0.00 iters=2 score=8 exit=score_threshold final=\boxed{Johnny Dare}
[1910/2417  79.0% elapsed=25m12s eta=6m41s] id=4hop1__668178_765799_282674_759393 em=0 f1=0.00 iters=3 score=5 exit=max_iterations final=\boxed{Appleton}
[1911/2417  79.1% elapsed=25m12s eta=6m40s] id=4hop1__668178_378185_282674_759393 em=0 f1=0.00 iters=3 score=5 exit=max_iterations final=\boxed{Madison}
[1912/2417  79.1% elapsed=25m12s eta=6m39s] id=4hop1__199881_378185_282674_759393 em=0 f1=0.00 iters=3 score=6 exit=max_iterations final=\boxed{Pulaski}
[1913/2417  79.1% elapsed=25m13s eta=6m39s] id=4hop1__707078_765799_282674_759393 em=0 f1=0.00 iters=3 score=6 exit=max_iterations final=\boxed{Pulaski}
[1914/2417  79.2% elapsed=25m15s eta=6m38s] id=4hop1__118068_582428_157828_162309 em=0 f1=0.00 iters=1 score=8 exit=score_threshold final=\boxed{1992}
[1915/2417  79.2% elapsed=25m16s eta=6m37s] id=4hop1__436202_378185_282674_759393 em=0 f1=0.00 iters=3 score=5 exit=max_iterations final=\boxed{Pulaski}
[1916/2417  79.3% elapsed=25m16s eta=6m36s] id=4hop1__436202_765799_282674_759393 em=0 f1=0.00 iters=3 score=6 exit=max_iterations final=\boxed{Pulaski}
[1917/2417  79.3% elapsed=25m17s eta=6m36s] id=4hop1__9002_698949_157828_239539 em=0 f1=0.00 iters=2 score=8 exit=score_threshold final=\boxed{Belgrade}
[1918/2417  79.4% elapsed=25m20s eta=6m35s] id=4hop1__115977_582428_157828_162309 em=0 f1=0.00 iters=2 score=8 exit=score_threshold final=\boxed{1992}
[1919/2417  79.4% elapsed=25m20s eta=6m35s] id=4hop1__146971_698949_157828_162309 em=0 f1=0.00 iters=2 score=8 exit=score_threshold final=\boxed{1992}
[1920/2417  79.4% elapsed=25m25s eta=6m35s] id=4hop1__199362_378185_282674_759393 em=0 f1=0.00 iters=3 score=5 exit=max_iterations final=\boxed{Appleton}
[1921/2417  79.5% elapsed=25m25s eta=6m34s] id=4hop1__749065_698949_157828_239539 em=0 f1=0.00 iters=2 score=8 exit=score_threshold final=\boxed{Belgrade}
[1922/2417  79.5% elapsed=25m26s eta=6m33s] id=4hop1__151903_5274_458768_33633 em=0 f1=0.50 iters=1 score=8 exit=score_threshold final=\boxed{1769}
[1923/2417  79.6% elapsed=25m26s eta=6m32s] id=4hop3__316459_41402_146281_13584 em=0 f1=0.00 iters=2 score=8 exit=score_threshold final=\boxed{Real Madrid and FC Barcelona differ in their regional
[1924/2417  79.6% elapsed=25m26s eta=6m31s] id=4hop1__152562_5274_458768_33632 em=1 f1=1.00 iters=1 score=8 exit=score_threshold final=\boxed{May 4}
[1925/2417  79.6% elapsed=25m27s eta=6m30s] id=4hop3__316459_41402_157761_13584 em=0 f1=0.00 iters=2 score=8 exit=score_threshold final=\boxed{Regional representation (Castile vs. Catalonia)}
[1926/2417  79.7% elapsed=25m27s eta=6m29s] id=4hop1__151650_5274_458768_33633 em=1 f1=1.00 iters=1 score=8 exit=score_threshold final=\boxed{August 3, 1769}
[1927/2417  79.7% elapsed=25m27s eta=6m28s] id=4hop1__9007_698949_157828_239539 em=0 f1=0.00 iters=3 score=6 exit=max_iterations final=\boxed{Sarajevo}
[1928/2417  79.8% elapsed=25m37s eta=6m30s] id=4hop3__316459_41402_145282_13584 em=0 f1=0.00 iters=3 score=8 exit=score_threshold final=\boxed{Catalonia and Madrid}
[1929/2417  79.8% elapsed=25m38s eta=6m29s] id=4hop1__228808_49925_13759_736921 em=1 f1=1.00 iters=1 score=8 exit=score_threshold final=\boxed{Saxony-Anhalt}
[1930/2417  79.9% elapsed=25m38s eta=6m28s] id=4hop1__76111_624859_355213_203322 em=1 f1=1.00 iters=2 score=8 exit=score_threshold final=\boxed{Cabarrus County}
[1931/2417  79.9% elapsed=25m38s eta=6m27s] id=4hop1__152146_5274_458768_33632 em=1 f1=1.00 iters=2 score=8 exit=score_threshold final=\boxed{May 4}
[1932/2417  79.9% elapsed=25m38s eta=6m26s] id=4hop1__567737_141375_458768_33633 em=1 f1=1.00 iters=2 score=8 exit=score_threshold final=\boxed{August 3, 1769}
[1933/2417  80.0% elapsed=25m38s eta=6m25s] id=4hop3__316459_41402_146223_13584 em=0 f1=0.00 iters=3 score=6 exit=max_iterations final=\boxed{Barcelona, Spain and Madrid, Spain}
[1934/2417  80.0% elapsed=25m39s eta=6m24s] id=4hop1__567737_141375_458768_33632 em=1 f1=1.00 iters=2 score=8 exit=score_threshold final=\boxed{May 4}
[1935/2417  80.1% elapsed=25m39s eta=6m23s] id=4hop1__145494_698949_157828_162309 em=0 f1=0.00 iters=3 score=8 exit=score_threshold final=\boxed{1994}
[1936/2417  80.1% elapsed=25m39s eta=6m22s] id=4hop3__316459_41402_145922_13584 em=0 f1=0.00 iters=3 score=6 exit=max_iterations final=\boxed{Barcelona and Madrid}
[1937/2417  80.1% elapsed=25m40s eta=6m22s] id=4hop1__749065_698949_157828_162309 em=0 f1=0.00 iters=3 score=8 exit=score_threshold final=\boxed{1994}
[1938/2417  80.2% elapsed=25m40s eta=6m21s] id=4hop1__571599_49925_13759_736921 em=0 f1=0.00 iters=1 score=8 exit=score_threshold final=\boxed{Wittenberg (district)}
[1939/2417  80.2% elapsed=25m40s eta=6m20s] id=4hop1__9007_698949_157828_162309 em=0 f1=0.00 iters=3 score=6 exit=max_iterations final=\boxed{1996}
[1940/2417  80.3% elapsed=25m40s eta=6m19s] id=4hop1__3496_5274_458768_33633 em=1 f1=1.00 iters=2 score=8 exit=score_threshold final=\boxed{August 3, 1769}
[1941/2417  80.3% elapsed=25m41s eta=6m18s] id=4hop3__373866_5189_276146_86687 em=1 f1=1.00 iters=2 score=8 exit=score_threshold final=\boxed{1990}
[1942/2417  80.3% elapsed=25m42s eta=6m17s] id=4hop1__341156_49925_13759_736921 em=1 f1=1.00 iters=1 score=8 exit=score_threshold final=\boxed{Saxony-Anhalt}
[1943/2417  80.4% elapsed=25m45s eta=6m17s] id=4hop1__89530_624859_355213_203322 em=0 f1=0.50 iters=3 score=5 exit=max_iterations final=\boxed{Lake County}
[1944/2417  80.4% elapsed=25m52s eta=6m18s] id=4hop1__570103_49925_13759_736921 em=0 f1=0.00 iters=3 score=8 exit=score_threshold final=\boxed{Wittenberg}
[1945/2417  80.5% elapsed=25m53s eta=6m17s] id=4hop1__31050_725495_49925_267352 em=0 f1=0.00 iters=1 score=8 exit=score_threshold final=\boxed{Reformation}
[1946/2417  80.5% elapsed=25m53s eta=6m16s] id=4hop1__56635_49925_13759_736921 em=1 f1=1.00 iters=2 score=8 exit=score_threshold final=\boxed{Saxony-Anhalt}
[1947/2417  80.6% elapsed=25m53s eta=6m15s] id=4hop1__482815_624859_355213_203322 em=0 f1=0.50 iters=3 score=4 exit=max_iterations final=\boxed{Cuyahoga County}
[1948/2417  80.6% elapsed=25m54s eta=6m14s] id=4hop1__814349_624859_355213_203322 em=0 f1=0.67 iters=3 score=5 exit=max_iterations final=\boxed{Cabarrus}
[1949/2417  80.6% elapsed=25m54s eta=6m13s] id=4hop1__151650_5274_458768_33632 em=1 f1=1.00 iters=3 score=7 exit=max_iterations final=\boxed{May 4}
[1950/2417  80.7% elapsed=25m54s eta=6m12s] id=4hop1__767417_624859_355213_203322 em=0 f1=0.50 iters=3 score=5 exit=max_iterations final=\boxed{Cuyahoga County}
[1951/2417  80.7% elapsed=25m54s eta=6m11s] id=4hop1__159467_725495_49925_349426 em=1 f1=1.00 iters=2 score=8 exit=score_threshold final=\boxed{Katharina von Bora}
[1952/2417  80.8% elapsed=25m54s eta=6m10s] id=4hop1__152028_141441_458768_33633 em=1 f1=1.00 iters=1 score=8 exit=score_threshold final=\boxed{August 3, 1769}
[1953/2417  80.8% elapsed=25m54s eta=6m09s] id=4hop1__152146_5274_458768_33633 em=1 f1=1.00 iters=3 score=4 exit=max_iterations final=\boxed{August 3, 1769}
[1954/2417  80.8% elapsed=25m54s eta=6m08s] id=4hop1__152562_5274_458768_33633 em=1 f1=1.00 iters=3 score=4 exit=max_iterations final=\boxed{August 3, 1769}
[1955/2417  80.9% elapsed=25m55s eta=6m07s] id=4hop1__580153_49925_13759_736921 em=0 f1=0.00 iters=1 score=8 exit=score_threshold final=\boxed{Wittenberg}
[1956/2417  80.9% elapsed=25m55s eta=6m07s] id=4hop1__463635_624859_355213_203322 em=0 f1=0.50 iters=3 score=5 exit=max_iterations final=\boxed{Cuyahoga County}
[1957/2417  81.0% elapsed=25m56s eta=6m06s] id=4hop3__373866_5189_31809_86687 em=0 f1=0.00 iters=3 score=5 exit=max_iterations final=\boxed{2011}
[1958/2417  81.0% elapsed=26m06s eta=6m07s] id=4hop1__264443_49925_13759_736921 em=0 f1=0.00 iters=2 score=8 exit=score_threshold final=\boxed{Wittenberg}
[1959/2417  81.1% elapsed=26m07s eta=6m06s] id=4hop1__749363_49925_13759_736921 em=1 f1=1.00 iters=2 score=8 exit=score_threshold final=\boxed{Saxony-Anhalt}
[1960/2417  81.1% elapsed=26m07s eta=6m05s] id=4hop1__277409_49925_13759_736921 em=1 f1=1.00 iters=2 score=8 exit=score_threshold final=\boxed{Saxony-Anhalt}
[1961/2417  81.1% elapsed=26m07s eta=6m04s] id=4hop1__696484_49925_13759_736921 em=0 f1=0.00 iters=3 score=6 exit=max_iterations final=\boxed{Unknown}
[1962/2417  81.2% elapsed=26m07s eta=6m03s] id=4hop1__711307_49925_13759_736921 em=1 f1=1.00 iters=2 score=8 exit=score_threshold final=\boxed{Saxony-Anhalt}
[1963/2417  81.2% elapsed=26m08s eta=6m03s] id=4hop1__391525_49925_13759_736921 em=0 f1=0.00 iters=2 score=8 exit=score_threshold final=\boxed{Cape Coast}
[1964/2417  81.3% elapsed=26m08s eta=6m02s] id=4hop1__629520_49925_13759_736921 em=1 f1=1.00 iters=2 score=8 exit=score_threshold final=\boxed{Saxony-Anhalt}
[1965/2417  81.3% elapsed=26m08s eta=6m01s] id=4hop1__636860_49925_13759_736921 em=1 f1=1.00 iters=3 score=8 exit=score_threshold final=\boxed{Saxony-Anhalt}
[1966/2417  81.3% elapsed=26m09s eta=6m00s] id=4hop1__166471_49925_13759_736921 em=0 f1=0.00 iters=2 score=8 exit=score_threshold final=\boxed{New York}
[1967/2417  81.4% elapsed=26m09s eta=5m59s] id=4hop1__107309_457883_650651_7262 em=1 f1=1.00 iters=3 score=6 exit=max_iterations final=\boxed{Walter Sabo}
[1968/2417  81.4% elapsed=26m09s eta=5m58s] id=4hop1__159467_725495_49925_267352 em=0 f1=0.00 iters=2 score=8 exit=score_threshold final=\boxed{Protestant Reformation}
[1969/2417  81.5% elapsed=26m10s eta=5m57s] id=4hop2__161602_474028_88460_21057 em=0 f1=0.33 iters=1 score=8 exit=score_threshold final=\boxed{teak}
[1970/2417  81.5% elapsed=26m20s eta=5m59s] id=4hop3__316459_41402_599212_13584 em=0 f1=0.00 iters=3 score=8 exit=score_threshold final=\boxed{Real Madrid and FC Barcelona represent different regi
[1971/2417  81.5% elapsed=26m21s eta=5m58s] id=4hop2__161602_426860_88460_63559 em=0 f1=0.00 iters=2 score=8 exit=score_threshold final=\boxed{1989}
[1972/2417  81.6% elapsed=26m21s eta=5m57s] id=4hop2__161602_426860_88460_21062 em=0 f1=0.00 iters=2 score=8 exit=score_threshold final=\boxed{China}
[1973/2417  81.6% elapsed=26m21s eta=5m56s] id=4hop1__473563_309800_355213_203322 em=1 f1=1.00 iters=3 score=6 exit=max_iterations final=\boxed{Cabarrus County}
[1974/2417  81.7% elapsed=26m21s eta=5m55s] id=4hop1__562740_49925_13759_736921 em=0 f1=0.00 iters=3 score=6 exit=max_iterations final=\boxed{Ancourt, France}
[1975/2417  81.7% elapsed=26m22s eta=5m54s] id=4hop1__163763_49925_13759_736921 em=0 f1=0.00 iters=3 score=5 exit=max_iterations final=\boxed{Wittenberg}
[1976/2417  81.8% elapsed=26m22s eta=5m53s] id=4hop1__836115_49925_13759_736921 em=0 f1=0.00 iters=3 score=5 exit=max_iterations final=\boxed{Wittenberg}
[1977/2417  81.8% elapsed=26m22s eta=5m52s] id=4hop2__161602_474028_88460_21034 em=0 f1=0.40 iters=2 score=8 exit=score_threshold final=\boxed{2014}
[1978/2417  81.8% elapsed=26m23s eta=5m51s] id=4hop1__31050_725495_49925_349426 em=1 f1=1.00 iters=3 score=6 exit=max_iterations final=\boxed{Katharina von Bora}
[1979/2417  81.9% elapsed=26m34s eta=5m53s] id=4hop2__161602_426860_88460_21057 em=0 f1=0.33 iters=2 score=8 exit=score_threshold final=\boxed{teak}
[1980/2417  81.9% elapsed=26m34s eta=5m52s] id=4hop2__161602_474028_88460_21063 em=1 f1=1.00 iters=3 score=9 exit=score_threshold final=\boxed{Yangon Stock Exchange Joint Venture Co. Ltd.}
[1981/2417  82.0% elapsed=26m34s eta=5m51s] id=4hop2__161602_426860_88460_20988 em=0 f1=0.00 iters=3 score=8 exit=score_threshold final=\boxed{No direct conflict is mentioned between Russia and La
[1982/2417  82.0% elapsed=26m34s eta=5m50s] id=4hop2__161602_474028_88460_63559 em=0 f1=0.00 iters=3 score=6 exit=max_iterations final=\boxed{1980s}
[1983/2417  82.0% elapsed=26m35s eta=5m49s] id=4hop2__161602_426860_88460_20999 em=0 f1=0.36 iters=3 score=6 exit=max_iterations final=\boxed{The Yaruba dynasty expelled the Portuguese from Oman}
[1984/2417  82.1% elapsed=26m35s eta=5m48s] id=4hop2__161602_426860_88460_126088 em=0 f1=0.00 iters=3 score=5 exit=max_iterations final=\boxed{Mekong River}
[1985/2417  82.1% elapsed=26m35s eta=5m47s] id=4hop2__161602_474028_88460_21062 em=0 f1=0.00 iters=3 score=6 exit=max_iterations final=\boxed{No}
[1986/2417  82.2% elapsed=26m35s eta=5m46s] id=4hop2__161602_474028_88460_20999 em=0 f1=0.24 iters=3 score=4 exit=max_iterations final=\boxed{The Yaruba dynasty expelled the Portuguese from Musca
[1987/2417  82.2% elapsed=26m35s eta=5m45s] id=4hop2__161602_426860_88460_18966 em=0 f1=0.00 iters=3 score=6 exit=max_iterations final=\boxed{Myanmar}
[1988/2417  82.3% elapsed=26m35s eta=5m44s] id=4hop2__161602_474028_88460_20988 em=0 f1=0.14 iters=3 score=6 exit=max_iterations final=\boxed{Ethnic strife and civil war}
[1989/2417  82.3% elapsed=26m36s eta=5m43s] id=4hop2__161602_474028_88460_126088 em=0 f1=0.00 iters=3 score=4 exit=max_iterations final=\boxed{Joe Biden}
[1990/2417  82.3% elapsed=26m38s eta=5m43s] id=4hop2__161602_426860_88460_21074 em=1 f1=1.00 iters=3 score=6 exit=max_iterations final=\boxed{Ministry of Education}
[1991/2417  82.4% elapsed=26m41s eta=5m43s] id=4hop2__161602_426860_88460_20985 em=0 f1=0.00 iters=3 score=4 exit=max_iterations final=\boxed{Vientiane}
[1992/2417  82.4% elapsed=26m44s eta=5m42s] id=4hop2__161602_474028_88460_20985 em=0 f1=0.00 iters=3 score=6 exit=max_iterations final=\boxed{Unknown}
[1993/2417  82.5% elapsed=26m47s eta=5m42s] id=4hop2__161602_426860_88460_21034 em=0 f1=0.40 iters=3 score=6 exit=max_iterations final=\boxed{2014}
[1994/2417  82.5% elapsed=26m48s eta=5m41s] id=4hop2__161602_474028_88460_21074 em=1 f1=1.00 iters=3 score=6 exit=max_iterations final=\boxed{Ministry of Education}
[1995/2417  82.5% elapsed=26m48s eta=5m40s] id=4hop3__650050_88460_30152_20999 em=0 f1=0.12 iters=3 score=4 exit=max_iterations final=\boxed{The natural boundary between Thailand and A Doi's cou
[1996/2417  82.6% elapsed=26m48s eta=5m39s] id=4hop3__754156_88460_30152_20999 em=0 f1=0.00 iters=3 score=5 exit=max_iterations final=\boxed{Laos}
[1997/2417  82.6% elapsed=26m49s eta=5m38s] id=4hop2__161602_474028_88460_18966 em=0 f1=0.25 iters=3 score=6 exit=max_iterations final=\boxed{Hoklo emigrants from southern Fujian}
[1998/2417  82.7% elapsed=26m49s eta=5m37s] id=4hop3__426860_88460_30152_20999 em=0 f1=0.00 iters=3 score=6 exit=max_iterations final=\boxed{Ottoman Empire}
[1999/2417  82.7% elapsed=26m49s eta=5m36s] id=4hop3__439878_88460_30152_20999 em=0 f1=0.00 iters=3 score=6 exit=max_iterations final=\boxed{Mekong River}
[2000/2417  82.7% elapsed=26m49s eta=5m36s] id=4hop3__257340_88460_30152_20999 em=0 f1=0.00 iters=3 score=6 exit=max_iterations final=\boxed{Ottoman Empire}
[2001/2417  82.8% elapsed=26m59s eta=5m37s] id=4hop2__161602_474028_88460_86452 em=1 f1=1.00 iters=1 score=8 exit=score_threshold final=\boxed{1989}
[2002/2417  82.8% elapsed=27m00s eta=5m36s] id=4hop3__310746_88460_30152_20999 em=0 f1=0.00 iters=3 score=6 exit=max_iterations final=\boxed{Portugal}
[2003/2417  82.9% elapsed=27m00s eta=5m35s] id=4hop3__630723_88460_30152_20999 em=0 f1=0.00 iters=3 score=8 exit=score_threshold final=\boxed{The question cannot be directly answered based on the
[2004/2417  82.9% elapsed=27m01s eta=5m34s] id=4hop3__860588_88460_30152_20999 em=0 f1=0.00 iters=3 score=6 exit=max_iterations final=\boxed{the northern border of Thailand}
[2005/2417  83.0% elapsed=27m01s eta=5m33s] id=4hop3__323121_88460_30152_20999 em=0 f1=0.00 iters=3 score=5 exit=max_iterations final=\boxed{economic independence through coinage}
[2006/2417  83.0% elapsed=27m01s eta=5m32s] id=4hop3__507819_88460_30152_20999 em=0 f1=0.33 iters=2 score=8 exit=score_threshold final=\boxed{Portuguese}
[2007/2417  83.0% elapsed=27m01s eta=5m31s] id=4hop2__9988_158985_70784_79935 em=1 f1=1.00 iters=1 score=8 exit=score_threshold final=\boxed{1930}
[2008/2417  83.1% elapsed=27m01s eta=5m30s] id=4hop3__474028_88460_30152_20999 em=0 f1=0.13 iters=3 score=5 exit=max_iterations final=\boxed{expulsion of non-Muslims from the natural boundary be
[2009/2417  83.1% elapsed=27m02s eta=5m29s] id=4hop3__519729_88460_30152_20999 em=0 f1=0.00 iters=3 score=6 exit=max_iterations final=\boxed{Somali Muslim Ajuran Empire}
[2010/2417  83.2% elapsed=27m02s eta=5m28s] id=4hop3__270458_88460_30152_20999 em=0 f1=0.00 iters=3 score=5 exit=max_iterations final=\boxed{Laos}
[2011/2417  83.2% elapsed=27m02s eta=5m28s] id=4hop3__279362_88460_30152_20999 em=0 f1=0.00 iters=3 score=5 exit=max_iterations final=\boxed{Somali Muslim Ajuran Empire}
[2012/2417  83.2% elapsed=27m03s eta=5m27s] id=4hop3__175072_88460_30152_20999 em=0 f1=0.00 iters=3 score=5 exit=max_iterations final=\boxed{Thais}
[2013/2417  83.3% elapsed=27m13s eta=5m28s] id=4hop3__405277_88460_30152_20999 em=0 f1=0.00 iters=3 score=4 exit=max_iterations final=\boxed{Not explicitly provided in the given paragraphs.}
[2014/2417  83.3% elapsed=27m13s eta=5m27s] id=4hop2__161602_426860_88460_86452 em=1 f1=1.00 iters=2 score=8 exit=score_threshold final=\boxed{1989}
[2015/2417  83.4% elapsed=27m13s eta=5m26s] id=4hop3__372437_88460_30152_20999 em=0 f1=0.00 iters=3 score=5 exit=max_iterations final=\boxed{The answer is not directly stated in the provided inf
[2016/2417  83.4% elapsed=27m13s eta=5m25s] id=4hop3__577443_88460_30152_20999 em=0 f1=0.05 iters=3 score=5 exit=max_iterations final=\boxed{No direct link is established in the provided paragra
[2017/2417  83.5% elapsed=27m13s eta=5m24s] id=4hop2__9988_685934_70784_61381 em=1 f1=1.00 iters=1 score=8 exit=score_threshold final=\boxed{1932}
[2018/2417  83.5% elapsed=27m14s eta=5m23s] id=4hop3__547073_88460_30152_20999 em=0 f1=0.14 iters=3 score=6 exit=max_iterations final=\boxed{expulsion of people due to economic and political con
[2019/2417  83.5% elapsed=27m14s eta=5m22s] id=4hop3__839787_88460_30152_20999 em=0 f1=0.00 iters=3 score=5 exit=max_iterations final=\boxed{Ottoman Empire}
[2020/2417  83.6% elapsed=27m14s eta=5m21s] id=4hop2__9988_261673_70784_61381 em=1 f1=1.00 iters=1 score=8 exit=score_threshold final=\boxed{1932}
[2021/2417  83.6% elapsed=27m15s eta=5m20s] id=4hop2__71753_158985_70784_79935 em=1 f1=1.00 iters=2 score=8 exit=score_threshold final=\boxed{1930}
[2022/2417  83.7% elapsed=27m15s eta=5m19s] id=4hop3__638064_88460_30152_20999 em=0 f1=0.09 iters=3 score=4 exit=max_iterations final=\boxed{The information provided does not specify the people 
[2023/2417  83.7% elapsed=27m15s eta=5m18s] id=4hop3__746868_88460_30152_20999 em=0 f1=0.00 iters=3 score=4 exit=max_iterations final=\boxed{The answer is not directly supported by the given inf
[2024/2417  83.7% elapsed=27m15s eta=5m17s] id=4hop3__220945_88460_30152_20999 em=0 f1=0.00 iters=3 score=5 exit=max_iterations final=\boxed{Laos}
[2025/2417  83.8% elapsed=27m16s eta=5m17s] id=4hop3__700962_88460_30152_20999 em=0 f1=0.00 iters=3 score=6 exit=max_iterations final=\boxed{Nam Song River}
[2026/2417  83.8% elapsed=27m16s eta=5m16s] id=4hop3__238811_88460_30152_20999 em=0 f1=0.00 iters=3 score=5 exit=max_iterations final=\boxed{Laos}
[2027/2417  83.9% elapsed=27m25s eta=5m17s] id=4hop2__71753_73205_70784_79935 em=0 f1=0.00 iters=3 score=8 exit=score_threshold final=\boxed{The creation date is not explicitly stated in the pro
[2028/2417  83.9% elapsed=27m26s eta=5m16s] id=4hop1__342858_131850_33952_34088 em=1 f1=1.00 iters=1 score=8 exit=score_threshold final=\boxed{Tucson Raceway Park}
[2029/2417  83.9% elapsed=27m26s eta=5m15s] id=4hop1__43565_624859_355213_203322 em=0 f1=0.50 iters=3 score=5 exit=max_iterations final=\boxed{Lake County}
[2030/2417  84.0% elapsed=27m27s eta=5m14s] id=4hop1__342858_131850_33952_34099 em=0 f1=0.00 iters=1 score=8 exit=score_threshold final=\boxed{4 years}
[2031/2417  84.0% elapsed=27m27s eta=5m13s] id=4hop1__152146_5274_458768_33637 em=0 f1=0.00 iters=1 score=8 exit=score_threshold final=\boxed{2}
[2032/2417  84.1% elapsed=27m27s eta=5m12s] id=4hop1__625463_229349_66759_54221 em=1 f1=1.00 iters=1 score=8 exit=score_threshold final=\boxed{5am}
[2033/2417  84.1% elapsed=27m27s eta=5m11s] id=4hop1__178366_229349_66759_75165 em=1 f1=1.00 iters=1 score=9 exit=score_threshold final=\boxed{1,335,907}
[2034/2417  84.2% elapsed=27m27s eta=5m10s] id=4hop2__9988_158279_70784_79935 em=1 f1=1.00 iters=3 score=6 exit=max_iterations final=\boxed{1930}
[2035/2417  84.2% elapsed=27m27s eta=5m09s] id=4hop2__71753_158279_70784_79935 em=1 f1=1.00 iters=3 score=5 exit=max_iterations final=\boxed{1930}
[2036/2417  84.2% elapsed=27m28s eta=5m08s] id=4hop1__152562_5274_458768_33637 em=0 f1=0.00 iters=1 score=8 exit=score_threshold final=\boxed{2}
[2037/2417  84.3% elapsed=27m28s eta=5m07s] id=4hop1__567737_141375_458768_33637 em=0 f1=0.00 iters=1 score=8 exit=score_threshold final=\boxed{2}
[2038/2417  84.3% elapsed=27m28s eta=5m07s] id=4hop2__9988_261673_70784_79935 em=1 f1=1.00 iters=3 score=8 exit=score_threshold final=\boxed{1930}
[2039/2417  84.4% elapsed=27m29s eta=5m06s] id=4hop2__71753_648517_70784_79935 em=1 f1=1.00 iters=3 score=6 exit=max_iterations final=\boxed{1930}
[2040/2417  84.4% elapsed=27m29s eta=5m05s] id=4hop2__71753_623626_70784_79935 em=1 f1=1.00 iters=3 score=8 exit=score_threshold final=\boxed{1930}
[2041/2417  84.4% elapsed=27m30s eta=5m04s] id=4hop2__9988_729371_70784_79935 em=1 f1=1.00 iters=3 score=6 exit=max_iterations final=\boxed{1930}
[2042/2417  84.5% elapsed=27m38s eta=5m05s] id=4hop2__71753_261673_70784_79935 em=0 f1=0.00 iters=3 score=8 exit=score_threshold final=\boxed{first half of the eighteenth century}
[2043/2417  84.5% elapsed=27m39s eta=5m04s] id=4hop1__726391_153080_33952_33939 em=1 f1=1.00 iters=1 score=9 exit=score_threshold final=\boxed{7,531}
[2044/2417  84.6% elapsed=27m40s eta=5m03s] id=4hop1__3496_5274_458768_33637 em=0 f1=0.00 iters=2 score=8 exit=score_threshold final=\boxed{2}
[2045/2417  84.6% elapsed=27m40s eta=5m02s] id=4hop2__71753_729371_70784_61381 em=0 f1=0.00 iters=3 score=4 exit=max_iterations final=\boxed{Not explicitly mentioned in the provided paragraphs}
[2046/2417  84.7% elapsed=27m40s eta=5m01s] id=4hop1__842143_153080_159767_81096 em=1 f1=1.00 iters=1 score=9 exit=score_threshold final=\boxed{Mario Andretti}
[2047/2417  84.7% elapsed=27m40s eta=5m00s] id=4hop1__342858_131850_33952_33939 em=1 f1=1.00 iters=1 score=9 exit=score_threshold final=\boxed{7,531}
[2048/2417  84.7% elapsed=27m40s eta=4m59s] id=4hop1__342858_131850_33952_34053 em=1 f1=1.00 iters=1 score=9 exit=score_threshold final=\boxed{1905}
[2049/2417  84.8% elapsed=27m40s eta=4m58s] id=4hop1__726391_153080_33952_34053 em=1 f1=1.00 iters=1 score=8 exit=score_threshold final=\boxed{1905}
[2050/2417  84.8% elapsed=27m41s eta=4m57s] id=4hop2__71753_623626_70784_61381 em=0 f1=0.00 iters=3 score=4 exit=max_iterations final=\boxed{No relevant establishment date provided}
[2051/2417  84.9% elapsed=27m41s eta=4m56s] id=4hop2__71753_648517_70784_61381 em=1 f1=1.00 iters=3 score=6 exit=max_iterations final=\boxed{1932}
[2052/2417  84.9% elapsed=27m41s eta=4m55s] id=4hop2__71753_729371_70784_79935 em=0 f1=0.00 iters=3 score=5 exit=max_iterations final=\boxed{1983}
[2053/2417  84.9% elapsed=27m41s eta=4m55s] id=4hop1__151903_5274_458768_33637 em=0 f1=0.00 iters=2 score=8 exit=score_threshold final=\boxed{2}
[2054/2417  85.0% elapsed=27m42s eta=4m54s] id=4hop2__71753_158279_70784_61381 em=0 f1=0.00 iters=3 score=4 exit=max_iterations final=\boxed{1994}
[2055/2417  85.0% elapsed=27m42s eta=4m53s] id=4hop1__236903_153080_33897_81096 em=1 f1=1.00 iters=1 score=8 exit=score_threshold final=\boxed{Mario Andretti}
[2056/2417  85.1% elapsed=27m42s eta=4m52s] id=4hop2__71753_685934_70784_61381 em=1 f1=1.00 iters=3 score=6 exit=max_iterations final=\boxed{1932}
[2057/2417  85.1% elapsed=27m42s eta=4m51s] id=4hop2__9988_729371_70784_61381 em=1 f1=1.00 iters=3 score=6 exit=max_iterations final=\boxed{1932}
[2058/2417  85.1% elapsed=27m42s eta=4m50s] id=4hop1__726152_153080_159767_81096 em=1 f1=1.00 iters=1 score=8 exit=score_threshold final=\boxed{Mario Andretti}
[2059/2417  85.2% elapsed=27m42s eta=4m49s] id=4hop2__71753_685934_70784_79935 em=0 f1=0.00 iters=3 score=6 exit=max_iterations final=\boxed{late 20th century}
[2060/2417  85.2% elapsed=27m42s eta=4m48s] id=4hop1__846600_153080_159767_81096 em=1 f1=1.00 iters=1 score=8 exit=score_threshold final=\boxed{Mario Andretti}
[2061/2417  85.3% elapsed=27m43s eta=4m47s] id=4hop2__9988_158279_70784_61381 em=0 f1=0.00 iters=3 score=6 exit=max_iterations final=\boxed{1869}
[2062/2417  85.3% elapsed=27m46s eta=4m47s] id=4hop1__726391_153080_33952_34109 em=1 f1=1.00 iters=2 score=9 exit=score_threshold final=\boxed{KUAT-TV 6}
[2063/2417  85.4% elapsed=27m54s eta=4m47s] id=4hop2__71753_261673_70784_61381 em=1 f1=1.00 iters=3 score=8 exit=score_threshold final=\boxed{1932}
[2064/2417  85.4% elapsed=27m54s eta=4m46s] id=4hop2__71753_158985_70784_61381 em=0 f1=0.00 iters=3 score=4 exit=max_iterations final=\boxed{The establishment date of the Gaza Strip is not direc
[2065/2417  85.4% elapsed=27m54s eta=4m45s] id=4hop1__342858_131850_33952_34109 em=1 f1=1.00 iters=2 score=9 exit=score_threshold final=\boxed{KUAT-TV 6}
[2066/2417  85.5% elapsed=27m55s eta=4m45s] id=4hop1__802394_153080_159767_81096 em=0 f1=0.00 iters=2 score=9 exit=score_threshold final=\boxed{Denny Hamlin}
[2067/2417  85.5% elapsed=27m55s eta=4m44s] id=4hop1__720201_153080_159767_81096 em=1 f1=1.00 iters=1 score=9 exit=score_threshold final=\boxed{Mario Andretti}
[2068/2417  85.6% elapsed=27m56s eta=4m43s] id=4hop3__373866_5189_38229_86687 em=0 f1=0.67 iters=3 score=6 exit=max_iterations final=\boxed{February 1990}
[2069/2417  85.6% elapsed=27m56s eta=4m42s] id=4hop1__151650_5274_458768_33637 em=0 f1=0.00 iters=3 score=6 exit=max_iterations final=\boxed{2}
[2070/2417  85.6% elapsed=27m56s eta=4m41s] id=4hop2__9988_158985_70784_61381 em=1 f1=1.00 iters=3 score=6 exit=max_iterations final=\boxed{1932}
[2071/2417  85.7% elapsed=28m08s eta=4m42s] id=4hop1__813171_153080_33897_81096 em=1 f1=1.00 iters=2 score=9 exit=score_threshold final=\boxed{Mario Andretti}
[2072/2417  85.7% elapsed=28m08s eta=4m41s] id=4hop1__310029_153080_159767_81096 em=0 f1=0.00 iters=2 score=9 exit=score_threshold final=\boxed{Alexander Rossi}
[2073/2417  85.8% elapsed=28m08s eta=4m40s] id=4hop1__752321_153080_33897_81096 em=1 f1=1.00 iters=3 score=8 exit=score_threshold final=\boxed{Mario Andretti}
[2074/2417  85.8% elapsed=28m08s eta=4m39s] id=4hop1__236903_153080_159767_81096 em=0 f1=0.00 iters=2 score=8 exit=score_threshold final=\boxed{The winner of the Indy Car Race in Phoenix is not exp
[2075/2417  85.9% elapsed=28m08s eta=4m38s] id=4hop1__726391_153080_159767_81096 em=0 f1=0.00 iters=2 score=8 exit=score_threshold final=\boxed{The winner of the Indy car race in Phoenix, Arizona i
[2076/2417  85.9% elapsed=28m09s eta=4m37s] id=4hop1__708184_153080_33897_81096 em=0 f1=0.00 iters=2 score=8 exit=score_threshold final=\boxed{The answer cannot be determined from the provided par
[2077/2417  85.9% elapsed=28m09s eta=4m36s] id=4hop1__342858_131850_159767_81096 em=1 f1=1.00 iters=2 score=8 exit=score_threshold final=\boxed{Mario Andretti}
[2078/2417  86.0% elapsed=28m09s eta=4m35s] id=4hop1__802394_153080_33897_81096 em=1 f1=1.00 iters=2 score=9 exit=score_threshold final=\boxed{Mario Andretti}
[2079/2417  86.0% elapsed=28m09s eta=4m35s] id=4hop1__708184_153080_159767_81096 em=0 f1=0.00 iters=3 score=4 exit=max_iterations final=\boxed{Phoenix}
[2080/2417  86.1% elapsed=28m09s eta=4m34s] id=4hop3__661103_698586_1926_54362 em=0 f1=0.00 iters=1 score=8 exit=score_threshold final=\boxed{Atlanta}
[2081/2417  86.1% elapsed=28m09s eta=4m33s] id=4hop1__726152_153080_33897_81096 em=1 f1=1.00 iters=2 score=8 exit=score_threshold final=\boxed{Mario Andretti}
[2082/2417  86.1% elapsed=28m10s eta=4m32s] id=4hop1__310029_153080_33897_81096 em=1 f1=1.00 iters=3 score=5 exit=max_iterations final=\boxed{Mario Andretti}
[2083/2417  86.2% elapsed=28m10s eta=4m31s] id=4hop1__846600_153080_33897_81096 em=1 f1=1.00 iters=3 score=6 exit=max_iterations final=\boxed{Mario Andretti}
[2084/2417  86.2% elapsed=28m21s eta=4m32s] id=4hop1__842143_153080_33897_81096 em=1 f1=1.00 iters=3 score=9 exit=score_threshold final=\boxed{Mario Andretti}
[2085/2417  86.3% elapsed=28m21s eta=4m31s] id=4hop1__131632_32392_823060_610794 em=1 f1=1.00 iters=1 score=8 exit=score_threshold final=\boxed{Richland County}
[2086/2417  86.3% elapsed=28m22s eta=4m30s] id=4hop1__37608_32392_823060_610794 em=1 f1=1.00 iters=1 score=8 exit=score_threshold final=\boxed{Richland County}
[2087/2417  86.3% elapsed=28m22s eta=4m29s] id=4hop1__44149_32392_823060_610794 em=1 f1=1.00 iters=1 score=8 exit=score_threshold final=\boxed{Richland County}
[2088/2417  86.4% elapsed=28m22s eta=4m28s] id=4hop1__89632_32392_823060_610794 em=0 f1=0.00 iters=1 score=8 exit=score_threshold final=\boxed{United States}
[2089/2417  86.4% elapsed=28m22s eta=4m27s] id=4hop1__752321_153080_159767_81096 em=0 f1=0.00 iters=3 score=8 exit=score_threshold final=\boxed{The winner of the IndyCar race in Phoenix is not expl
[2090/2417  86.5% elapsed=28m22s eta=4m26s] id=4hop1__130623_32392_823060_610794 em=1 f1=1.00 iters=1 score=8 exit=score_threshold final=\boxed{Richland County}
[2091/2417  86.5% elapsed=28m23s eta=4m25s] id=4hop1__443274_17130_70784_79935 em=0 f1=0.00 iters=3 score=5 exit=max_iterations final=\boxed{The Arabian Peninsula}
[2092/2417  86.6% elapsed=28m23s eta=4m25s] id=4hop1__726391_153080_33897_81096 em=0 f1=0.00 iters=3 score=8 exit=score_threshold final=\boxed{The winner of the 2016 Indy car race in Phoenix is no
[2093/2417  86.6% elapsed=28m23s eta=4m24s] id=4hop3__152056_698586_1926_54362 em=0 f1=0.00 iters=2 score=8 exit=score_threshold final=\boxed{Atlanta}
[2094/2417  86.6% elapsed=28m23s eta=4m23s] id=4hop1__343844_17130_70784_61381 em=1 f1=1.00 iters=2 score=8 exit=score_threshold final=\boxed{1932}
[2095/2417  86.7% elapsed=28m23s eta=4m22s] id=4hop1__13170_32392_823060_610794 em=1 f1=1.00 iters=1 score=8 exit=score_threshold final=\boxed{Richland County}
[2096/2417  86.7% elapsed=28m24s eta=4m21s] id=4hop1__343844_17130_70784_79935 em=1 f1=1.00 iters=3 score=5 exit=max_iterations final=\boxed{1930}
[2097/2417  86.8% elapsed=28m24s eta=4m20s] id=4hop1__342858_131850_33897_81096 em=1 f1=1.00 iters=3 score=5 exit=max_iterations final=\boxed{Mario Andretti}
[2098/2417  86.8% elapsed=28m24s eta=4m19s] id=4hop1__813171_153080_159767_81096 em=1 f1=1.00 iters=3 score=6 exit=max_iterations final=\boxed{Mario Andretti}
[2099/2417  86.8% elapsed=28m24s eta=4m18s] id=4hop1__161605_32392_823060_610794 em=1 f1=1.00 iters=1 score=8 exit=score_threshold final=\boxed{Richland County}
[2100/2417  86.9% elapsed=28m24s eta=4m17s] id=4hop1__105401_17130_70784_61381 em=1 f1=1.00 iters=2 score=8 exit=score_threshold final=\boxed{1932}
[2101/2417  86.9% elapsed=28m25s eta=4m16s] id=4hop1__17192_17130_70784_79935 em=0 f1=0.00 iters=3 score=5 exit=max_iterations final=\boxed{Arabian Peninsula}
[2102/2417  87.0% elapsed=28m25s eta=4m15s] id=4hop1__638988_17130_70784_79935 em=1 f1=1.00 iters=3 score=6 exit=max_iterations final=\boxed{1930}
[2103/2417  87.0% elapsed=28m25s eta=4m15s] id=4hop1__105688_17130_70784_79935 em=0 f1=0.00 iters=3 score=6 exit=max_iterations final=\boxed{ancient times}
[2104/2417  87.1% elapsed=28m25s eta=4m14s] id=4hop1__105401_17130_70784_79935 em=0 f1=0.00 iters=3 score=5 exit=max_iterations final=\boxed{Not explicitly stated}
[2105/2417  87.1% elapsed=28m27s eta=4m13s] id=4hop1__130508_32392_823060_610794 em=0 f1=0.50 iters=2 score=8 exit=score_threshold final=\boxed{Charleston County}
[2106/2417  87.1% elapsed=28m30s eta=4m13s] id=4hop1__145087_32392_823060_610794 em=1 f1=1.00 iters=2 score=8 exit=score_threshold final=\boxed{Richland County}
[2107/2417  87.2% elapsed=28m30s eta=4m12s] id=4hop1__131611_32392_823060_610794 em=0 f1=0.50 iters=2 score=8 exit=score_threshold final=\boxed{Horry County}
[2108/2417  87.2% elapsed=28m34s eta=4m11s] id=4hop1__105688_17130_70784_61381 em=0 f1=0.00 iters=3 score=5 exit=max_iterations final=\boxed{Levant}
[2109/2417  87.3% elapsed=28m35s eta=4m10s] id=4hop1__777217_32392_823060_610794 em=1 f1=1.00 iters=1 score=8 exit=score_threshold final=\boxed{Richland County}
[2110/2417  87.3% elapsed=28m35s eta=4m10s] id=4hop1__433767_32392_823060_610794 em=1 f1=1.00 iters=1 score=8 exit=score_threshold final=\boxed{Richland County}
[2111/2417  87.3% elapsed=28m35s eta=4m09s] id=4hop1__129721_32392_823060_610794 em=1 f1=1.00 iters=3 score=8 exit=score_threshold final=\boxed{Richland County}
[2112/2417  87.4% elapsed=28m35s eta=4m08s] id=4hop1__788226_32392_823060_610794 em=1 f1=1.00 iters=1 score=8 exit=score_threshold final=\boxed{Richland County}
[2113/2417  87.4% elapsed=28m36s eta=4m07s] id=4hop3__131775_29339_508306_70744 em=1 f1=1.00 iters=1 score=8 exit=score_threshold final=\boxed{University of South Carolina}
[2114/2417  87.5% elapsed=28m36s eta=4m06s] id=4hop1__17192_17130_70784_61381 em=1 f1=1.00 iters=3 score=8 exit=score_threshold final=\boxed{1932}
[2115/2417  87.5% elapsed=28m36s eta=4m05s] id=4hop1__408432_32392_823060_610794 em=1 f1=1.00 iters=1 score=8 exit=score_threshold final=\boxed{Richland County}
[2116/2417  87.5% elapsed=28m37s eta=4m04s] id=4hop1__638988_17130_70784_61381 em=0 f1=0.00 iters=3 score=5 exit=max_iterations final=\boxed{19th century}
[2117/2417  87.6% elapsed=28m37s eta=4m03s] id=4hop3__129682_29339_508306_70744 em=1 f1=1.00 iters=1 score=8 exit=score_threshold final=\boxed{University of South Carolina}
[2118/2417  87.6% elapsed=28m38s eta=4m03s] id=4hop1__443274_17130_70784_61381 em=0 f1=0.00 iters=3 score=5 exit=max_iterations final=\boxed{1979}
[2119/2417  87.7% elapsed=28m38s eta=4m02s] id=4hop1__105002_17130_70784_61381 em=0 f1=0.00 iters=3 score=6 exit=max_iterations final=\boxed{1916}
[2120/2417  87.7% elapsed=28m39s eta=4m01s] id=4hop1__73810_32392_823060_610794 em=0 f1=0.50 iters=3 score=6 exit=max_iterations final=\boxed{Charleston County}
[2121/2417  87.8% elapsed=28m40s eta=4m00s] id=4hop1__56226_32392_823060_610794 em=0 f1=0.50 iters=3 score=8 exit=score_threshold final=\boxed{Charleston County}
[2122/2417  87.8% elapsed=28m41s eta=3m59s] id=4hop3__39836_29339_508306_70744 em=0 f1=0.57 iters=2 score=9 exit=score_threshold final=\boxed{University of Georgia}
[2123/2417  87.8% elapsed=28m41s eta=3m58s] id=4hop3__131820_29339_508306_70744 em=1 f1=1.00 iters=2 score=8 exit=score_threshold final=\boxed{University of South Carolina}
[2124/2417  87.9% elapsed=28m43s eta=3m58s] id=4hop1__819901_32392_823060_610794 em=0 f1=0.50 iters=2 score=8 exit=score_threshold final=\boxed{Charleston County}
[2125/2417  87.9% elapsed=28m45s eta=3m57s] id=4hop3__129318_29339_508306_70744 em=0 f1=0.67 iters=2 score=8 exit=score_threshold final=\boxed{South Carolina}
[2126/2417  88.0% elapsed=28m48s eta=3m56s] id=4hop3__129754_29339_508306_70744 em=0 f1=0.33 iters=2 score=8 exit=score_threshold final=\boxed{Clemson University}
[2127/2417  88.0% elapsed=28m49s eta=3m56s] id=4hop1__429751_32392_823060_610794 em=1 f1=1.00 iters=3 score=6 exit=max_iterations final=\boxed{Richland County}
[2128/2417  88.0% elapsed=28m51s eta=3m55s] id=4hop1__152146_5274_458768_33677 em=1 f1=1.00 iters=1 score=8 exit=score_threshold final=\boxed{2013}
[2129/2417  88.1% elapsed=28m57s eta=3m55s] id=4hop3__130404_29339_508306_70744 em=1 f1=1.00 iters=3 score=5 exit=max_iterations final=\boxed{University of South Carolina}
[2130/2417  88.1% elapsed=28m57s eta=3m54s] id=4hop3__130276_29339_508306_70744 em=1 f1=1.00 iters=3 score=8 exit=score_threshold final=\boxed{University of South Carolina}
[2131/2417  88.2% elapsed=28m57s eta=3m53s] id=4hop1__3496_5274_458768_33677 em=1 f1=1.00 iters=1 score=8 exit=score_threshold final=\boxed{2013}
[2132/2417  88.2% elapsed=28m58s eta=3m52s] id=4hop3__31333_29339_508306_70744 em=1 f1=1.00 iters=3 score=8 exit=score_threshold final=\boxed{University of South Carolina}
[2133/2417  88.2% elapsed=28m58s eta=3m51s] id=4hop1__130404_59747_211319_557671 em=0 f1=0.40 iters=3 score=5 exit=max_iterations final=\boxed{Gwinnett County}
[2134/2417  88.3% elapsed=28m58s eta=3m50s] id=4hop1__60000_59747_211319_557671 em=0 f1=0.40 iters=2 score=8 exit=score_threshold final=\boxed{Gwinnett County}
[2135/2417  88.3% elapsed=28m58s eta=3m50s] id=4hop1__71715_59747_211319_557671 em=0 f1=0.40 iters=3 score=5 exit=max_iterations final=\boxed{Gwinnett County}
[2136/2417  88.4% elapsed=28m58s eta=3m49s] id=4hop3__160230_470287_862998_72134 em=1 f1=1.00 iters=1 score=8 exit=score_threshold final=\boxed{1839}
[2137/2417  88.4% elapsed=28m59s eta=3m48s] id=4hop3__661103_698586_89595_54362 em=0 f1=0.00 iters=2 score=8 exit=score_threshold final=\boxed{Atlanta, Georgia}
[2138/2417  88.5% elapsed=28m59s eta=3m47s] id=4hop1__444892_32392_823060_610794 em=1 f1=1.00 iters=3 score=6 exit=max_iterations final=\boxed{Richland County}
[2139/2417  88.5% elapsed=28m59s eta=3m46s] id=4hop3__129456_29339_508306_70744 em=1 f1=1.00 iters=3 score=5 exit=max_iterations final=\boxed{University of South Carolina}
[2140/2417  88.5% elapsed=29m00s eta=3m45s] id=4hop3__15567_29339_508306_70744 em=1 f1=1.00 iters=3 score=5 exit=max_iterations final=\boxed{University of South Carolina}
[2141/2417  88.6% elapsed=29m05s eta=3m45s] id=4hop1__15607_59747_211319_557671 em=0 f1=0.40 iters=3 score=7 exit=max_iterations final=\boxed{DeKalb County}
[2142/2417  88.6% elapsed=29m05s eta=3m44s] id=4hop1__151903_5274_458768_33677 em=1 f1=1.00 iters=2 score=8 exit=score_threshold final=\boxed{2013}
[2143/2417  88.7% elapsed=29m06s eta=3m43s] id=4hop1__93661_59747_211319_557671 em=0 f1=0.40 iters=3 score=8 exit=score_threshold final=\boxed{Gwinnett County}
[2144/2417  88.7% elapsed=29m06s eta=3m42s] id=4hop1__31333_59747_211319_557671 em=0 f1=0.40 iters=3 score=5 exit=max_iterations final=\boxed{DeKalb County}
[2145/2417  88.7% elapsed=29m07s eta=3m42s] id=4hop1__129682_59747_211319_557671 em=0 f1=0.40 iters=3 score=8 exit=score_threshold final=\boxed{Gwinnett County}
[2146/2417  88.8% elapsed=29m08s eta=3m41s] id=4hop1__567737_141375_458768_33677 em=1 f1=1.00 iters=1 score=8 exit=score_threshold final=\boxed{2013}
[2147/2417  88.8% elapsed=29m08s eta=3m40s] id=4hop3__524186_219173_128875_72134 em=1 f1=1.00 iters=2 score=8 exit=score_threshold final=\boxed{1839}
[2148/2417  88.9% elapsed=29m09s eta=3m39s] id=4hop1__131820_59747_211319_557671 em=0 f1=0.40 iters=3 score=6 exit=max_iterations final=\boxed{DeKalb County}
[2149/2417  88.9% elapsed=29m10s eta=3m38s] id=4hop1__130276_59747_211319_557671 em=0 f1=0.40 iters=3 score=5 exit=max_iterations final=\boxed{Fulton County}
[2150/2417  89.0% elapsed=29m10s eta=3m37s] id=4hop3__661103_698586_57596_54362 em=0 f1=0.00 iters=3 score=8 exit=score_threshold final=\boxed{Atlanta}
[2151/2417  89.0% elapsed=29m10s eta=3m36s] id=4hop3__524186_219173_638950_72134 em=1 f1=1.00 iters=1 score=8 exit=score_threshold final=\boxed{1839}
[2152/2417  89.0% elapsed=29m11s eta=3m36s] id=4hop3__661103_698586_91248_54362 em=0 f1=0.00 iters=3 score=6 exit=max_iterations final=\boxed{Atlanta}
[2153/2417  89.1% elapsed=29m11s eta=3m35s] id=4hop3__152056_698586_89595_54362 em=0 f1=0.00 iters=3 score=6 exit=max_iterations final=\boxed{Atlanta}
[2154/2417  89.1% elapsed=29m11s eta=3m34s] id=4hop3__152056_698586_91248_54362 em=0 f1=0.00 iters=3 score=6 exit=max_iterations final=\boxed{Atlanta}
[2155/2417  89.2% elapsed=29m21s eta=3m34s] id=4hop3__678814_466199_695123_72134 em=0 f1=0.00 iters=2 score=8 exit=score_threshold final=\boxed{The answer cannot be determined from the provided tex
[2156/2417  89.2% elapsed=29m21s eta=3m33s] id=4hop1__151650_5274_458768_33677 em=1 f1=1.00 iters=3 score=6 exit=max_iterations final=\boxed{2013}
[2157/2417  89.2% elapsed=29m22s eta=3m32s] id=4hop1__152562_5274_458768_33677 em=1 f1=1.00 iters=3 score=6 exit=max_iterations final=\boxed{2013}
[2158/2417  89.3% elapsed=29m23s eta=3m32s] id=4hop3__524186_219173_862998_72134 em=1 f1=1.00 iters=2 score=8 exit=score_threshold final=\boxed{1839}
[2159/2417  89.3% elapsed=29m23s eta=3m31s] id=4hop3__312119_132409_146285_35031 em=0 f1=0.67 iters=1 score=8 exit=score_threshold final=\boxed{third}
[2160/2417  89.4% elapsed=29m23s eta=3m30s] id=4hop3__601548_836463_161616_77103 em=1 f1=1.00 iters=2 score=8 exit=score_threshold final=\boxed{1839}
[2161/2417  89.4% elapsed=29m24s eta=3m29s] id=4hop3__160230_470287_345497_72134 em=0 f1=0.00 iters=3 score=6 exit=max_iterations final=\boxed{Springfield, Illinois}
[2162/2417  89.4% elapsed=29m30s eta=3m29s] id=4hop1__47210_53706_795904_580996 em=0 f1=0.00 iters=2 score=8 exit=score_threshold final=\boxed{Nevada}
[2163/2417  89.5% elapsed=29m32s eta=3m28s] id=4hop1__15567_59747_211319_557671 em=0 f1=0.40 iters=3 score=5 exit=max_iterations final=\boxed{Fulton County}
[2164/2417  89.5% elapsed=29m33s eta=3m27s] id=4hop3__322354_466199_695123_72134 em=0 f1=0.00 iters=3 score=8 exit=score_threshold final=\boxed{1863}
[2165/2417  89.6% elapsed=29m34s eta=3m26s] id=4hop3__387712_132409_146285_35031 em=0 f1=0.67 iters=1 score=8 exit=score_threshold final=\boxed{third}
[2166/2417  89.6% elapsed=29m34s eta=3m26s] id=4hop3__193820_466199_695123_72134 em=0 f1=0.00 iters=2 score=8 exit=score_threshold final=\boxed{The question contains incorrect information, as WIZE 
[2167/2417  89.7% elapsed=29m34s eta=3m25s] id=4hop3__773800_152874_161616_77103 em=1 f1=1.00 iters=3 score=8 exit=score_threshold final=\boxed{1839}
[2168/2417  89.7% elapsed=29m34s eta=3m24s] id=4hop3__771862_466199_695123_72134 em=1 f1=1.00 iters=3 score=5 exit=max_iterations final=\boxed{1839}
[2169/2417  89.7% elapsed=29m35s eta=3m23s] id=4hop3__719125_132409_371500_35031 em=0 f1=0.67 iters=1 score=8 exit=score_threshold final=\boxed{third}
[2170/2417  89.8% elapsed=29m35s eta=3m22s] id=4hop3__794915_466199_695123_72134 em=0 f1=0.00 iters=3 score=6 exit=max_iterations final=\boxed{The answer is not provided in the given paragraphs.}
[2171/2417  89.8% elapsed=29m35s eta=3m21s] id=4hop3__673447_132409_371500_35031 em=0 f1=0.67 iters=1 score=8 exit=score_threshold final=\boxed{third}
[2172/2417  89.9% elapsed=29m35s eta=3m20s] id=4hop3__531933_836463_161616_77103 em=1 f1=1.00 iters=3 score=6 exit=max_iterations final=\boxed{1839}
[2173/2417  89.9% elapsed=29m35s eta=3m19s] id=4hop3__673447_132409_145082_35031 em=0 f1=0.67 iters=1 score=8 exit=score_threshold final=\boxed{third}
[2174/2417  89.9% elapsed=29m35s eta=3m18s] id=4hop3__524186_219173_548463_72134 em=0 f1=0.00 iters=3 score=4 exit=max_iterations final=\boxed{Unable to determine}
[2175/2417  90.0% elapsed=29m35s eta=3m18s] id=4hop3__160230_470287_128875_72134 em=1 f1=1.00 iters=1 score=8 exit=score_threshold final=\boxed{1839}
[2176/2417  90.0% elapsed=29m36s eta=3m17s] id=4hop3__193820_466199_128875_72134 em=1 f1=1.00 iters=3 score=6 exit=max_iterations final=\boxed{1839}
[2177/2417  90.1% elapsed=29m37s eta=3m16s] id=4hop3__324979_836463_161616_77103 em=1 f1=1.00 iters=3 score=5 exit=max_iterations final=\boxed{1839}
[2178/2417  90.1% elapsed=29m41s eta=3m15s] id=4hop1__57467_53706_795904_580996 em=0 f1=0.00 iters=3 score=5 exit=max_iterations final=\boxed{Sacramento}
[2179/2417  90.2% elapsed=29m41s eta=3m15s] id=4hop1__131002_53706_795904_580996 em=0 f1=0.00 iters=3 score=6 exit=max_iterations final=\boxed{Sacramento}
[2180/2417  90.2% elapsed=29m42s eta=3m14s] id=4hop1__83058_53706_795904_580996 em=0 f1=0.00 iters=3 score=5 exit=max_iterations final=\boxed{Oakland}
[2181/2417  90.2% elapsed=29m42s eta=3m13s] id=4hop1__130480_53706_795904_580996 em=0 f1=0.00 iters=3 score=5 exit=max_iterations final=\boxed{Oregon}
[2182/2417  90.3% elapsed=29m43s eta=3m12s] id=4hop1__161765_53706_795904_580996 em=0 f1=0.00 iters=3 score=5 exit=max_iterations final=\boxed{Sacramento}
[2183/2417  90.3% elapsed=29m44s eta=3m11s] id=4hop1__28352_53706_795904_580996 em=0 f1=0.00 iters=3 score=6 exit=max_iterations final=\boxed{Nevada}
[2184/2417  90.4% elapsed=29m44s eta=3m10s] id=4hop3__668721_132409_146285_35031 em=0 f1=0.67 iters=2 score=8 exit=score_threshold final=\boxed{third}
[2185/2417  90.4% elapsed=29m44s eta=3m09s] id=4hop3__373573_132409_146285_35031 em=0 f1=0.00 iters=1 score=8 exit=score_threshold final=\boxed{3}
[2186/2417  90.4% elapsed=29m45s eta=3m09s] id=4hop1__93316_53706_795904_580996 em=1 f1=1.00 iters=3 score=6 exit=max_iterations final=\boxed{Rio Linda}
[2187/2417  90.5% elapsed=29m46s eta=3m08s] id=4hop1__158877_53706_795904_580996 em=0 f1=0.00 iters=3 score=4 exit=max_iterations final=\boxed{Oak Lawn, Illinois}
[2188/2417  90.5% elapsed=29m46s eta=3m07s] id=4hop3__800262_466199_695123_72134 em=0 f1=0.00 iters=3 score=4 exit=max_iterations final=\boxed{Indianapolis}
[2189/2417  90.6% elapsed=29m47s eta=3m06s] id=4hop1__56270_53706_795904_580996 em=0 f1=0.00 iters=3 score=6 exit=max_iterations final=\boxed{Temecula}
[2190/2417  90.6% elapsed=29m47s eta=3m05s] id=4hop3__827497_354093_254885_76356 em=1 f1=1.00 iters=1 score=8 exit=score_threshold final=\boxed{Ferdinand de Lesseps}
[2191/2417  90.6% elapsed=29m48s eta=3m04s] id=4hop1__608132_508773_85832_745702 em=1 f1=1.00 iters=1 score=8 exit=score_threshold final=\boxed{Sebastian Cabot}
[2192/2417  90.7% elapsed=29m48s eta=3m04s] id=4hop3__719125_132409_223216_35031 em=0 f1=0.67 iters=1 score=8 exit=score_threshold final=\boxed{third}
[2193/2417  90.7% elapsed=29m48s eta=3m03s] id=4hop1__370129_621192_10659_42311 em=1 f1=1.00 iters=1 score=8 exit=score_threshold final=\boxed{Medical University of Warsaw}
[2194/2417  90.8% elapsed=29m49s eta=3m02s] id=4hop1__711773_508773_85832_745702 em=1 f1=1.00 iters=1 score=8 exit=score_threshold final=\boxed{Sebastian Cabot}
[2195/2417  90.8% elapsed=29m50s eta=3m01s] id=4hop1__51465_53706_795904_580996 em=0 f1=0.00 iters=3 score=5 exit=max_iterations final=\boxed{Nevada}
[2196/2417  90.9% elapsed=29m51s eta=3m00s] id=4hop1__61681_53706_795904_580996 em=0 f1=0.00 iters=3 score=5 exit=max_iterations final=\boxed{San Francisco}
[2197/2417  90.9% elapsed=29m58s eta=3m00s] id=4hop1__58323_375563_161848_53331 em=1 f1=1.00 iters=1 score=8 exit=score_threshold final=\boxed{1989}
[2198/2417  90.9% elapsed=29m59s eta=2m59s] id=4hop1__58323_375563_161848_83118 em=1 f1=1.00 iters=2 score=8 exit=score_threshold final=\boxed{First Sunday in April}
[2199/2417  91.0% elapsed=29m59s eta=2m58s] id=4hop1__58323_375563_161848_61344 em=0 f1=0.00 iters=2 score=8 exit=score_threshold final=\boxed{Oceania}
[2200/2417  91.0% elapsed=29m59s eta=2m57s] id=4hop3__668721_132409_371500_35031 em=0 f1=0.67 iters=2 score=8 exit=score_threshold final=\boxed{third}
[2201/2417  91.1% elapsed=29m59s eta=2m57s] id=4hop3__673447_132409_223216_35031 em=0 f1=0.00 iters=1 score=8 exit=score_threshold final=\boxed{3}
[2202/2417  91.1% elapsed=30m00s eta=2m56s] id=4hop3__387712_132409_371500_35031 em=0 f1=0.67 iters=2 score=8 exit=score_threshold final=\boxed{third}
[2203/2417  91.1% elapsed=30m00s eta=2m55s] id=4hop3__373573_132409_223216_35031 em=0 f1=0.67 iters=2 score=8 exit=score_threshold final=\boxed{third}
[2204/2417  91.2% elapsed=30m00s eta=2m54s] id=4hop1__39871_314549_131976_44892 em=0 f1=0.67 iters=1 score=8 exit=score_threshold final=\boxed{200 million years ago}
[2205/2417  91.2% elapsed=30m00s eta=2m53s] id=4hop1__33012_53706_795904_580996 em=0 f1=0.00 iters=3 score=6 exit=max_iterations final=\boxed{Sacramento}
[2206/2417  91.3% elapsed=30m01s eta=2m52s] id=4hop1__360072_508773_85832_745702 em=1 f1=1.00 iters=2 score=8 exit=score_threshold final=\boxed{Sebastian Cabot}
[2207/2417  91.3% elapsed=30m02s eta=2m51s] id=4hop3__387712_132409_223216_35031 em=0 f1=0.00 iters=2 score=8 exit=score_threshold final=\boxed{3}
[2208/2417  91.4% elapsed=30m02s eta=2m51s] id=4hop3__152056_698586_57596_54362 em=0 f1=0.00 iters=3 score=6 exit=max_iterations final=\boxed{Atlanta}
[2209/2417  91.4% elapsed=30m11s eta=2m51s] id=4hop1__58323_375563_161848_44231 em=1 f1=1.00 iters=2 score=8 exit=score_threshold final=\boxed{Michael Joseph Savage}
[2210/2417  91.4% elapsed=30m11s eta=2m50s] id=4hop1__726675_508773_85832_745702 em=1 f1=1.00 iters=2 score=8 exit=score_threshold final=\boxed{Sebastian Cabot}
[2211/2417  91.5% elapsed=30m12s eta=2m49s] id=2hop__106864_80460 em=0 f1=0.86 iters=1 score=9 exit=score_threshold final=\boxed{207.77 million}
[2212/2417  91.5% elapsed=30m12s eta=2m48s] id=2hop__71715_50429 em=0 f1=0.75 iters=1 score=9 exit=score_threshold final=\boxed{10,310,371}
[2213/2417  91.6% elapsed=30m12s eta=2m47s] id=4hop3__312119_132409_371500_35031 em=0 f1=0.00 iters=3 score=8 exit=score_threshold final=\boxed{4}
[2214/2417  91.6% elapsed=30m12s eta=2m46s] id=4hop1__58323_375563_161848_20546 em=0 f1=0.00 iters=2 score=8 exit=score_threshold final=\boxed{New Zealand}
[2215/2417  91.6% elapsed=30m12s eta=2m45s] id=2hop__130508_32379 em=1 f1=1.00 iters=1 score=8 exit=score_threshold final=\boxed{College of Charles Towne}
[2216/2417  91.7% elapsed=30m12s eta=2m44s] id=4hop3__312119_132409_223216_35031 em=0 f1=0.00 iters=2 score=8 exit=score_threshold final=\boxed{3}
[2217/2417  91.7% elapsed=30m13s eta=2m44s] id=4hop1__39871_314549_131976_44528 em=1 f1=1.00 iters=2 score=8 exit=score_threshold final=\boxed{Florida Straits}
[2218/2417  91.8% elapsed=30m14s eta=2m43s] id=4hop1__39871_314549_131976_56103 em=0 f1=0.75 iters=2 score=8 exit=score_threshold final=\boxed{summer or fall}
[2219/2417  91.8% elapsed=30m14s eta=2m42s] id=4hop1__58323_375563_161848_28750 em=0 f1=0.40 iters=2 score=8 exit=score_threshold final=\boxed{New Zealand}
[2220/2417  91.8% elapsed=30m14s eta=2m41s] id=2hop__89632_40480 em=0 f1=0.00 iters=1 score=8 exit=score_threshold final=\boxed{South Carolina}
[2221/2417  91.9% elapsed=30m14s eta=2m40s] id=4hop1__606685_508773_85832_745702 em=0 f1=0.00 iters=3 score=4 exit=max_iterations final=\boxed{Not available}
[2222/2417  91.9% elapsed=30m14s eta=2m39s] id=4hop1__58323_375563_161848_84681 em=0 f1=0.50 iters=2 score=8 exit=score_threshold final=\boxed{1642}
[2223/2417  92.0% elapsed=30m15s eta=2m38s] id=4hop3__710473_354093_254885_76356 em=1 f1=1.00 iters=1 score=8 exit=score_threshold final=\boxed{Ferdinand de Lesseps}
[2224/2417  92.0% elapsed=30m16s eta=2m38s] id=4hop1__58323_375563_161848_67585 em=0 f1=0.00 iters=3 score=5 exit=max_iterations final=\boxed{0}
[2225/2417  92.1% elapsed=30m25s eta=2m38s] id=2hop__131275_72870 em=1 f1=1.00 iters=1 score=10 exit=score_threshold final=\boxed{Hillary Clinton}
[2226/2417  92.1% elapsed=30m26s eta=2m37s] id=2hop__131455_11960 em=1 f1=1.00 iters=1 score=8 exit=score_threshold final=\boxed{JPMorgan Chase Tower}
[2227/2417  92.1% elapsed=30m26s eta=2m36s] id=2hop__146919_29244 em=0 f1=0.89 iters=1 score=8 exit=score_threshold final=\boxed{Paris-Charles de Gaulle Airport}
[2228/2417  92.2% elapsed=30m26s eta=2m35s] id=2hop__55129_80460 em=0 f1=0.86 iters=1 score=10 exit=score_threshold final=\boxed{207.77 million}
[2229/2417  92.2% elapsed=30m27s eta=2m34s] id=4hop1__370129_621192_10659_59955 em=0 f1=0.00 iters=2 score=8 exit=score_threshold final=\boxed{Belarus}
[2230/2417  92.3% elapsed=30m27s eta=2m33s] id=4hop1__512794_508773_85832_745702 em=1 f1=1.00 iters=3 score=8 exit=score_threshold final=\boxed{Sebastian Cabot}
[2231/2417  92.3% elapsed=30m27s eta=2m32s] id=4hop1__320457_508773_85832_745702 em=0 f1=0.00 iters=3 score=6 exit=max_iterations final=\boxed{Uncertain}
[2232/2417  92.3% elapsed=30m27s eta=2m31s] id=4hop1__373866_5186_10659_23296 em=0 f1=0.00 iters=3 score=6 exit=max_iterations final=\boxed{Red Army}
[2233/2417  92.4% elapsed=30m27s eta=2m31s] id=4hop1__39871_314549_131976_90181 em=0 f1=0.00 iters=3 score=6 exit=max_iterations final=\boxed{Puerto Rico Trench}
[2234/2417  92.4% elapsed=30m27s eta=2m30s] id=2hop__23297_23366 em=0 f1=0.00 iters=2 score=8 exit=score_threshold final=\boxed{Strategic security and territorial ambitions}
[2235/2417  92.5% elapsed=30m28s eta=2m29s] id=2hop__43283_86694 em=0 f1=0.00 iters=1 score=8 exit=score_threshold final=\boxed{American League}
[2236/2417  92.5% elapsed=30m28s eta=2m28s] id=2hop__81268_85407 em=1 f1=1.00 iters=1 score=8 exit=score_threshold final=\boxed{260,897}
[2237/2417  92.6% elapsed=30m28s eta=2m27s] id=4hop1__341777_508773_85832_745702 em=1 f1=1.00 iters=3 score=7 exit=max_iterations final=\boxed{Sebastian Cabot}
[2238/2417  92.6% elapsed=30m28s eta=2m26s] id=4hop1__364476_439408_131976_90181 em=1 f1=1.00 iters=3 score=6 exit=max_iterations final=\boxed{Milwaukee Deep}
[2239/2417  92.6% elapsed=30m28s eta=2m25s] id=4hop1__271272_508773_85832_745702 em=1 f1=1.00 iters=3 score=8 exit=score_threshold final=\boxed{Sebastian Cabot}
[2240/2417  92.7% elapsed=30m28s eta=2m24s] id=2hop__80375_90181 em=0 f1=0.50 iters=1 score=8 exit=score_threshold final=\boxed{Milwaukee Deep in the Puerto Rico Trench}
[2241/2417  92.7% elapsed=30m32s eta=2m24s] id=2hop__145203_34088 em=1 f1=1.00 iters=3 score=9 exit=score_threshold final=\boxed{Tucson Raceway Park}
[2242/2417  92.8% elapsed=30m39s eta=2m24s] id=2hop__80070_89752 em=1 f1=1.00 iters=1 score=8 exit=score_threshold final=\boxed{Maine}
[2243/2417  92.8% elapsed=30m40s eta=2m23s] id=2hop__129499_85379 em=1 f1=1.00 iters=1 score=10 exit=score_threshold final=\boxed{February 14, 1912}
[2244/2417  92.8% elapsed=30m40s eta=2m22s] id=2hop__40970_90367 em=0 f1=0.00 iters=3 score=8 exit=score_threshold final=\boxed{Divine intervention}
[2245/2417  92.9% elapsed=30m41s eta=2m21s] id=2hop__176_51164 em=1 f1=1.00 iters=3 score=8 exit=score_threshold final=\boxed{September 3, 1783}
[2246/2417  92.9% elapsed=30m41s eta=2m20s] id=2hop__35566_17873 em=0 f1=0.92 iters=1 score=8 exit=score_threshold final=\boxed{Buckingham Palace was seldom used, even neglected.}
[2247/2417  93.0% elapsed=30m41s eta=2m19s] id=2hop__130984_55721 em=0 f1=0.00 iters=1 score=8 exit=score_threshold final=\boxed{coastal mountains of Oregon}
[2248/2417  93.0% elapsed=30m41s eta=2m18s] id=2hop__30390_92972 em=0 f1=0.67 iters=1 score=8 exit=score_threshold final=\boxed{The European economy collapsed and much of the indust
[2249/2417  93.0% elapsed=30m42s eta=2m18s] id=4hop1__455862_508773_85832_745702 em=0 f1=0.50 iters=3 score=6 exit=max_iterations final=\boxed{John Cabot}
[2250/2417  93.1% elapsed=30m42s eta=2m17s] id=2hop__12039_11957 em=0 f1=0.00 iters=1 score=8 exit=score_threshold final=\boxed{salt dome formation}
[2251/2417  93.1% elapsed=30m42s eta=2m16s] id=2hop__34734_92852 em=0 f1=0.00 iters=1 score=8 exit=score_threshold final=\boxed{1941}
[2252/2417  93.2% elapsed=30m43s eta=2m15s] id=2hop__24441_36630 em=0 f1=0.00 iters=3 score=5 exit=max_iterations final=\boxed{London}
[2253/2417  93.2% elapsed=30m52s eta=2m15s] id=2hop__30390_36634 em=0 f1=0.00 iters=1 score=8 exit=score_threshold final=\boxed{2}
[2254/2417  93.3% elapsed=30m52s eta=2m14s] id=2hop__91248_84207 em=1 f1=1.00 iters=2 score=8 exit=score_threshold final=\boxed{Albert Henry Woolson}
[2255/2417  93.3% elapsed=30m52s eta=2m13s] id=2hop__13574_13498 em=0 f1=0.00 iters=2 score=8 exit=score_threshold final=\boxed{5}
[2256/2417  93.3% elapsed=30m53s eta=2m12s] id=2hop__15368_17873 em=0 f1=0.33 iters=3 score=8 exit=score_threshold final=\boxed{Buckingham Palace was opened to the public}
[2257/2417  93.4% elapsed=30m53s eta=2m11s] id=2hop__31995_8583 em=0 f1=0.75 iters=1 score=8 exit=score_threshold final=\boxed{Sarmatians and Goths}
[2258/2417  93.4% elapsed=30m53s eta=2m10s] id=2hop__82378_158266 em=1 f1=1.00 iters=3 score=8 exit=score_threshold final=\boxed{The Australian Ballet}
[2259/2417  93.5% elapsed=30m53s eta=2m10s] id=2hop__129721_40482 em=1 f1=1.00 iters=2 score=10 exit=score_threshold final=\boxed{Edmund Bellinger}
[2260/2417  93.5% elapsed=30m54s eta=2m09s] id=2hop__62311_62279 em=0 f1=0.00 iters=3 score=8 exit=score_threshold final=\boxed{No direct evidence of Germany launching an air attack
[2261/2417  93.5% elapsed=30m54s eta=2m08s] id=2hop__107238_64918 em=0 f1=0.50 iters=2 score=8 exit=score_threshold final=\boxed{William McKinley}
[2262/2417  93.6% elapsed=30m54s eta=2m07s] id=4hop1__483807_508773_85832_745702 em=1 f1=1.00 iters=2 score=8 exit=score_threshold final=\boxed{Sebastian Cabot}
[2263/2417  93.6% elapsed=30m54s eta=2m06s] id=2hop__158247_71142 em=0 f1=0.00 iters=3 score=4 exit=max_iterations final=\boxed{Not explicitly stated}
[2264/2417  93.7% elapsed=30m55s eta=2m05s] id=2hop__56270_68396 em=0 f1=0.40 iters=3 score=8 exit=score_threshold final=\boxed{12%}
[2265/2417  93.7% elapsed=30m55s eta=2m04s] id=2hop__9512_36630 em=0 f1=0.00 iters=3 score=8 exit=score_threshold final=\boxed{Austria, Switzerland}
[2266/2417  93.8% elapsed=30m55s eta=2m04s] id=2hop__103889_86452 em=1 f1=1.00 iters=1 score=8 exit=score_threshold final=\boxed{1989}
[2267/2417  93.8% elapsed=30m55s eta=2m03s] id=2hop__160092_80144 em=0 f1=0.00 iters=3 score=5 exit=max_iterations final=\boxed{Erich Honecker}
[2268/2417  93.8% elapsed=30m56s eta=2m02s] id=2hop__68981_39234 em=0 f1=0.50 iters=3 score=5 exit=max_iterations final=\boxed{Arab Empire}
[2269/2417  93.9% elapsed=31m06s eta=2m02s] id=2hop__145220_58439 em=1 f1=1.00 iters=2 score=9 exit=score_threshold final=\boxed{Île de la Cité}
[2270/2417  93.9% elapsed=31m06s eta=2m01s] id=2hop__15650_77173 em=1 f1=1.00 iters=1 score=8 exit=score_threshold final=\boxed{Oklahoma}
[2271/2417  94.0% elapsed=31m06s eta=2m00s] id=2hop__130404_59180 em=0 f1=0.00 iters=3 score=4 exit=max_iterations final=\boxed{Unknown}
[2272/2417  94.0% elapsed=31m06s eta=1m59s] id=2hop__29191_80144 em=1 f1=1.00 iters=1 score=8 exit=score_threshold final=\boxed{Lech Wałęsa}
[2273/2417  94.0% elapsed=31m07s eta=1m58s] id=2hop__130867_54221 em=1 f1=1.00 iters=1 score=8 exit=score_threshold final=\boxed{5am}
[2274/2417  94.1% elapsed=31m07s eta=1m57s] id=2hop__9285_42311 em=1 f1=1.00 iters=2 score=8 exit=score_threshold final=\boxed{Medical University of Warsaw}
[2275/2417  94.1% elapsed=31m07s eta=1m57s] id=2hop__131061_54221 em=0 f1=0.00 iters=1 score=8 exit=score_threshold final=\boxed{21}
[2276/2417  94.2% elapsed=31m07s eta=1m56s] id=2hop__33288_157788 em=0 f1=0.50 iters=3 score=5 exit=max_iterations final=\boxed{Suin Line}
[2277/2417  94.2% elapsed=31m07s eta=1m55s] id=2hop__161507_77849 em=1 f1=1.00 iters=3 score=6 exit=max_iterations final=\boxed{Mian Saqib Nisar}
[2278/2417  94.2% elapsed=31m08s eta=1m54s] id=2hop__77233_33207 em=0 f1=0.00 iters=3 score=6 exit=max_iterations final=\boxed{Queen Victoria}
[2279/2417  94.3% elapsed=31m08s eta=1m53s] id=2hop__19007_60935 em=0 f1=0.00 iters=3 score=6 exit=max_iterations final=\boxed{Unknown}
[2280/2417  94.3% elapsed=31m08s eta=1m52s] id=2hop__17854_17873 em=0 f1=0.37 iters=1 score=8 exit=score_threshold final=\boxed{It was largely neglected and not used for many years.
[2281/2417  94.4% elapsed=31m08s eta=1m51s] id=2hop__1845_38366 em=1 f1=1.00 iters=1 score=8 exit=score_threshold final=\boxed{1,438,159}
[2282/2417  94.4% elapsed=31m08s eta=1m51s] id=2hop__147171_27537 em=0 f1=0.00 iters=3 score=4 exit=max_iterations final=\boxed{Venice}
[2283/2417  94.5% elapsed=31m20s eta=1m50s] id=2hop__29191_59955 em=0 f1=0.00 iters=3 score=8 exit=score_threshold final=\boxed{No country is explicitly stated to be between Lithuan
[2284/2417  94.5% elapsed=31m21s eta=1m50s] id=2hop__145282_21711 em=1 f1=1.00 iters=3 score=8 exit=score_threshold final=\boxed{15th century}
[2285/2417  94.5% elapsed=31m21s eta=1m49s] id=2hop__153009_44880 em=1 f1=1.00 iters=1 score=8 exit=score_threshold final=\boxed{Lance Bottoms}
[2286/2417  94.6% elapsed=31m21s eta=1m48s] id=2hop__7855_7794 em=0 f1=0.00 iters=2 score=8 exit=score_threshold final=\boxed{3,718}
[2287/2417  94.6% elapsed=31m21s eta=1m47s] id=2hop__15416_58040 em=1 f1=1.00 iters=2 score=8 exit=score_threshold final=\boxed{Fort Davis}
[2288/2417  94.7% elapsed=31m21s eta=1m46s] id=3hop1__131820_59747_43101 em=1 f1=1.00 iters=1 score=10 exit=score_threshold final=\boxed{October 7, 2008}
[2289/2417  94.7% elapsed=31m22s eta=1m45s] id=2hop__128945_47686 em=1 f1=1.00 iters=1 score=8 exit=score_threshold final=\boxed{Toronto Coach Terminal}
[2290/2417  94.7% elapsed=31m22s eta=1m44s] id=2hop__53433_59035 em=1 f1=1.00 iters=3 score=5 exit=max_iterations final=\boxed{6 February 1840}
[2291/2417  94.8% elapsed=31m22s eta=1m43s] id=2hop__13539_13493 em=0 f1=0.00 iters=3 score=8 exit=score_threshold final=\boxed{3–0}
[2292/2417  94.8% elapsed=31m22s eta=1m43s] id=2hop__17192_77606 em=0 f1=0.38 iters=2 score=8 exit=score_threshold final=\boxed{Control of key mountain passes and strategic early wa
[2293/2417  94.9% elapsed=31m22s eta=1m42s] id=3hop1__131102_39743_24526 em=1 f1=1.00 iters=1 score=8 exit=score_threshold final=\boxed{upper 40s–lower 50s °F}
[2294/2417  94.9% elapsed=31m22s eta=1m41s] id=2hop__46862_68042 em=0 f1=0.00 iters=3 score=6 exit=max_iterations final=\boxed{1865}
[2295/2417  95.0% elapsed=31m23s eta=1m40s] id=2hop__51881_20590 em=0 f1=0.00 iters=3 score=6 exit=max_iterations final=\boxed{1907}
[2296/2417  95.0% elapsed=31m23s eta=1m39s] id=2hop__29339_40482 em=0 f1=0.00 iters=3 score=8 exit=score_threshold final=\boxed{colonial authorities in South Carolina}
[2297/2417  95.0% elapsed=31m23s eta=1m38s] id=2hop__228_90265 em=0 f1=0.00 iters=1 score=8 exit=score_threshold final=\boxed{Michael Jackson}
[2298/2417  95.1% elapsed=31m24s eta=1m38s] id=3hop2__9988_73205_70784 em=0 f1=0.00 iters=1 score=8 exit=score_threshold final=\boxed{Middle East and Red Sea}
[2299/2417  95.1% elapsed=31m25s eta=1m37s] id=2hop__38229_84500 em=1 f1=1.00 iters=3 score=8 exit=score_threshold final=\boxed{NATO}
[2300/2417  95.2% elapsed=31m29s eta=1m36s] id=2hop__159737_27110 em=0 f1=0.00 iters=3 score=6 exit=max_iterations final=\boxed{9,000 years ago and 1948}
[2301/2417  95.2% elapsed=31m32s eta=1m35s] id=2hop__32541_85460 em=1 f1=1.00 iters=3 score=6 exit=max_iterations final=\boxed{59,039}
[2302/2417  95.2% elapsed=31m34s eta=1m35s] id=3hop2__69814_76873_64554 em=1 f1=1.00 iters=2 score=8 exit=score_threshold final=\boxed{Soviet Union}
[2303/2417  95.3% elapsed=31m35s eta=1m34s] id=3hop1__146155_131905_41948 em=0 f1=0.00 iters=2 score=8 exit=score_threshold final=\boxed{Sea levels}
[2304/2417  95.3% elapsed=31m35s eta=1m33s] id=2hop__85753_64503 em=0 f1=0.20 iters=3 score=6 exit=max_iterations final=\boxed{one story beneath the streets}
[2305/2417  95.4% elapsed=31m36s eta=1m32s] id=3hop1__68802_89752_49923 em=0 f1=0.00 iters=1 score=9 exit=score_threshold final=\boxed{16}
[2306/2417  95.4% elapsed=31m36s eta=1m31s] id=3hop1__19768_19788_19761 em=1 f1=1.00 iters=2 score=8 exit=score_threshold final=\boxed{Sufi missionaries}
[2307/2417  95.4% elapsed=31m37s eta=1m30s] id=3hop1__145427_106426_77199 em=1 f1=1.00 iters=1 score=8 exit=score_threshold final=\boxed{December 8, 1941}
[2308/2417  95.5% elapsed=31m37s eta=1m30s] id=3hop1__139773_88110_21193 em=1 f1=1.00 iters=1 score=8 exit=score_threshold final=\boxed{LZX}
[2309/2417  95.5% elapsed=31m37s eta=1m29s] id=2hop__15258_54866 em=1 f1=1.00 iters=3 score=4 exit=max_iterations final=\boxed{Jodie Comer}
[2310/2417  95.6% elapsed=31m38s eta=1m28s] id=2hop__145082_35034 em=0 f1=0.78 iters=3 score=6 exit=max_iterations final=\boxed{3,771.9 people per square mile}
[2311/2417  95.6% elapsed=31m38s eta=1m27s] id=2hop__67057_52871 em=0 f1=0.00 iters=3 score=5 exit=max_iterations final=\boxed{September 8, 1951}
[2312/2417  95.7% elapsed=31m50s eta=1m27s] id=2hop__137061_45752 em=0 f1=0.00 iters=3 score=5 exit=max_iterations final=\boxed{The Oregon Duck}
[2313/2417  95.7% elapsed=31m50s eta=1m26s] id=3hop1__68802_89752_75165 em=1 f1=1.00 iters=1 score=8 exit=score_threshold final=\boxed{1,335,907}
[2314/2417  95.7% elapsed=31m50s eta=1m25s] id=3hop1__128554_39743_24526 em=1 f1=1.00 iters=2 score=8 exit=score_threshold final=\boxed{upper 40s–lower 50s °F}
[2315/2417  95.8% elapsed=31m51s eta=1m24s] id=3hop2__6989_37759_74563 em=0 f1=0.00 iters=2 score=9 exit=score_threshold final=\boxed{1628}
[2316/2417  95.8% elapsed=31m51s eta=1m23s] id=3hop1__23058_20608_36327 em=0 f1=0.00 iters=2 score=8 exit=score_threshold final=\boxed{Namibia}
[2317/2417  95.9% elapsed=31m51s eta=1m22s] id=3hop2__57238_1926_54362 em=0 f1=0.83 iters=2 score=8 exit=score_threshold final=\boxed{Confederate forces under Gen. John Bell Hood}
[2318/2417  95.9% elapsed=31m51s eta=1m22s] id=3hop1__160324_131905_41948 em=1 f1=1.00 iters=3 score=8 exit=score_threshold final=\boxed{English Channel}
[2319/2417  95.9% elapsed=31m51s eta=1m21s] id=3hop1__68732_39743_24526 em=1 f1=1.00 iters=1 score=8 exit=score_threshold final=\boxed{upper 40s–lower 50s °F}
[2320/2417  96.0% elapsed=31m51s eta=1m20s] id=3hop1__157807_19788_15107 em=1 f1=1.00 iters=1 score=8 exit=score_threshold final=\boxed{48%}
[2321/2417  96.0% elapsed=31m51s eta=1m19s] id=3hop1__127821_157828_162309 em=0 f1=0.00 iters=2 score=8 exit=score_threshold final=\boxed{1912}
[2322/2417  96.1% elapsed=31m51s eta=1m18s] id=3hop2__28476_14777_9331 em=0 f1=0.00 iters=2 score=8 exit=score_threshold final=\boxed{Russian Empire}
[2323/2417  96.1% elapsed=31m53s eta=1m17s] id=3hop1__68981_91191_16530 em=1 f1=1.00 iters=3 score=5 exit=max_iterations final=\boxed{Abu Musa Ashaari}
[2324/2417  96.2% elapsed=31m53s eta=1m17s] id=3hop1__158139_19788_15107 em=0 f1=0.00 iters=3 score=5 exit=max_iterations final=\boxed{50%}
[2325/2417  96.2% elapsed=31m54s eta=1m16s] id=3hop1__106042_64399_59680 em=0 f1=0.00 iters=3 score=6 exit=max_iterations final=\boxed{14}
[2326/2417  96.2% elapsed=32m05s eta=1m15s] id=3hop2__76873_69814_64554 em=1 f1=1.00 iters=1 score=8 exit=score_threshold final=\boxed{Soviet Union}
[2327/2417  96.3% elapsed=32m06s eta=1m14s] id=3hop1__68981_91191_156667 em=0 f1=0.00 iters=3 score=5 exit=max_iterations final=\boxed{Not enough information}
[2328/2417  96.3% elapsed=32m06s eta=1m14s] id=3hop1__30390_36635_87083 em=0 f1=0.17 iters=3 score=8 exit=score_threshold final=\boxed{United States, United Kingdom, France, Russia, and Ch
[2329/2417  96.4% elapsed=32m06s eta=1m13s] id=3hop2__14253_76873_64554 em=1 f1=1.00 iters=1 score=8 exit=score_threshold final=\boxed{Soviet Union}
[2330/2417  96.4% elapsed=32m06s eta=1m12s] id=3hop1__103890_10659_23296 em=0 f1=0.00 iters=1 score=8 exit=score_threshold final=\boxed{Poland}
[2331/2417  96.4% elapsed=32m07s eta=1m11s] id=3hop2__43283_12039_93690 em=0 f1=0.00 iters=1 score=8 exit=score_threshold final=\boxed{2018}
[2332/2417  96.5% elapsed=32m07s eta=1m10s] id=3hop1__103890_10659_83548 em=0 f1=0.00 iters=3 score=5 exit=max_iterations final=\boxed{János Kádár}
[2333/2417  96.5% elapsed=32m07s eta=1m09s] id=3hop2__49541_140712_51068 em=1 f1=1.00 iters=3 score=5 exit=max_iterations final=\boxed{Jenna Coleman}
[2334/2417  96.6% elapsed=32m07s eta=1m09s] id=3hop2__20335_8533_9331 em=0 f1=0.00 iters=2 score=8 exit=score_threshold final=\boxed{Russian Empire}
[2335/2417  96.6% elapsed=32m08s eta=1m08s] id=3hop2__11282_57233_56883 em=1 f1=1.00 iters=2 score=8 exit=score_threshold final=\boxed{1964}
[2336/2417  96.6% elapsed=32m08s eta=1m07s] id=3hop2__43892_23308_28343 em=0 f1=0.00 iters=2 score=8 exit=score_threshold final=\boxed{1956}
[2337/2417  96.7% elapsed=32m08s eta=1m06s] id=3hop1__104762_24918_24991 em=0 f1=0.31 iters=1 score=8 exit=score_threshold final=\boxed{The Russian tricolor was raised in the Kremlin, symbo
[2338/2417  96.7% elapsed=32m08s eta=1m05s] id=3hop2__101905_30152_20999 em=0 f1=0.00 iters=3 score=5 exit=max_iterations final=\boxed{No direct connection}
[2339/2417  96.8% elapsed=32m09s eta=1m04s] id=3hop1__145924_131905_41948 em=0 f1=0.00 iters=3 score=8 exit=score_threshold final=\boxed{the Rhine}
[2340/2417  96.8% elapsed=32m10s eta=1m04s] id=3hop2__30956_65244_84681 em=0 f1=0.50 iters=3 score=7 exit=max_iterations final=\boxed{1642}
[2341/2417  96.9% elapsed=32m10s eta=1m03s] id=3hop1__64694_34179_23375 em=0 f1=0.00 iters=3 score=6 exit=max_iterations final=\boxed{1939}
[2342/2417  96.9% elapsed=32m15s eta=1m02s] id=4hop1__131113_59747_211319_557671 em=0 f1=0.40 iters=3 score=6 exit=max_iterations final=\boxed{DeKalb County}
[2343/2417  96.9% elapsed=32m15s eta=1m01s] id=3hop2__49541_121067_51068 em=0 f1=0.00 iters=3 score=6 exit=max_iterations final=\boxed{PBS}
[2344/2417  97.0% elapsed=32m16s eta=1m00s] id=3hop1__129499_33897_81096 em=1 f1=1.00 iters=2 score=8 exit=score_threshold final=\boxed{Mario Andretti}
[2345/2417  97.0% elapsed=32m16s eta=59.4s] id=3hop2__104979_23308_28343 em=0 f1=0.67 iters=2 score=9 exit=score_threshold final=\boxed{1989}
[2346/2417  97.1% elapsed=32m16s eta=58.6s] id=3hop2__106842_30645_84681 em=0 f1=0.00 iters=2 score=8 exit=score_threshold final=\boxed{early 17th century}
[2347/2417  97.1% elapsed=32m18s eta=57.8s] id=3hop2__140194_16797_51068 em=0 f1=0.00 iters=3 score=5 exit=max_iterations final=\boxed{Sally Struthers}
[2348/2417  97.1% elapsed=32m18s eta=57.0s] id=3hop1__49236_89752_49923 em=0 f1=0.00 iters=3 score=8 exit=score_threshold final=\boxed{16}
[2349/2417  97.2% elapsed=32m18s eta=56.1s] id=3hop2__140194_49541_51068 em=0 f1=0.00 iters=3 score=4 exit=max_iterations final=\boxed{No clear answer}
[2350/2417  97.2% elapsed=32m18s eta=55.3s] id=3hop1__9285_5188_23307 em=0 f1=0.67 iters=3 score=6 exit=max_iterations final=\boxed{June}
[2351/2417  97.3% elapsed=32m20s eta=54.5s] id=3hop2__20335_82856_9331 em=0 f1=0.75 iters=3 score=4 exit=max_iterations final=\boxed{March Constitution of 1921}
[2352/2417  97.3% elapsed=32m20s eta=53.6s] id=3hop1__49236_89752_54221 em=1 f1=1.00 iters=1 score=8 exit=score_threshold final=\boxed{5am}
[2353/2417  97.4% elapsed=32m21s eta=52.8s] id=3hop1__131829_39743_24526 em=1 f1=1.00 iters=1 score=9 exit=score_threshold final=\boxed{upper 40s–lower 50s °F}
[2354/2417  97.4% elapsed=32m22s eta=52.0s] id=3hop1__131110_39743_24526 em=1 f1=1.00 iters=1 score=8 exit=score_threshold final=\boxed{upper 40s–lower 50s °F}
[2355/2417  97.4% elapsed=32m23s eta=51.2s] id=3hop1__103751_24918_24991 em=0 f1=0.24 iters=1 score=8 exit=score_threshold final=\boxed{The Soviet flag was lowered for the last time, and th
[2356/2417  97.5% elapsed=32m24s eta=50.3s] id=3hop1__17192_78396_157843 em=0 f1=0.00 iters=1 score=8 exit=score_threshold final=\boxed{1852}
[2357/2417  97.5% elapsed=32m25s eta=49.5s] id=3hop1__19768_19788_15107 em=0 f1=0.00 iters=1 score=8 exit=score_threshold final=\boxed{50%}
[2358/2417  97.6% elapsed=32m25s eta=48.7s] id=3hop1__77966_91191_156667 em=0 f1=0.00 iters=3 score=4 exit=max_iterations final=\boxed{Not explicitly stated}
[2359/2417  97.6% elapsed=32m25s eta=47.8s] id=3hop1__31995_24918_24939 em=0 f1=0.67 iters=3 score=6 exit=max_iterations final=\boxed{Pope John Paul II and Soviet President Gorbachev}
[2360/2417  97.6% elapsed=32m25s eta=47.0s] id=3hop1__159728_91191_156667 em=1 f1=1.00 iters=3 score=6 exit=max_iterations final=\boxed{Fatimah}
[2361/2417  97.7% elapsed=32m31s eta=46.3s] id=3hop1__145427_106426_157788 em=0 f1=0.00 iters=3 score=4 exit=max_iterations final=\boxed{Japan}
[2362/2417  97.7% elapsed=32m33s eta=45.5s] id=3hop1__131820_59747_90139 em=0 f1=0.00 iters=3 score=6 exit=max_iterations final=\boxed{Kroy Biermann}
[2363/2417  97.8% elapsed=32m34s eta=44.7s] id=3hop2__25177_19506_23299 em=0 f1=0.00 iters=1 score=8 exit=score_threshold final=\boxed{Poland}
[2364/2417  97.8% elapsed=32m35s eta=43.8s] id=3hop1__106042_64399_52278 em=0 f1=0.40 iters=1 score=8 exit=score_threshold final=\boxed{Byzantine Empire}
[2365/2417  97.8% elapsed=32m35s eta=43.0s] id=3hop1__119402_102039_158266 em=1 f1=1.00 iters=2 score=8 exit=score_threshold final=\boxed{The Australian Ballet}
[2366/2417  97.9% elapsed=32m35s eta=42.1s] id=3hop1__129675_39743_24526 em=1 f1=1.00 iters=1 score=8 exit=score_threshold final=\boxed{upper 40s–lower 50s °F}
[2367/2417  97.9% elapsed=32m35s eta=41.3s] id=3hop1__147225_30587_83479 em=0 f1=0.09 iters=1 score=8 exit=score_threshold final=\boxed{block Allied supply routes and weaken Britain's war e
[2368/2417  98.0% elapsed=32m35s eta=40.5s] id=3hop2__30152_101802_20999 em=0 f1=0.33 iters=2 score=8 exit=score_threshold final=\boxed{Portuguese}
[2369/2417  98.0% elapsed=32m35s eta=39.6s] id=3hop1__19768_19788_10117 em=0 f1=0.86 iters=2 score=8 exit=score_threshold final=\boxed{1,400 years ago}
[2370/2417  98.1% elapsed=32m36s eta=38.8s] id=3hop1__161433_33952_33939 em=1 f1=1.00 iters=1 score=8 exit=score_threshold final=\boxed{7,531}
[2371/2417  98.1% elapsed=32m36s eta=38.0s] id=3hop1__92251_34179_23375 em=0 f1=0.00 iters=2 score=8 exit=score_threshold final=\boxed{1939}
[2372/2417  98.1% elapsed=32m37s eta=37.1s] id=3hop1__136852_30587_83479 em=0 f1=0.52 iters=1 score=8 exit=score_threshold final=\boxed{To disrupt Allied shipping and prevent the flow of su
[2373/2417  98.2% elapsed=32m38s eta=36.3s] id=3hop2__57233_105140_56883 em=1 f1=1.00 iters=1 score=8 exit=score_threshold final=\boxed{1964}
[2374/2417  98.2% elapsed=32m39s eta=35.5s] id=3hop2__9951_20335_9331 em=0 f1=0.57 iters=3 score=6 exit=max_iterations final=\boxed{Partitions of Poland}
[2375/2417  98.3% elapsed=32m39s eta=34.6s] id=3hop2__57233_106716_56883 em=1 f1=1.00 iters=1 score=8 exit=score_threshold final=\boxed{1964}
[2376/2417  98.3% elapsed=32m40s eta=33.8s] id=3hop1__106845_5188_86687 em=1 f1=1.00 iters=1 score=8 exit=score_threshold final=\boxed{1990}
[2377/2417  98.3% elapsed=32m40s eta=33.0s] id=3hop2__67618_30587_44003 em=0 f1=0.80 iters=1 score=8 exit=score_threshold final=\boxed{Florida Straits}
[2378/2417  98.4% elapsed=32m45s eta=32.2s] id=3hop1__131820_59747_60748 em=1 f1=1.00 iters=1 score=8 exit=score_threshold final=\boxed{July 22, 1864}
[2379/2417  98.4% elapsed=32m49s eta=31.5s] id=3hop1__131820_59747_48534 em=0 f1=0.60 iters=1 score=9 exit=score_threshold final=\boxed{Lemuel P. Grant}
[2380/2417  98.5% elapsed=32m49s eta=30.6s] id=3hop1__159803_89752_75165 em=1 f1=1.00 iters=1 score=8 exit=score_threshold final=\boxed{1,335,907}
[2381/2417  98.5% elapsed=32m50s eta=29.8s] id=3hop2__57233_11282_56883 em=1 f1=1.00 iters=2 score=8 exit=score_threshold final=\boxed{1964}
[2382/2417  98.6% elapsed=32m50s eta=28.9s] id=3hop2__14777_8533_9331 em=0 f1=0.15 iters=2 score=8 exit=score_threshold final=\boxed{Russian Empire, King Wilhelm I of Prussia, Habsburg M
[2383/2417  98.6% elapsed=32m50s eta=28.1s] id=3hop1__139773_88110_77129 em=0 f1=0.33 iters=2 score=8 exit=score_threshold final=\boxed{Windows Server 2008 R2}
[2384/2417  98.6% elapsed=32m51s eta=27.3s] id=3hop1__106042_64399_62676 em=0 f1=0.80 iters=1 score=8 exit=score_threshold final=\boxed{1000 BCE}
[2385/2417  98.7% elapsed=32m51s eta=26.4s] id=3hop1__102461_24918_24991 em=0 f1=0.67 iters=2 score=8 exit=score_threshold final=\boxed{The dissolution of the Soviet Union}
[2386/2417  98.7% elapsed=32m51s eta=25.6s] id=3hop2__49541_140875_51068 em=1 f1=1.00 iters=3 score=4 exit=max_iterations final=\boxed{Jenna Coleman}
[2387/2417  98.8% elapsed=32m52s eta=24.8s] id=3hop1__8148_24918_24939 em=1 f1=1.00 iters=3 score=6 exit=max_iterations final=\boxed{Pope John Paul II}
[2388/2417  98.8% elapsed=32m52s eta=23.9s] id=3hop1__9285_5188_86687 em=1 f1=1.00 iters=1 score=8 exit=score_threshold final=\boxed{1990}
[2389/2417  98.8% elapsed=32m52s eta=23.1s] id=3hop1__106042_64399_53006 em=1 f1=1.00 iters=3 score=5 exit=max_iterations final=\boxed{Al-Aqsa Mosque}
[2390/2417  98.9% elapsed=32m52s eta=22.3s] id=3hop1__128865_30587_83479 em=0 f1=0.42 iters=3 score=8 exit=score_threshold final=\boxed{To disrupt Allied supply lines and prevent the flow o
[2391/2417  98.9% elapsed=32m52s eta=21.4s] id=3hop2__145209_20335_9331 em=0 f1=0.00 iters=3 score=5 exit=max_iterations final=\boxed{Russian Empire}
[2392/2417  99.0% elapsed=32m52s eta=20.6s] id=3hop1__5544_34179_23375 em=1 f1=1.00 iters=3 score=8 exit=score_threshold final=\boxed{1948}
[2393/2417  99.0% elapsed=32m54s eta=19.8s] id=3hop1__9285_5188_63702 em=0 f1=0.00 iters=3 score=6 exit=max_iterations final=\boxed{1991}
[2394/2417  99.0% elapsed=33m01s eta=19.0s] id=3hop2__131820_132454_61019 em=0 f1=0.00 iters=2 score=9 exit=score_threshold final=\boxed{Augusta}
[2395/2417  99.1% elapsed=33m01s eta=18.2s] id=3hop1__103890_10659_67187 em=1 f1=1.00 iters=2 score=8 exit=score_threshold final=\boxed{Gabriel Narutowicz}
[2396/2417  99.1% elapsed=33m01s eta=17.4s] id=3hop1__9285_5188_6375 em=1 f1=1.00 iters=2 score=8 exit=score_threshold final=\boxed{Gherman Titov}
[2397/2417  99.2% elapsed=33m02s eta=16.5s] id=3hop2__103889_30152_20999 em=0 f1=0.00 iters=3 score=5 exit=max_iterations final=\boxed{Myanmar}
[2398/2417  99.2% elapsed=33m02s eta=15.7s] id=3hop1__17192_78396_54865 em=1 f1=1.00 iters=3 score=6 exit=max_iterations final=\boxed{1776}
[2399/2417  99.3% elapsed=33m02s eta=14.9s] id=3hop1__49610_89752_75165 em=0 f1=0.00 iters=3 score=6 exit=max_iterations final=\boxed{California}
[2400/2417  99.3% elapsed=33m02s eta=14.0s] id=3hop1__159802_39743_24526 em=0 f1=0.77 iters=2 score=8 exit=score_threshold final=\boxed{upper 40s–lower 50s °F (8–12 °C)}
[2401/2417  99.3% elapsed=33m02s eta=13.2s] id=3hop1__158848_66089_86107 em=1 f1=1.00 iters=3 score=6 exit=max_iterations final=\boxed{Adulis}
[2402/2417  99.4% elapsed=33m02s eta=12.4s] id=3hop1__128516_30587_83479 em=0 f1=0.31 iters=1 score=8 exit=score_threshold final=\boxed{To disrupt Allied supply lines to Britain by sinking 
[2403/2417  99.4% elapsed=33m08s eta=11.6s] id=3hop1__6362_14336_21111 em=0 f1=0.00 iters=3 score=4 exit=max_iterations final=\boxed{Not specified in the provided paragraphs}
[2404/2417  99.5% elapsed=33m09s eta=10.8s] id=3hop2__159979_30587_44003 em=0 f1=0.80 iters=3 score=8 exit=score_threshold final=\boxed{Florida Straits}
[2405/2417  99.5% elapsed=33m09s eta=9.9s] id=3hop1__161433_33952_34099 em=0 f1=0.00 iters=2 score=8 exit=score_threshold final=\boxed{4 years}
[2406/2417  99.5% elapsed=33m10s eta=9.1s] id=3hop1__147135_159767_81096 em=0 f1=0.00 iters=3 score=6 exit=max_iterations final=\boxed{Not specified}
[2407/2417  99.6% elapsed=33m10s eta=8.3s] id=3hop2__30152_105895_20999 em=0 f1=0.00 iters=3 score=6 exit=max_iterations final=\boxed{Ogaden War}
[2408/2417  99.6% elapsed=33m10s eta=7.4s] id=3hop2__30152_107291_20999 em=0 f1=0.33 iters=2 score=8 exit=score_threshold final=\boxed{Portuguese}
[2409/2417  99.7% elapsed=33m10s eta=6.6s] id=3hop2__158279_71753_70784 em=0 f1=0.00 iters=3 score=6 exit=max_iterations final=\boxed{Palestinian territories}
[2410/2417  99.7% elapsed=33m10s eta=5.8s] id=3hop2__79512_16214_84681 em=0 f1=0.00 iters=3 score=5 exit=max_iterations final=\boxed{Late 18th century}
[2411/2417  99.8% elapsed=33m11s eta=5.0s] id=3hop1__17192_78396_42428 em=0 f1=0.46 iters=3 score=6 exit=max_iterations final=\boxed{Governor Vaudreuil requested that French residents wh
[2412/2417  99.8% elapsed=33m12s eta=4.1s] id=3hop2__103871_20335_9331 em=0 f1=0.57 iters=3 score=6 exit=max_iterations final=\boxed{Partitions of Poland}
[2413/2417  99.8% elapsed=33m16s eta=3.3s] id=3hop1__41865_55331_34700 em=0 f1=0.00 iters=3 score=8 exit=score_threshold final=\boxed{France}
[2414/2417  99.9% elapsed=33m16s eta=2.5s] id=3hop1__139787_88110_77129 em=0 f1=0.40 iters=3 score=8 exit=score_threshold final=\boxed{Windows Server 2012}
[2415/2417  99.9% elapsed=33m17s eta=1.7s] id=3hop2__30152_105395_20999 em=0 f1=0.20 iters=3 score=6 exit=max_iterations final=\boxed{expelled by the Restored Toungoo Dynasty}
[2416/2417 100.0% elapsed=33m17s eta=0.8s] id=3hop2__101809_30152_20999 em=0 f1=0.00 iters=3 score=5 exit=max_iterations final=\boxed{Myanmar}
[2417/2417 100.0% elapsed=33m17s eta=0.0s] id=3hop1__147162_131905_41948 em=0 f1=0.00 iters=3 score=6 exit=max_iterations final=\boxed{North Sea}

Done.
  accuracy_em: 0.420
  avg_f1:      0.529
  exit_reason[score_threshold]: 1829/2417
  exit_reason[max_iterations]: 588/2417
  recruit_retried: 1/2417
  recruit_failed:  0/2417
  avg_iterations:  1.90
  output: /data/wangyuheng/jca/logs/baseline_queue/rq030_051_0911_1352/051_musique_agentverse_repeat4/runs/run_01_20260911_215151/results.jsonl
  total_time: 33m17s

---------------- Completed ----------------
time: 2026-09-11 22:26:08 CST
Summary written to /data/wangyuheng/jca/logs/baseline_queue/rq030_051_0911_1352/051_musique_agentverse_repeat4/runs/run_01_20260911_215151/summary.txt
Stopping vLLM server process groups: 2400874 2400877 2400881 2400884

---------------- nvidia-smi after cleanup ----------------
Fri Sep 11 22:26:13 2026       
+-----------------------------------------------------------------------------------------+
| NVIDIA-SMI 580.105.08             Driver Version: 580.105.08     CUDA Version: 13.0     |
+-----------------------------------------+------------------------+----------------------+
| GPU  Name                 Persistence-M | Bus-Id          Disp.A | Volatile Uncorr. ECC |
| Fan  Temp   Perf          Pwr:Usage/Cap |           Memory-Usage | GPU-Util  Compute M. |
|                                         |                        |               MIG M. |
|=========================================+========================+======================|
|   0  NVIDIA A800-SXM4-80GB          On  |   00000000:10:00.0 Off |                    0 |
| N/A   31C    P0             78W /  400W |       0MiB /  81920MiB |      0%      Default |
|                                         |                        |             Disabled |
+-----------------------------------------+------------------------+----------------------+
|   1  NVIDIA A800-SXM4-80GB          On  |   00000000:16:00.0 Off |                    0 |
| N/A   28C    P0             80W /  400W |       0MiB /  81920MiB |      0%      Default |
|                                         |                        |             Disabled |
+-----------------------------------------+------------------------+----------------------+
|   2  NVIDIA A800-SXM4-80GB          On  |   00000000:49:00.0 Off |                    0 |
| N/A   29C    P0             77W /  400W |       0MiB /  81920MiB |      0%      Default |
|                                         |                        |             Disabled |
+-----------------------------------------+------------------------+----------------------+
|   3  NVIDIA A800-SXM4-80GB          On  |   00000000:4D:00.0 Off |                    0 |
| N/A   31C    P0             82W /  400W |       0MiB /  81920MiB |      0%      Default |
|                                         |                        |             Disabled |
+-----------------------------------------+------------------------+----------------------+
|   4  NVIDIA A800-SXM4-80GB          On  |   00000000:8A:00.0 Off |                    0 |
| N/A   33C    P0             77W /  400W |       0MiB /  81920MiB |      0%      Default |
|                                         |                        |             Disabled |
+-----------------------------------------+------------------------+----------------------+
|   5  NVIDIA A800-SXM4-80GB          On  |   00000000:8F:00.0 Off |                    0 |
| N/A   32C    P0             81W /  400W |       0MiB /  81920MiB |      0%      Default |
|                                         |                        |             Disabled |
+-----------------------------------------+------------------------+----------------------+
|   6  NVIDIA A800-SXM4-80GB          On  |   00000000:C6:00.0 Off |                    0 |
| N/A   33C    P0             80W /  400W |       0MiB /  81920MiB |      0%      Default |
|                                         |                        |             Disabled |
+-----------------------------------------+------------------------+----------------------+
|   7  NVIDIA A800-SXM4-80GB          On  |   00000000:CA:00.0 Off |                    0 |
| N/A   37C    P0             81W /  400W |       0MiB /  81920MiB |     64%      Default |
|                                         |                        |             Disabled |
+-----------------------------------------+------------------------+----------------------+

+-----------------------------------------------------------------------------------------+
| Processes:                                                                              |
|  GPU   GI   CI              PID   Type   Process name                        GPU Memory |
|        ID   ID                                                               Usage      |
|=========================================================================================|
|  No running processes found                                                             |
+-----------------------------------------------------------------------------------------+
