================================================================
JCA SFT launcher
================================================================
PROJ_ROOT     = /data/wangyuheng
TRAJ_FILE     = <prebuilt>
TAG           = 0706v2
PREBUILT_DATA = /data/wangyuheng/jca/sft_data/v2
SFT_DATA_DIR  = /data/wangyuheng/jca/sft_data/v2
SFT_RUNS_DIR  = jca/sft_runs/0706v2
AGENTS        = A1 A2 A3
MODEL_A1      = /data/wangyuheng/models/Qwen3-1.7B
MODEL_A2      = /data/wangyuheng/models/Qwen3-4B
MODEL_A3      = /data/wangyuheng/models/Qwen3-8B
NUM_GPUS      = 8
MIXED_PREC    = bf16
NUM_EPOCHS    = 5
LR            = 2e-5
PER_DEV_BATCH = 4
GRAD_ACCUM    = 4
MAX_SEQ       = 10000
LORA_RANK     = 64
LORA_ALPHA    = 64
LORA_DROPOUT  = 0.05
LOAD_BEST     = 0
EVAL_FRACTION = 0.1
REPORT_TO     = tensorboard
EARLY_STOP    = 3
DL_WORKERS    = 0
================================================================

[preflight] Checking Python dependencies...
[preflight] OK: torch, transformers, accelerate, datasets, peft, tensorboard

[phase 1] Using prebuilt SFT data, skipping data build.
{
  "positive": 2689,
  "negative": 632,
  "total": 3321,
  "action_breakdown": {
    "confirm_stop": 1259,
    "handoff": 2060
  },
  "type_breakdown": {
    "positive": 2460,
    "negative_verifier": 632,
    "multiturn_confirm": 229
  }
}
================================================================
[phase 2] Training A1 — 3813 examples
  data: /data/wangyuheng/jca/sft_data/v2/all_agents.jsonl
  base: /data/wangyuheng/models/Qwen3-1.7B
  out:  jca/sft_runs/0706v2/A1
================================================================
The following values were not passed to `accelerate launch` and had defaults used instead:
	`--num_machines` was set to a value of `1`
	`--dynamo_backend` was set to a value of `'no'`
To avoid this warning pass in values for each of the problematic parameters or run `accelerate config`.
2026-07-06 18:45:43 [INFO] Agent: A1
2026-07-06 18:45:43 [INFO] Base model: /data/wangyuheng/models/Qwen3-1.7B
2026-07-06 18:45:43 [INFO] Data: /data/wangyuheng/jca/sft_data/v2/all_agents.jsonl
2026-07-06 18:45:43 [INFO] Output: jca/sft_runs/0706v2/A1
2026-07-06 18:45:44 [INFO] Loaded 3813 examples from /data/wangyuheng/jca/sft_data/v2/all_agents.jsonl
2026-07-06 18:45:44 [INFO] Split: train=3432, eval=381
2026-07-06 18:45:48 [INFO] Loading tokenizer + model...
[transformers] `torch_dtype` is deprecated! Use `dtype` instead!
[transformers] `torch_dtype` is deprecated! Use `dtype` instead!
[transformers] `torch_dtype` is deprecated! Use `dtype` instead!
[transformers] `torch_dtype` is deprecated! Use `dtype` instead!
[transformers] `torch_dtype` is deprecated! Use `dtype` instead!
[transformers] `torch_dtype` is deprecated! Use `dtype` instead!
[transformers] `torch_dtype` is deprecated! Use `dtype` instead!
[transformers] `torch_dtype` is deprecated! Use `dtype` instead!
Loading weights:   0%|          | 0/311 [00:00<?, ?it/s]Loading weights:   0%|          | 0/311 [00:00<?, ?it/s]Loading weights:   0%|          | 0/311 [00:00<?, ?it/s]Loading weights:   0%|          | 0/311 [00:00<?, ?it/s]Loading weights: 100%|██████████| 311/311 [00:00<00:00, 10793.87it/s]Loading weights:   0%|          | 0/311 [00:00<?, ?it/s]
Loading weights: 100%|██████████| 311/311 [00:00<00:00, 12717.82it/s]
Loading weights:   0%|          | 0/311 [00:00<?, ?it/s]Loading weights:   0%|          | 0/311 [00:00<?, ?it/s]Loading weights: 100%|██████████| 311/311 [00:00<00:00, 12706.55it/s]
Loading weights: 100%|██████████| 311/311 [00:00<00:00, 13013.83it/s]
Loading weights: 100%|██████████| 311/311 [00:00<00:00, 12310.34it/s]
Loading weights:   0%|          | 0/311 [00:00<?, ?it/s]Loading weights: 100%|██████████| 311/311 [00:00<00:00, 11054.85it/s]
Loading weights: 100%|██████████| 311/311 [00:00<00:00, 10623.33it/s]
Loading weights: 100%|██████████| 311/311 [00:00<00:00, 12878.28it/s]
trainable params: 25,690,112 || all params: 1,746,265,088 || trainable%: 1.4711
2026-07-06 18:45:58 [INFO] Tokenizing train set...
2026-07-06 18:46:46 [INFO] Encoded 3432 examples; skipped 0 (too long or empty label).
2026-07-06 18:46:48 [INFO] Tokenizing eval set...
[transformers] warmup_ratio is deprecated and will be removed in v5.2. Use `warmup_steps` instead.
[transformers] `logging_dir` is deprecated and will be removed in v5.2. Please set `TENSORBOARD_LOGGING_DIR` instead.
[transformers] warmup_ratio is deprecated and will be removed in v5.2. Use `warmup_steps` instead.
[transformers] `logging_dir` is deprecated and will be removed in v5.2. Please set `TENSORBOARD_LOGGING_DIR` instead.
[transformers] warmup_ratio is deprecated and will be removed in v5.2. Use `warmup_steps` instead.
[transformers] `logging_dir` is deprecated and will be removed in v5.2. Please set `TENSORBOARD_LOGGING_DIR` instead.
[transformers] The tokenizer has new PAD/BOS/EOS tokens that differ from the model config and generation config. The model config and generation config were aligned accordingly, being updated with the tokenizer's values. Updated tokens: {'bos_token_id': None, 'pad_token_id': 151643}.
[transformers] warmup_ratio is deprecated and will be removed in v5.2. Use `warmup_steps` instead.
[transformers] `logging_dir` is deprecated and will be removed in v5.2. Please set `TENSORBOARD_LOGGING_DIR` instead.
[transformers] warmup_ratio is deprecated and will be removed in v5.2. Use `warmup_steps` instead.
[transformers] `logging_dir` is deprecated and will be removed in v5.2. Please set `TENSORBOARD_LOGGING_DIR` instead.
[transformers] warmup_ratio is deprecated and will be removed in v5.2. Use `warmup_steps` instead.
[transformers] `logging_dir` is deprecated and will be removed in v5.2. Please set `TENSORBOARD_LOGGING_DIR` instead.
2026-07-06 18:46:53 [INFO] Encoded 381 examples; skipped 0 (too long or empty label).
[transformers] warmup_ratio is deprecated and will be removed in v5.2. Use `warmup_steps` instead.
[transformers] `logging_dir` is deprecated and will be removed in v5.2. Please set `TENSORBOARD_LOGGING_DIR` instead.
[transformers] The tokenizer has new PAD/BOS/EOS tokens that differ from the model config and generation config. The model config and generation config were aligned accordingly, being updated with the tokenizer's values. Updated tokens: {'bos_token_id': None, 'pad_token_id': 151643}.
[transformers] The tokenizer has new PAD/BOS/EOS tokens that differ from the model config and generation config. The model config and generation config were aligned accordingly, being updated with the tokenizer's values. Updated tokens: {'bos_token_id': None, 'pad_token_id': 151643}.
[transformers] The tokenizer has new PAD/BOS/EOS tokens that differ from the model config and generation config. The model config and generation config were aligned accordingly, being updated with the tokenizer's values. Updated tokens: {'bos_token_id': None, 'pad_token_id': 151643}.
2026-07-06 18:46:53 [INFO] Dropped unsupported TrainingArguments for this transformers version: overwrite_output_dir
[transformers] warmup_ratio is deprecated and will be removed in v5.2. Use `warmup_steps` instead.
[transformers] `logging_dir` is deprecated and will be removed in v5.2. Please set `TENSORBOARD_LOGGING_DIR` instead.
[transformers] The tokenizer has new PAD/BOS/EOS tokens that differ from the model config and generation config. The model config and generation config were aligned accordingly, being updated with the tokenizer's values. Updated tokens: {'bos_token_id': None, 'pad_token_id': 151643}.
[transformers] The tokenizer has new PAD/BOS/EOS tokens that differ from the model config and generation config. The model config and generation config were aligned accordingly, being updated with the tokenizer's values. Updated tokens: {'bos_token_id': None, 'pad_token_id': 151643}.
[transformers] The tokenizer has new PAD/BOS/EOS tokens that differ from the model config and generation config. The model config and generation config were aligned accordingly, being updated with the tokenizer's values. Updated tokens: {'bos_token_id': None, 'pad_token_id': 151643}.
2026-07-06 18:46:55 [INFO] ======================================================================
2026-07-06 18:46:55 [INFO] Starting training
2026-07-06 18:46:55 [INFO] ======================================================================
[transformers] The tokenizer has new PAD/BOS/EOS tokens that differ from the model config and generation config. The model config and generation config were aligned accordingly, being updated with the tokenizer's values. Updated tokens: {'bos_token_id': None, 'pad_token_id': 151643}.
[transformers] Using EarlyStoppingCallback without load_best_model_at_end=True. Once training is finished, the best model will not be loaded automatically.
[transformers] Using EarlyStoppingCallback without load_best_model_at_end=True. Once training is finished, the best model will not be loaded automatically.
[transformers] Using EarlyStoppingCallback without load_best_model_at_end=True. Once training is finished, the best model will not be loaded automatically.
[transformers] Using EarlyStoppingCallback without load_best_model_at_end=True. Once training is finished, the best model will not be loaded automatically.
[transformers] Using EarlyStoppingCallback without load_best_model_at_end=True. Once training is finished, the best model will not be loaded automatically.
[transformers] Using EarlyStoppingCallback without load_best_model_at_end=True. Once training is finished, the best model will not be loaded automatically.
[transformers] Using EarlyStoppingCallback without load_best_model_at_end=True. Once training is finished, the best model will not be loaded automatically.
[transformers] Using EarlyStoppingCallback without load_best_model_at_end=True. Once training is finished, the best model will not be loaded automatically.
  0%|          | 0/135 [00:00<?, ?it/s][rank7]: Traceback (most recent call last):
[rank7]:   File "/data/wangyuheng/jca/scripts/sft_train.py", line 541, in <module>
[rank7]:     main()
[rank7]:   File "/data/wangyuheng/jca/scripts/sft_train.py", line 512, in main
[rank7]:     train_result = trainer.train()
[rank7]:                    ^^^^^^^^^^^^^^^
[rank7]:   File "/data/conda_envs/qwen35/lib/python3.12/site-packages/transformers/trainer.py", line 1427, in train
[rank7]:     return inner_training_loop(
[rank7]:            ^^^^^^^^^^^^^^^^^^^^
[rank7]:   File "/data/conda_envs/qwen35/lib/python3.12/site-packages/transformers/trainer.py", line 1509, in _inner_training_loop
[rank7]:     self._run_epoch(
[rank7]:   File "/data/conda_envs/qwen35/lib/python3.12/site-packages/transformers/trainer.py", line 1737, in _run_epoch
[rank7]:     tr_loss_step = self.training_step(model, inputs, num_items_in_batch)
[rank7]:                    ^^^^^^^^^^^^^^^^^^^^^^^^^^^^^^^^^^^^^^^^^^^^^^^^^^^^^
[rank7]:   File "/data/conda_envs/qwen35/lib/python3.12/site-packages/transformers/trainer.py", line 1909, in training_step
[rank7]:     loss = self.compute_loss(model, inputs, num_items_in_batch=num_items_in_batch)
[rank7]:            ^^^^^^^^^^^^^^^^^^^^^^^^^^^^^^^^^^^^^^^^^^^^^^^^^^^^^^^^^^^^^^^^^^^^^^^
[rank7]:   File "/data/conda_envs/qwen35/lib/python3.12/site-packages/transformers/trainer.py", line 1981, in compute_loss
[rank7]:     outputs = model(**inputs)
[rank7]:               ^^^^^^^^^^^^^^^
[rank7]:   File "/data/conda_envs/qwen35/lib/python3.12/site-packages/torch/nn/modules/module.py", line 1779, in _wrapped_call_impl
[rank7]:     return self._call_impl(*args, **kwargs)
[rank7]:            ^^^^^^^^^^^^^^^^^^^^^^^^^^^^^^^^
[rank7]:   File "/data/conda_envs/qwen35/lib/python3.12/site-packages/torch/nn/modules/module.py", line 1790, in _call_impl
[rank7]:     return forward_call(*args, **kwargs)
[rank7]:            ^^^^^^^^^^^^^^^^^^^^^^^^^^^^^
[rank7]:   File "/data/conda_envs/qwen35/lib/python3.12/site-packages/torch/nn/parallel/distributed.py", line 1699, in forward
[rank7]:     else self._run_ddp_forward(*inputs, **kwargs)
[rank7]:          ^^^^^^^^^^^^^^^^^^^^^^^^^^^^^^^^^^^^^^^^
[rank7]:   File "/data/conda_envs/qwen35/lib/python3.12/site-packages/torch/nn/parallel/distributed.py", line 1524, in _run_ddp_forward
[rank7]:     return self.module(*inputs, **kwargs)  # type: ignore[index]
[rank7]:            ^^^^^^^^^^^^^^^^^^^^^^^^^^^^^^
[rank7]:   File "/data/conda_envs/qwen35/lib/python3.12/site-packages/torch/nn/modules/module.py", line 1779, in _wrapped_call_impl
[rank7]:     return self._call_impl(*args, **kwargs)
[rank7]:            ^^^^^^^^^^^^^^^^^^^^^^^^^^^^^^^^
[rank7]:   File "/data/conda_envs/qwen35/lib/python3.12/site-packages/torch/nn/modules/module.py", line 1790, in _call_impl
[rank7]:     return forward_call(*args, **kwargs)
[rank7]:            ^^^^^^^^^^^^^^^^^^^^^^^^^^^^^
[rank7]:   File "/data/conda_envs/qwen35/lib/python3.12/site-packages/accelerate/utils/operations.py", line 823, in forward
[rank7]:     return model_forward(*args, **kwargs)
[rank7]:            ^^^^^^^^^^^^^^^^^^^^^^^^^^^^^^
[rank7]:   File "/data/conda_envs/qwen35/lib/python3.12/site-packages/accelerate/utils/operations.py", line 811, in __call__
[rank7]:     return convert_to_fp32(self.model_forward(*args, **kwargs))
[rank7]:                            ^^^^^^^^^^^^^^^^^^^^^^^^^^^^^^^^^^^
[rank7]:   File "/data/conda_envs/qwen35/lib/python3.12/site-packages/torch/amp/autocast_mode.py", line 44, in decorate_autocast
[rank7]:     return func(*args, **kwargs)
[rank7]:            ^^^^^^^^^^^^^^^^^^^^^
[rank7]:   File "/data/conda_envs/qwen35/lib/python3.12/site-packages/peft/peft_model.py", line 1993, in forward
[rank7]:     return self.base_model(
[rank7]:            ^^^^^^^^^^^^^^^^
[rank7]:   File "/data/conda_envs/qwen35/lib/python3.12/site-packages/torch/nn/modules/module.py", line 1779, in _wrapped_call_impl
[rank7]:     return self._call_impl(*args, **kwargs)
[rank7]:            ^^^^^^^^^^^^^^^^^^^^^^^^^^^^^^^^
[rank7]:   File "/data/conda_envs/qwen35/lib/python3.12/site-packages/torch/nn/modules/module.py", line 1790, in _call_impl
[rank7]:     return forward_call(*args, **kwargs)
[rank7]:            ^^^^^^^^^^^^^^^^^^^^^^^^^^^^^
[rank7]:   File "/data/conda_envs/qwen35/lib/python3.12/site-packages/peft/tuners/tuners_utils.py", line 330, in forward
[rank7]:     return self.model.forward(*args, **kwargs)
[rank7]:            ^^^^^^^^^^^^^^^^^^^^^^^^^^^^^^^^^^^
[rank7]:   File "/data/conda_envs/qwen35/lib/python3.12/site-packages/transformers/utils/generic.py", line 900, in wrapper
[rank7]:     output = func(self, *args, **kwargs)
[rank7]:              ^^^^^^^^^^^^^^^^^^^^^^^^^^^
[rank7]:   File "/data/conda_envs/qwen35/lib/python3.12/site-packages/transformers/models/qwen3/modeling_qwen3.py", line 492, in forward
[rank7]:     outputs: BaseModelOutputWithPast = self.model(
[rank7]:                                        ^^^^^^^^^^^
[rank7]:   File "/data/conda_envs/qwen35/lib/python3.12/site-packages/torch/nn/modules/module.py", line 1779, in _wrapped_call_impl
[rank7]:     return self._call_impl(*args, **kwargs)
[rank7]:            ^^^^^^^^^^^^^^^^^^^^^^^^^^^^^^^^
[rank7]:   File "/data/conda_envs/qwen35/lib/python3.12/site-packages/torch/nn/modules/module.py", line 1790, in _call_impl
[rank7]:     return forward_call(*args, **kwargs)
[rank7]:            ^^^^^^^^^^^^^^^^^^^^^^^^^^^^^
[rank7]:   File "/data/conda_envs/qwen35/lib/python3.12/site-packages/transformers/utils/generic.py", line 976, in wrapper
[rank7]:     output = func(self, *args, **kwargs)
[rank7]:              ^^^^^^^^^^^^^^^^^^^^^^^^^^^
[rank7]:   File "/data/conda_envs/qwen35/lib/python3.12/site-packages/transformers/utils/output_capturing.py", line 248, in wrapper
[rank7]:     outputs = func(self, *args, **kwargs)
[rank7]:               ^^^^^^^^^^^^^^^^^^^^^^^^^^^
[rank7]:   File "/data/conda_envs/qwen35/lib/python3.12/site-packages/transformers/models/qwen3/modeling_qwen3.py", line 424, in forward
[rank7]:     hidden_states = decoder_layer(
[rank7]:                     ^^^^^^^^^^^^^^
[rank7]:   File "/data/conda_envs/qwen35/lib/python3.12/site-packages/transformers/modeling_layers.py", line 92, in __call__
[rank7]:     return self._gradient_checkpointing_func(partial(super().__call__, **kwargs), *args)
[rank7]:            ^^^^^^^^^^^^^^^^^^^^^^^^^^^^^^^^^^^^^^^^^^^^^^^^^^^^^^^^^^^^^^^^^^^^^^^^^^^^^
[rank7]:   File "/data/conda_envs/qwen35/lib/python3.12/site-packages/torch/_compile.py", line 54, in inner
[rank7]:     return disable_fn(*args, **kwargs)
[rank7]:            ^^^^^^^^^^^^^^^^^^^^^^^^^^^
[rank7]:   File "/data/conda_envs/qwen35/lib/python3.12/site-packages/torch/_dynamo/eval_frame.py", line 1263, in _fn
[rank7]:     return fn(*args, **kwargs)
[rank7]:            ^^^^^^^^^^^^^^^^^^^
[rank7]:   File "/data/conda_envs/qwen35/lib/python3.12/site-packages/torch/utils/checkpoint.py", line 512, in checkpoint
[rank7]:     ret = function(*args, **kwargs)
[rank7]:           ^^^^^^^^^^^^^^^^^^^^^^^^^
[rank7]:   File "/data/conda_envs/qwen35/lib/python3.12/site-packages/torch/nn/modules/module.py", line 1779, in _wrapped_call_impl
[rank7]:     return self._call_impl(*args, **kwargs)
[rank7]:            ^^^^^^^^^^^^^^^^^^^^^^^^^^^^^^^^
[rank7]:   File "/data/conda_envs/qwen35/lib/python3.12/site-packages/torch/nn/modules/module.py", line 1790, in _call_impl
[rank7]:     return forward_call(*args, **kwargs)
[rank7]:            ^^^^^^^^^^^^^^^^^^^^^^^^^^^^^
[rank7]:   File "/data/conda_envs/qwen35/lib/python3.12/site-packages/transformers/models/qwen3/modeling_qwen3.py", line 332, in forward
[rank7]:     hidden_states = self.mlp(hidden_states)
[rank7]:                     ^^^^^^^^^^^^^^^^^^^^^^^
[rank7]:   File "/data/conda_envs/qwen35/lib/python3.12/site-packages/torch/nn/modules/module.py", line 1779, in _wrapped_call_impl
[rank7]:     return self._call_impl(*args, **kwargs)
[rank7]:            ^^^^^^^^^^^^^^^^^^^^^^^^^^^^^^^^
[rank7]:   File "/data/conda_envs/qwen35/lib/python3.12/site-packages/torch/nn/modules/module.py", line 1790, in _call_impl
[rank7]:     return forward_call(*args, **kwargs)
[rank7]:            ^^^^^^^^^^^^^^^^^^^^^^^^^^^^^
[rank7]:   File "/data/conda_envs/qwen35/lib/python3.12/site-packages/transformers/models/qwen3/modeling_qwen3.py", line 82, in forward
[rank7]:     down_proj = self.down_proj(self.act_fn(self.gate_proj(x)) * self.up_proj(x))
[rank7]:                                ~~~~~~~~~~~~~~~~~~~~~~~~~~~~~~~^~~~~~~~~~~~~~~~~
[rank7]: torch.OutOfMemoryError: CUDA out of memory. Tried to allocate 216.00 MiB. GPU 7 has a total capacity of 79.25 GiB of which 56.19 MiB is free. Process 467724 has 73.44 GiB memory in use. Including non-PyTorch memory, this process has 5.73 GiB memory in use. Of the allocated memory 4.41 GiB is allocated by PyTorch, and 417.95 MiB is reserved by PyTorch but unallocated. If reserved but unallocated memory is large try setting PYTORCH_CUDA_ALLOC_CONF=expandable_segments:True to avoid fragmentation.  See documentation for Memory Management  (https://docs.pytorch.org/docs/stable/notes/cuda.html#optimizing-memory-usage-with-pytorch-cuda-alloc-conf)
[rank1]: Traceback (most recent call last):
[rank1]:   File "/data/wangyuheng/jca/scripts/sft_train.py", line 541, in <module>
[rank1]:     main()
[rank1]:   File "/data/wangyuheng/jca/scripts/sft_train.py", line 512, in main
[rank1]:     train_result = trainer.train()
[rank1]:                    ^^^^^^^^^^^^^^^
[rank1]:   File "/data/conda_envs/qwen35/lib/python3.12/site-packages/transformers/trainer.py", line 1427, in train
[rank1]:     return inner_training_loop(
[rank1]:            ^^^^^^^^^^^^^^^^^^^^
[rank1]:   File "/data/conda_envs/qwen35/lib/python3.12/site-packages/transformers/trainer.py", line 1509, in _inner_training_loop
[rank1]:     self._run_epoch(
[rank1]:   File "/data/conda_envs/qwen35/lib/python3.12/site-packages/transformers/trainer.py", line 1737, in _run_epoch
[rank1]:     tr_loss_step = self.training_step(model, inputs, num_items_in_batch)
[rank1]:                    ^^^^^^^^^^^^^^^^^^^^^^^^^^^^^^^^^^^^^^^^^^^^^^^^^^^^^
[rank1]:   File "/data/conda_envs/qwen35/lib/python3.12/site-packages/transformers/trainer.py", line 1909, in training_step
[rank1]:     loss = self.compute_loss(model, inputs, num_items_in_batch=num_items_in_batch)
[rank1]:            ^^^^^^^^^^^^^^^^^^^^^^^^^^^^^^^^^^^^^^^^^^^^^^^^^^^^^^^^^^^^^^^^^^^^^^^
[rank1]:   File "/data/conda_envs/qwen35/lib/python3.12/site-packages/transformers/trainer.py", line 1981, in compute_loss
[rank1]:     outputs = model(**inputs)
[rank1]:               ^^^^^^^^^^^^^^^
[rank1]:   File "/data/conda_envs/qwen35/lib/python3.12/site-packages/torch/nn/modules/module.py", line 1779, in _wrapped_call_impl
[rank1]:     return self._call_impl(*args, **kwargs)
[rank1]:            ^^^^^^^^^^^^^^^^^^^^^^^^^^^^^^^^
[rank1]:   File "/data/conda_envs/qwen35/lib/python3.12/site-packages/torch/nn/modules/module.py", line 1790, in _call_impl
[rank1]:     return forward_call(*args, **kwargs)
[rank1]:            ^^^^^^^^^^^^^^^^^^^^^^^^^^^^^
[rank1]:   File "/data/conda_envs/qwen35/lib/python3.12/site-packages/torch/nn/parallel/distributed.py", line 1699, in forward
[rank1]:     else self._run_ddp_forward(*inputs, **kwargs)
[rank1]:          ^^^^^^^^^^^^^^^^^^^^^^^^^^^^^^^^^^^^^^^^
[rank1]:   File "/data/conda_envs/qwen35/lib/python3.12/site-packages/torch/nn/parallel/distributed.py", line 1524, in _run_ddp_forward
[rank1]:     return self.module(*inputs, **kwargs)  # type: ignore[index]
[rank1]:            ^^^^^^^^^^^^^^^^^^^^^^^^^^^^^^
[rank1]:   File "/data/conda_envs/qwen35/lib/python3.12/site-packages/torch/nn/modules/module.py", line 1779, in _wrapped_call_impl
[rank1]:     return self._call_impl(*args, **kwargs)
[rank1]:            ^^^^^^^^^^^^^^^^^^^^^^^^^^^^^^^^
[rank1]:   File "/data/conda_envs/qwen35/lib/python3.12/site-packages/torch/nn/modules/module.py", line 1790, in _call_impl
[rank1]:     return forward_call(*args, **kwargs)
[rank1]:            ^^^^^^^^^^^^^^^^^^^^^^^^^^^^^
[rank1]:   File "/data/conda_envs/qwen35/lib/python3.12/site-packages/accelerate/utils/operations.py", line 823, in forward
[rank1]:     return model_forward(*args, **kwargs)
[rank1]:            ^^^^^^^^^^^^^^^^^^^^^^^^^^^^^^
[rank1]:   File "/data/conda_envs/qwen35/lib/python3.12/site-packages/accelerate/utils/operations.py", line 811, in __call__
[rank1]:     return convert_to_fp32(self.model_forward(*args, **kwargs))
[rank1]:                            ^^^^^^^^^^^^^^^^^^^^^^^^^^^^^^^^^^^
[rank1]:   File "/data/conda_envs/qwen35/lib/python3.12/site-packages/torch/amp/autocast_mode.py", line 44, in decorate_autocast
[rank1]:     return func(*args, **kwargs)
[rank1]:            ^^^^^^^^^^^^^^^^^^^^^
[rank1]:   File "/data/conda_envs/qwen35/lib/python3.12/site-packages/peft/peft_model.py", line 1993, in forward
[rank1]:     return self.base_model(
[rank1]:            ^^^^^^^^^^^^^^^^
[rank1]:   File "/data/conda_envs/qwen35/lib/python3.12/site-packages/torch/nn/modules/module.py", line 1779, in _wrapped_call_impl
[rank1]:     return self._call_impl(*args, **kwargs)
[rank1]:            ^^^^^^^^^^^^^^^^^^^^^^^^^^^^^^^^
[rank1]:   File "/data/conda_envs/qwen35/lib/python3.12/site-packages/torch/nn/modules/module.py", line 1790, in _call_impl
[rank1]:     return forward_call(*args, **kwargs)
[rank1]:            ^^^^^^^^^^^^^^^^^^^^^^^^^^^^^
[rank1]:   File "/data/conda_envs/qwen35/lib/python3.12/site-packages/peft/tuners/tuners_utils.py", line 330, in forward
[rank1]:     return self.model.forward(*args, **kwargs)
[rank1]:            ^^^^^^^^^^^^^^^^^^^^^^^^^^^^^^^^^^^
[rank1]:   File "/data/conda_envs/qwen35/lib/python3.12/site-packages/transformers/utils/generic.py", line 900, in wrapper
[rank1]:     output = func(self, *args, **kwargs)
[rank1]:              ^^^^^^^^^^^^^^^^^^^^^^^^^^^
[rank1]:   File "/data/conda_envs/qwen35/lib/python3.12/site-packages/transformers/models/qwen3/modeling_qwen3.py", line 492, in forward
[rank1]:     outputs: BaseModelOutputWithPast = self.model(
[rank1]:                                        ^^^^^^^^^^^
[rank1]:   File "/data/conda_envs/qwen35/lib/python3.12/site-packages/torch/nn/modules/module.py", line 1779, in _wrapped_call_impl
[rank1]:     return self._call_impl(*args, **kwargs)
[rank1]:            ^^^^^^^^^^^^^^^^^^^^^^^^^^^^^^^^
[rank1]:   File "/data/conda_envs/qwen35/lib/python3.12/site-packages/torch/nn/modules/module.py", line 1790, in _call_impl
[rank1]:     return forward_call(*args, **kwargs)
[rank1]:            ^^^^^^^^^^^^^^^^^^^^^^^^^^^^^
[rank1]:   File "/data/conda_envs/qwen35/lib/python3.12/site-packages/transformers/utils/generic.py", line 976, in wrapper
[rank1]:     output = func(self, *args, **kwargs)
[rank1]:              ^^^^^^^^^^^^^^^^^^^^^^^^^^^
[rank1]:   File "/data/conda_envs/qwen35/lib/python3.12/site-packages/transformers/utils/output_capturing.py", line 248, in wrapper
[rank1]:     outputs = func(self, *args, **kwargs)
[rank1]:               ^^^^^^^^^^^^^^^^^^^^^^^^^^^
[rank1]:   File "/data/conda_envs/qwen35/lib/python3.12/site-packages/transformers/models/qwen3/modeling_qwen3.py", line 424, in forward
[rank1]:     hidden_states = decoder_layer(
[rank1]:                     ^^^^^^^^^^^^^^
[rank1]:   File "/data/conda_envs/qwen35/lib/python3.12/site-packages/transformers/modeling_layers.py", line 92, in __call__
[rank1]:     return self._gradient_checkpointing_func(partial(super().__call__, **kwargs), *args)
[rank1]:            ^^^^^^^^^^^^^^^^^^^^^^^^^^^^^^^^^^^^^^^^^^^^^^^^^^^^^^^^^^^^^^^^^^^^^^^^^^^^^
[rank1]:   File "/data/conda_envs/qwen35/lib/python3.12/site-packages/torch/_compile.py", line 54, in inner
[rank1]:     return disable_fn(*args, **kwargs)
[rank1]:            ^^^^^^^^^^^^^^^^^^^^^^^^^^^
[rank1]:   File "/data/conda_envs/qwen35/lib/python3.12/site-packages/torch/_dynamo/eval_frame.py", line 1263, in _fn
[rank1]:     return fn(*args, **kwargs)
[rank1]:            ^^^^^^^^^^^^^^^^^^^
[rank1]:   File "/data/conda_envs/qwen35/lib/python3.12/site-packages/torch/utils/checkpoint.py", line 512, in checkpoint
[rank1]:     ret = function(*args, **kwargs)
[rank1]:           ^^^^^^^^^^^^^^^^^^^^^^^^^
[rank1]:   File "/data/conda_envs/qwen35/lib/python3.12/site-packages/torch/nn/modules/module.py", line 1779, in _wrapped_call_impl
[rank1]:     return self._call_impl(*args, **kwargs)
[rank1]:            ^^^^^^^^^^^^^^^^^^^^^^^^^^^^^^^^
[rank1]:   File "/data/conda_envs/qwen35/lib/python3.12/site-packages/torch/nn/modules/module.py", line 1790, in _call_impl
[rank1]:     return forward_call(*args, **kwargs)
[rank1]:            ^^^^^^^^^^^^^^^^^^^^^^^^^^^^^
[rank1]:   File "/data/conda_envs/qwen35/lib/python3.12/site-packages/transformers/models/qwen3/modeling_qwen3.py", line 332, in forward
[rank1]:     hidden_states = self.mlp(hidden_states)
[rank1]:                     ^^^^^^^^^^^^^^^^^^^^^^^
[rank1]:   File "/data/conda_envs/qwen35/lib/python3.12/site-packages/torch/nn/modules/module.py", line 1779, in _wrapped_call_impl
[rank1]:     return self._call_impl(*args, **kwargs)
[rank1]:            ^^^^^^^^^^^^^^^^^^^^^^^^^^^^^^^^
[rank1]:   File "/data/conda_envs/qwen35/lib/python3.12/site-packages/torch/nn/modules/module.py", line 1790, in _call_impl
[rank1]:     return forward_call(*args, **kwargs)
[rank1]:            ^^^^^^^^^^^^^^^^^^^^^^^^^^^^^
[rank1]:   File "/data/conda_envs/qwen35/lib/python3.12/site-packages/transformers/models/qwen3/modeling_qwen3.py", line 82, in forward
[rank1]:     down_proj = self.down_proj(self.act_fn(self.gate_proj(x)) * self.up_proj(x))
[rank1]:                                ~~~~~~~~~~~~~~~~~~~~~~~~~~~~~~~^~~~~~~~~~~~~~~~~
[rank1]: torch.OutOfMemoryError: CUDA out of memory. Tried to allocate 222.00 MiB. GPU 1 has a total capacity of 79.25 GiB of which 80.25 MiB is free. Process 467718 has 73.30 GiB memory in use. Including non-PyTorch memory, this process has 5.83 GiB memory in use. Of the allocated memory 4.28 GiB is allocated by PyTorch, and 656.81 MiB is reserved by PyTorch but unallocated. If reserved but unallocated memory is large try setting PYTORCH_CUDA_ALLOC_CONF=expandable_segments:True to avoid fragmentation.  See documentation for Memory Management  (https://docs.pytorch.org/docs/stable/notes/cuda.html#optimizing-memory-usage-with-pytorch-cuda-alloc-conf)
[rank6]: Traceback (most recent call last):
[rank6]:   File "/data/wangyuheng/jca/scripts/sft_train.py", line 541, in <module>
[rank6]:     main()
[rank6]:   File "/data/wangyuheng/jca/scripts/sft_train.py", line 512, in main
[rank6]:     train_result = trainer.train()
[rank6]:                    ^^^^^^^^^^^^^^^
[rank6]:   File "/data/conda_envs/qwen35/lib/python3.12/site-packages/transformers/trainer.py", line 1427, in train
[rank6]:     return inner_training_loop(
[rank6]:            ^^^^^^^^^^^^^^^^^^^^
[rank6]:   File "/data/conda_envs/qwen35/lib/python3.12/site-packages/transformers/trainer.py", line 1509, in _inner_training_loop
[rank6]:     self._run_epoch(
[rank6]:   File "/data/conda_envs/qwen35/lib/python3.12/site-packages/transformers/trainer.py", line 1737, in _run_epoch
[rank6]:     tr_loss_step = self.training_step(model, inputs, num_items_in_batch)
[rank6]:                    ^^^^^^^^^^^^^^^^^^^^^^^^^^^^^^^^^^^^^^^^^^^^^^^^^^^^^
[rank6]:   File "/data/conda_envs/qwen35/lib/python3.12/site-packages/transformers/trainer.py", line 1909, in training_step
[rank6]:     loss = self.compute_loss(model, inputs, num_items_in_batch=num_items_in_batch)
[rank6]:            ^^^^^^^^^^^^^^^^^^^^^^^^^^^^^^^^^^^^^^^^^^^^^^^^^^^^^^^^^^^^^^^^^^^^^^^
[rank6]:   File "/data/conda_envs/qwen35/lib/python3.12/site-packages/transformers/trainer.py", line 1981, in compute_loss
[rank6]:     outputs = model(**inputs)
[rank6]:               ^^^^^^^^^^^^^^^
[rank6]:   File "/data/conda_envs/qwen35/lib/python3.12/site-packages/torch/nn/modules/module.py", line 1779, in _wrapped_call_impl
[rank6]:     return self._call_impl(*args, **kwargs)
[rank6]:            ^^^^^^^^^^^^^^^^^^^^^^^^^^^^^^^^
[rank6]:   File "/data/conda_envs/qwen35/lib/python3.12/site-packages/torch/nn/modules/module.py", line 1790, in _call_impl
[rank6]:     return forward_call(*args, **kwargs)
[rank6]:            ^^^^^^^^^^^^^^^^^^^^^^^^^^^^^
[rank6]:   File "/data/conda_envs/qwen35/lib/python3.12/site-packages/torch/nn/parallel/distributed.py", line 1699, in forward
[rank6]:     else self._run_ddp_forward(*inputs, **kwargs)
[rank6]:          ^^^^^^^^^^^^^^^^^^^^^^^^^^^^^^^^^^^^^^^^
[rank6]:   File "/data/conda_envs/qwen35/lib/python3.12/site-packages/torch/nn/parallel/distributed.py", line 1524, in _run_ddp_forward
[rank6]:     return self.module(*inputs, **kwargs)  # type: ignore[index]
[rank6]:            ^^^^^^^^^^^^^^^^^^^^^^^^^^^^^^
[rank6]:   File "/data/conda_envs/qwen35/lib/python3.12/site-packages/torch/nn/modules/module.py", line 1779, in _wrapped_call_impl
[rank6]:     return self._call_impl(*args, **kwargs)
[rank6]:            ^^^^^^^^^^^^^^^^^^^^^^^^^^^^^^^^
[rank6]:   File "/data/conda_envs/qwen35/lib/python3.12/site-packages/torch/nn/modules/module.py", line 1790, in _call_impl
[rank6]:     return forward_call(*args, **kwargs)
[rank6]:            ^^^^^^^^^^^^^^^^^^^^^^^^^^^^^
[rank6]:   File "/data/conda_envs/qwen35/lib/python3.12/site-packages/accelerate/utils/operations.py", line 823, in forward
[rank6]:     return model_forward(*args, **kwargs)
[rank6]:            ^^^^^^^^^^^^^^^^^^^^^^^^^^^^^^
[rank6]:   File "/data/conda_envs/qwen35/lib/python3.12/site-packages/accelerate/utils/operations.py", line 811, in __call__
[rank6]:     return convert_to_fp32(self.model_forward(*args, **kwargs))
[rank6]:                            ^^^^^^^^^^^^^^^^^^^^^^^^^^^^^^^^^^^
[rank6]:   File "/data/conda_envs/qwen35/lib/python3.12/site-packages/torch/amp/autocast_mode.py", line 44, in decorate_autocast
[rank6]:     return func(*args, **kwargs)
[rank6]:            ^^^^^^^^^^^^^^^^^^^^^
[rank6]:   File "/data/conda_envs/qwen35/lib/python3.12/site-packages/peft/peft_model.py", line 1993, in forward
[rank6]:     return self.base_model(
[rank6]:            ^^^^^^^^^^^^^^^^
[rank6]:   File "/data/conda_envs/qwen35/lib/python3.12/site-packages/torch/nn/modules/module.py", line 1779, in _wrapped_call_impl
[rank6]:     return self._call_impl(*args, **kwargs)
[rank6]:            ^^^^^^^^^^^^^^^^^^^^^^^^^^^^^^^^
[rank6]:   File "/data/conda_envs/qwen35/lib/python3.12/site-packages/torch/nn/modules/module.py", line 1790, in _call_impl
[rank6]:     return forward_call(*args, **kwargs)
[rank6]:            ^^^^^^^^^^^^^^^^^^^^^^^^^^^^^
[rank6]:   File "/data/conda_envs/qwen35/lib/python3.12/site-packages/peft/tuners/tuners_utils.py", line 330, in forward
[rank6]:     return self.model.forward(*args, **kwargs)
[rank6]:            ^^^^^^^^^^^^^^^^^^^^^^^^^^^^^^^^^^^
[rank6]:   File "/data/conda_envs/qwen35/lib/python3.12/site-packages/transformers/utils/generic.py", line 900, in wrapper
[rank6]:     output = func(self, *args, **kwargs)
[rank6]:              ^^^^^^^^^^^^^^^^^^^^^^^^^^^
[rank6]:   File "/data/conda_envs/qwen35/lib/python3.12/site-packages/transformers/models/qwen3/modeling_qwen3.py", line 492, in forward
[rank6]:     outputs: BaseModelOutputWithPast = self.model(
[rank6]:                                        ^^^^^^^^^^^
[rank6]:   File "/data/conda_envs/qwen35/lib/python3.12/site-packages/torch/nn/modules/module.py", line 1779, in _wrapped_call_impl
[rank6]:     return self._call_impl(*args, **kwargs)
[rank6]:            ^^^^^^^^^^^^^^^^^^^^^^^^^^^^^^^^
[rank6]:   File "/data/conda_envs/qwen35/lib/python3.12/site-packages/torch/nn/modules/module.py", line 1790, in _call_impl
[rank6]:     return forward_call(*args, **kwargs)
[rank6]:            ^^^^^^^^^^^^^^^^^^^^^^^^^^^^^
[rank6]:   File "/data/conda_envs/qwen35/lib/python3.12/site-packages/transformers/utils/generic.py", line 976, in wrapper
[rank6]:     output = func(self, *args, **kwargs)
[rank6]:              ^^^^^^^^^^^^^^^^^^^^^^^^^^^
[rank6]:   File "/data/conda_envs/qwen35/lib/python3.12/site-packages/transformers/utils/output_capturing.py", line 248, in wrapper
[rank6]:     outputs = func(self, *args, **kwargs)
[rank6]:               ^^^^^^^^^^^^^^^^^^^^^^^^^^^
[rank6]:   File "/data/conda_envs/qwen35/lib/python3.12/site-packages/transformers/models/qwen3/modeling_qwen3.py", line 424, in forward
[rank6]:     hidden_states = decoder_layer(
[rank6]:                     ^^^^^^^^^^^^^^
[rank6]:   File "/data/conda_envs/qwen35/lib/python3.12/site-packages/transformers/modeling_layers.py", line 92, in __call__
[rank6]:     return self._gradient_checkpointing_func(partial(super().__call__, **kwargs), *args)
[rank6]:            ^^^^^^^^^^^^^^^^^^^^^^^^^^^^^^^^^^^^^^^^^^^^^^^^^^^^^^^^^^^^^^^^^^^^^^^^^^^^^
[rank6]:   File "/data/conda_envs/qwen35/lib/python3.12/site-packages/torch/_compile.py", line 54, in inner
[rank6]:     return disable_fn(*args, **kwargs)
[rank6]:            ^^^^^^^^^^^^^^^^^^^^^^^^^^^
[rank6]:   File "/data/conda_envs/qwen35/lib/python3.12/site-packages/torch/_dynamo/eval_frame.py", line 1263, in _fn
[rank6]:     return fn(*args, **kwargs)
[rank6]:            ^^^^^^^^^^^^^^^^^^^
[rank6]:   File "/data/conda_envs/qwen35/lib/python3.12/site-packages/torch/utils/checkpoint.py", line 512, in checkpoint
[rank6]:     ret = function(*args, **kwargs)
[rank6]:           ^^^^^^^^^^^^^^^^^^^^^^^^^
[rank6]:   File "/data/conda_envs/qwen35/lib/python3.12/site-packages/torch/nn/modules/module.py", line 1779, in _wrapped_call_impl
[rank6]:     return self._call_impl(*args, **kwargs)
[rank6]:            ^^^^^^^^^^^^^^^^^^^^^^^^^^^^^^^^
[rank6]:   File "/data/conda_envs/qwen35/lib/python3.12/site-packages/torch/nn/modules/module.py", line 1790, in _call_impl
[rank6]:     return forward_call(*args, **kwargs)
[rank6]:            ^^^^^^^^^^^^^^^^^^^^^^^^^^^^^
[rank6]:   File "/data/conda_envs/qwen35/lib/python3.12/site-packages/transformers/models/qwen3/modeling_qwen3.py", line 332, in forward
[rank6]:     hidden_states = self.mlp(hidden_states)
[rank6]:                     ^^^^^^^^^^^^^^^^^^^^^^^
[rank6]:   File "/data/conda_envs/qwen35/lib/python3.12/site-packages/torch/nn/modules/module.py", line 1779, in _wrapped_call_impl
[rank6]:     return self._call_impl(*args, **kwargs)
[rank6]:            ^^^^^^^^^^^^^^^^^^^^^^^^^^^^^^^^
[rank6]:   File "/data/conda_envs/qwen35/lib/python3.12/site-packages/torch/nn/modules/module.py", line 1790, in _call_impl
[rank6]:     return forward_call(*args, **kwargs)
[rank6]:            ^^^^^^^^^^^^^^^^^^^^^^^^^^^^^
[rank6]:   File "/data/conda_envs/qwen35/lib/python3.12/site-packages/transformers/models/qwen3/modeling_qwen3.py", line 82, in forward
[rank6]:     down_proj = self.down_proj(self.act_fn(self.gate_proj(x)) * self.up_proj(x))
[rank6]:                                ~~~~~~~~~~~~~~~~~~~~~~~~~~~~~~~^~~~~~~~~~~~~~~~~
[rank6]: torch.OutOfMemoryError: CUDA out of memory. Tried to allocate 228.00 MiB. GPU 6 has a total capacity of 79.25 GiB of which 76.19 MiB is free. Process 467723 has 73.44 GiB memory in use. Including non-PyTorch memory, this process has 5.71 GiB memory in use. Of the allocated memory 4.23 GiB is allocated by PyTorch, and 578.01 MiB is reserved by PyTorch but unallocated. If reserved but unallocated memory is large try setting PYTORCH_CUDA_ALLOC_CONF=expandable_segments:True to avoid fragmentation.  See documentation for Memory Management  (https://docs.pytorch.org/docs/stable/notes/cuda.html#optimizing-memory-usage-with-pytorch-cuda-alloc-conf)
[rank2]: Traceback (most recent call last):
[rank2]:   File "/data/wangyuheng/jca/scripts/sft_train.py", line 541, in <module>
[rank2]:     main()
[rank2]:   File "/data/wangyuheng/jca/scripts/sft_train.py", line 512, in main
[rank2]:     train_result = trainer.train()
[rank2]:                    ^^^^^^^^^^^^^^^
[rank2]:   File "/data/conda_envs/qwen35/lib/python3.12/site-packages/transformers/trainer.py", line 1427, in train
[rank2]:     return inner_training_loop(
[rank2]:            ^^^^^^^^^^^^^^^^^^^^
[rank2]:   File "/data/conda_envs/qwen35/lib/python3.12/site-packages/transformers/trainer.py", line 1509, in _inner_training_loop
[rank2]:     self._run_epoch(
[rank2]:   File "/data/conda_envs/qwen35/lib/python3.12/site-packages/transformers/trainer.py", line 1737, in _run_epoch
[rank2]:     tr_loss_step = self.training_step(model, inputs, num_items_in_batch)
[rank2]:                    ^^^^^^^^^^^^^^^^^^^^^^^^^^^^^^^^^^^^^^^^^^^^^^^^^^^^^
[rank2]:   File "/data/conda_envs/qwen35/lib/python3.12/site-packages/transformers/trainer.py", line 1909, in training_step
[rank2]:     loss = self.compute_loss(model, inputs, num_items_in_batch=num_items_in_batch)
[rank2]:            ^^^^^^^^^^^^^^^^^^^^^^^^^^^^^^^^^^^^^^^^^^^^^^^^^^^^^^^^^^^^^^^^^^^^^^^
[rank2]:   File "/data/conda_envs/qwen35/lib/python3.12/site-packages/transformers/trainer.py", line 1981, in compute_loss
[rank2]:     outputs = model(**inputs)
[rank2]:               ^^^^^^^^^^^^^^^
[rank2]:   File "/data/conda_envs/qwen35/lib/python3.12/site-packages/torch/nn/modules/module.py", line 1779, in _wrapped_call_impl
[rank2]:     return self._call_impl(*args, **kwargs)
[rank2]:            ^^^^^^^^^^^^^^^^^^^^^^^^^^^^^^^^
[rank2]:   File "/data/conda_envs/qwen35/lib/python3.12/site-packages/torch/nn/modules/module.py", line 1790, in _call_impl
[rank2]:     return forward_call(*args, **kwargs)
[rank2]:            ^^^^^^^^^^^^^^^^^^^^^^^^^^^^^
[rank2]:   File "/data/conda_envs/qwen35/lib/python3.12/site-packages/torch/nn/parallel/distributed.py", line 1699, in forward
[rank2]:     else self._run_ddp_forward(*inputs, **kwargs)
[rank2]:          ^^^^^^^^^^^^^^^^^^^^^^^^^^^^^^^^^^^^^^^^
[rank2]:   File "/data/conda_envs/qwen35/lib/python3.12/site-packages/torch/nn/parallel/distributed.py", line 1524, in _run_ddp_forward
[rank2]:     return self.module(*inputs, **kwargs)  # type: ignore[index]
[rank2]:            ^^^^^^^^^^^^^^^^^^^^^^^^^^^^^^
[rank2]:   File "/data/conda_envs/qwen35/lib/python3.12/site-packages/torch/nn/modules/module.py", line 1779, in _wrapped_call_impl
[rank2]:     return self._call_impl(*args, **kwargs)
[rank2]:            ^^^^^^^^^^^^^^^^^^^^^^^^^^^^^^^^
[rank2]:   File "/data/conda_envs/qwen35/lib/python3.12/site-packages/torch/nn/modules/module.py", line 1790, in _call_impl
[rank2]:     return forward_call(*args, **kwargs)
[rank2]:            ^^^^^^^^^^^^^^^^^^^^^^^^^^^^^
[rank2]:   File "/data/conda_envs/qwen35/lib/python3.12/site-packages/accelerate/utils/operations.py", line 823, in forward
[rank2]:     return model_forward(*args, **kwargs)
[rank2]:            ^^^^^^^^^^^^^^^^^^^^^^^^^^^^^^
[rank2]:   File "/data/conda_envs/qwen35/lib/python3.12/site-packages/accelerate/utils/operations.py", line 811, in __call__
[rank2]:     return convert_to_fp32(self.model_forward(*args, **kwargs))
[rank2]:                            ^^^^^^^^^^^^^^^^^^^^^^^^^^^^^^^^^^^
[rank2]:   File "/data/conda_envs/qwen35/lib/python3.12/site-packages/torch/amp/autocast_mode.py", line 44, in decorate_autocast
[rank2]:     return func(*args, **kwargs)
[rank2]:            ^^^^^^^^^^^^^^^^^^^^^
[rank2]:   File "/data/conda_envs/qwen35/lib/python3.12/site-packages/peft/peft_model.py", line 1993, in forward
[rank2]:     return self.base_model(
[rank2]:            ^^^^^^^^^^^^^^^^
[rank2]:   File "/data/conda_envs/qwen35/lib/python3.12/site-packages/torch/nn/modules/module.py", line 1779, in _wrapped_call_impl
[rank2]:     return self._call_impl(*args, **kwargs)
[rank2]:            ^^^^^^^^^^^^^^^^^^^^^^^^^^^^^^^^
[rank2]:   File "/data/conda_envs/qwen35/lib/python3.12/site-packages/torch/nn/modules/module.py", line 1790, in _call_impl
[rank2]:     return forward_call(*args, **kwargs)
[rank2]:            ^^^^^^^^^^^^^^^^^^^^^^^^^^^^^
[rank2]:   File "/data/conda_envs/qwen35/lib/python3.12/site-packages/peft/tuners/tuners_utils.py", line 330, in forward
[rank2]:     return self.model.forward(*args, **kwargs)
[rank2]:            ^^^^^^^^^^^^^^^^^^^^^^^^^^^^^^^^^^^
[rank2]:   File "/data/conda_envs/qwen35/lib/python3.12/site-packages/transformers/utils/generic.py", line 900, in wrapper
[rank2]:     output = func(self, *args, **kwargs)
[rank2]:              ^^^^^^^^^^^^^^^^^^^^^^^^^^^
[rank2]:   File "/data/conda_envs/qwen35/lib/python3.12/site-packages/transformers/models/qwen3/modeling_qwen3.py", line 492, in forward
[rank2]:     outputs: BaseModelOutputWithPast = self.model(
[rank2]:                                        ^^^^^^^^^^^
[rank2]:   File "/data/conda_envs/qwen35/lib/python3.12/site-packages/torch/nn/modules/module.py", line 1779, in _wrapped_call_impl
[rank2]:     return self._call_impl(*args, **kwargs)
[rank2]:            ^^^^^^^^^^^^^^^^^^^^^^^^^^^^^^^^
[rank2]:   File "/data/conda_envs/qwen35/lib/python3.12/site-packages/torch/nn/modules/module.py", line 1790, in _call_impl
[rank2]:     return forward_call(*args, **kwargs)
[rank2]:            ^^^^^^^^^^^^^^^^^^^^^^^^^^^^^
[rank2]:   File "/data/conda_envs/qwen35/lib/python3.12/site-packages/transformers/utils/generic.py", line 976, in wrapper
[rank2]:     output = func(self, *args, **kwargs)
[rank2]:              ^^^^^^^^^^^^^^^^^^^^^^^^^^^
[rank2]:   File "/data/conda_envs/qwen35/lib/python3.12/site-packages/transformers/utils/output_capturing.py", line 248, in wrapper
[rank2]:     outputs = func(self, *args, **kwargs)
[rank2]:               ^^^^^^^^^^^^^^^^^^^^^^^^^^^
[rank2]:   File "/data/conda_envs/qwen35/lib/python3.12/site-packages/transformers/models/qwen3/modeling_qwen3.py", line 424, in forward
[rank2]:     hidden_states = decoder_layer(
[rank2]:                     ^^^^^^^^^^^^^^
[rank2]:   File "/data/conda_envs/qwen35/lib/python3.12/site-packages/transformers/modeling_layers.py", line 92, in __call__
[rank2]:     return self._gradient_checkpointing_func(partial(super().__call__, **kwargs), *args)
[rank2]:            ^^^^^^^^^^^^^^^^^^^^^^^^^^^^^^^^^^^^^^^^^^^^^^^^^^^^^^^^^^^^^^^^^^^^^^^^^^^^^
[rank2]:   File "/data/conda_envs/qwen35/lib/python3.12/site-packages/torch/_compile.py", line 54, in inner
[rank2]:     return disable_fn(*args, **kwargs)
[rank2]:            ^^^^^^^^^^^^^^^^^^^^^^^^^^^
[rank2]:   File "/data/conda_envs/qwen35/lib/python3.12/site-packages/torch/_dynamo/eval_frame.py", line 1263, in _fn
[rank2]:     return fn(*args, **kwargs)
[rank2]:            ^^^^^^^^^^^^^^^^^^^
[rank2]:   File "/data/conda_envs/qwen35/lib/python3.12/site-packages/torch/utils/checkpoint.py", line 512, in checkpoint
[rank2]:     ret = function(*args, **kwargs)
[rank2]:           ^^^^^^^^^^^^^^^^^^^^^^^^^
[rank2]:   File "/data/conda_envs/qwen35/lib/python3.12/site-packages/torch/nn/modules/module.py", line 1779, in _wrapped_call_impl
[rank2]:     return self._call_impl(*args, **kwargs)
[rank2]:            ^^^^^^^^^^^^^^^^^^^^^^^^^^^^^^^^
[rank2]:   File "/data/conda_envs/qwen35/lib/python3.12/site-packages/torch/nn/modules/module.py", line 1790, in _call_impl
[rank2]:     return forward_call(*args, **kwargs)
[rank2]:            ^^^^^^^^^^^^^^^^^^^^^^^^^^^^^
[rank2]:   File "/data/conda_envs/qwen35/lib/python3.12/site-packages/transformers/models/qwen3/modeling_qwen3.py", line 332, in forward
[rank2]:     hidden_states = self.mlp(hidden_states)
[rank2]:                     ^^^^^^^^^^^^^^^^^^^^^^^
[rank2]:   File "/data/conda_envs/qwen35/lib/python3.12/site-packages/torch/nn/modules/module.py", line 1779, in _wrapped_call_impl
[rank2]:     return self._call_impl(*args, **kwargs)
[rank2]:            ^^^^^^^^^^^^^^^^^^^^^^^^^^^^^^^^
[rank2]:   File "/data/conda_envs/qwen35/lib/python3.12/site-packages/torch/nn/modules/module.py", line 1790, in _call_impl
[rank2]:     return forward_call(*args, **kwargs)
[rank2]:            ^^^^^^^^^^^^^^^^^^^^^^^^^^^^^
[rank2]:   File "/data/conda_envs/qwen35/lib/python3.12/site-packages/transformers/models/qwen3/modeling_qwen3.py", line 82, in forward
[rank2]:     down_proj = self.down_proj(self.act_fn(self.gate_proj(x)) * self.up_proj(x))
[rank2]:                                ~~~~~~~~~~~~~~~~~~~~~~~~~~~~~~~^~~~~~~~~~~~~~~~~
[rank2]: torch.OutOfMemoryError: CUDA out of memory. Tried to allocate 198.00 MiB. GPU 2 has a total capacity of 79.25 GiB of which 128.25 MiB is free. Process 467709 has 73.42 GiB memory in use. Including non-PyTorch memory, this process has 5.67 GiB memory in use. Of the allocated memory 4.26 GiB is allocated by PyTorch, and 520.24 MiB is reserved by PyTorch but unallocated. If reserved but unallocated memory is large try setting PYTORCH_CUDA_ALLOC_CONF=expandable_segments:True to avoid fragmentation.  See documentation for Memory Management  (https://docs.pytorch.org/docs/stable/notes/cuda.html#optimizing-memory-usage-with-pytorch-cuda-alloc-conf)
[rank3]: Traceback (most recent call last):
[rank3]:   File "/data/wangyuheng/jca/scripts/sft_train.py", line 541, in <module>
[rank3]:     main()
[rank3]:   File "/data/wangyuheng/jca/scripts/sft_train.py", line 512, in main
[rank3]:     train_result = trainer.train()
[rank3]:                    ^^^^^^^^^^^^^^^
[rank3]:   File "/data/conda_envs/qwen35/lib/python3.12/site-packages/transformers/trainer.py", line 1427, in train
[rank3]:     return inner_training_loop(
[rank3]:            ^^^^^^^^^^^^^^^^^^^^
[rank3]:   File "/data/conda_envs/qwen35/lib/python3.12/site-packages/transformers/trainer.py", line 1509, in _inner_training_loop
[rank3]:     self._run_epoch(
[rank3]:   File "/data/conda_envs/qwen35/lib/python3.12/site-packages/transformers/trainer.py", line 1737, in _run_epoch
[rank3]:     tr_loss_step = self.training_step(model, inputs, num_items_in_batch)
[rank3]:                    ^^^^^^^^^^^^^^^^^^^^^^^^^^^^^^^^^^^^^^^^^^^^^^^^^^^^^
[rank3]:   File "/data/conda_envs/qwen35/lib/python3.12/site-packages/transformers/trainer.py", line 1909, in training_step
[rank3]:     loss = self.compute_loss(model, inputs, num_items_in_batch=num_items_in_batch)
[rank3]:            ^^^^^^^^^^^^^^^^^^^^^^^^^^^^^^^^^^^^^^^^^^^^^^^^^^^^^^^^^^^^^^^^^^^^^^^
[rank3]:   File "/data/conda_envs/qwen35/lib/python3.12/site-packages/transformers/trainer.py", line 1981, in compute_loss
[rank3]:     outputs = model(**inputs)
[rank3]:               ^^^^^^^^^^^^^^^
[rank3]:   File "/data/conda_envs/qwen35/lib/python3.12/site-packages/torch/nn/modules/module.py", line 1779, in _wrapped_call_impl
[rank3]:     return self._call_impl(*args, **kwargs)
[rank3]:            ^^^^^^^^^^^^^^^^^^^^^^^^^^^^^^^^
[rank3]:   File "/data/conda_envs/qwen35/lib/python3.12/site-packages/torch/nn/modules/module.py", line 1790, in _call_impl
[rank3]:     return forward_call(*args, **kwargs)
[rank3]:            ^^^^^^^^^^^^^^^^^^^^^^^^^^^^^
[rank3]:   File "/data/conda_envs/qwen35/lib/python3.12/site-packages/torch/nn/parallel/distributed.py", line 1699, in forward
[rank3]:     else self._run_ddp_forward(*inputs, **kwargs)
[rank3]:          ^^^^^^^^^^^^^^^^^^^^^^^^^^^^^^^^^^^^^^^^
[rank3]:   File "/data/conda_envs/qwen35/lib/python3.12/site-packages/torch/nn/parallel/distributed.py", line 1524, in _run_ddp_forward
[rank3]:     return self.module(*inputs, **kwargs)  # type: ignore[index]
[rank3]:            ^^^^^^^^^^^^^^^^^^^^^^^^^^^^^^
[rank3]:   File "/data/conda_envs/qwen35/lib/python3.12/site-packages/torch/nn/modules/module.py", line 1779, in _wrapped_call_impl
[rank3]:     return self._call_impl(*args, **kwargs)
[rank3]:            ^^^^^^^^^^^^^^^^^^^^^^^^^^^^^^^^
[rank3]:   File "/data/conda_envs/qwen35/lib/python3.12/site-packages/torch/nn/modules/module.py", line 1790, in _call_impl
[rank3]:     return forward_call(*args, **kwargs)
[rank3]:            ^^^^^^^^^^^^^^^^^^^^^^^^^^^^^
[rank3]:   File "/data/conda_envs/qwen35/lib/python3.12/site-packages/accelerate/utils/operations.py", line 823, in forward
[rank3]:     return model_forward(*args, **kwargs)
[rank3]:            ^^^^^^^^^^^^^^^^^^^^^^^^^^^^^^
[rank3]:   File "/data/conda_envs/qwen35/lib/python3.12/site-packages/accelerate/utils/operations.py", line 811, in __call__
[rank3]:     return convert_to_fp32(self.model_forward(*args, **kwargs))
[rank3]:                            ^^^^^^^^^^^^^^^^^^^^^^^^^^^^^^^^^^^
[rank3]:   File "/data/conda_envs/qwen35/lib/python3.12/site-packages/torch/amp/autocast_mode.py", line 44, in decorate_autocast
[rank3]:     return func(*args, **kwargs)
[rank3]:            ^^^^^^^^^^^^^^^^^^^^^
[rank3]:   File "/data/conda_envs/qwen35/lib/python3.12/site-packages/peft/peft_model.py", line 1993, in forward
[rank3]:     return self.base_model(
[rank3]:            ^^^^^^^^^^^^^^^^
[rank3]:   File "/data/conda_envs/qwen35/lib/python3.12/site-packages/torch/nn/modules/module.py", line 1779, in _wrapped_call_impl
[rank3]:     return self._call_impl(*args, **kwargs)
[rank3]:            ^^^^^^^^^^^^^^^^^^^^^^^^^^^^^^^^
[rank3]:   File "/data/conda_envs/qwen35/lib/python3.12/site-packages/torch/nn/modules/module.py", line 1790, in _call_impl
[rank3]:     return forward_call(*args, **kwargs)
[rank3]:            ^^^^^^^^^^^^^^^^^^^^^^^^^^^^^
[rank3]:   File "/data/conda_envs/qwen35/lib/python3.12/site-packages/peft/tuners/tuners_utils.py", line 330, in forward
[rank3]:     return self.model.forward(*args, **kwargs)
[rank3]:            ^^^^^^^^^^^^^^^^^^^^^^^^^^^^^^^^^^^
[rank3]:   File "/data/conda_envs/qwen35/lib/python3.12/site-packages/transformers/utils/generic.py", line 900, in wrapper
[rank3]:     output = func(self, *args, **kwargs)
[rank3]:              ^^^^^^^^^^^^^^^^^^^^^^^^^^^
[rank3]:   File "/data/conda_envs/qwen35/lib/python3.12/site-packages/transformers/models/qwen3/modeling_qwen3.py", line 492, in forward
[rank3]:     outputs: BaseModelOutputWithPast = self.model(
[rank3]:                                        ^^^^^^^^^^^
[rank3]:   File "/data/conda_envs/qwen35/lib/python3.12/site-packages/torch/nn/modules/module.py", line 1779, in _wrapped_call_impl
[rank3]:     return self._call_impl(*args, **kwargs)
[rank3]:            ^^^^^^^^^^^^^^^^^^^^^^^^^^^^^^^^
[rank3]:   File "/data/conda_envs/qwen35/lib/python3.12/site-packages/torch/nn/modules/module.py", line 1790, in _call_impl
[rank3]:     return forward_call(*args, **kwargs)
[rank3]:            ^^^^^^^^^^^^^^^^^^^^^^^^^^^^^
[rank3]:   File "/data/conda_envs/qwen35/lib/python3.12/site-packages/transformers/utils/generic.py", line 976, in wrapper
[rank3]:     output = func(self, *args, **kwargs)
[rank3]:              ^^^^^^^^^^^^^^^^^^^^^^^^^^^
[rank3]:   File "/data/conda_envs/qwen35/lib/python3.12/site-packages/transformers/utils/output_capturing.py", line 248, in wrapper
[rank3]:     outputs = func(self, *args, **kwargs)
[rank3]:               ^^^^^^^^^^^^^^^^^^^^^^^^^^^
[rank3]:   File "/data/conda_envs/qwen35/lib/python3.12/site-packages/transformers/models/qwen3/modeling_qwen3.py", line 424, in forward
[rank3]:     hidden_states = decoder_layer(
[rank3]:                     ^^^^^^^^^^^^^^
[rank3]:   File "/data/conda_envs/qwen35/lib/python3.12/site-packages/transformers/modeling_layers.py", line 92, in __call__
[rank3]:     return self._gradient_checkpointing_func(partial(super().__call__, **kwargs), *args)
[rank3]:            ^^^^^^^^^^^^^^^^^^^^^^^^^^^^^^^^^^^^^^^^^^^^^^^^^^^^^^^^^^^^^^^^^^^^^^^^^^^^^
[rank3]:   File "/data/conda_envs/qwen35/lib/python3.12/site-packages/torch/_compile.py", line 54, in inner
[rank3]:     return disable_fn(*args, **kwargs)
[rank3]:            ^^^^^^^^^^^^^^^^^^^^^^^^^^^
[rank3]:   File "/data/conda_envs/qwen35/lib/python3.12/site-packages/torch/_dynamo/eval_frame.py", line 1263, in _fn
[rank3]:     return fn(*args, **kwargs)
[rank3]:            ^^^^^^^^^^^^^^^^^^^
[rank3]:   File "/data/conda_envs/qwen35/lib/python3.12/site-packages/torch/utils/checkpoint.py", line 512, in checkpoint
[rank3]:     ret = function(*args, **kwargs)
[rank3]:           ^^^^^^^^^^^^^^^^^^^^^^^^^
[rank3]:   File "/data/conda_envs/qwen35/lib/python3.12/site-packages/torch/nn/modules/module.py", line 1779, in _wrapped_call_impl
[rank3]:     return self._call_impl(*args, **kwargs)
[rank3]:            ^^^^^^^^^^^^^^^^^^^^^^^^^^^^^^^^
[rank3]:   File "/data/conda_envs/qwen35/lib/python3.12/site-packages/torch/nn/modules/module.py", line 1790, in _call_impl
[rank3]:     return forward_call(*args, **kwargs)
[rank3]:            ^^^^^^^^^^^^^^^^^^^^^^^^^^^^^
[rank3]:   File "/data/conda_envs/qwen35/lib/python3.12/site-packages/transformers/models/qwen3/modeling_qwen3.py", line 332, in forward
[rank3]:     hidden_states = self.mlp(hidden_states)
[rank3]:                     ^^^^^^^^^^^^^^^^^^^^^^^
[rank3]:   File "/data/conda_envs/qwen35/lib/python3.12/site-packages/torch/nn/modules/module.py", line 1779, in _wrapped_call_impl
[rank3]:     return self._call_impl(*args, **kwargs)
[rank3]:            ^^^^^^^^^^^^^^^^^^^^^^^^^^^^^^^^
[rank3]:   File "/data/conda_envs/qwen35/lib/python3.12/site-packages/torch/nn/modules/module.py", line 1790, in _call_impl
[rank3]:     return forward_call(*args, **kwargs)
[rank3]:            ^^^^^^^^^^^^^^^^^^^^^^^^^^^^^
[rank3]:   File "/data/conda_envs/qwen35/lib/python3.12/site-packages/transformers/models/qwen3/modeling_qwen3.py", line 82, in forward
[rank3]:     down_proj = self.down_proj(self.act_fn(self.gate_proj(x)) * self.up_proj(x))
[rank3]:                                ~~~~~~~~~~~~~~~~~~~~~~~~~~~~~~~^~~~~~~~~~~~~~~~~
[rank3]: torch.OutOfMemoryError: CUDA out of memory. Tried to allocate 200.00 MiB. GPU 3 has a total capacity of 79.25 GiB of which 122.25 MiB is free. Process 467710 has 73.42 GiB memory in use. Including non-PyTorch memory, this process has 5.68 GiB memory in use. Of the allocated memory 4.26 GiB is allocated by PyTorch, and 518.96 MiB is reserved by PyTorch but unallocated. If reserved but unallocated memory is large try setting PYTORCH_CUDA_ALLOC_CONF=expandable_segments:True to avoid fragmentation.  See documentation for Memory Management  (https://docs.pytorch.org/docs/stable/notes/cuda.html#optimizing-memory-usage-with-pytorch-cuda-alloc-conf)
[rank4]: Traceback (most recent call last):
[rank4]:   File "/data/wangyuheng/jca/scripts/sft_train.py", line 541, in <module>
[rank4]:     main()
[rank4]:   File "/data/wangyuheng/jca/scripts/sft_train.py", line 512, in main
[rank4]:     train_result = trainer.train()
[rank4]:                    ^^^^^^^^^^^^^^^
[rank4]:   File "/data/conda_envs/qwen35/lib/python3.12/site-packages/transformers/trainer.py", line 1427, in train
[rank4]:     return inner_training_loop(
[rank4]:            ^^^^^^^^^^^^^^^^^^^^
[rank4]:   File "/data/conda_envs/qwen35/lib/python3.12/site-packages/transformers/trainer.py", line 1509, in _inner_training_loop
[rank4]:     self._run_epoch(
[rank4]:   File "/data/conda_envs/qwen35/lib/python3.12/site-packages/transformers/trainer.py", line 1737, in _run_epoch
[rank4]:     tr_loss_step = self.training_step(model, inputs, num_items_in_batch)
[rank4]:                    ^^^^^^^^^^^^^^^^^^^^^^^^^^^^^^^^^^^^^^^^^^^^^^^^^^^^^
[rank4]:   File "/data/conda_envs/qwen35/lib/python3.12/site-packages/transformers/trainer.py", line 1909, in training_step
[rank4]:     loss = self.compute_loss(model, inputs, num_items_in_batch=num_items_in_batch)
[rank4]:            ^^^^^^^^^^^^^^^^^^^^^^^^^^^^^^^^^^^^^^^^^^^^^^^^^^^^^^^^^^^^^^^^^^^^^^^
[rank4]:   File "/data/conda_envs/qwen35/lib/python3.12/site-packages/transformers/trainer.py", line 1981, in compute_loss
[rank4]:     outputs = model(**inputs)
[rank4]:               ^^^^^^^^^^^^^^^
[rank4]:   File "/data/conda_envs/qwen35/lib/python3.12/site-packages/torch/nn/modules/module.py", line 1779, in _wrapped_call_impl
[rank4]:     return self._call_impl(*args, **kwargs)
[rank4]:            ^^^^^^^^^^^^^^^^^^^^^^^^^^^^^^^^
[rank4]:   File "/data/conda_envs/qwen35/lib/python3.12/site-packages/torch/nn/modules/module.py", line 1790, in _call_impl
[rank4]:     return forward_call(*args, **kwargs)
[rank4]:            ^^^^^^^^^^^^^^^^^^^^^^^^^^^^^
[rank4]:   File "/data/conda_envs/qwen35/lib/python3.12/site-packages/torch/nn/parallel/distributed.py", line 1699, in forward
[rank4]:     else self._run_ddp_forward(*inputs, **kwargs)
[rank4]:          ^^^^^^^^^^^^^^^^^^^^^^^^^^^^^^^^^^^^^^^^
[rank4]:   File "/data/conda_envs/qwen35/lib/python3.12/site-packages/torch/nn/parallel/distributed.py", line 1524, in _run_ddp_forward
[rank4]:     return self.module(*inputs, **kwargs)  # type: ignore[index]
[rank4]:            ^^^^^^^^^^^^^^^^^^^^^^^^^^^^^^
[rank4]:   File "/data/conda_envs/qwen35/lib/python3.12/site-packages/torch/nn/modules/module.py", line 1779, in _wrapped_call_impl
[rank4]:     return self._call_impl(*args, **kwargs)
[rank4]:            ^^^^^^^^^^^^^^^^^^^^^^^^^^^^^^^^
[rank4]:   File "/data/conda_envs/qwen35/lib/python3.12/site-packages/torch/nn/modules/module.py", line 1790, in _call_impl
[rank4]:     return forward_call(*args, **kwargs)
[rank4]:            ^^^^^^^^^^^^^^^^^^^^^^^^^^^^^
[rank4]:   File "/data/conda_envs/qwen35/lib/python3.12/site-packages/accelerate/utils/operations.py", line 823, in forward
[rank4]:     return model_forward(*args, **kwargs)
[rank4]:            ^^^^^^^^^^^^^^^^^^^^^^^^^^^^^^
[rank4]:   File "/data/conda_envs/qwen35/lib/python3.12/site-packages/accelerate/utils/operations.py", line 811, in __call__
[rank4]:     return convert_to_fp32(self.model_forward(*args, **kwargs))
[rank4]:                            ^^^^^^^^^^^^^^^^^^^^^^^^^^^^^^^^^^^
[rank4]:   File "/data/conda_envs/qwen35/lib/python3.12/site-packages/torch/amp/autocast_mode.py", line 44, in decorate_autocast
[rank4]:     return func(*args, **kwargs)
[rank4]:            ^^^^^^^^^^^^^^^^^^^^^
[rank4]:   File "/data/conda_envs/qwen35/lib/python3.12/site-packages/peft/peft_model.py", line 1993, in forward
[rank4]:     return self.base_model(
[rank4]:            ^^^^^^^^^^^^^^^^
[rank4]:   File "/data/conda_envs/qwen35/lib/python3.12/site-packages/torch/nn/modules/module.py", line 1779, in _wrapped_call_impl
[rank4]:     return self._call_impl(*args, **kwargs)
[rank4]:            ^^^^^^^^^^^^^^^^^^^^^^^^^^^^^^^^
[rank4]:   File "/data/conda_envs/qwen35/lib/python3.12/site-packages/torch/nn/modules/module.py", line 1790, in _call_impl
[rank4]:     return forward_call(*args, **kwargs)
[rank4]:            ^^^^^^^^^^^^^^^^^^^^^^^^^^^^^
[rank4]:   File "/data/conda_envs/qwen35/lib/python3.12/site-packages/peft/tuners/tuners_utils.py", line 330, in forward
[rank4]:     return self.model.forward(*args, **kwargs)
[rank4]:            ^^^^^^^^^^^^^^^^^^^^^^^^^^^^^^^^^^^
[rank4]:   File "/data/conda_envs/qwen35/lib/python3.12/site-packages/transformers/utils/generic.py", line 900, in wrapper
[rank4]:     output = func(self, *args, **kwargs)
[rank4]:              ^^^^^^^^^^^^^^^^^^^^^^^^^^^
[rank4]:   File "/data/conda_envs/qwen35/lib/python3.12/site-packages/transformers/models/qwen3/modeling_qwen3.py", line 492, in forward
[rank4]:     outputs: BaseModelOutputWithPast = self.model(
[rank4]:                                        ^^^^^^^^^^^
[rank4]:   File "/data/conda_envs/qwen35/lib/python3.12/site-packages/torch/nn/modules/module.py", line 1779, in _wrapped_call_impl
[rank4]:     return self._call_impl(*args, **kwargs)
[rank4]:            ^^^^^^^^^^^^^^^^^^^^^^^^^^^^^^^^
[rank4]:   File "/data/conda_envs/qwen35/lib/python3.12/site-packages/torch/nn/modules/module.py", line 1790, in _call_impl
[rank4]:     return forward_call(*args, **kwargs)
[rank4]:            ^^^^^^^^^^^^^^^^^^^^^^^^^^^^^
[rank4]:   File "/data/conda_envs/qwen35/lib/python3.12/site-packages/transformers/utils/generic.py", line 976, in wrapper
[rank4]:     output = func(self, *args, **kwargs)
[rank4]:              ^^^^^^^^^^^^^^^^^^^^^^^^^^^
[rank4]:   File "/data/conda_envs/qwen35/lib/python3.12/site-packages/transformers/utils/output_capturing.py", line 248, in wrapper
[rank4]:     outputs = func(self, *args, **kwargs)
[rank4]:               ^^^^^^^^^^^^^^^^^^^^^^^^^^^
[rank4]:   File "/data/conda_envs/qwen35/lib/python3.12/site-packages/transformers/models/qwen3/modeling_qwen3.py", line 424, in forward
[rank4]:     hidden_states = decoder_layer(
[rank4]:                     ^^^^^^^^^^^^^^
[rank4]:   File "/data/conda_envs/qwen35/lib/python3.12/site-packages/transformers/modeling_layers.py", line 92, in __call__
[rank4]:     return self._gradient_checkpointing_func(partial(super().__call__, **kwargs), *args)
[rank4]:            ^^^^^^^^^^^^^^^^^^^^^^^^^^^^^^^^^^^^^^^^^^^^^^^^^^^^^^^^^^^^^^^^^^^^^^^^^^^^^
[rank4]:   File "/data/conda_envs/qwen35/lib/python3.12/site-packages/torch/_compile.py", line 54, in inner
[rank4]:     return disable_fn(*args, **kwargs)
[rank4]:            ^^^^^^^^^^^^^^^^^^^^^^^^^^^
[rank4]:   File "/data/conda_envs/qwen35/lib/python3.12/site-packages/torch/_dynamo/eval_frame.py", line 1263, in _fn
[rank4]:     return fn(*args, **kwargs)
[rank4]:            ^^^^^^^^^^^^^^^^^^^
[rank4]:   File "/data/conda_envs/qwen35/lib/python3.12/site-packages/torch/utils/checkpoint.py", line 512, in checkpoint
[rank4]:     ret = function(*args, **kwargs)
[rank4]:           ^^^^^^^^^^^^^^^^^^^^^^^^^
[rank4]:   File "/data/conda_envs/qwen35/lib/python3.12/site-packages/torch/nn/modules/module.py", line 1779, in _wrapped_call_impl
[rank4]:     return self._call_impl(*args, **kwargs)
[rank4]:            ^^^^^^^^^^^^^^^^^^^^^^^^^^^^^^^^
[rank4]:   File "/data/conda_envs/qwen35/lib/python3.12/site-packages/torch/nn/modules/module.py", line 1790, in _call_impl
[rank4]:     return forward_call(*args, **kwargs)
[rank4]:            ^^^^^^^^^^^^^^^^^^^^^^^^^^^^^
[rank4]:   File "/data/conda_envs/qwen35/lib/python3.12/site-packages/transformers/models/qwen3/modeling_qwen3.py", line 318, in forward
[rank4]:     hidden_states, _ = self.self_attn(
[rank4]:                        ^^^^^^^^^^^^^^^
[rank4]:   File "/data/conda_envs/qwen35/lib/python3.12/site-packages/torch/nn/modules/module.py", line 1779, in _wrapped_call_impl
[rank4]:     return self._call_impl(*args, **kwargs)
[rank4]:            ^^^^^^^^^^^^^^^^^^^^^^^^^^^^^^^^
[rank4]:   File "/data/conda_envs/qwen35/lib/python3.12/site-packages/torch/nn/modules/module.py", line 1790, in _call_impl
[rank4]:     return forward_call(*args, **kwargs)
[rank4]:            ^^^^^^^^^^^^^^^^^^^^^^^^^^^^^
[rank4]:   File "/data/conda_envs/qwen35/lib/python3.12/site-packages/transformers/models/qwen3/modeling_qwen3.py", line 277, in forward
[rank4]:     attn_output, attn_weights = attention_interface(
[rank4]:                                 ^^^^^^^^^^^^^^^^^^^^
[rank4]:   File "/data/conda_envs/qwen35/lib/python3.12/site-packages/transformers/integrations/sdpa_attention.py", line 92, in sdpa_attention_forward
[rank4]:     attn_output = torch.nn.functional.scaled_dot_product_attention(
[rank4]:                   ^^^^^^^^^^^^^^^^^^^^^^^^^^^^^^^^^^^^^^^^^^^^^^^^^
[rank4]: torch.OutOfMemoryError: CUDA out of memory. Tried to allocate 158.00 MiB. GPU 4 has a total capacity of 79.25 GiB of which 62.19 MiB is free. Process 467721 has 73.44 GiB memory in use. Including non-PyTorch memory, this process has 5.72 GiB memory in use. Of the allocated memory 4.34 GiB is allocated by PyTorch, and 488.33 MiB is reserved by PyTorch but unallocated. If reserved but unallocated memory is large try setting PYTORCH_CUDA_ALLOC_CONF=expandable_segments:True to avoid fragmentation.  See documentation for Memory Management  (https://docs.pytorch.org/docs/stable/notes/cuda.html#optimizing-memory-usage-with-pytorch-cuda-alloc-conf)
[rank5]: Traceback (most recent call last):
[rank5]:   File "/data/wangyuheng/jca/scripts/sft_train.py", line 541, in <module>
[rank5]:     main()
[rank5]:   File "/data/wangyuheng/jca/scripts/sft_train.py", line 512, in main
[rank5]:     train_result = trainer.train()
[rank5]:                    ^^^^^^^^^^^^^^^
[rank5]:   File "/data/conda_envs/qwen35/lib/python3.12/site-packages/transformers/trainer.py", line 1427, in train
[rank5]:     return inner_training_loop(
[rank5]:            ^^^^^^^^^^^^^^^^^^^^
[rank5]:   File "/data/conda_envs/qwen35/lib/python3.12/site-packages/transformers/trainer.py", line 1509, in _inner_training_loop
[rank5]:     self._run_epoch(
[rank5]:   File "/data/conda_envs/qwen35/lib/python3.12/site-packages/transformers/trainer.py", line 1737, in _run_epoch
[rank5]:     tr_loss_step = self.training_step(model, inputs, num_items_in_batch)
[rank5]:                    ^^^^^^^^^^^^^^^^^^^^^^^^^^^^^^^^^^^^^^^^^^^^^^^^^^^^^
[rank5]:   File "/data/conda_envs/qwen35/lib/python3.12/site-packages/transformers/trainer.py", line 1909, in training_step
[rank5]:     loss = self.compute_loss(model, inputs, num_items_in_batch=num_items_in_batch)
[rank5]:            ^^^^^^^^^^^^^^^^^^^^^^^^^^^^^^^^^^^^^^^^^^^^^^^^^^^^^^^^^^^^^^^^^^^^^^^
[rank5]:   File "/data/conda_envs/qwen35/lib/python3.12/site-packages/transformers/trainer.py", line 1981, in compute_loss
[rank5]:     outputs = model(**inputs)
[rank5]:               ^^^^^^^^^^^^^^^
[rank5]:   File "/data/conda_envs/qwen35/lib/python3.12/site-packages/torch/nn/modules/module.py", line 1779, in _wrapped_call_impl
[rank5]:     return self._call_impl(*args, **kwargs)
[rank5]:            ^^^^^^^^^^^^^^^^^^^^^^^^^^^^^^^^
[rank5]:   File "/data/conda_envs/qwen35/lib/python3.12/site-packages/torch/nn/modules/module.py", line 1790, in _call_impl
[rank5]:     return forward_call(*args, **kwargs)
[rank5]:            ^^^^^^^^^^^^^^^^^^^^^^^^^^^^^
[rank5]:   File "/data/conda_envs/qwen35/lib/python3.12/site-packages/torch/nn/parallel/distributed.py", line 1699, in forward
[rank5]:     else self._run_ddp_forward(*inputs, **kwargs)
[rank5]:          ^^^^^^^^^^^^^^^^^^^^^^^^^^^^^^^^^^^^^^^^
[rank5]:   File "/data/conda_envs/qwen35/lib/python3.12/site-packages/torch/nn/parallel/distributed.py", line 1524, in _run_ddp_forward
[rank5]:     return self.module(*inputs, **kwargs)  # type: ignore[index]
[rank5]:            ^^^^^^^^^^^^^^^^^^^^^^^^^^^^^^
[rank5]:   File "/data/conda_envs/qwen35/lib/python3.12/site-packages/torch/nn/modules/module.py", line 1779, in _wrapped_call_impl
[rank5]:     return self._call_impl(*args, **kwargs)
[rank5]:            ^^^^^^^^^^^^^^^^^^^^^^^^^^^^^^^^
[rank5]:   File "/data/conda_envs/qwen35/lib/python3.12/site-packages/torch/nn/modules/module.py", line 1790, in _call_impl
[rank5]:     return forward_call(*args, **kwargs)
[rank5]:            ^^^^^^^^^^^^^^^^^^^^^^^^^^^^^
[rank5]:   File "/data/conda_envs/qwen35/lib/python3.12/site-packages/accelerate/utils/operations.py", line 823, in forward
[rank5]:     return model_forward(*args, **kwargs)
[rank5]:            ^^^^^^^^^^^^^^^^^^^^^^^^^^^^^^
[rank5]:   File "/data/conda_envs/qwen35/lib/python3.12/site-packages/accelerate/utils/operations.py", line 811, in __call__
[rank5]:     return convert_to_fp32(self.model_forward(*args, **kwargs))
[rank5]:                            ^^^^^^^^^^^^^^^^^^^^^^^^^^^^^^^^^^^
[rank5]:   File "/data/conda_envs/qwen35/lib/python3.12/site-packages/torch/amp/autocast_mode.py", line 44, in decorate_autocast
[rank5]:     return func(*args, **kwargs)
[rank5]:            ^^^^^^^^^^^^^^^^^^^^^
[rank5]:   File "/data/conda_envs/qwen35/lib/python3.12/site-packages/peft/peft_model.py", line 1993, in forward
[rank5]:     return self.base_model(
[rank5]:            ^^^^^^^^^^^^^^^^
[rank5]:   File "/data/conda_envs/qwen35/lib/python3.12/site-packages/torch/nn/modules/module.py", line 1779, in _wrapped_call_impl
[rank5]:     return self._call_impl(*args, **kwargs)
[rank5]:            ^^^^^^^^^^^^^^^^^^^^^^^^^^^^^^^^
[rank5]:   File "/data/conda_envs/qwen35/lib/python3.12/site-packages/torch/nn/modules/module.py", line 1790, in _call_impl
[rank5]:     return forward_call(*args, **kwargs)
[rank5]:            ^^^^^^^^^^^^^^^^^^^^^^^^^^^^^
[rank5]:   File "/data/conda_envs/qwen35/lib/python3.12/site-packages/peft/tuners/tuners_utils.py", line 330, in forward
[rank5]:     return self.model.forward(*args, **kwargs)
[rank5]:            ^^^^^^^^^^^^^^^^^^^^^^^^^^^^^^^^^^^
[rank5]:   File "/data/conda_envs/qwen35/lib/python3.12/site-packages/transformers/utils/generic.py", line 900, in wrapper
[rank5]:     output = func(self, *args, **kwargs)
[rank5]:              ^^^^^^^^^^^^^^^^^^^^^^^^^^^
[rank5]:   File "/data/conda_envs/qwen35/lib/python3.12/site-packages/transformers/models/qwen3/modeling_qwen3.py", line 492, in forward
[rank5]:     outputs: BaseModelOutputWithPast = self.model(
[rank5]:                                        ^^^^^^^^^^^
[rank5]:   File "/data/conda_envs/qwen35/lib/python3.12/site-packages/torch/nn/modules/module.py", line 1779, in _wrapped_call_impl
[rank5]:     return self._call_impl(*args, **kwargs)
[rank5]:            ^^^^^^^^^^^^^^^^^^^^^^^^^^^^^^^^
[rank5]:   File "/data/conda_envs/qwen35/lib/python3.12/site-packages/torch/nn/modules/module.py", line 1790, in _call_impl
[rank5]:     return forward_call(*args, **kwargs)
[rank5]:            ^^^^^^^^^^^^^^^^^^^^^^^^^^^^^
[rank5]:   File "/data/conda_envs/qwen35/lib/python3.12/site-packages/transformers/utils/generic.py", line 976, in wrapper
[rank5]:     output = func(self, *args, **kwargs)
[rank5]:              ^^^^^^^^^^^^^^^^^^^^^^^^^^^
[rank5]:   File "/data/conda_envs/qwen35/lib/python3.12/site-packages/transformers/utils/output_capturing.py", line 248, in wrapper
[rank5]:     outputs = func(self, *args, **kwargs)
[rank5]:               ^^^^^^^^^^^^^^^^^^^^^^^^^^^
[rank5]:   File "/data/conda_envs/qwen35/lib/python3.12/site-packages/transformers/models/qwen3/modeling_qwen3.py", line 424, in forward
[rank5]:     hidden_states = decoder_layer(
[rank5]:                     ^^^^^^^^^^^^^^
[rank5]:   File "/data/conda_envs/qwen35/lib/python3.12/site-packages/transformers/modeling_layers.py", line 92, in __call__
[rank5]:     return self._gradient_checkpointing_func(partial(super().__call__, **kwargs), *args)
[rank5]:            ^^^^^^^^^^^^^^^^^^^^^^^^^^^^^^^^^^^^^^^^^^^^^^^^^^^^^^^^^^^^^^^^^^^^^^^^^^^^^
[rank5]:   File "/data/conda_envs/qwen35/lib/python3.12/site-packages/torch/_compile.py", line 54, in inner
[rank5]:     return disable_fn(*args, **kwargs)
[rank5]:            ^^^^^^^^^^^^^^^^^^^^^^^^^^^
[rank5]:   File "/data/conda_envs/qwen35/lib/python3.12/site-packages/torch/_dynamo/eval_frame.py", line 1263, in _fn
[rank5]:     return fn(*args, **kwargs)
[rank5]:            ^^^^^^^^^^^^^^^^^^^
[rank5]:   File "/data/conda_envs/qwen35/lib/python3.12/site-packages/torch/utils/checkpoint.py", line 512, in checkpoint
[rank5]:     ret = function(*args, **kwargs)
[rank5]:           ^^^^^^^^^^^^^^^^^^^^^^^^^
[rank5]:   File "/data/conda_envs/qwen35/lib/python3.12/site-packages/torch/nn/modules/module.py", line 1779, in _wrapped_call_impl
[rank5]:     return self._call_impl(*args, **kwargs)
[rank5]:            ^^^^^^^^^^^^^^^^^^^^^^^^^^^^^^^^
[rank5]:   File "/data/conda_envs/qwen35/lib/python3.12/site-packages/torch/nn/modules/module.py", line 1790, in _call_impl
[rank5]:     return forward_call(*args, **kwargs)
[rank5]:            ^^^^^^^^^^^^^^^^^^^^^^^^^^^^^
[rank5]:   File "/data/conda_envs/qwen35/lib/python3.12/site-packages/transformers/models/qwen3/modeling_qwen3.py", line 318, in forward
[rank5]:     hidden_states, _ = self.self_attn(
[rank5]:                        ^^^^^^^^^^^^^^^
[rank5]:   File "/data/conda_envs/qwen35/lib/python3.12/site-packages/torch/nn/modules/module.py", line 1779, in _wrapped_call_impl
[rank5]:     return self._call_impl(*args, **kwargs)
[rank5]:            ^^^^^^^^^^^^^^^^^^^^^^^^^^^^^^^^
[rank5]:   File "/data/conda_envs/qwen35/lib/python3.12/site-packages/torch/nn/modules/module.py", line 1790, in _call_impl
[rank5]:     return forward_call(*args, **kwargs)
[rank5]:            ^^^^^^^^^^^^^^^^^^^^^^^^^^^^^
[rank5]:   File "/data/conda_envs/qwen35/lib/python3.12/site-packages/transformers/models/qwen3/modeling_qwen3.py", line 277, in forward
[rank5]:     attn_output, attn_weights = attention_interface(
[rank5]:                                 ^^^^^^^^^^^^^^^^^^^^
[rank5]:   File "/data/conda_envs/qwen35/lib/python3.12/site-packages/transformers/integrations/sdpa_attention.py", line 92, in sdpa_attention_forward
[rank5]:     attn_output = torch.nn.functional.scaled_dot_product_attention(
[rank5]:                   ^^^^^^^^^^^^^^^^^^^^^^^^^^^^^^^^^^^^^^^^^^^^^^^^^
[rank5]: torch.OutOfMemoryError: CUDA out of memory. Tried to allocate 246.00 MiB. GPU 5 has a total capacity of 79.25 GiB of which 176.19 MiB is free. Process 467722 has 73.44 GiB memory in use. Including non-PyTorch memory, this process has 5.61 GiB memory in use. Of the allocated memory 4.38 GiB is allocated by PyTorch, and 329.95 MiB is reserved by PyTorch but unallocated. If reserved but unallocated memory is large try setting PYTORCH_CUDA_ALLOC_CONF=expandable_segments:True to avoid fragmentation.  See documentation for Memory Management  (https://docs.pytorch.org/docs/stable/notes/cuda.html#optimizing-memory-usage-with-pytorch-cuda-alloc-conf)
[rank0]: Traceback (most recent call last):
[rank0]:   File "/data/wangyuheng/jca/scripts/sft_train.py", line 541, in <module>
[rank0]:     main()
[rank0]:   File "/data/wangyuheng/jca/scripts/sft_train.py", line 512, in main
[rank0]:     train_result = trainer.train()
[rank0]:                    ^^^^^^^^^^^^^^^
[rank0]:   File "/data/conda_envs/qwen35/lib/python3.12/site-packages/transformers/trainer.py", line 1427, in train
[rank0]:     return inner_training_loop(
[rank0]:            ^^^^^^^^^^^^^^^^^^^^
[rank0]:   File "/data/conda_envs/qwen35/lib/python3.12/site-packages/transformers/trainer.py", line 1509, in _inner_training_loop
[rank0]:     self._run_epoch(
[rank0]:   File "/data/conda_envs/qwen35/lib/python3.12/site-packages/transformers/trainer.py", line 1737, in _run_epoch
[rank0]:     tr_loss_step = self.training_step(model, inputs, num_items_in_batch)
[rank0]:                    ^^^^^^^^^^^^^^^^^^^^^^^^^^^^^^^^^^^^^^^^^^^^^^^^^^^^^
[rank0]:   File "/data/conda_envs/qwen35/lib/python3.12/site-packages/transformers/trainer.py", line 1909, in training_step
[rank0]:     loss = self.compute_loss(model, inputs, num_items_in_batch=num_items_in_batch)
[rank0]:            ^^^^^^^^^^^^^^^^^^^^^^^^^^^^^^^^^^^^^^^^^^^^^^^^^^^^^^^^^^^^^^^^^^^^^^^
[rank0]:   File "/data/conda_envs/qwen35/lib/python3.12/site-packages/transformers/trainer.py", line 1981, in compute_loss
[rank0]:     outputs = model(**inputs)
[rank0]:               ^^^^^^^^^^^^^^^
[rank0]:   File "/data/conda_envs/qwen35/lib/python3.12/site-packages/torch/nn/modules/module.py", line 1779, in _wrapped_call_impl
[rank0]:     return self._call_impl(*args, **kwargs)
[rank0]:            ^^^^^^^^^^^^^^^^^^^^^^^^^^^^^^^^
[rank0]:   File "/data/conda_envs/qwen35/lib/python3.12/site-packages/torch/nn/modules/module.py", line 1790, in _call_impl
[rank0]:     return forward_call(*args, **kwargs)
[rank0]:            ^^^^^^^^^^^^^^^^^^^^^^^^^^^^^
[rank0]:   File "/data/conda_envs/qwen35/lib/python3.12/site-packages/torch/nn/parallel/distributed.py", line 1699, in forward
[rank0]:     else self._run_ddp_forward(*inputs, **kwargs)
[rank0]:          ^^^^^^^^^^^^^^^^^^^^^^^^^^^^^^^^^^^^^^^^
[rank0]:   File "/data/conda_envs/qwen35/lib/python3.12/site-packages/torch/nn/parallel/distributed.py", line 1524, in _run_ddp_forward
[rank0]:     return self.module(*inputs, **kwargs)  # type: ignore[index]
[rank0]:            ^^^^^^^^^^^^^^^^^^^^^^^^^^^^^^
[rank0]:   File "/data/conda_envs/qwen35/lib/python3.12/site-packages/torch/nn/modules/module.py", line 1779, in _wrapped_call_impl
[rank0]:     return self._call_impl(*args, **kwargs)
[rank0]:            ^^^^^^^^^^^^^^^^^^^^^^^^^^^^^^^^
[rank0]:   File "/data/conda_envs/qwen35/lib/python3.12/site-packages/torch/nn/modules/module.py", line 1790, in _call_impl
[rank0]:     return forward_call(*args, **kwargs)
[rank0]:            ^^^^^^^^^^^^^^^^^^^^^^^^^^^^^
[rank0]:   File "/data/conda_envs/qwen35/lib/python3.12/site-packages/accelerate/utils/operations.py", line 823, in forward
[rank0]:     return model_forward(*args, **kwargs)
[rank0]:            ^^^^^^^^^^^^^^^^^^^^^^^^^^^^^^
[rank0]:   File "/data/conda_envs/qwen35/lib/python3.12/site-packages/accelerate/utils/operations.py", line 811, in __call__
[rank0]:     return convert_to_fp32(self.model_forward(*args, **kwargs))
[rank0]:                            ^^^^^^^^^^^^^^^^^^^^^^^^^^^^^^^^^^^
[rank0]:   File "/data/conda_envs/qwen35/lib/python3.12/site-packages/torch/amp/autocast_mode.py", line 44, in decorate_autocast
[rank0]:     return func(*args, **kwargs)
[rank0]:            ^^^^^^^^^^^^^^^^^^^^^
[rank0]:   File "/data/conda_envs/qwen35/lib/python3.12/site-packages/peft/peft_model.py", line 1993, in forward
[rank0]:     return self.base_model(
[rank0]:            ^^^^^^^^^^^^^^^^
[rank0]:   File "/data/conda_envs/qwen35/lib/python3.12/site-packages/torch/nn/modules/module.py", line 1779, in _wrapped_call_impl
[rank0]:     return self._call_impl(*args, **kwargs)
[rank0]:            ^^^^^^^^^^^^^^^^^^^^^^^^^^^^^^^^
[rank0]:   File "/data/conda_envs/qwen35/lib/python3.12/site-packages/torch/nn/modules/module.py", line 1790, in _call_impl
[rank0]:     return forward_call(*args, **kwargs)
[rank0]:            ^^^^^^^^^^^^^^^^^^^^^^^^^^^^^
[rank0]:   File "/data/conda_envs/qwen35/lib/python3.12/site-packages/peft/tuners/tuners_utils.py", line 330, in forward
[rank0]:     return self.model.forward(*args, **kwargs)
[rank0]:            ^^^^^^^^^^^^^^^^^^^^^^^^^^^^^^^^^^^
[rank0]:   File "/data/conda_envs/qwen35/lib/python3.12/site-packages/transformers/utils/generic.py", line 900, in wrapper
[rank0]:     output = func(self, *args, **kwargs)
[rank0]:              ^^^^^^^^^^^^^^^^^^^^^^^^^^^
[rank0]:   File "/data/conda_envs/qwen35/lib/python3.12/site-packages/transformers/models/qwen3/modeling_qwen3.py", line 492, in forward
[rank0]:     outputs: BaseModelOutputWithPast = self.model(
[rank0]:                                        ^^^^^^^^^^^
[rank0]:   File "/data/conda_envs/qwen35/lib/python3.12/site-packages/torch/nn/modules/module.py", line 1779, in _wrapped_call_impl
[rank0]:     return self._call_impl(*args, **kwargs)
[rank0]:            ^^^^^^^^^^^^^^^^^^^^^^^^^^^^^^^^
[rank0]:   File "/data/conda_envs/qwen35/lib/python3.12/site-packages/torch/nn/modules/module.py", line 1790, in _call_impl
[rank0]:     return forward_call(*args, **kwargs)
[rank0]:            ^^^^^^^^^^^^^^^^^^^^^^^^^^^^^
[rank0]:   File "/data/conda_envs/qwen35/lib/python3.12/site-packages/transformers/utils/generic.py", line 976, in wrapper
[rank0]:     output = func(self, *args, **kwargs)
[rank0]:              ^^^^^^^^^^^^^^^^^^^^^^^^^^^
[rank0]:   File "/data/conda_envs/qwen35/lib/python3.12/site-packages/transformers/utils/output_capturing.py", line 248, in wrapper
[rank0]:     outputs = func(self, *args, **kwargs)
[rank0]:               ^^^^^^^^^^^^^^^^^^^^^^^^^^^
[rank0]:   File "/data/conda_envs/qwen35/lib/python3.12/site-packages/transformers/models/qwen3/modeling_qwen3.py", line 424, in forward
[rank0]:     hidden_states = decoder_layer(
[rank0]:                     ^^^^^^^^^^^^^^
[rank0]:   File "/data/conda_envs/qwen35/lib/python3.12/site-packages/transformers/modeling_layers.py", line 92, in __call__
[rank0]:     return self._gradient_checkpointing_func(partial(super().__call__, **kwargs), *args)
[rank0]:            ^^^^^^^^^^^^^^^^^^^^^^^^^^^^^^^^^^^^^^^^^^^^^^^^^^^^^^^^^^^^^^^^^^^^^^^^^^^^^
[rank0]:   File "/data/conda_envs/qwen35/lib/python3.12/site-packages/torch/_compile.py", line 54, in inner
[rank0]:     return disable_fn(*args, **kwargs)
[rank0]:            ^^^^^^^^^^^^^^^^^^^^^^^^^^^
[rank0]:   File "/data/conda_envs/qwen35/lib/python3.12/site-packages/torch/_dynamo/eval_frame.py", line 1263, in _fn
[rank0]:     return fn(*args, **kwargs)
[rank0]:            ^^^^^^^^^^^^^^^^^^^
[rank0]:   File "/data/conda_envs/qwen35/lib/python3.12/site-packages/torch/utils/checkpoint.py", line 512, in checkpoint
[rank0]:     ret = function(*args, **kwargs)
[rank0]:           ^^^^^^^^^^^^^^^^^^^^^^^^^
[rank0]:   File "/data/conda_envs/qwen35/lib/python3.12/site-packages/torch/nn/modules/module.py", line 1779, in _wrapped_call_impl
[rank0]:     return self._call_impl(*args, **kwargs)
[rank0]:            ^^^^^^^^^^^^^^^^^^^^^^^^^^^^^^^^
[rank0]:   File "/data/conda_envs/qwen35/lib/python3.12/site-packages/torch/nn/modules/module.py", line 1790, in _call_impl
[rank0]:     return forward_call(*args, **kwargs)
[rank0]:            ^^^^^^^^^^^^^^^^^^^^^^^^^^^^^
[rank0]:   File "/data/conda_envs/qwen35/lib/python3.12/site-packages/transformers/models/qwen3/modeling_qwen3.py", line 332, in forward
[rank0]:     hidden_states = self.mlp(hidden_states)
[rank0]:                     ^^^^^^^^^^^^^^^^^^^^^^^
[rank0]:   File "/data/conda_envs/qwen35/lib/python3.12/site-packages/torch/nn/modules/module.py", line 1779, in _wrapped_call_impl
[rank0]:     return self._call_impl(*args, **kwargs)
[rank0]:            ^^^^^^^^^^^^^^^^^^^^^^^^^^^^^^^^
[rank0]:   File "/data/conda_envs/qwen35/lib/python3.12/site-packages/torch/nn/modules/module.py", line 1790, in _call_impl
[rank0]:     return forward_call(*args, **kwargs)
[rank0]:            ^^^^^^^^^^^^^^^^^^^^^^^^^^^^^
[rank0]:   File "/data/conda_envs/qwen35/lib/python3.12/site-packages/transformers/models/qwen3/modeling_qwen3.py", line 82, in forward
[rank0]:     down_proj = self.down_proj(self.act_fn(self.gate_proj(x)) * self.up_proj(x))
[rank0]:                                ~~~~~~~~~~~~~~~~~~~~~~~~~~~~~~~^~~~~~~~~~~~~~~~~
[rank0]: torch.OutOfMemoryError: CUDA out of memory. Tried to allocate 208.00 MiB. GPU 0 has a total capacity of 79.25 GiB of which 190.25 MiB is free. Process 467717 has 73.30 GiB memory in use. Including non-PyTorch memory, this process has 5.73 GiB memory in use. Of the allocated memory 4.43 GiB is allocated by PyTorch, and 395.27 MiB is reserved by PyTorch but unallocated. If reserved but unallocated memory is large try setting PYTORCH_CUDA_ALLOC_CONF=expandable_segments:True to avoid fragmentation.  See documentation for Memory Management  (https://docs.pytorch.org/docs/stable/notes/cuda.html#optimizing-memory-usage-with-pytorch-cuda-alloc-conf)
  0%|          | 0/135 [00:00<?, ?it/s]
[rank0]:[W706 18:46:57.047011707 ProcessGroupNCCL.cpp:1575] Warning: WARNING: destroy_process_group() was not called before program exit, which can leak resources. For more info, please see https://pytorch.org/docs/stable/distributed.html#shutdown (function operator())
W0706 18:46:57.904000 552860 site-packages/torch/distributed/elastic/multiprocessing/api.py:1012] Sending process 552980 closing signal SIGTERM
W0706 18:46:57.905000 552860 site-packages/torch/distributed/elastic/multiprocessing/api.py:1012] Sending process 552982 closing signal SIGTERM
W0706 18:46:57.906000 552860 site-packages/torch/distributed/elastic/multiprocessing/api.py:1012] Sending process 552983 closing signal SIGTERM
W0706 18:46:57.906000 552860 site-packages/torch/distributed/elastic/multiprocessing/api.py:1012] Sending process 552984 closing signal SIGTERM
W0706 18:46:57.907000 552860 site-packages/torch/distributed/elastic/multiprocessing/api.py:1012] Sending process 552985 closing signal SIGTERM
W0706 18:46:57.907000 552860 site-packages/torch/distributed/elastic/multiprocessing/api.py:1012] Sending process 552986 closing signal SIGTERM
W0706 18:46:57.908000 552860 site-packages/torch/distributed/elastic/multiprocessing/api.py:1012] Sending process 552987 closing signal SIGTERM
E0706 18:46:58.724000 552860 site-packages/torch/distributed/elastic/multiprocessing/api.py:986] failed (exitcode: 1) local_rank: 1 (pid: 552981) of binary: /data/conda_envs/qwen35/bin/python3.12
Traceback (most recent call last):
  File "/data/conda_envs/qwen35/bin/accelerate", line 6, in <module>
    sys.exit(main())
             ^^^^^^
  File "/data/conda_envs/qwen35/lib/python3.12/site-packages/accelerate/commands/accelerate_cli.py", line 50, in main
    args.func(args)
  File "/data/conda_envs/qwen35/lib/python3.12/site-packages/accelerate/commands/launch.py", line 1396, in launch_command
    multi_gpu_launcher(args)
  File "/data/conda_envs/qwen35/lib/python3.12/site-packages/accelerate/commands/launch.py", line 1023, in multi_gpu_launcher
    distrib_run.run(args)
  File "/data/conda_envs/qwen35/lib/python3.12/site-packages/torch/distributed/run.py", line 981, in run
    elastic_launch(
  File "/data/conda_envs/qwen35/lib/python3.12/site-packages/torch/distributed/launcher/api.py", line 170, in __call__
    return launch_agent(self._config, self._entrypoint, list(args))
           ^^^^^^^^^^^^^^^^^^^^^^^^^^^^^^^^^^^^^^^^^^^^^^^^^^^^^^^^
  File "/data/conda_envs/qwen35/lib/python3.12/site-packages/torch/distributed/launcher/api.py", line 317, in launch_agent
    raise ChildFailedError(
torch.distributed.elastic.multiprocessing.errors.ChildFailedError: 
============================================================
jca/scripts/sft_train.py FAILED
------------------------------------------------------------
Failures:
[1]:
  time      : 2026-07-06_18:46:58
  host      : d1n41a24g03
  rank      : 0 (local_rank: 0)
  exitcode  : -15 (pid: 552980)
  error_file: <N/A>
  traceback : Signal 15 (SIGTERM) received by PID 552980
[2]:
  time      : 2026-07-06_18:46:58
  host      : d1n41a24g03
  rank      : 2 (local_rank: 2)
  exitcode  : -15 (pid: 552982)
  error_file: <N/A>
  traceback : Signal 15 (SIGTERM) received by PID 552982
[3]:
  time      : 2026-07-06_18:46:58
  host      : d1n41a24g03
  rank      : 3 (local_rank: 3)
  exitcode  : 1 (pid: 552983)
  error_file: <N/A>
  traceback : To enable traceback see: https://pytorch.org/docs/stable/elastic/errors.html
[4]:
  time      : 2026-07-06_18:46:58
  host      : d1n41a24g03
  rank      : 4 (local_rank: 4)
  exitcode  : -15 (pid: 552984)
  error_file: <N/A>
  traceback : Signal 15 (SIGTERM) received by PID 552984
[5]:
  time      : 2026-07-06_18:46:58
  host      : d1n41a24g03
  rank      : 5 (local_rank: 5)
  exitcode  : -15 (pid: 552985)
  error_file: <N/A>
  traceback : Signal 15 (SIGTERM) received by PID 552985
[6]:
  time      : 2026-07-06_18:46:58
  host      : d1n41a24g03
  rank      : 6 (local_rank: 6)
  exitcode  : -15 (pid: 552986)
  error_file: <N/A>
  traceback : Signal 15 (SIGTERM) received by PID 552986
[7]:
  time      : 2026-07-06_18:46:58
  host      : d1n41a24g03
  rank      : 7 (local_rank: 7)
  exitcode  : 1 (pid: 552987)
  error_file: <N/A>
  traceback : To enable traceback see: https://pytorch.org/docs/stable/elastic/errors.html
------------------------------------------------------------
Root Cause (first observed failure):
[0]:
  time      : 2026-07-06_18:46:57
  host      : d1n41a24g03
  rank      : 1 (local_rank: 1)
  exitcode  : 1 (pid: 552981)
  error_file: <N/A>
  traceback : To enable traceback see: https://pytorch.org/docs/stable/elastic/errors.html
============================================================
================================================================
JCA SFT launcher
================================================================
PROJ_ROOT     = /data/wangyuheng
TRAJ_FILE     = <prebuilt>
TAG           = 0706v2
PREBUILT_DATA = /data/wangyuheng/jca/sft_data/v2
SFT_DATA_DIR  = /data/wangyuheng/jca/sft_data/v2
SFT_RUNS_DIR  = jca/sft_runs/0706v2
AGENTS        = A1 A2 A3
MODEL_A1      = /data/wangyuheng/models/Qwen3-1.7B
MODEL_A2      = /data/wangyuheng/models/Qwen3-4B
MODEL_A3      = /data/wangyuheng/models/Qwen3-8B
NUM_GPUS      = 8
MIXED_PREC    = bf16
NUM_EPOCHS    = 5
LR            = 2e-5
PER_DEV_BATCH = 2
GRAD_ACCUM    = 4
MAX_SEQ       = 4096
LORA_RANK     = 64
LORA_ALPHA    = 64
LORA_DROPOUT  = 0.05
LOAD_BEST     = 0
EVAL_FRACTION = 0.1
REPORT_TO     = tensorboard
EARLY_STOP    = 3
DL_WORKERS    = 0
================================================================

[preflight] Checking Python dependencies...
[preflight] OK: torch, transformers, accelerate, datasets, peft, tensorboard

[phase 1] Using prebuilt SFT data, skipping data build.
{
  "positive": 2689,
  "negative": 632,
  "total": 3321,
  "action_breakdown": {
    "confirm_stop": 1259,
    "handoff": 2060
  },
  "type_breakdown": {
    "positive": 2460,
    "negative_verifier": 632,
    "multiturn_confirm": 229
  }
}
================================================================
[phase 2] Training A1 — 3813 examples
  data: /data/wangyuheng/jca/sft_data/v2/all_agents.jsonl
  base: /data/wangyuheng/models/Qwen3-1.7B
  out:  jca/sft_runs/0706v2/A1
================================================================
The following values were not passed to `accelerate launch` and had defaults used instead:
	`--num_machines` was set to a value of `1`
	`--dynamo_backend` was set to a value of `'no'`
To avoid this warning pass in values for each of the problematic parameters or run `accelerate config`.
2026-07-06 18:51:21 [INFO] Agent: A1
2026-07-06 18:51:21 [INFO] Base model: /data/wangyuheng/models/Qwen3-1.7B
2026-07-06 18:51:21 [INFO] Data: /data/wangyuheng/jca/sft_data/v2/all_agents.jsonl
2026-07-06 18:51:21 [INFO] Output: jca/sft_runs/0706v2/A1
2026-07-06 18:51:21 [INFO] Loaded 3813 examples from /data/wangyuheng/jca/sft_data/v2/all_agents.jsonl
2026-07-06 18:51:21 [INFO] Split: train=3432, eval=381
2026-07-06 18:51:25 [INFO] Loading tokenizer + model...
[transformers] `torch_dtype` is deprecated! Use `dtype` instead!
[transformers] `torch_dtype` is deprecated! Use `dtype` instead!
[transformers] `torch_dtype` is deprecated! Use `dtype` instead!
[transformers] `torch_dtype` is deprecated! Use `dtype` instead!
[transformers] `torch_dtype` is deprecated! Use `dtype` instead!
[transformers] `torch_dtype` is deprecated! Use `dtype` instead!
[transformers] `torch_dtype` is deprecated! Use `dtype` instead!
Loading weights:   0%|          | 0/311 [00:00<?, ?it/s][transformers] `torch_dtype` is deprecated! Use `dtype` instead!
Loading weights:   0%|          | 0/311 [00:00<?, ?it/s]Loading weights: 100%|██████████| 311/311 [00:00<00:00, 10688.45it/s]
Loading weights:   0%|          | 0/311 [00:00<?, ?it/s]Loading weights:   0%|          | 0/311 [00:00<?, ?it/s]Loading weights: 100%|██████████| 311/311 [00:00<00:00, 13129.89it/s]
Loading weights: 100%|██████████| 311/311 [00:00<00:00, 13376.56it/s]
Loading weights:   0%|          | 0/311 [00:00<?, ?it/s]Loading weights: 100%|██████████| 311/311 [00:00<00:00, 13321.78it/s]
Loading weights:   0%|          | 0/311 [00:00<?, ?it/s]Loading weights:   0%|          | 0/311 [00:00<?, ?it/s]Loading weights: 100%|██████████| 311/311 [00:00<00:00, 12973.45it/s]
Loading weights:   0%|          | 0/311 [00:00<?, ?it/s]Loading weights: 100%|██████████| 311/311 [00:00<00:00, 13126.32it/s]
Loading weights: 100%|██████████| 311/311 [00:00<00:00, 12644.22it/s]
Loading weights: 100%|██████████| 311/311 [00:00<00:00, 13017.99it/s]
trainable params: 25,690,112 || all params: 1,746,265,088 || trainable%: 1.4711
2026-07-06 18:51:36 [INFO] Tokenizing train set...
2026-07-06 18:52:24 [INFO] Encoded 2627 examples; skipped 805 (too long or empty label).
2026-07-06 18:52:26 [INFO] Tokenizing eval set...
[transformers] warmup_ratio is deprecated and will be removed in v5.2. Use `warmup_steps` instead.
[transformers] `logging_dir` is deprecated and will be removed in v5.2. Please set `TENSORBOARD_LOGGING_DIR` instead.
[transformers] warmup_ratio is deprecated and will be removed in v5.2. Use `warmup_steps` instead.
[transformers] `logging_dir` is deprecated and will be removed in v5.2. Please set `TENSORBOARD_LOGGING_DIR` instead.
[transformers] The tokenizer has new PAD/BOS/EOS tokens that differ from the model config and generation config. The model config and generation config were aligned accordingly, being updated with the tokenizer's values. Updated tokens: {'bos_token_id': None, 'pad_token_id': 151643}.
[transformers] warmup_ratio is deprecated and will be removed in v5.2. Use `warmup_steps` instead.
[transformers] `logging_dir` is deprecated and will be removed in v5.2. Please set `TENSORBOARD_LOGGING_DIR` instead.
[transformers] warmup_ratio is deprecated and will be removed in v5.2. Use `warmup_steps` instead.
[transformers] `logging_dir` is deprecated and will be removed in v5.2. Please set `TENSORBOARD_LOGGING_DIR` instead.
[transformers] warmup_ratio is deprecated and will be removed in v5.2. Use `warmup_steps` instead.
[transformers] `logging_dir` is deprecated and will be removed in v5.2. Please set `TENSORBOARD_LOGGING_DIR` instead.
[transformers] warmup_ratio is deprecated and will be removed in v5.2. Use `warmup_steps` instead.
[transformers] `logging_dir` is deprecated and will be removed in v5.2. Please set `TENSORBOARD_LOGGING_DIR` instead.
[transformers] The tokenizer has new PAD/BOS/EOS tokens that differ from the model config and generation config. The model config and generation config were aligned accordingly, being updated with the tokenizer's values. Updated tokens: {'bos_token_id': None, 'pad_token_id': 151643}.
[transformers] The tokenizer has new PAD/BOS/EOS tokens that differ from the model config and generation config. The model config and generation config were aligned accordingly, being updated with the tokenizer's values. Updated tokens: {'bos_token_id': None, 'pad_token_id': 151643}.
[transformers] warmup_ratio is deprecated and will be removed in v5.2. Use `warmup_steps` instead.
[transformers] `logging_dir` is deprecated and will be removed in v5.2. Please set `TENSORBOARD_LOGGING_DIR` instead.
[transformers] The tokenizer has new PAD/BOS/EOS tokens that differ from the model config and generation config. The model config and generation config were aligned accordingly, being updated with the tokenizer's values. Updated tokens: {'bos_token_id': None, 'pad_token_id': 151643}.
[transformers] The tokenizer has new PAD/BOS/EOS tokens that differ from the model config and generation config. The model config and generation config were aligned accordingly, being updated with the tokenizer's values. Updated tokens: {'bos_token_id': None, 'pad_token_id': 151643}.
2026-07-06 18:52:31 [INFO] Encoded 296 examples; skipped 85 (too long or empty label).
[transformers] The tokenizer has new PAD/BOS/EOS tokens that differ from the model config and generation config. The model config and generation config were aligned accordingly, being updated with the tokenizer's values. Updated tokens: {'bos_token_id': None, 'pad_token_id': 151643}.
2026-07-06 18:52:31 [INFO] Dropped unsupported TrainingArguments for this transformers version: overwrite_output_dir
[transformers] warmup_ratio is deprecated and will be removed in v5.2. Use `warmup_steps` instead.
[transformers] `logging_dir` is deprecated and will be removed in v5.2. Please set `TENSORBOARD_LOGGING_DIR` instead.
[transformers] The tokenizer has new PAD/BOS/EOS tokens that differ from the model config and generation config. The model config and generation config were aligned accordingly, being updated with the tokenizer's values. Updated tokens: {'bos_token_id': None, 'pad_token_id': 151643}.
2026-07-06 18:52:32 [INFO] ======================================================================
2026-07-06 18:52:32 [INFO] Starting training
2026-07-06 18:52:32 [INFO] ======================================================================
[transformers] The tokenizer has new PAD/BOS/EOS tokens that differ from the model config and generation config. The model config and generation config were aligned accordingly, being updated with the tokenizer's values. Updated tokens: {'bos_token_id': None, 'pad_token_id': 151643}.
[transformers] Using EarlyStoppingCallback without load_best_model_at_end=True. Once training is finished, the best model will not be loaded automatically.
[transformers] Using EarlyStoppingCallback without load_best_model_at_end=True. Once training is finished, the best model will not be loaded automatically.
[transformers] Using EarlyStoppingCallback without load_best_model_at_end=True. Once training is finished, the best model will not be loaded automatically.
[transformers] Using EarlyStoppingCallback without load_best_model_at_end=True. Once training is finished, the best model will not be loaded automatically.
[transformers] Using EarlyStoppingCallback without load_best_model_at_end=True. Once training is finished, the best model will not be loaded automatically.
[transformers] Using EarlyStoppingCallback without load_best_model_at_end=True. Once training is finished, the best model will not be loaded automatically.
[transformers] Using EarlyStoppingCallback without load_best_model_at_end=True. Once training is finished, the best model will not be loaded automatically.
[transformers] Using EarlyStoppingCallback without load_best_model_at_end=True. Once training is finished, the best model will not be loaded automatically.
  0%|          | 0/210 [00:00<?, ?it/s]  0%|          | 1/210 [00:05<18:52,  5.42s/it]  1%|          | 2/210 [00:10<18:10,  5.24s/it]  1%|▏         | 3/210 [00:15<18:05,  5.25s/it]  2%|▏         | 4/210 [00:20<17:52,  5.20s/it]  2%|▏         | 5/210 [00:26<17:52,  5.23s/it]  3%|▎         | 6/210 [00:31<17:56,  5.28s/it]  3%|▎         | 7/210 [00:36<17:33,  5.19s/it]  4%|▍         | 8/210 [00:41<17:25,  5.17s/it]  4%|▍         | 9/210 [00:47<17:28,  5.22s/it]  5%|▍         | 10/210 [00:52<17:12,  5.16s/it]                                                {'loss': '1.628', 'grad_norm': '4.721', 'learning_rate': '1.636e-05', 'epoch': '0.2424'}
  5%|▍         | 10/210 [00:52<17:12,  5.16s/it]2026-07-06 18:53:26 [INFO] step 10  loss=1.6281  grad_norm=4.7207  learning_rate=0.0000  epoch=0.2424
  5%|▌         | 11/210 [00:57<16:57,  5.11s/it]  6%|▌         | 12/210 [01:02<17:09,  5.20s/it]  6%|▌         | 13/210 [01:08<17:38,  5.37s/it]  7%|▋         | 14/210 [01:13<17:21,  5.31s/it]  7%|▋         | 15/210 [01:18<17:07,  5.27s/it]  8%|▊         | 16/210 [01:23<16:47,  5.20s/it]  8%|▊         | 17/210 [01:28<16:30,  5.13s/it]  9%|▊         | 18/210 [01:34<16:59,  5.31s/it]  9%|▉         | 19/210 [01:39<16:35,  5.21s/it] 10%|▉         | 20/210 [01:44<16:20,  5.16s/it]                                                {'loss': '0.9036', 'grad_norm': '1.095', 'learning_rate': '1.992e-05', 'epoch': '0.4848'}
 10%|▉         | 20/210 [01:44<16:20,  5.16s/it]2026-07-06 18:54:18 [INFO] step 20  loss=0.9036  grad_norm=1.0954  learning_rate=0.0000  epoch=0.4848
 10%|█         | 21/210 [01:49<16:02,  5.09s/it] 10%|█         | 22/210 [01:54<15:48,  5.04s/it] 11%|█         | 23/210 [01:59<15:52,  5.10s/it] 11%|█▏        | 24/210 [02:04<15:39,  5.05s/it] 12%|█▏        | 25/210 [02:09<15:28,  5.02s/it] 12%|█▏        | 26/210 [02:14<15:21,  5.01s/it] 13%|█▎        | 27/210 [02:19<15:17,  5.01s/it] 13%|█▎        | 28/210 [02:24<15:08,  4.99s/it] 14%|█▍        | 29/210 [02:29<15:18,  5.08s/it] 14%|█▍        | 30/210 [02:34<15:13,  5.08s/it]                                                {'loss': '0.5538', 'grad_norm': '0.3448', 'learning_rate': '1.96e-05', 'epoch': '0.7273'}
 14%|█▍        | 30/210 [02:34<15:13,  5.08s/it]2026-07-06 18:55:08 [INFO] step 30  loss=0.5538  grad_norm=0.3448  learning_rate=0.0000  epoch=0.7273
 15%|█▍        | 31/210 [02:39<15:05,  5.06s/it] 15%|█▌        | 32/210 [02:44<14:58,  5.05s/it] 16%|█▌        | 33/210 [02:49<14:57,  5.07s/it] 16%|█▌        | 34/210 [02:54<14:59,  5.11s/it] 17%|█▋        | 35/210 [03:00<15:02,  5.16s/it] 17%|█▋        | 36/210 [03:05<14:48,  5.10s/it] 18%|█▊        | 37/210 [03:10<14:33,  5.05s/it] 18%|█▊        | 38/210 [03:15<14:32,  5.07s/it] 19%|█▊        | 39/210 [03:20<14:29,  5.08s/it] 19%|█▉        | 40/210 [03:25<14:26,  5.10s/it]                                                {'loss': '0.5149', 'grad_norm': '0.2822', 'learning_rate': '1.904e-05', 'epoch': '0.9697'}
 19%|█▉        | 40/210 [03:25<14:26,  5.10s/it]2026-07-06 18:55:59 [INFO] step 40  loss=0.5149  grad_norm=0.2822  learning_rate=0.0000  epoch=0.9697
 20%|█▉        | 41/210 [03:30<14:32,  5.16s/it] 20%|██        | 42/210 [03:32<11:14,  4.02s/it] 20%|██        | 43/210 [03:37<12:12,  4.38s/it] 21%|██        | 44/210 [03:42<12:47,  4.62s/it] 21%|██▏       | 45/210 [03:47<13:03,  4.75s/it] 22%|██▏       | 46/210 [03:52<13:13,  4.84s/it] 22%|██▏       | 47/210 [03:58<13:31,  4.98s/it] 23%|██▎       | 48/210 [04:02<13:24,  4.97s/it] 23%|██▎       | 49/210 [04:08<14:10,  5.29s/it] 24%|██▍       | 50/210 [04:14<13:57,  5.24s/it]                                                {'loss': '0.4824', 'grad_norm': '0.2129', 'learning_rate': '1.825e-05', 'epoch': '1.194'}
 24%|██▍       | 50/210 [04:14<13:57,  5.24s/it]2026-07-06 18:56:48 [INFO] step 50  loss=0.4824  grad_norm=0.2129  learning_rate=0.0000  epoch=1.1939
 24%|██▍       | 51/210 [04:19<13:47,  5.20s/it] 25%|██▍       | 52/210 [04:24<13:35,  5.16s/it] 25%|██▌       | 53/210 [04:29<13:33,  5.18s/it] 26%|██▌       | 54/210 [04:34<13:18,  5.12s/it] 26%|██▌       | 55/210 [04:39<13:09,  5.10s/it] 27%|██▋       | 56/210 [04:44<13:00,  5.07s/it] 27%|██▋       | 57/210 [04:49<12:57,  5.08s/it] 28%|██▊       | 58/210 [04:54<12:53,  5.09s/it] 28%|██▊       | 59/210 [04:59<12:41,  5.04s/it] 29%|██▊       | 60/210 [05:04<12:39,  5.06s/it]                                                {'loss': '0.4568', 'grad_norm': '0.1979', 'learning_rate': '1.726e-05', 'epoch': '1.436'}
 29%|██▊       | 60/210 [05:04<12:39,  5.06s/it]2026-07-06 18:57:38 [INFO] step 60  loss=0.4568  grad_norm=0.1979  learning_rate=0.0000  epoch=1.4364
 29%|██▉       | 61/210 [05:10<12:45,  5.14s/it] 30%|██▉       | 62/210 [05:15<12:35,  5.11s/it] 30%|███       | 63/210 [05:20<12:35,  5.14s/it] 30%|███       | 64/210 [05:25<12:23,  5.10s/it] 31%|███       | 65/210 [05:30<12:25,  5.14s/it] 31%|███▏      | 66/210 [05:35<12:21,  5.15s/it] 32%|███▏      | 67/210 [05:40<12:12,  5.12s/it] 32%|███▏      | 68/210 [05:45<12:09,  5.14s/it] 33%|███▎      | 69/210 [05:51<12:06,  5.15s/it] 33%|███▎      | 70/210 [05:56<11:55,  5.11s/it]                                                {'loss': '0.4561', 'grad_norm': '0.1931', 'learning_rate': '1.609e-05', 'epoch': '1.679'}
 33%|███▎      | 70/210 [05:56<11:55,  5.11s/it]2026-07-06 18:58:30 [INFO] step 70  loss=0.4561  grad_norm=0.1931  learning_rate=0.0000  epoch=1.6788
 34%|███▍      | 71/210 [06:01<11:47,  5.09s/it] 34%|███▍      | 72/210 [06:06<11:52,  5.16s/it] 35%|███▍      | 73/210 [06:11<11:45,  5.15s/it] 35%|███▌      | 74/210 [06:16<11:36,  5.12s/it] 36%|███▌      | 75/210 [06:21<11:34,  5.14s/it] 36%|███▌      | 76/210 [06:27<11:39,  5.22s/it] 37%|███▋      | 77/210 [06:32<11:22,  5.13s/it] 37%|███▋      | 78/210 [06:37<11:16,  5.12s/it] 38%|███▊      | 79/210 [06:42<11:13,  5.14s/it] 38%|███▊      | 80/210 [06:47<11:02,  5.09s/it]                                                {'loss': '0.4341', 'grad_norm': '0.2117', 'learning_rate': '1.477e-05', 'epoch': '1.921'}
 38%|███▊      | 80/210 [06:47<11:02,  5.09s/it]2026-07-06 18:59:21 [INFO] step 80  loss=0.4341  grad_norm=0.2117  learning_rate=0.0000  epoch=1.9212
 39%|███▊      | 81/210 [06:52<11:02,  5.14s/it] 39%|███▉      | 82/210 [06:58<11:03,  5.18s/it] 40%|███▉      | 83/210 [07:03<10:54,  5.15s/it] 40%|████      | 84/210 [07:04<08:25,  4.01s/it] 40%|████      | 85/210 [07:09<09:02,  4.34s/it] 41%|████      | 86/210 [07:14<09:26,  4.57s/it] 41%|████▏     | 87/210 [07:19<09:43,  4.74s/it] 42%|████▏     | 88/210 [07:24<09:52,  4.85s/it] 42%|████▏     | 89/210 [07:30<09:57,  4.94s/it] 43%|████▎     | 90/210 [07:35<10:01,  5.01s/it]                                                {'loss': '0.4274', 'grad_norm': '0.2067', 'learning_rate': '1.333e-05', 'epoch': '2.145'}
 43%|████▎     | 90/210 [07:35<10:01,  5.01s/it]2026-07-06 19:00:09 [INFO] step 90  loss=0.4274  grad_norm=0.2067  learning_rate=0.0000  epoch=2.1455
 43%|████▎     | 91/210 [07:40<10:04,  5.08s/it] 44%|████▍     | 92/210 [07:45<09:56,  5.05s/it] 44%|████▍     | 93/210 [07:50<09:53,  5.07s/it] 45%|████▍     | 94/210 [07:55<09:46,  5.05s/it] 45%|████▌     | 95/210 [08:00<09:47,  5.11s/it] 46%|████▌     | 96/210 [08:05<09:40,  5.09s/it] 46%|████▌     | 97/210 [08:11<09:35,  5.09s/it] 47%|████▋     | 98/210 [08:16<09:32,  5.11s/it] 47%|████▋     | 99/210 [08:21<09:23,  5.08s/it] 48%|████▊     | 100/210 [08:26<09:23,  5.12s/it]                                                 {'loss': '0.4203', 'grad_norm': '0.2089', 'learning_rate': '1.181e-05', 'epoch': '2.388'}
 48%|████▊     | 100/210 [08:26<09:23,  5.12s/it]2026-07-06 19:01:00 [INFO] step 100  loss=0.4203  grad_norm=0.2089  learning_rate=0.0000  epoch=2.3879

  0%|          | 0/19 [00:00<?, ?it/s][A
 11%|█         | 2/19 [00:00<00:02,  5.67it/s][A
 16%|█▌        | 3/19 [00:00<00:03,  4.01it/s][A
 21%|██        | 4/19 [00:01<00:04,  3.49it/s][A
 26%|██▋       | 5/19 [00:01<00:04,  3.21it/s][A
 32%|███▏      | 6/19 [00:01<00:04,  3.19it/s][A
 37%|███▋      | 7/19 [00:02<00:03,  3.09it/s][A
 42%|████▏     | 8/19 [00:02<00:03,  2.89it/s][A
 47%|████▋     | 9/19 [00:02<00:03,  2.93it/s][A
 53%|█████▎    | 10/19 [00:03<00:03,  2.98it/s][A
 58%|█████▊    | 11/19 [00:03<00:02,  2.83it/s][A
 63%|██████▎   | 12/19 [00:04<00:03,  2.04it/s][A
 68%|██████▊   | 13/19 [00:04<00:02,  2.17it/s][A
 74%|███████▎  | 14/19 [00:05<00:02,  2.34it/s][A
 79%|███████▉  | 15/19 [00:05<00:01,  2.47it/s][A
 84%|████████▍ | 16/19 [00:05<00:01,  2.54it/s][A
 89%|████████▉ | 17/19 [00:06<00:00,  2.63it/s][A
 95%|█████████▍| 18/19 [00:06<00:00,  2.71it/s][A
100%|██████████| 19/19 [00:06<00:00,  2.72it/s][A2026-07-06 19:01:14 [INFO] [eval-sample 0] step=100
  expected: {"reasoning": "Paragraph 8 states the Renaissance began 'seemingly in Italy', which aligns with the correction. The question refers to the era of 'first bass instruments' (paragraph 4) and links it to
  generated: <think>

{
  "reasoning": "Paragraph 8 states the Renaissance era began 'seemingly in Italy' (UK: /rɪˈneɪsəns/). Paragraph 5 mentions the Tikhaya Sosna River's mouth is in Voronezh Oblast. The question asks for the area where the mouth of the Tikhaya Sosna is located, which is Voronezh Oblast. Howev
2026-07-06 19:01:18 [INFO] [eval-sample 1] step=100
  expected: {
  "reasoning": "Paragraph 4 states Jan Å indel was born in the Bohemian town Hradec KrÃ¡lovÃ©. Paragraph 12 confirms Hradec KrÃ¡lovÃ© is in the Czech Republic. Thus, his birthplace country is Czech 
  generated: <think>

{
  "reasoning": "Paragraph 4 explicitly states Jan Šindel was born in Hradec Králové, a city in the Czech Republic. Paragraph 12 confirms Hradec Králové is in the Czech Republic. No conflicting information exists.",
  "tentative_answer": "Czech Republic",
  "action": "confirm_stop",
  "han
2026-07-06 19:01:23 [INFO] [eval-sample 2] step=100
  expected: {
  "reasoning": "Paragraph 3 explains that the term 'Indian' was applied to the Americas due to Columbus's belief that he had reached the East Indies. Paragraph 19 notes Portugal's exploration of the
  generated: <think>

{
  "reasoning": "Paragraph 3 states that Columbus applied 'Indian' to the Americas, mistaking them for the East Indies. Paragraph 19 mentions Portugal's exploration of the Atlantic, including the Canary Islands (west of Africa). The term 'Indian' originated from this misidentification, eve
2026-07-06 19:01:27 [INFO] [eval-sample 3] step=100
  expected: {"reasoning": "Kyeon Mi-ri attended Sejong University (paragraph 16). Paragraph 4 explicitly states that Sejong University is a private university. Therefore, the answer is confirmed as private univer
  generated: <think>

{
  "reasoning": "Paragraph 16 states Kyeon Mi-ri studied Dance at Sejong University. Paragraph 4 explicitly describes Sejong University as a 'private university' in South Korea. The question asks about the university type, not the institution's name.",
  "tentative_answer": "private univer
                                                 
                                               [A{'eval_loss': '0.4449', 'eval_runtime': '27', 'eval_samples_per_second': '10.96', 'eval_steps_per_second': '0.704', 'epoch': '2.388'}
 48%|████▊     | 100/210 [08:53<09:23,  5.12s/it]
100%|██████████| 19/19 [00:26<00:00,  2.72it/s][A2026-07-06 19:01:27 [INFO] step 100  eval_loss=0.4449  eval_runtime=27.0017  eval_samples_per_second=10.9620  eval_steps_per_second=0.7040  epoch=2.3879

                                               [A/data/conda_envs/qwen35/lib/python3.12/site-packages/torch/distributed/c10d_logger.py:83: UserWarning: barrier(): using the device under current context. You can specify `device_id` in `init_process_group` to mute this warning.
  return func(*args, **kwargs)
 48%|████▊     | 101/210 [08:59<24:21, 13.41s/it] 49%|████▊     | 102/210 [09:04<19:34, 10.88s/it] 49%|████▉     | 103/210 [09:09<16:18,  9.15s/it] 50%|████▉     | 104/210 [09:14<13:58,  7.91s/it] 50%|█████     | 105/210 [09:19<12:27,  7.12s/it] 50%|█████     | 106/210 [09:24<11:24,  6.58s/it] 51%|█████     | 107/210 [09:30<10:39,  6.21s/it] 51%|█████▏    | 108/210 [09:35<10:07,  5.96s/it] 52%|█████▏    | 109/210 [09:40<09:31,  5.66s/it] 52%|█████▏    | 110/210 [09:45<09:13,  5.54s/it]                                                 {'loss': '0.418', 'grad_norm': '0.1895', 'learning_rate': '1.024e-05', 'epoch': '2.63'}
 52%|█████▏    | 110/210 [09:45<09:13,  5.54s/it]2026-07-06 19:02:19 [INFO] step 110  loss=0.4180  grad_norm=0.1895  learning_rate=0.0000  epoch=2.6303
 53%|█████▎    | 111/210 [09:50<08:56,  5.42s/it] 53%|█████▎    | 112/210 [09:55<08:40,  5.31s/it] 54%|█████▍    | 113/210 [10:01<08:26,  5.22s/it] 54%|█████▍    | 114/210 [10:05<08:14,  5.15s/it] 55%|█████▍    | 115/210 [10:11<08:07,  5.13s/it] 55%|█████▌    | 116/210 [10:15<07:55,  5.06s/it] 56%|█████▌    | 117/210 [10:21<07:53,  5.09s/it] 56%|█████▌    | 118/210 [10:26<07:47,  5.08s/it] 57%|█████▋    | 119/210 [10:31<07:41,  5.07s/it] 57%|█████▋    | 120/210 [10:36<07:39,  5.10s/it]                                                 {'loss': '0.4174', 'grad_norm': '0.2171', 'learning_rate': '8.662e-06', 'epoch': '2.873'}
 57%|█████▋    | 120/210 [10:36<07:39,  5.10s/it]2026-07-06 19:03:10 [INFO] step 120  loss=0.4174  grad_norm=0.2171  learning_rate=0.0000  epoch=2.8727
 58%|█████▊    | 121/210 [10:41<07:35,  5.12s/it] 58%|█████▊    | 122/210 [10:46<07:30,  5.12s/it] 59%|█████▊    | 123/210 [10:51<07:26,  5.14s/it] 59%|█████▉    | 124/210 [10:57<07:22,  5.15s/it] 60%|█████▉    | 125/210 [11:02<07:17,  5.15s/it] 60%|██████    | 126/210 [11:03<05:36,  4.01s/it] 60%|██████    | 127/210 [11:08<06:03,  4.37s/it] 61%|██████    | 128/210 [11:13<06:17,  4.60s/it] 61%|██████▏   | 129/210 [11:18<06:24,  4.75s/it] 62%|██████▏   | 130/210 [11:23<06:25,  4.82s/it]                                                 {'loss': '0.4288', 'grad_norm': '0.2049', 'learning_rate': '7.121e-06', 'epoch': '3.097'}
 62%|██████▏   | 130/210 [11:24<06:25,  4.82s/it]2026-07-06 19:03:58 [INFO] step 130  loss=0.4288  grad_norm=0.2049  learning_rate=0.0000  epoch=3.0970
 62%|██████▏   | 131/210 [11:28<06:25,  4.88s/it] 63%|██████▎   | 132/210 [11:33<06:22,  4.90s/it] 63%|██████▎   | 133/210 [11:39<06:24,  5.00s/it] 64%|██████▍   | 134/210 [11:44<06:22,  5.03s/it] 64%|██████▍   | 135/210 [11:49<06:20,  5.08s/it] 65%|██████▍   | 136/210 [11:54<06:17,  5.11s/it] 65%|██████▌   | 137/210 [11:59<06:10,  5.08s/it] 66%|██████▌   | 138/210 [12:04<06:04,  5.06s/it] 66%|██████▌   | 139/210 [12:10<06:07,  5.18s/it] 67%|██████▋   | 140/210 [12:15<05:56,  5.09s/it]                                                 {'loss': '0.411', 'grad_norm': '0.1922', 'learning_rate': '5.651e-06', 'epoch': '3.339'}
 67%|██████▋   | 140/210 [12:15<05:56,  5.09s/it]2026-07-06 19:04:49 [INFO] step 140  loss=0.4110  grad_norm=0.1922  learning_rate=0.0000  epoch=3.3394
 67%|██████▋   | 141/210 [12:20<05:53,  5.12s/it] 68%|██████▊   | 142/210 [12:25<05:49,  5.13s/it] 68%|██████▊   | 143/210 [12:30<05:44,  5.14s/it] 69%|██████▊   | 144/210 [12:35<05:39,  5.14s/it] 69%|██████▉   | 145/210 [12:40<05:33,  5.13s/it] 70%|██████▉   | 146/210 [12:45<05:26,  5.11s/it] 70%|███████   | 147/210 [12:51<05:25,  5.16s/it] 70%|███████   | 148/210 [12:56<05:18,  5.13s/it] 71%|███████   | 149/210 [13:01<05:10,  5.09s/it] 71%|███████▏  | 150/210 [13:06<05:05,  5.09s/it]                                                 {'loss': '0.4011', 'grad_norm': '0.2242', 'learning_rate': '4.289e-06', 'epoch': '3.582'}
 71%|███████▏  | 150/210 [13:06<05:05,  5.09s/it]2026-07-06 19:05:40 [INFO] step 150  loss=0.4011  grad_norm=0.2242  learning_rate=0.0000  epoch=3.5818
 72%|███████▏  | 151/210 [13:11<04:57,  5.05s/it] 72%|███████▏  | 152/210 [13:16<04:53,  5.06s/it] 73%|███████▎  | 153/210 [13:21<04:49,  5.09s/it] 73%|███████▎  | 154/210 [13:26<04:46,  5.12s/it] 74%|███████▍  | 155/210 [13:31<04:39,  5.08s/it] 74%|███████▍  | 156/210 [13:36<04:33,  5.06s/it] 75%|███████▍  | 157/210 [13:41<04:28,  5.07s/it] 75%|███████▌  | 158/210 [13:46<04:25,  5.11s/it] 76%|███████▌  | 159/210 [13:52<04:20,  5.11s/it] 76%|███████▌  | 160/210 [13:57<04:15,  5.11s/it]                                                 {'loss': '0.3972', 'grad_norm': '0.2386', 'learning_rate': '3.07e-06', 'epoch': '3.824'}
 76%|███████▌  | 160/210 [13:57<04:15,  5.11s/it]2026-07-06 19:06:31 [INFO] step 160  loss=0.3972  grad_norm=0.2386  learning_rate=0.0000  epoch=3.8242
 77%|███████▋  | 161/210 [14:02<04:10,  5.11s/it] 77%|███████▋  | 162/210 [14:07<04:07,  5.15s/it] 78%|███████▊  | 163/210 [14:12<04:01,  5.15s/it] 78%|███████▊  | 164/210 [14:17<03:55,  5.12s/it] 79%|███████▊  | 165/210 [14:22<03:48,  5.07s/it] 79%|███████▉  | 166/210 [14:27<03:45,  5.12s/it] 80%|███████▉  | 167/210 [14:32<03:39,  5.10s/it] 80%|████████  | 168/210 [14:34<02:46,  3.96s/it] 80%|████████  | 169/210 [14:39<02:57,  4.34s/it] 81%|████████  | 170/210 [14:44<03:04,  4.62s/it]                                                 {'loss': '0.42', 'grad_norm': '0.2181', 'learning_rate': '2.023e-06', 'epoch': '4.048'}
 81%|████████  | 170/210 [14:44<03:04,  4.62s/it]2026-07-06 19:07:18 [INFO] step 170  loss=0.4200  grad_norm=0.2181  learning_rate=0.0000  epoch=4.0485
 81%|████████▏ | 171/210 [14:49<03:04,  4.73s/it] 82%|████████▏ | 172/210 [14:54<03:04,  4.85s/it] 82%|████████▏ | 173/210 [15:00<03:04,  4.98s/it] 83%|████████▎ | 174/210 [15:05<03:00,  5.00s/it] 83%|████████▎ | 175/210 [15:10<02:57,  5.07s/it] 84%|████████▍ | 176/210 [15:15<02:54,  5.14s/it] 84%|████████▍ | 177/210 [15:20<02:49,  5.13s/it] 85%|████████▍ | 178/210 [15:25<02:43,  5.11s/it] 85%|████████▌ | 179/210 [15:30<02:36,  5.06s/it] 86%|████████▌ | 180/210 [15:36<02:32,  5.10s/it]                                                 {'loss': '0.4156', 'grad_norm': '0.2202', 'learning_rate': '1.174e-06', 'epoch': '4.291'}
 86%|████████▌ | 180/210 [15:36<02:32,  5.10s/it]2026-07-06 19:08:10 [INFO] step 180  loss=0.4156  grad_norm=0.2202  learning_rate=0.0000  epoch=4.2909
 86%|████████▌ | 181/210 [15:41<02:27,  5.07s/it] 87%|████████▋ | 182/210 [15:46<02:21,  5.07s/it] 87%|████████▋ | 183/210 [15:51<02:17,  5.10s/it] 88%|████████▊ | 184/210 [15:56<02:12,  5.11s/it] 88%|████████▊ | 185/210 [16:01<02:07,  5.11s/it] 89%|████████▊ | 186/210 [16:06<02:02,  5.10s/it] 89%|████████▉ | 187/210 [16:11<01:56,  5.07s/it] 90%|████████▉ | 188/210 [16:16<01:52,  5.11s/it] 90%|█████████ | 189/210 [16:21<01:46,  5.07s/it] 90%|█████████ | 190/210 [16:26<01:41,  5.09s/it]                                                 {'loss': '0.4118', 'grad_norm': '0.2327', 'learning_rate': '5.445e-07', 'epoch': '4.533'}
 90%|█████████ | 190/210 [16:26<01:41,  5.09s/it]2026-07-06 19:09:01 [INFO] step 190  loss=0.4118  grad_norm=0.2327  learning_rate=0.0000  epoch=4.5333
 91%|█████████ | 191/210 [16:31<01:35,  5.03s/it] 91%|█████████▏| 192/210 [16:36<01:30,  5.03s/it] 92%|█████████▏| 193/210 [16:42<01:26,  5.09s/it] 92%|█████████▏| 194/210 [16:47<01:20,  5.06s/it] 93%|█████████▎| 195/210 [16:52<01:15,  5.04s/it] 93%|█████████▎| 196/210 [16:57<01:11,  5.12s/it] 94%|█████████▍| 197/210 [17:02<01:06,  5.12s/it] 94%|█████████▍| 198/210 [17:07<01:01,  5.15s/it] 95%|█████████▍| 199/210 [17:12<00:56,  5.14s/it] 95%|█████████▌| 200/210 [17:18<00:51,  5.16s/it]                                                 {'loss': '0.3849', 'grad_norm': '0.2149', 'learning_rate': '1.504e-07', 'epoch': '4.776'}
 95%|█████████▌| 200/210 [17:18<00:51,  5.16s/it]2026-07-06 19:09:52 [INFO] step 200  loss=0.3849  grad_norm=0.2149  learning_rate=0.0000  epoch=4.7758

  0%|          | 0/19 [00:00<?, ?it/s][A
 11%|█         | 2/19 [00:00<00:03,  5.67it/s][A
 16%|█▌        | 3/19 [00:00<00:03,  4.00it/s][A
 21%|██        | 4/19 [00:01<00:04,  3.48it/s][A
 26%|██▋       | 5/19 [00:01<00:04,  3.20it/s][A
 32%|███▏      | 6/19 [00:01<00:04,  3.18it/s][A
 37%|███▋      | 7/19 [00:02<00:03,  3.08it/s][A
 42%|████▏     | 8/19 [00:02<00:03,  2.89it/s][A
 47%|████▋     | 9/19 [00:02<00:03,  2.92it/s][A
 53%|█████▎    | 10/19 [00:03<00:03,  2.97it/s][A
 58%|█████▊    | 11/19 [00:03<00:02,  2.83it/s][A
 63%|██████▎   | 12/19 [00:03<00:02,  2.92it/s][A
 68%|██████▊   | 13/19 [00:04<00:02,  2.79it/s][A
 74%|███████▎  | 14/19 [00:04<00:01,  2.81it/s][A
 79%|███████▉  | 15/19 [00:04<00:01,  2.82it/s][A
 84%|████████▍ | 16/19 [00:05<00:01,  2.79it/s][A
 89%|████████▉ | 17/19 [00:05<00:00,  2.81it/s][A
 95%|█████████▍| 18/19 [00:05<00:00,  2.84it/s][A
100%|██████████| 19/19 [00:06<00:00,  2.81it/s][A2026-07-06 19:10:05 [INFO] [eval-sample 0] step=200
  expected: {"reasoning": "Paragraph 8 states the Renaissance began 'seemingly in Italy', which aligns with the correction. The question refers to the era of 'first bass instruments' (paragraph 4) and links it to
  generated: <think>

{
  "reasoning": "Paragraph 8 states the Renaissance began 'seemingly in Italy' (UK: /rɪˈneɪsəns/). Paragraph 1 mentions 'ass' instruments (possibly 'ass' as in 'ass' instruments) were used in the Renaissance era. The Tikhaya Sosna River's mouth is in Voronezh Oblast (paragraph 5), but the 
2026-07-06 19:10:09 [INFO] [eval-sample 1] step=200
  expected: {
  "reasoning": "Paragraph 4 states Jan Å indel was born in the Bohemian town Hradec KrÃ¡lovÃ©. Paragraph 12 confirms Hradec KrÃ¡lovÃ© is in the Czech Republic. Thus, his birthplace country is Czech 
  generated: <think>

{
  "reasoning": "Paragraph 4 explicitly states Jan Šindel was born in Hradec KrÃ¡lovÃ©, a city in the Czech Republic. Paragraph 12 confirms Hradec KrÃ¡lovÃ© is in the Czech Republic. No conflicting information exists.",
  "tentative_answer": "Czech Republic",
  "action": "confirm_stop",
  
2026-07-06 19:10:14 [INFO] [eval-sample 2] step=200
  expected: {
  "reasoning": "Paragraph 3 explains that the term 'Indian' was applied to the Americas due to Columbus's belief that he had reached the East Indies. Paragraph 19 notes Portugal's exploration of the
  generated: <think>

{
  "reasoning": "Paragraph 3 states that Columbus applied 'Indian' to the Americas, mistaking them for the East Indies. Paragraph 19 mentions Portugal's exploration of the Atlantic, including the Canary Islands (west of Africa). The term 'Indian' originated from this misidentification, eve
2026-07-06 19:10:18 [INFO] [eval-sample 3] step=200
  expected: {"reasoning": "Kyeon Mi-ri attended Sejong University (paragraph 16). Paragraph 4 explicitly states that Sejong University is a private university. Therefore, the answer is confirmed as private univer
  generated: <think>

{
  "reasoning": "Paragraph 16 states Kyeon Mi-ri studied Dance at Sejong University. Paragraph 4 explicitly describes Sejong University as a 'private university' in South Korea. The question asks about the university type, not the institution's name.",
  "tentative_answer": "private univer
                                                 
                                               [A{'eval_loss': '0.4276', 'eval_runtime': '26.76', 'eval_samples_per_second': '11.06', 'eval_steps_per_second': '0.71', 'epoch': '4.776'}
 95%|█████████▌| 200/210 [17:44<00:51,  5.16s/it]
100%|██████████| 19/19 [00:26<00:00,  2.81it/s][A2026-07-06 19:10:18 [INFO] step 200  eval_loss=0.4276  eval_runtime=26.7562  eval_samples_per_second=11.0630  eval_steps_per_second=0.7100  epoch=4.7758

                                               [A/data/conda_envs/qwen35/lib/python3.12/site-packages/torch/distributed/c10d_logger.py:83: UserWarning: barrier(): using the device under current context. You can specify `device_id` in `init_process_group` to mute this warning.
  return func(*args, **kwargs)
 96%|█████████▌| 201/210 [17:50<02:00, 13.42s/it] 96%|█████████▌| 202/210 [17:55<01:27, 10.93s/it] 97%|█████████▋| 203/210 [18:00<01:04,  9.20s/it] 97%|█████████▋| 204/210 [18:06<00:47,  7.97s/it] 98%|█████████▊| 205/210 [18:11<00:35,  7.16s/it] 98%|█████████▊| 206/210 [18:16<00:26,  6.60s/it] 99%|█████████▊| 207/210 [18:21<00:18,  6.13s/it] 99%|█████████▉| 208/210 [18:26<00:11,  5.78s/it]100%|█████████▉| 209/210 [18:31<00:05,  5.57s/it]100%|██████████| 210/210 [18:33<00:00,  4.30s/it]                                                 {'loss': '0.3849', 'grad_norm': '0.3673', 'learning_rate': '1.246e-09', 'epoch': '5'}
100%|██████████| 210/210 [18:33<00:00,  4.30s/it]2026-07-06 19:11:07 [INFO] step 210  loss=0.3849  grad_norm=0.3673  learning_rate=0.0000  epoch=5.0000

  0%|          | 0/19 [00:00<?, ?it/s][A
 11%|█         | 2/19 [00:00<00:02,  5.70it/s][A
 16%|█▌        | 3/19 [00:00<00:03,  4.00it/s][A
 21%|██        | 4/19 [00:01<00:04,  3.48it/s][A
 26%|██▋       | 5/19 [00:01<00:04,  3.21it/s][A
 32%|███▏      | 6/19 [00:01<00:04,  3.19it/s][A
 37%|███▋      | 7/19 [00:02<00:03,  3.09it/s][A
 42%|████▏     | 8/19 [00:02<00:03,  2.89it/s][A
 47%|████▋     | 9/19 [00:02<00:03,  2.93it/s][A
 53%|█████▎    | 10/19 [00:03<00:03,  2.97it/s][A
 58%|█████▊    | 11/19 [00:03<00:02,  2.83it/s][A
 63%|██████▎   | 12/19 [00:03<00:02,  2.93it/s][A
 68%|██████▊   | 13/19 [00:04<00:02,  2.80it/s][A
 74%|███████▎  | 14/19 [00:04<00:01,  2.76it/s][A
 79%|███████▉  | 15/19 [00:04<00:01,  2.77it/s][A
 84%|████████▍ | 16/19 [00:05<00:01,  2.76it/s][A
 89%|████████▉ | 17/19 [00:05<00:00,  2.78it/s][A
 95%|█████████▍| 18/19 [00:06<00:00,  2.82it/s][A
100%|██████████| 19/19 [00:06<00:00,  2.80it/s][A2026-07-06 19:11:20 [INFO] [eval-sample 0] step=210
  expected: {"reasoning": "Paragraph 8 states the Renaissance began 'seemingly in Italy', which aligns with the correction. The question refers to the era of 'first bass instruments' (paragraph 4) and links it to
  generated: <think>

{
  "reasoning": "Paragraph 8 states the Renaissance began 'seemingly in Italy' (UK: /rɪˈneɪsəns/). Paragraph 1 mentions 'ass' instruments (possibly 'ass' as in 'ass' instruments) were used in the Renaissance era. The Tikhaya Sosna River's mouth is in Voronezh Oblast (paragraph 5), but the 
2026-07-06 19:11:24 [INFO] [eval-sample 1] step=210
  expected: {
  "reasoning": "Paragraph 4 states Jan Å indel was born in the Bohemian town Hradec KrÃ¡lovÃ©. Paragraph 12 confirms Hradec KrÃ¡lovÃ© is in the Czech Republic. Thus, his birthplace country is Czech 
  generated: <think>

{
  "reasoning": "Paragraph 4 explicitly states Jan Šindel was born in Hradec KrÃ¡lovÃ©, a city in the Czech Republic. Paragraph 12 confirms Hradec KrÃ¡lovÃ© is in the Czech Republic. No conflicting information exists.",
  "tentative_answer": "Czech Republic",
  "action": "confirm_stop",
  
2026-07-06 19:11:29 [INFO] [eval-sample 2] step=210
  expected: {
  "reasoning": "Paragraph 3 explains that the term 'Indian' was applied to the Americas due to Columbus's belief that he had reached the East Indies. Paragraph 19 notes Portugal's exploration of the
  generated: <think>

{
  "reasoning": "Paragraph 3 states that Columbus applied 'Indian' to the Americas, mistaking them for the East Indies. Paragraph 19 mentions Portugal's exploration of the Atlantic, including the Canary Islands (west of Africa). The term 'Indian' originated from this misidentification, eve
2026-07-06 19:11:33 [INFO] [eval-sample 3] step=210
  expected: {"reasoning": "Kyeon Mi-ri attended Sejong University (paragraph 16). Paragraph 4 explicitly states that Sejong University is a private university. Therefore, the answer is confirmed as private univer
  generated: <think>

{
  "reasoning": "Paragraph 16 states Kyeon Mi-ri studied Dance at Sejong University. Paragraph 4 explicitly describes Sejong University as a 'private university' in South Korea. The question asks about the university type, not the institution's name.",
  "tentative_answer": "private univer
                                                 
                                               [A{'eval_loss': '0.4275', 'eval_runtime': '26.77', 'eval_samples_per_second': '11.06', 'eval_steps_per_second': '0.71', 'epoch': '5'}
100%|██████████| 210/210 [18:59<00:00,  4.30s/it]
100%|██████████| 19/19 [00:26<00:00,  2.80it/s][A2026-07-06 19:11:33 [INFO] step 210  eval_loss=0.4275  eval_runtime=26.7689  eval_samples_per_second=11.0580  eval_steps_per_second=0.7100  epoch=5.0000

                                               [A/data/conda_envs/qwen35/lib/python3.12/site-packages/torch/distributed/c10d_logger.py:83: UserWarning: barrier(): using the device under current context. You can specify `device_id` in `init_process_group` to mute this warning.
  return func(*args, **kwargs)
                                                 {'train_runtime': '1140', 'train_samples_per_second': '11.52', 'train_steps_per_second': '0.184', 'train_loss': '0.5128', 'epoch': '5'}
100%|██████████| 210/210 [19:00<00:00,  4.30s/it]2026-07-06 19:11:34 [INFO] step 210  train_runtime=1140.4734  train_samples_per_second=11.5170  train_steps_per_second=0.1840  total_flos=418803272497758208.0000  train_loss=0.5128  epoch=5.0000
100%|██████████| 210/210 [19:00<00:00,  5.43s/it]
2026-07-06 19:11:34 [INFO] Final model saved to jca/sft_runs/0706v2/A1/final
  0%|          | 0/19 [00:00<?, ?it/s] 11%|█         | 2/19 [00:00<00:02,  6.12it/s] 16%|█▌        | 3/19 [00:00<00:03,  4.13it/s] 21%|██        | 4/19 [00:01<00:04,  3.55it/s] 26%|██▋       | 5/19 [00:01<00:04,  3.24it/s] 32%|███▏      | 6/19 [00:01<00:04,  3.22it/s] 37%|███▋      | 7/19 [00:02<00:03,  3.11it/s] 42%|████▏     | 8/19 [00:02<00:03,  2.90it/s] 47%|████▋     | 9/19 [00:02<00:03,  2.94it/s] 53%|█████▎    | 10/19 [00:03<00:03,  2.99it/s] 58%|█████▊    | 11/19 [00:03<00:02,  2.85it/s] 63%|██████▎   | 12/19 [00:03<00:02,  2.94it/s] 68%|██████▊   | 13/19 [00:04<00:02,  2.81it/s] 74%|███████▎  | 14/19 [00:04<00:01,  2.82it/s] 79%|███████▉  | 15/19 [00:04<00:01,  2.83it/s] 84%|████████▍ | 16/19 [00:05<00:01,  2.80it/s] 89%|████████▉ | 17/19 [00:05<00:00,  2.82it/s] 95%|█████████▍| 18/19 [00:05<00:00,  2.84it/s]100%|██████████| 19/19 [00:06<00:00,  2.82it/s]2026-07-06 19:11:48 [INFO] [eval-sample 0] step=210
  expected: {"reasoning": "Paragraph 8 states the Renaissance began 'seemingly in Italy', which aligns with the correction. The question refers to the era of 'first bass instruments' (paragraph 4) and links it to
  generated: <think>

{
  "reasoning": "Paragraph 8 states the Renaissance began 'seemingly in Italy' (UK: /rɪˈneɪsəns/). Paragraph 1 mentions 'ass' instruments (possibly 'ass' as in 'ass' instruments) were used in the Renaissance era. The Tikhaya Sosna River's mouth is in Voronezh Oblast (paragraph 5), but the 
2026-07-06 19:11:52 [INFO] [eval-sample 1] step=210
  expected: {
  "reasoning": "Paragraph 4 states Jan Å indel was born in the Bohemian town Hradec KrÃ¡lovÃ©. Paragraph 12 confirms Hradec KrÃ¡lovÃ© is in the Czech Republic. Thus, his birthplace country is Czech 
  generated: <think>

{
  "reasoning": "Paragraph 4 explicitly states Jan Šindel was born in Hradec KrÃ¡lovÃ©, a city in the Czech Republic. Paragraph 12 confirms Hradec KrÃ¡lovÃ© is in the Czech Republic. No conflicting information exists.",
  "tentative_answer": "Czech Republic",
  "action": "confirm_stop",
  
2026-07-06 19:11:57 [INFO] [eval-sample 2] step=210
  expected: {
  "reasoning": "Paragraph 3 explains that the term 'Indian' was applied to the Americas due to Columbus's belief that he had reached the East Indies. Paragraph 19 notes Portugal's exploration of the
  generated: <think>

{
  "reasoning": "Paragraph 3 states that Columbus applied 'Indian' to the Americas, mistaking them for the East Indies. Paragraph 19 mentions Portugal's exploration of the Atlantic, including the Canary Islands (west of Africa). The term 'Indian' originated from this misidentification, eve
2026-07-06 19:12:01 [INFO] [eval-sample 3] step=210
  expected: {"reasoning": "Kyeon Mi-ri attended Sejong University (paragraph 16). Paragraph 4 explicitly states that Sejong University is a private university. Therefore, the answer is confirmed as private univer
  generated: <think>

{
  "reasoning": "Paragraph 16 states Kyeon Mi-ri studied Dance at Sejong University. Paragraph 4 explicitly describes Sejong University as a 'private university' in South Korea. The question asks about the university type, not the institution's name.",
  "tentative_answer": "private univer
2026-07-06 19:12:01 [INFO] step 210  eval_loss=0.4275  eval_runtime=26.8472  eval_samples_per_second=11.0250  eval_steps_per_second=0.7080  epoch=5.0000
100%|██████████| 19/19 [00:26<00:00,  1.40s/it]
2026-07-06 19:12:01 [INFO] Final eval metrics: {'eval_loss': 0.42751801013946533, 'eval_runtime': 26.8472, 'eval_samples_per_second': 11.025, 'eval_steps_per_second': 0.708, 'epoch': 5.0}
2026-07-06 19:12:01 [INFO] ======================================================================
2026-07-06 19:12:01 [INFO] Training complete.
2026-07-06 19:12:01 [INFO] ======================================================================
[rank0]:[W706 19:12:02.821276654 ProcessGroupNCCL.cpp:1575] Warning: WARNING: destroy_process_group() was not called before program exit, which can leak resources. For more info, please see https://pytorch.org/docs/stable/distributed.html#shutdown (function operator())
[done] A1 trained — final adapter at jca/sft_runs/0706v2/A1/final

================================================================
[phase 2] Training A2 — 3813 examples
  data: /data/wangyuheng/jca/sft_data/v2/all_agents.jsonl
  base: /data/wangyuheng/models/Qwen3-4B
  out:  jca/sft_runs/0706v2/A2
================================================================
The following values were not passed to `accelerate launch` and had defaults used instead:
	`--num_machines` was set to a value of `1`
	`--dynamo_backend` was set to a value of `'no'`
To avoid this warning pass in values for each of the problematic parameters or run `accelerate config`.
2026-07-06 19:12:10 [INFO] Agent: A2
2026-07-06 19:12:10 [INFO] Base model: /data/wangyuheng/models/Qwen3-4B
2026-07-06 19:12:10 [INFO] Data: /data/wangyuheng/jca/sft_data/v2/all_agents.jsonl
2026-07-06 19:12:10 [INFO] Output: jca/sft_runs/0706v2/A2
2026-07-06 19:12:11 [INFO] Loaded 3813 examples from /data/wangyuheng/jca/sft_data/v2/all_agents.jsonl
2026-07-06 19:12:11 [INFO] Split: train=3432, eval=381
2026-07-06 19:12:15 [INFO] Loading tokenizer + model...
[transformers] `torch_dtype` is deprecated! Use `dtype` instead!
[transformers] `torch_dtype` is deprecated! Use `dtype` instead!
[transformers] `torch_dtype` is deprecated! Use `dtype` instead!
[transformers] `torch_dtype` is deprecated! Use `dtype` instead!
[transformers] `torch_dtype` is deprecated! Use `dtype` instead!
[transformers] `torch_dtype` is deprecated! Use `dtype` instead!
[transformers] `torch_dtype` is deprecated! Use `dtype` instead!
[transformers] `torch_dtype` is deprecated! Use `dtype` instead!
Loading weights:   0%|          | 0/398 [00:00<?, ?it/s]Loading weights:   0%|          | 0/398 [00:00<?, ?it/s]Loading weights:   0%|          | 0/398 [00:00<?, ?it/s]Loading weights:   0%|          | 0/398 [00:00<?, ?it/s]Loading weights:   0%|          | 0/398 [00:00<?, ?it/s]Loading weights: 100%|██████████| 398/398 [00:00<00:00, 12979.00it/s]
Loading weights:   0%|          | 0/398 [00:00<?, ?it/s]Loading weights: 100%|██████████| 398/398 [00:00<00:00, 11627.47it/s]
Loading weights: 100%|██████████| 398/398 [00:00<00:00, 11557.20it/s]
Loading weights: 100%|██████████| 398/398 [00:00<00:00, 10769.13it/s]
Loading weights: 100%|██████████| 398/398 [00:00<00:00, 12527.08it/s]
Loading weights: 100%|██████████| 398/398 [00:00<00:00, 13563.65it/s]
Loading weights:   0%|          | 0/398 [00:00<?, ?it/s]Loading weights:   0%|          | 0/398 [00:00<?, ?it/s]Loading weights: 100%|██████████| 398/398 [00:00<00:00, 13222.86it/s]
Loading weights: 100%|██████████| 398/398 [00:00<00:00, 12770.00it/s]
trainable params: 47,185,920 || all params: 4,069,654,016 || trainable%: 1.1595
2026-07-06 19:12:36 [INFO] Tokenizing train set...
2026-07-06 19:13:23 [INFO] Encoded 2627 examples; skipped 805 (too long or empty label).
2026-07-06 19:13:24 [INFO] Tokenizing eval set...
[transformers] warmup_ratio is deprecated and will be removed in v5.2. Use `warmup_steps` instead.
[transformers] `logging_dir` is deprecated and will be removed in v5.2. Please set `TENSORBOARD_LOGGING_DIR` instead.
[transformers] warmup_ratio is deprecated and will be removed in v5.2. Use `warmup_steps` instead.
[transformers] `logging_dir` is deprecated and will be removed in v5.2. Please set `TENSORBOARD_LOGGING_DIR` instead.
[transformers] warmup_ratio is deprecated and will be removed in v5.2. Use `warmup_steps` instead.
[transformers] `logging_dir` is deprecated and will be removed in v5.2. Please set `TENSORBOARD_LOGGING_DIR` instead.
2026-07-06 19:13:29 [INFO] Encoded 296 examples; skipped 85 (too long or empty label).
2026-07-06 19:13:29 [INFO] Dropped unsupported TrainingArguments for this transformers version: overwrite_output_dir
[transformers] warmup_ratio is deprecated and will be removed in v5.2. Use `warmup_steps` instead.
[transformers] `logging_dir` is deprecated and will be removed in v5.2. Please set `TENSORBOARD_LOGGING_DIR` instead.
[transformers] warmup_ratio is deprecated and will be removed in v5.2. Use `warmup_steps` instead.
[transformers] `logging_dir` is deprecated and will be removed in v5.2. Please set `TENSORBOARD_LOGGING_DIR` instead.
[transformers] warmup_ratio is deprecated and will be removed in v5.2. Use `warmup_steps` instead.
[transformers] `logging_dir` is deprecated and will be removed in v5.2. Please set `TENSORBOARD_LOGGING_DIR` instead.
[transformers] warmup_ratio is deprecated and will be removed in v5.2. Use `warmup_steps` instead.
[transformers] `logging_dir` is deprecated and will be removed in v5.2. Please set `TENSORBOARD_LOGGING_DIR` instead.
[transformers] warmup_ratio is deprecated and will be removed in v5.2. Use `warmup_steps` instead.
[transformers] `logging_dir` is deprecated and will be removed in v5.2. Please set `TENSORBOARD_LOGGING_DIR` instead.
[transformers] The tokenizer has new PAD/BOS/EOS tokens that differ from the model config and generation config. The model config and generation config were aligned accordingly, being updated with the tokenizer's values. Updated tokens: {'bos_token_id': None, 'pad_token_id': 151643}.
[transformers] The tokenizer has new PAD/BOS/EOS tokens that differ from the model config and generation config. The model config and generation config were aligned accordingly, being updated with the tokenizer's values. Updated tokens: {'bos_token_id': None, 'pad_token_id': 151643}.
[transformers] The tokenizer has new PAD/BOS/EOS tokens that differ from the model config and generation config. The model config and generation config were aligned accordingly, being updated with the tokenizer's values. Updated tokens: {'bos_token_id': None, 'pad_token_id': 151643}.
2026-07-06 19:13:33 [INFO] ======================================================================
2026-07-06 19:13:33 [INFO] Starting training
2026-07-06 19:13:33 [INFO] ======================================================================
[transformers] The tokenizer has new PAD/BOS/EOS tokens that differ from the model config and generation config. The model config and generation config were aligned accordingly, being updated with the tokenizer's values. Updated tokens: {'bos_token_id': None, 'pad_token_id': 151643}.
[transformers] The tokenizer has new PAD/BOS/EOS tokens that differ from the model config and generation config. The model config and generation config were aligned accordingly, being updated with the tokenizer's values. Updated tokens: {'bos_token_id': None, 'pad_token_id': 151643}.
[transformers] The tokenizer has new PAD/BOS/EOS tokens that differ from the model config and generation config. The model config and generation config were aligned accordingly, being updated with the tokenizer's values. Updated tokens: {'bos_token_id': None, 'pad_token_id': 151643}.
[transformers] The tokenizer has new PAD/BOS/EOS tokens that differ from the model config and generation config. The model config and generation config were aligned accordingly, being updated with the tokenizer's values. Updated tokens: {'bos_token_id': None, 'pad_token_id': 151643}.
[transformers] The tokenizer has new PAD/BOS/EOS tokens that differ from the model config and generation config. The model config and generation config were aligned accordingly, being updated with the tokenizer's values. Updated tokens: {'bos_token_id': None, 'pad_token_id': 151643}.
[transformers] Using EarlyStoppingCallback without load_best_model_at_end=True. Once training is finished, the best model will not be loaded automatically.
[transformers] Using EarlyStoppingCallback without load_best_model_at_end=True. Once training is finished, the best model will not be loaded automatically.
[transformers] Using EarlyStoppingCallback without load_best_model_at_end=True. Once training is finished, the best model will not be loaded automatically.
[transformers] Using EarlyStoppingCallback without load_best_model_at_end=True. Once training is finished, the best model will not be loaded automatically.
[transformers] Using EarlyStoppingCallback without load_best_model_at_end=True. Once training is finished, the best model will not be loaded automatically.
[transformers] Using EarlyStoppingCallback without load_best_model_at_end=True. Once training is finished, the best model will not be loaded automatically.
[transformers] Using EarlyStoppingCallback without load_best_model_at_end=True. Once training is finished, the best model will not be loaded automatically.
[transformers] Using EarlyStoppingCallback without load_best_model_at_end=True. Once training is finished, the best model will not be loaded automatically.
  0%|          | 0/210 [00:00<?, ?it/s]  0%|          | 1/210 [00:11<39:21, 11.30s/it]  1%|          | 2/210 [00:22<38:47, 11.19s/it]  1%|▏         | 3/210 [00:33<38:54, 11.28s/it]  2%|▏         | 4/210 [00:45<38:39, 11.26s/it]  2%|▏         | 5/210 [00:56<38:55, 11.39s/it]  3%|▎         | 6/210 [01:08<39:02, 11.48s/it]  3%|▎         | 7/210 [01:19<38:15, 11.31s/it]  4%|▍         | 8/210 [01:30<38:02, 11.30s/it]  4%|▍         | 9/210 [01:42<38:22, 11.45s/it]  5%|▍         | 10/210 [01:53<37:43, 11.32s/it]                                                {'loss': '1.077', 'grad_norm': '2.356', 'learning_rate': '1.636e-05', 'epoch': '0.2424'}
  5%|▍         | 10/210 [01:53<37:43, 11.32s/it]2026-07-06 19:15:28 [INFO] step 10  loss=1.0766  grad_norm=2.3557  learning_rate=0.0000  epoch=0.2424
  5%|▌         | 11/210 [02:04<37:05, 11.19s/it]  6%|▌         | 12/210 [02:15<37:18, 11.30s/it]  6%|▌         | 13/210 [02:26<36:42, 11.18s/it]  7%|▋         | 14/210 [02:37<36:35, 11.20s/it]  7%|▋         | 15/210 [02:49<36:30, 11.23s/it]  8%|▊         | 16/210 [03:00<36:07, 11.17s/it]  8%|▊         | 17/210 [03:11<35:41, 11.10s/it]  9%|▊         | 18/210 [03:23<36:37, 11.45s/it]  9%|▉         | 19/210 [03:34<35:54, 11.28s/it] 10%|▉         | 20/210 [03:45<35:21, 11.17s/it]                                                {'loss': '0.6094', 'grad_norm': '0.3755', 'learning_rate': '1.992e-05', 'epoch': '0.4848'}
 10%|▉         | 20/210 [03:45<35:21, 11.17s/it]2026-07-06 19:17:20 [INFO] step 20  loss=0.6094  grad_norm=0.3755  learning_rate=0.0000  epoch=0.4848
 10%|█         | 21/210 [03:56<34:51, 11.07s/it] 10%|█         | 22/210 [04:07<34:41, 11.07s/it] 11%|█         | 23/210 [04:18<34:34, 11.09s/it] 11%|█▏        | 24/210 [04:29<34:07, 11.01s/it] 12%|█▏        | 25/210 [04:39<33:42, 10.93s/it] 12%|█▏        | 26/210 [04:50<33:31, 10.93s/it] 13%|█▎        | 27/210 [05:02<33:39, 11.04s/it] 13%|█▎        | 28/210 [05:12<33:17, 10.97s/it] 14%|█▍        | 29/210 [05:24<33:18, 11.04s/it] 14%|█▍        | 30/210 [05:35<33:09, 11.05s/it]                                                {'loss': '0.4279', 'grad_norm': '0.2475', 'learning_rate': '1.96e-05', 'epoch': '0.7273'}
 14%|█▍        | 30/210 [05:35<33:09, 11.05s/it]2026-07-06 19:19:10 [INFO] step 30  loss=0.4279  grad_norm=0.2475  learning_rate=0.0000  epoch=0.7273
 15%|█▍        | 31/210 [05:46<32:52, 11.02s/it] 15%|█▌        | 32/210 [05:57<32:40, 11.02s/it] 16%|█▌        | 33/210 [06:08<32:39, 11.07s/it] 16%|█▌        | 34/210 [06:19<32:48, 11.18s/it] 17%|█▋        | 35/210 [06:31<32:49, 11.25s/it] 17%|█▋        | 36/210 [06:42<32:19, 11.15s/it] 18%|█▊        | 37/210 [06:52<31:48, 11.03s/it] 18%|█▊        | 38/210 [07:04<31:47, 11.09s/it] 19%|█▊        | 39/210 [07:15<31:52, 11.19s/it] 19%|█▉        | 40/210 [07:26<31:40, 11.18s/it]                                                {'loss': '0.4057', 'grad_norm': '0.2016', 'learning_rate': '1.904e-05', 'epoch': '0.9697'}
 19%|█▉        | 40/210 [07:26<31:40, 11.18s/it]2026-07-06 19:21:01 [INFO] step 40  loss=0.4057  grad_norm=0.2016  learning_rate=0.0000  epoch=0.9697
 20%|█▉        | 41/210 [07:38<31:44, 11.27s/it] 20%|██        | 42/210 [07:41<24:33,  8.77s/it] 20%|██        | 43/210 [07:52<26:40,  9.58s/it] 21%|██        | 44/210 [08:03<27:58, 10.11s/it] 21%|██▏       | 45/210 [08:14<28:33, 10.39s/it] 22%|██▏       | 46/210 [08:25<28:53, 10.57s/it] 22%|██▏       | 47/210 [08:37<29:26, 10.84s/it] 23%|██▎       | 48/210 [08:48<29:12, 10.82s/it] 23%|██▎       | 49/210 [08:59<29:10, 10.87s/it] 24%|██▍       | 50/210 [09:10<29:14, 10.97s/it]                                                {'loss': '0.3854', 'grad_norm': '0.1603', 'learning_rate': '1.825e-05', 'epoch': '1.194'}
 24%|██▍       | 50/210 [09:10<29:14, 10.97s/it]2026-07-06 19:22:45 [INFO] step 50  loss=0.3854  grad_norm=0.1603  learning_rate=0.0000  epoch=1.1939
 24%|██▍       | 51/210 [09:21<29:17, 11.05s/it] 25%|██▍       | 52/210 [09:32<29:06, 11.06s/it] 25%|██▌       | 53/210 [09:43<29:05, 11.12s/it] 26%|██▌       | 54/210 [09:54<28:41, 11.03s/it] 26%|██▌       | 55/210 [10:05<28:27, 11.01s/it] 27%|██▋       | 56/210 [10:16<28:15, 11.01s/it] 27%|██▋       | 57/210 [10:27<28:13, 11.07s/it] 28%|██▊       | 58/210 [10:39<28:03, 11.08s/it] 28%|██▊       | 59/210 [10:49<27:36, 10.97s/it] 29%|██▊       | 60/210 [11:00<27:35, 11.03s/it]                                                {'loss': '0.3609', 'grad_norm': '0.1426', 'learning_rate': '1.726e-05', 'epoch': '1.436'}
 29%|██▊       | 60/210 [11:00<27:35, 11.03s/it]2026-07-06 19:24:35 [INFO] step 60  loss=0.3609  grad_norm=0.1426  learning_rate=0.0000  epoch=1.4364
 29%|██▉       | 61/210 [11:12<27:37, 11.12s/it] 30%|██▉       | 62/210 [11:23<27:21, 11.09s/it] 30%|███       | 63/210 [11:34<27:23, 11.18s/it] 30%|███       | 64/210 [11:45<27:02, 11.11s/it] 31%|███       | 65/210 [11:56<26:56, 11.15s/it] 31%|███▏      | 66/210 [12:08<26:50, 11.18s/it] 32%|███▏      | 67/210 [12:19<26:34, 11.15s/it] 32%|███▏      | 68/210 [12:30<26:28, 11.19s/it] 33%|███▎      | 69/210 [12:41<26:22, 11.22s/it] 33%|███▎      | 70/210 [12:52<25:50, 11.08s/it]                                                {'loss': '0.3578', 'grad_norm': '0.1463', 'learning_rate': '1.609e-05', 'epoch': '1.679'}
 33%|███▎      | 70/210 [12:52<25:50, 11.08s/it]2026-07-06 19:26:27 [INFO] step 70  loss=0.3578  grad_norm=0.1463  learning_rate=0.0000  epoch=1.6788
 34%|███▍      | 71/210 [13:03<25:39, 11.07s/it] 34%|███▍      | 72/210 [13:15<25:53, 11.26s/it] 35%|███▍      | 73/210 [13:26<25:41, 11.25s/it] 35%|███▌      | 74/210 [13:37<25:20, 11.18s/it] 36%|███▌      | 75/210 [13:48<25:12, 11.21s/it] 36%|███▌      | 76/210 [13:59<24:51, 11.13s/it] 37%|███▋      | 77/210 [14:10<24:22, 10.99s/it] 37%|███▋      | 78/210 [14:21<24:15, 11.03s/it] 38%|███▊      | 79/210 [14:32<24:18, 11.13s/it] 38%|███▊      | 80/210 [14:43<23:56, 11.05s/it]                                                {'loss': '0.3461', 'grad_norm': '0.1659', 'learning_rate': '1.477e-05', 'epoch': '1.921'}
 38%|███▊      | 80/210 [14:43<23:56, 11.05s/it]2026-07-06 19:28:18 [INFO] step 80  loss=0.3461  grad_norm=0.1659  learning_rate=0.0000  epoch=1.9212
 39%|███▊      | 81/210 [14:55<24:01, 11.18s/it] 39%|███▉      | 82/210 [15:06<23:56, 11.23s/it] 40%|███▉      | 83/210 [15:17<23:41, 11.20s/it] 40%|████      | 84/210 [15:20<18:18,  8.72s/it] 40%|████      | 85/210 [15:31<19:41,  9.45s/it] 41%|████      | 86/210 [15:42<20:34,  9.95s/it] 41%|████▏     | 87/210 [15:54<21:12, 10.35s/it] 42%|████▏     | 88/210 [16:05<21:26, 10.54s/it] 42%|████▏     | 89/210 [16:16<21:41, 10.76s/it] 43%|████▎     | 90/210 [16:27<21:51, 10.93s/it]                                                {'loss': '0.3403', 'grad_norm': '0.1667', 'learning_rate': '1.333e-05', 'epoch': '2.145'}
 43%|████▎     | 90/210 [16:27<21:51, 10.93s/it]2026-07-06 19:30:02 [INFO] step 90  loss=0.3403  grad_norm=0.1667  learning_rate=0.0000  epoch=2.1455
 43%|████▎     | 91/210 [16:39<21:58, 11.08s/it] 44%|████▍     | 92/210 [16:50<21:40, 11.02s/it] 44%|████▍     | 93/210 [17:01<21:30, 11.03s/it] 45%|████▍     | 94/210 [17:12<21:15, 11.00s/it] 45%|████▌     | 95/210 [17:23<21:22, 11.15s/it] 46%|████▌     | 96/210 [17:34<21:06, 11.11s/it] 46%|████▌     | 97/210 [17:45<20:58, 11.14s/it] 47%|████▋     | 98/210 [17:57<20:50, 11.17s/it] 47%|████▋     | 99/210 [18:08<20:32, 11.11s/it] 48%|████▊     | 100/210 [18:19<20:25, 11.14s/it]                                                 {'loss': '0.3353', 'grad_norm': '0.1657', 'learning_rate': '1.181e-05', 'epoch': '2.388'}
 48%|████▊     | 100/210 [18:19<20:25, 11.14s/it]2026-07-06 19:31:54 [INFO] step 100  loss=0.3353  grad_norm=0.1657  learning_rate=0.0000  epoch=2.3879

  0%|          | 0/19 [00:00<?, ?it/s][A
 11%|█         | 2/19 [00:00<00:06,  2.73it/s][A
 16%|█▌        | 3/19 [00:01<00:08,  1.92it/s][A
 21%|██        | 4/19 [00:02<00:08,  1.68it/s][A
 26%|██▋       | 5/19 [00:02<00:09,  1.54it/s][A
 32%|███▏      | 6/19 [00:03<00:08,  1.54it/s][A
 37%|███▋      | 7/19 [00:04<00:08,  1.49it/s][A
 42%|████▏     | 8/19 [00:05<00:07,  1.38it/s][A
 47%|████▋     | 9/19 [00:05<00:07,  1.40it/s][A
 53%|█████▎    | 10/19 [00:06<00:06,  1.43it/s][A
 58%|█████▊    | 11/19 [00:07<00:05,  1.35it/s][A
 63%|██████▎   | 12/19 [00:07<00:04,  1.41it/s][A
 68%|██████▊   | 13/19 [00:08<00:04,  1.33it/s][A
 74%|███████▎  | 14/19 [00:09<00:03,  1.34it/s][A
 79%|███████▉  | 15/19 [00:10<00:02,  1.35it/s][A
 84%|████████▍ | 16/19 [00:11<00:02,  1.34it/s][A
 89%|████████▉ | 17/19 [00:11<00:01,  1.34it/s][A
 95%|█████████▍| 18/19 [00:12<00:00,  1.37it/s][A
100%|██████████| 19/19 [00:13<00:00,  1.34it/s][A2026-07-06 19:32:16 [INFO] [eval-sample 0] step=100
  expected: {"reasoning": "Paragraph 8 states the Renaissance began 'seemingly in Italy', which aligns with the correction. The question refers to the era of 'first bass instruments' (paragraph 4) and links it to
  generated: <think>

{"reasoning": "Paragraph 4 states the Renaissance era (1400-1600) introduced first bass instruments. Paragraph 5 mentions the Tikhaya Sosna River's mouth is in Voronezh Oblast. The question asks for the area where the mouth is located, not the Renaissance's origin. The correct answer is Vor
2026-07-06 19:32:21 [INFO] [eval-sample 1] step=100
  expected: {
  "reasoning": "Paragraph 4 states Jan Å indel was born in the Bohemian town Hradec KrÃ¡lovÃ©. Paragraph 12 confirms Hradec KrÃ¡lovÃ© is in the Czech Republic. Thus, his birthplace country is Czech 
  generated: <think>

{"reasoning": "Paragraph 4 states Jan Šindel was born in the Bohemian town Hradec Králové. Paragraph 12 confirms Hradec Králové is in the Czech Republic. No conflicting information is present in other paragraphs.", "tentative_answer": "Czech Republic", "action": "confirm_stop", "handoff_tar
2026-07-06 19:32:28 [INFO] [eval-sample 2] step=100
  expected: {
  "reasoning": "Paragraph 3 explains that the term 'Indian' was applied to the Americas due to Columbus's belief that he had reached the East Indies. Paragraph 19 notes Portugal's exploration of the
  generated: <think>

{"reasoning": "Paragraph 3 explains that the term 'Indian' for the Americas originated with Columbus, who mistakenly believed he had reached the East Indies. Paragraph 19 confirms that Portugal's exploration of the Atlantic, including the Canary Islands (west of Africa), was part of the Age
2026-07-06 19:32:34 [INFO] [eval-sample 3] step=100
  expected: {"reasoning": "Kyeon Mi-ri attended Sejong University (paragraph 16). Paragraph 4 explicitly states that Sejong University is a private university. Therefore, the answer is confirmed as private univer
  generated: <think>

{"reasoning": "Paragraph 16 states Kyeon Mi-ri studied Dance at Sejong University. Paragraph 4 explicitly describes Sejong University as a 'private university' in South Korea. The question asks about the university type, not the institution's name.", "tentative_answer": "private university"
                                                 
                                               [A{'eval_loss': '0.3505', 'eval_runtime': '39.97', 'eval_samples_per_second': '7.406', 'eval_steps_per_second': '0.475', 'epoch': '2.388'}
 48%|████▊     | 100/210 [18:59<20:25, 11.14s/it]
100%|██████████| 19/19 [00:39<00:00,  1.34it/s][A2026-07-06 19:32:34 [INFO] step 100  eval_loss=0.3505  eval_runtime=39.9699  eval_samples_per_second=7.4060  eval_steps_per_second=0.4750  epoch=2.3879

                                               [A/data/conda_envs/qwen35/lib/python3.12/site-packages/torch/distributed/c10d_logger.py:83: UserWarning: barrier(): using the device under current context. You can specify `device_id` in `init_process_group` to mute this warning.
  return func(*args, **kwargs)
 48%|████▊     | 101/210 [19:11<42:37, 23.46s/it] 49%|████▊     | 102/210 [19:22<35:23, 19.67s/it] 49%|████▉     | 103/210 [19:33<30:29, 17.10s/it] 50%|████▉     | 104/210 [19:44<26:57, 15.26s/it] 50%|█████     | 105/210 [19:55<24:46, 14.16s/it] 50%|█████     | 106/210 [20:07<23:11, 13.38s/it] 51%|█████     | 107/210 [20:19<22:09, 12.91s/it] 51%|█████▏    | 108/210 [20:31<21:20, 12.56s/it] 52%|█████▏    | 109/210 [20:41<20:13, 12.01s/it] 52%|█████▏    | 110/210 [20:53<19:45, 11.85s/it]                                                 {'loss': '0.3309', 'grad_norm': '0.1533', 'learning_rate': '1.024e-05', 'epoch': '2.63'}
 52%|█████▏    | 110/210 [20:53<19:45, 11.85s/it]2026-07-06 19:34:28 [INFO] step 110  loss=0.3309  grad_norm=0.1533  learning_rate=0.0000  epoch=2.6303
 53%|█████▎    | 111/210 [21:04<19:14, 11.66s/it] 53%|█████▎    | 112/210 [21:15<18:41, 11.44s/it] 54%|█████▍    | 113/210 [21:26<18:16, 11.30s/it] 54%|█████▍    | 114/210 [21:37<17:57, 11.22s/it] 55%|█████▍    | 115/210 [21:48<17:39, 11.15s/it] 55%|█████▌    | 116/210 [21:59<17:17, 11.03s/it] 56%|█████▌    | 117/210 [22:10<17:07, 11.05s/it] 56%|█████▌    | 118/210 [22:21<16:57, 11.06s/it] 57%|█████▋    | 119/210 [22:32<16:42, 11.02s/it] 57%|█████▋    | 120/210 [22:43<16:41, 11.13s/it]                                                 {'loss': '0.3279', 'grad_norm': '0.1682', 'learning_rate': '8.662e-06', 'epoch': '2.873'}
 57%|█████▋    | 120/210 [22:43<16:41, 11.13s/it]2026-07-06 19:36:18 [INFO] step 120  loss=0.3279  grad_norm=0.1682  learning_rate=0.0000  epoch=2.8727
 58%|█████▊    | 121/210 [22:54<16:35, 11.19s/it] 58%|█████▊    | 122/210 [23:06<16:24, 11.19s/it] 59%|█████▊    | 123/210 [23:17<16:14, 11.20s/it] 59%|█████▉    | 124/210 [23:28<16:05, 11.23s/it] 60%|█████▉    | 125/210 [23:39<15:56, 11.25s/it] 60%|██████    | 126/210 [23:42<12:16,  8.76s/it] 60%|██████    | 127/210 [23:54<13:12,  9.54s/it] 61%|██████    | 128/210 [24:05<13:43, 10.04s/it] 61%|██████▏   | 129/210 [24:16<13:59, 10.36s/it] 62%|██████▏   | 130/210 [24:27<13:58, 10.48s/it]                                                 {'loss': '0.3407', 'grad_norm': '0.1614', 'learning_rate': '7.121e-06', 'epoch': '3.097'}
 62%|██████▏   | 130/210 [24:27<13:58, 10.48s/it]2026-07-06 19:38:02 [INFO] step 130  loss=0.3407  grad_norm=0.1614  learning_rate=0.0000  epoch=3.0970
 62%|██████▏   | 131/210 [24:38<13:58, 10.62s/it] 63%|██████▎   | 132/210 [24:49<13:53, 10.69s/it] 63%|██████▎   | 133/210 [25:00<14:03, 10.95s/it] 64%|██████▍   | 134/210 [25:11<13:58, 11.03s/it] 64%|██████▍   | 135/210 [25:22<13:46, 11.02s/it] 65%|██████▍   | 136/210 [25:34<13:42, 11.11s/it] 65%|██████▌   | 137/210 [25:45<13:27, 11.07s/it] 66%|██████▌   | 138/210 [25:56<13:16, 11.07s/it] 66%|██████▌   | 139/210 [26:07<13:08, 11.11s/it] 67%|██████▋   | 140/210 [26:18<12:48, 10.98s/it]                                                 {'loss': '0.3285', 'grad_norm': '0.1622', 'learning_rate': '5.651e-06', 'epoch': '3.339'}
 67%|██████▋   | 140/210 [26:18<12:48, 10.98s/it]2026-07-06 19:39:53 [INFO] step 140  loss=0.3285  grad_norm=0.1622  learning_rate=0.0000  epoch=3.3394
 67%|██████▋   | 141/210 [26:29<12:42, 11.05s/it] 68%|██████▊   | 142/210 [26:40<12:34, 11.09s/it] 68%|██████▊   | 143/210 [26:51<12:25, 11.13s/it] 69%|██████▊   | 144/210 [27:03<12:16, 11.16s/it] 69%|██████▉   | 145/210 [27:14<12:05, 11.15s/it] 70%|██████▉   | 146/210 [27:25<11:52, 11.14s/it] 70%|███████   | 147/210 [27:36<11:47, 11.24s/it] 70%|███████   | 148/210 [27:47<11:32, 11.17s/it] 71%|███████   | 149/210 [27:58<11:14, 11.06s/it] 71%|███████▏  | 150/210 [28:09<11:04, 11.08s/it]                                                 {'loss': '0.3168', 'grad_norm': '0.1897', 'learning_rate': '4.289e-06', 'epoch': '3.582'}
 71%|███████▏  | 150/210 [28:09<11:04, 11.08s/it]2026-07-06 19:41:44 [INFO] step 150  loss=0.3168  grad_norm=0.1897  learning_rate=0.0000  epoch=3.5818
 72%|███████▏  | 151/210 [28:20<10:47, 10.97s/it] 72%|███████▏  | 152/210 [28:31<10:34, 10.95s/it] 73%|███████▎  | 153/210 [28:42<10:27, 11.01s/it] 73%|███████▎  | 154/210 [28:53<10:21, 11.10s/it] 74%|███████▍  | 155/210 [29:04<10:07, 11.04s/it] 74%|███████▍  | 156/210 [29:15<09:53, 10.99s/it] 75%|███████▍  | 157/210 [29:26<09:45, 11.06s/it] 75%|███████▌  | 158/210 [29:38<09:38, 11.12s/it] 76%|███████▌  | 159/210 [29:49<09:25, 11.09s/it] 76%|███████▌  | 160/210 [30:00<09:14, 11.09s/it]                                                 {'loss': '0.3158', 'grad_norm': '0.1791', 'learning_rate': '3.07e-06', 'epoch': '3.824'}
 76%|███████▌  | 160/210 [30:00<09:14, 11.09s/it]2026-07-06 19:43:35 [INFO] step 160  loss=0.3158  grad_norm=0.1791  learning_rate=0.0000  epoch=3.8242
 77%|███████▋  | 161/210 [30:11<09:05, 11.13s/it] 77%|███████▋  | 162/210 [30:22<08:58, 11.21s/it] 78%|███████▊  | 163/210 [30:33<08:47, 11.22s/it] 78%|███████▊  | 164/210 [30:44<08:31, 11.12s/it] 79%|███████▊  | 165/210 [30:55<08:15, 11.01s/it] 79%|███████▉  | 166/210 [31:07<08:09, 11.13s/it] 80%|███████▉  | 167/210 [31:18<07:56, 11.09s/it] 80%|████████  | 168/210 [31:20<06:01,  8.62s/it] 80%|████████  | 169/210 [31:32<06:28,  9.47s/it] 81%|████████  | 170/210 [31:43<06:40, 10.02s/it]                                                 {'loss': '0.329', 'grad_norm': '0.172', 'learning_rate': '2.023e-06', 'epoch': '4.048'}
 81%|████████  | 170/210 [31:43<06:40, 10.02s/it]2026-07-06 19:45:18 [INFO] step 170  loss=0.3290  grad_norm=0.1720  learning_rate=0.0000  epoch=4.0485
 81%|████████▏ | 171/210 [31:54<06:41, 10.30s/it] 82%|████████▏ | 172/210 [32:05<06:40, 10.55s/it] 82%|████████▏ | 173/210 [32:17<06:42, 10.88s/it] 83%|████████▎ | 174/210 [32:28<06:33, 10.93s/it] 83%|████████▎ | 175/210 [32:39<06:28, 11.10s/it] 84%|████████▍ | 176/210 [32:51<06:18, 11.13s/it] 84%|████████▍ | 177/210 [33:02<06:07, 11.14s/it] 85%|████████▍ | 178/210 [33:13<05:55, 11.10s/it] 85%|████████▌ | 179/210 [33:24<05:42, 11.05s/it] 86%|████████▌ | 180/210 [33:35<05:33, 11.11s/it]                                                 {'loss': '0.3293', 'grad_norm': '0.2064', 'learning_rate': '1.174e-06', 'epoch': '4.291'}
 86%|████████▌ | 180/210 [33:35<05:33, 11.11s/it]2026-07-06 19:47:10 [INFO] step 180  loss=0.3293  grad_norm=0.2064  learning_rate=0.0000  epoch=4.2909
 86%|████████▌ | 181/210 [33:46<05:21, 11.08s/it] 87%|████████▋ | 182/210 [33:57<05:08, 11.01s/it] 87%|████████▋ | 183/210 [34:08<04:59, 11.09s/it] 88%|████████▊ | 184/210 [34:19<04:48, 11.10s/it] 88%|████████▊ | 185/210 [34:30<04:37, 11.09s/it] 89%|████████▊ | 186/210 [34:41<04:25, 11.08s/it] 89%|████████▉ | 187/210 [34:52<04:13, 11.04s/it] 90%|████████▉ | 188/210 [35:03<04:03, 11.07s/it] 90%|█████████ | 189/210 [35:14<03:51, 11.02s/it] 90%|█████████ | 190/210 [35:26<03:41, 11.07s/it]                                                 {'loss': '0.3244', 'grad_norm': '0.1774', 'learning_rate': '5.445e-07', 'epoch': '4.533'}
 90%|█████████ | 190/210 [35:26<03:41, 11.07s/it]2026-07-06 19:49:01 [INFO] step 190  loss=0.3244  grad_norm=0.1774  learning_rate=0.0000  epoch=4.5333
 91%|█████████ | 191/210 [35:36<03:28, 10.95s/it] 91%|█████████▏| 192/210 [35:47<03:17, 10.97s/it] 92%|█████████▏| 193/210 [35:59<03:08, 11.11s/it] 92%|█████████▏| 194/210 [36:09<02:56, 11.02s/it] 93%|█████████▎| 195/210 [36:20<02:45, 11.00s/it] 93%|█████████▎| 196/210 [36:32<02:36, 11.17s/it] 94%|█████████▍| 197/210 [36:43<02:25, 11.16s/it] 94%|█████████▍| 198/210 [36:54<02:14, 11.21s/it] 95%|█████████▍| 199/210 [37:06<02:03, 11.20s/it] 95%|█████████▌| 200/210 [37:17<01:52, 11.20s/it]                                                 {'loss': '0.3033', 'grad_norm': '0.1625', 'learning_rate': '1.504e-07', 'epoch': '4.776'}
 95%|█████████▌| 200/210 [37:17<01:52, 11.20s/it]2026-07-06 19:50:52 [INFO] step 200  loss=0.3033  grad_norm=0.1625  learning_rate=0.0000  epoch=4.7758

  0%|          | 0/19 [00:00<?, ?it/s][A
 11%|█         | 2/19 [00:00<00:06,  2.73it/s][A
 16%|█▌        | 3/19 [00:01<00:08,  1.93it/s][A
 21%|██        | 4/19 [00:02<00:08,  1.68it/s][A
 26%|██▋       | 5/19 [00:02<00:09,  1.54it/s][A
 32%|███▏      | 6/19 [00:03<00:08,  1.54it/s][A
 37%|███▋      | 7/19 [00:04<00:08,  1.49it/s][A
 42%|████▏     | 8/19 [00:05<00:07,  1.38it/s][A
 47%|████▋     | 9/19 [00:05<00:07,  1.40it/s][A
 53%|█████▎    | 10/19 [00:06<00:06,  1.43it/s][A
 58%|█████▊    | 11/19 [00:07<00:05,  1.35it/s][A
 63%|██████▎   | 12/19 [00:07<00:04,  1.41it/s][A
 68%|██████▊   | 13/19 [00:08<00:04,  1.34it/s][A
 74%|███████▎  | 14/19 [00:09<00:03,  1.35it/s][A
 79%|███████▉  | 15/19 [00:10<00:02,  1.35it/s][A
 84%|████████▍ | 16/19 [00:11<00:02,  1.34it/s][A
 89%|████████▉ | 17/19 [00:11<00:01,  1.35it/s][A
 95%|█████████▍| 18/19 [00:12<00:00,  1.37it/s][A
100%|██████████| 19/19 [00:13<00:00,  1.34it/s][A2026-07-06 19:51:16 [INFO] [eval-sample 0] step=200
  expected: {"reasoning": "Paragraph 8 states the Renaissance began 'seemingly in Italy', which aligns with the correction. The question refers to the era of 'first bass instruments' (paragraph 4) and links it to
  generated: <think>

{"reasoning": "Paragraph 4 states the Renaissance era (1400-1600) introduced first bass instruments. Paragraph 5 mentions the Tikhaya Sosna River joins the Don west of Liski in Voronezh Oblast. The question asks for the area where the river's mouth is located, which is Voronezh Oblast. Howe
2026-07-06 19:51:23 [INFO] [eval-sample 1] step=200
  expected: {
  "reasoning": "Paragraph 4 states Jan Å indel was born in the Bohemian town Hradec KrÃ¡lovÃ©. Paragraph 12 confirms Hradec KrÃ¡lovÃ© is in the Czech Republic. Thus, his birthplace country is Czech 
  generated: <think>

{"reasoning": "Paragraph 4 states Jan Å indel was born in the Bohemian town Hradec KrÃ¡lovÃ©. Paragraph 12 confirms Hradec KrÃ¡lovÃ© is in the Czech Republic. Thus, his birthplace country is Czech Republic.", "tentative_answer": "Czech Republic", "action": "handoff", "handoff_target": "A3",
2026-07-06 19:51:30 [INFO] [eval-sample 2] step=200
  expected: {
  "reasoning": "Paragraph 3 explains that the term 'Indian' was applied to the Americas due to Columbus's belief that he had reached the East Indies. Paragraph 19 notes Portugal's exploration of the
  generated: <think>

{"reasoning": "Paragraph 3 explains that the term 'Indian' for the Americas originated with Columbus, who mistakenly believed he had reached the East Indies. Paragraph 19 confirms that Portugal, under Prince Henry the Navigator, explored the Atlantic, including the Canary Islands (west of A
2026-07-06 19:51:35 [INFO] [eval-sample 3] step=200
  expected: {"reasoning": "Kyeon Mi-ri attended Sejong University (paragraph 16). Paragraph 4 explicitly states that Sejong University is a private university. Therefore, the answer is confirmed as private univer
  generated: <think>

{"reasoning": "Paragraph 16 states Kyeon Mi-ri studied Dance at Sejong University. Paragraph 4 explicitly describes Sejong University as a 'private university' in South Korea. The question asks about the university type, not the institution's name.", "tentative_answer": "private university"
                                                 
                                               [A{'eval_loss': '0.3367', 'eval_runtime': '43.55', 'eval_samples_per_second': '6.797', 'eval_steps_per_second': '0.436', 'epoch': '4.776'}
 95%|█████████▌| 200/210 [38:00<01:52, 11.20s/it]
100%|██████████| 19/19 [00:43<00:00,  1.34it/s][A2026-07-06 19:51:35 [INFO] step 200  eval_loss=0.3367  eval_runtime=43.5501  eval_samples_per_second=6.7970  eval_steps_per_second=0.4360  epoch=4.7758

                                               [A/data/conda_envs/qwen35/lib/python3.12/site-packages/torch/distributed/c10d_logger.py:83: UserWarning: barrier(): using the device under current context. You can specify `device_id` in `init_process_group` to mute this warning.
  return func(*args, **kwargs)
 96%|█████████▌| 201/210 [38:13<03:42, 24.70s/it] 96%|█████████▌| 202/210 [38:24<02:45, 20.65s/it] 97%|█████████▋| 203/210 [38:36<02:04, 17.84s/it] 97%|█████████▋| 204/210 [38:47<01:35, 15.84s/it] 98%|█████████▊| 205/210 [38:58<01:12, 14.54s/it] 98%|█████████▊| 206/210 [39:10<00:54, 13.65s/it] 99%|█████████▊| 207/210 [39:21<00:38, 12.86s/it] 99%|█████████▉| 208/210 [39:32<00:24, 12.25s/it]100%|█████████▉| 209/210 [39:43<00:11, 11.94s/it]100%|██████████| 210/210 [39:46<00:00,  9.24s/it]                                                 {'loss': '0.3069', 'grad_norm': '0.2813', 'learning_rate': '1.246e-09', 'epoch': '5'}
100%|██████████| 210/210 [39:46<00:00,  9.24s/it]2026-07-06 19:53:21 [INFO] step 210  loss=0.3069  grad_norm=0.2813  learning_rate=0.0000  epoch=5.0000

  0%|          | 0/19 [00:00<?, ?it/s][A
 11%|█         | 2/19 [00:00<00:06,  2.72it/s][A
 16%|█▌        | 3/19 [00:01<00:08,  1.92it/s][A
 21%|██        | 4/19 [00:02<00:08,  1.68it/s][A
 26%|██▋       | 5/19 [00:02<00:09,  1.54it/s][A
 32%|███▏      | 6/19 [00:03<00:08,  1.54it/s][A
 37%|███▋      | 7/19 [00:04<00:08,  1.49it/s][A
 42%|████▏     | 8/19 [00:05<00:07,  1.38it/s][A
 47%|████▋     | 9/19 [00:05<00:07,  1.40it/s][A
 53%|█████▎    | 10/19 [00:06<00:06,  1.43it/s][A
 58%|█████▊    | 11/19 [00:07<00:05,  1.35it/s][A
 63%|██████▎   | 12/19 [00:07<00:04,  1.41it/s][A
 68%|██████▊   | 13/19 [00:08<00:04,  1.34it/s][A
 74%|███████▎  | 14/19 [00:09<00:03,  1.34it/s][A
 79%|███████▉  | 15/19 [00:10<00:02,  1.35it/s][A
 84%|████████▍ | 16/19 [00:11<00:02,  1.34it/s][A
 89%|████████▉ | 17/19 [00:11<00:01,  1.34it/s][A
 95%|█████████▍| 18/19 [00:12<00:00,  1.37it/s][A
100%|██████████| 19/19 [00:13<00:00,  1.34it/s][A2026-07-06 19:53:42 [INFO] [eval-sample 0] step=210
  expected: {"reasoning": "Paragraph 8 states the Renaissance began 'seemingly in Italy', which aligns with the correction. The question refers to the era of 'first bass instruments' (paragraph 4) and links it to
  generated: <think>

{"reasoning": "Paragraph 4 states the Renaissance era (1400-1600) introduced first bass instruments. Paragraph 8 clarifies the Renaissance began 'seemingly in Italy' and is an extension of the Middle Ages. The Tikhaya Sosna's mouth is in Voronezh Oblast (paragraph 5), but the question's foc
2026-07-06 19:53:49 [INFO] [eval-sample 1] step=210
  expected: {
  "reasoning": "Paragraph 4 states Jan Å indel was born in the Bohemian town Hradec KrÃ¡lovÃ©. Paragraph 12 confirms Hradec KrÃ¡lovÃ© is in the Czech Republic. Thus, his birthplace country is Czech 
  generated: <think>

{"reasoning": "Paragraph 4 states Jan Å indel was born in the Bohemian town Hradec KrÃ¡lovÃ©. Paragraph 12 confirms Hradec KrÃ¡lovÃ© is in the Czech Republic. Thus, his birthplace country is Czech Republic.", "tentative_answer": "Czech Republic", "action": "handoff", "handoff_target": "A3",
2026-07-06 19:53:56 [INFO] [eval-sample 2] step=210
  expected: {
  "reasoning": "Paragraph 3 explains that the term 'Indian' was applied to the Americas due to Columbus's belief that he had reached the East Indies. Paragraph 19 notes Portugal's exploration of the
  generated: <think>

{"reasoning": "Paragraph 3 explains that the term 'Indian' for the Americas originated with Columbus, who mistakenly believed he had reached the East Indies. Paragraph 19 confirms that Portugal, under Prince Henry the Navigator, explored the Atlantic, including the Canary Islands (west of A
2026-07-06 19:54:02 [INFO] [eval-sample 3] step=210
  expected: {"reasoning": "Kyeon Mi-ri attended Sejong University (paragraph 16). Paragraph 4 explicitly states that Sejong University is a private university. Therefore, the answer is confirmed as private univer
  generated: <think>

{"reasoning": "Paragraph 16 states Kyeon Mi-ri studied Dance at Sejong University. Paragraph 4 explicitly describes Sejong University as a 'private university' in South Korea. The question asks about the university type, not the institution's name.", "tentative_answer": "private university"
                                                 
                                               [A{'eval_loss': '0.3365', 'eval_runtime': '40.73', 'eval_samples_per_second': '7.267', 'eval_steps_per_second': '0.466', 'epoch': '5'}
100%|██████████| 210/210 [40:27<00:00,  9.24s/it]
100%|██████████| 19/19 [00:40<00:00,  1.34it/s][A2026-07-06 19:54:02 [INFO] step 210  eval_loss=0.3365  eval_runtime=40.7323  eval_samples_per_second=7.2670  eval_steps_per_second=0.4660  epoch=5.0000

                                               [A/data/conda_envs/qwen35/lib/python3.12/site-packages/torch/distributed/c10d_logger.py:83: UserWarning: barrier(): using the device under current context. You can specify `device_id` in `init_process_group` to mute this warning.
  return func(*args, **kwargs)
                                                 {'train_runtime': '2428', 'train_samples_per_second': '5.41', 'train_steps_per_second': '0.086', 'train_loss': '0.3904', 'epoch': '5'}
100%|██████████| 210/210 [40:28<00:00,  9.24s/it]2026-07-06 19:54:03 [INFO] step 210  train_runtime=2428.0626  train_samples_per_second=5.4100  train_steps_per_second=0.0860  total_flos=1074132897952169984.0000  train_loss=0.3904  epoch=5.0000
100%|██████████| 210/210 [40:28<00:00, 11.56s/it]
2026-07-06 19:54:03 [INFO] Final model saved to jca/sft_runs/0706v2/A2/final
  0%|          | 0/19 [00:00<?, ?it/s] 11%|█         | 2/19 [00:00<00:05,  2.86it/s] 16%|█▌        | 3/19 [00:01<00:08,  1.98it/s] 21%|██        | 4/19 [00:02<00:08,  1.71it/s] 26%|██▋       | 5/19 [00:02<00:08,  1.57it/s] 32%|███▏      | 6/19 [00:03<00:08,  1.57it/s] 37%|███▋      | 7/19 [00:04<00:07,  1.51it/s] 42%|████▏     | 8/19 [00:05<00:07,  1.40it/s] 47%|████▋     | 9/19 [00:05<00:07,  1.42it/s] 53%|█████▎    | 10/19 [00:06<00:06,  1.45it/s] 58%|█████▊    | 11/19 [00:07<00:05,  1.37it/s] 63%|██████▎   | 12/19 [00:07<00:04,  1.43it/s] 68%|██████▊   | 13/19 [00:08<00:04,  1.35it/s] 74%|███████▎  | 14/19 [00:09<00:03,  1.36it/s] 79%|███████▉  | 15/19 [00:10<00:02,  1.36it/s] 84%|████████▍ | 16/19 [00:10<00:02,  1.35it/s] 89%|████████▉ | 17/19 [00:11<00:01,  1.36it/s] 95%|█████████▍| 18/19 [00:12<00:00,  1.38it/s]100%|██████████| 19/19 [00:13<00:00,  1.35it/s]2026-07-06 19:54:24 [INFO] [eval-sample 0] step=210
  expected: {"reasoning": "Paragraph 8 states the Renaissance began 'seemingly in Italy', which aligns with the correction. The question refers to the era of 'first bass instruments' (paragraph 4) and links it to
  generated: <think>

{"reasoning": "Paragraph 4 states the Renaissance era (1400-1600) introduced first bass instruments. Paragraph 8 clarifies the Renaissance began 'seemingly in Italy' and is an extension of the Middle Ages. The Tikhaya Sosna's mouth is in Voronezh Oblast (paragraph 5), but the question's foc
2026-07-06 19:54:31 [INFO] [eval-sample 1] step=210
  expected: {
  "reasoning": "Paragraph 4 states Jan Å indel was born in the Bohemian town Hradec KrÃ¡lovÃ©. Paragraph 12 confirms Hradec KrÃ¡lovÃ© is in the Czech Republic. Thus, his birthplace country is Czech 
  generated: <think>

{"reasoning": "Paragraph 4 states Jan Å indel was born in the Bohemian town Hradec KrÃ¡lovÃ©. Paragraph 12 confirms Hradec KrÃ¡lovÃ© is in the Czech Republic. Thus, his birthplace country is Czech Republic.", "tentative_answer": "Czech Republic", "action": "handoff", "handoff_target": "A3",
2026-07-06 19:54:38 [INFO] [eval-sample 2] step=210
  expected: {
  "reasoning": "Paragraph 3 explains that the term 'Indian' was applied to the Americas due to Columbus's belief that he had reached the East Indies. Paragraph 19 notes Portugal's exploration of the
  generated: <think>

{"reasoning": "Paragraph 3 explains that the term 'Indian' for the Americas originated with Columbus, who mistakenly believed he had reached the East Indies. Paragraph 19 confirms that Portugal, under Prince Henry the Navigator, explored the Atlantic, including the Canary Islands (west of A
2026-07-06 19:54:44 [INFO] [eval-sample 3] step=210
  expected: {"reasoning": "Kyeon Mi-ri attended Sejong University (paragraph 16). Paragraph 4 explicitly states that Sejong University is a private university. Therefore, the answer is confirmed as private univer
  generated: <think>

{"reasoning": "Paragraph 16 states Kyeon Mi-ri studied Dance at Sejong University. Paragraph 4 explicitly describes Sejong University as a 'private university' in South Korea. The question asks about the university type, not the institution's name.", "tentative_answer": "private university"
2026-07-06 19:54:44 [INFO] step 210  eval_loss=0.3365  eval_runtime=40.5451  eval_samples_per_second=7.3010  eval_steps_per_second=0.4690  epoch=5.0000
100%|██████████| 19/19 [00:40<00:00,  2.11s/it]
2026-07-06 19:54:44 [INFO] Final eval metrics: {'eval_loss': 0.33650460839271545, 'eval_runtime': 40.5451, 'eval_samples_per_second': 7.301, 'eval_steps_per_second': 0.469, 'epoch': 5.0}
2026-07-06 19:54:44 [INFO] ======================================================================
2026-07-06 19:54:44 [INFO] Training complete.
2026-07-06 19:54:44 [INFO] ======================================================================
[rank0]:[W706 19:54:44.066779876 ProcessGroupNCCL.cpp:1575] Warning: WARNING: destroy_process_group() was not called before program exit, which can leak resources. For more info, please see https://pytorch.org/docs/stable/distributed.html#shutdown (function operator())
[done] A2 trained — final adapter at jca/sft_runs/0706v2/A2/final

================================================================
[phase 2] Training A3 — 3813 examples
  data: /data/wangyuheng/jca/sft_data/v2/all_agents.jsonl
  base: /data/wangyuheng/models/Qwen3-8B
  out:  jca/sft_runs/0706v2/A3
================================================================
The following values were not passed to `accelerate launch` and had defaults used instead:
	`--num_machines` was set to a value of `1`
	`--dynamo_backend` was set to a value of `'no'`
To avoid this warning pass in values for each of the problematic parameters or run `accelerate config`.
2026-07-06 19:54:53 [INFO] Agent: A3
2026-07-06 19:54:53 [INFO] Base model: /data/wangyuheng/models/Qwen3-8B
2026-07-06 19:54:53 [INFO] Data: /data/wangyuheng/jca/sft_data/v2/all_agents.jsonl
2026-07-06 19:54:53 [INFO] Output: jca/sft_runs/0706v2/A3
2026-07-06 19:54:53 [INFO] Loaded 3813 examples from /data/wangyuheng/jca/sft_data/v2/all_agents.jsonl
2026-07-06 19:54:53 [INFO] Split: train=3432, eval=381
2026-07-06 19:54:57 [INFO] Loading tokenizer + model...
[transformers] `torch_dtype` is deprecated! Use `dtype` instead!
[transformers] `torch_dtype` is deprecated! Use `dtype` instead!
[transformers] `torch_dtype` is deprecated! Use `dtype` instead!
[transformers] `torch_dtype` is deprecated! Use `dtype` instead!
[transformers] `torch_dtype` is deprecated! Use `dtype` instead!
[transformers] `torch_dtype` is deprecated! Use `dtype` instead!
[transformers] `torch_dtype` is deprecated! Use `dtype` instead!
[transformers] `torch_dtype` is deprecated! Use `dtype` instead!
Loading weights:   0%|          | 0/399 [00:00<?, ?it/s]Loading weights:   0%|          | 0/399 [00:00<?, ?it/s]Loading weights:   0%|          | 0/399 [00:00<?, ?it/s]Loading weights:   0%|          | 0/399 [00:00<?, ?it/s]Loading weights:   0%|          | 0/399 [00:00<?, ?it/s]Loading weights: 100%|██████████| 399/399 [00:00<00:00, 12894.81it/s]
Loading weights: 100%|██████████| 399/399 [00:00<00:00, 12451.65it/s]
Loading weights:   0%|          | 0/399 [00:00<?, ?it/s]Loading weights:   0%|          | 0/399 [00:00<?, ?it/s]Loading weights:   0%|          | 0/399 [00:00<?, ?it/s]Loading weights: 100%|██████████| 399/399 [00:00<00:00, 13252.41it/s]
Loading weights: 100%|██████████| 399/399 [00:00<00:00, 13194.00it/s]
Loading weights: 100%|██████████| 399/399 [00:00<00:00, 12197.54it/s]
Loading weights: 100%|██████████| 399/399 [00:00<00:00, 12647.39it/s]
Loading weights: 100%|██████████| 399/399 [00:00<00:00, 11623.01it/s]
Loading weights: 100%|██████████| 399/399 [00:00<00:00, 11083.26it/s]
trainable params: 61,341,696 || all params: 8,252,077,056 || trainable%: 0.7433
2026-07-06 19:55:40 [INFO] Tokenizing train set...
2026-07-06 19:56:28 [INFO] Encoded 2627 examples; skipped 805 (too long or empty label).
2026-07-06 19:56:30 [INFO] Tokenizing eval set...
[transformers] warmup_ratio is deprecated and will be removed in v5.2. Use `warmup_steps` instead.
[transformers] `logging_dir` is deprecated and will be removed in v5.2. Please set `TENSORBOARD_LOGGING_DIR` instead.
[transformers] warmup_ratio is deprecated and will be removed in v5.2. Use `warmup_steps` instead.
[transformers] `logging_dir` is deprecated and will be removed in v5.2. Please set `TENSORBOARD_LOGGING_DIR` instead.
[transformers] warmup_ratio is deprecated and will be removed in v5.2. Use `warmup_steps` instead.
[transformers] `logging_dir` is deprecated and will be removed in v5.2. Please set `TENSORBOARD_LOGGING_DIR` instead.
[transformers] warmup_ratio is deprecated and will be removed in v5.2. Use `warmup_steps` instead.
[transformers] `logging_dir` is deprecated and will be removed in v5.2. Please set `TENSORBOARD_LOGGING_DIR` instead.
[transformers] warmup_ratio is deprecated and will be removed in v5.2. Use `warmup_steps` instead.
[transformers] `logging_dir` is deprecated and will be removed in v5.2. Please set `TENSORBOARD_LOGGING_DIR` instead.
[transformers] warmup_ratio is deprecated and will be removed in v5.2. Use `warmup_steps` instead.
[transformers] `logging_dir` is deprecated and will be removed in v5.2. Please set `TENSORBOARD_LOGGING_DIR` instead.
2026-07-06 19:56:35 [INFO] Encoded 296 examples; skipped 85 (too long or empty label).
2026-07-06 19:56:35 [INFO] Dropped unsupported TrainingArguments for this transformers version: overwrite_output_dir
[transformers] warmup_ratio is deprecated and will be removed in v5.2. Use `warmup_steps` instead.
[transformers] `logging_dir` is deprecated and will be removed in v5.2. Please set `TENSORBOARD_LOGGING_DIR` instead.
[transformers] warmup_ratio is deprecated and will be removed in v5.2. Use `warmup_steps` instead.
[transformers] `logging_dir` is deprecated and will be removed in v5.2. Please set `TENSORBOARD_LOGGING_DIR` instead.
[transformers] The tokenizer has new PAD/BOS/EOS tokens that differ from the model config and generation config. The model config and generation config were aligned accordingly, being updated with the tokenizer's values. Updated tokens: {'bos_token_id': None, 'pad_token_id': 151643}.
[transformers] The tokenizer has new PAD/BOS/EOS tokens that differ from the model config and generation config. The model config and generation config were aligned accordingly, being updated with the tokenizer's values. Updated tokens: {'bos_token_id': None, 'pad_token_id': 151643}.
[transformers] The tokenizer has new PAD/BOS/EOS tokens that differ from the model config and generation config. The model config and generation config were aligned accordingly, being updated with the tokenizer's values. Updated tokens: {'bos_token_id': None, 'pad_token_id': 151643}.
[transformers] The tokenizer has new PAD/BOS/EOS tokens that differ from the model config and generation config. The model config and generation config were aligned accordingly, being updated with the tokenizer's values. Updated tokens: {'bos_token_id': None, 'pad_token_id': 151643}.
[transformers] The tokenizer has new PAD/BOS/EOS tokens that differ from the model config and generation config. The model config and generation config were aligned accordingly, being updated with the tokenizer's values. Updated tokens: {'bos_token_id': None, 'pad_token_id': 151643}.
[transformers] The tokenizer has new PAD/BOS/EOS tokens that differ from the model config and generation config. The model config and generation config were aligned accordingly, being updated with the tokenizer's values. Updated tokens: {'bos_token_id': None, 'pad_token_id': 151643}.
2026-07-06 19:56:40 [INFO] ======================================================================
2026-07-06 19:56:40 [INFO] Starting training
2026-07-06 19:56:40 [INFO] ======================================================================
[transformers] The tokenizer has new PAD/BOS/EOS tokens that differ from the model config and generation config. The model config and generation config were aligned accordingly, being updated with the tokenizer's values. Updated tokens: {'bos_token_id': None, 'pad_token_id': 151643}.
[transformers] The tokenizer has new PAD/BOS/EOS tokens that differ from the model config and generation config. The model config and generation config were aligned accordingly, being updated with the tokenizer's values. Updated tokens: {'bos_token_id': None, 'pad_token_id': 151643}.
[transformers] Using EarlyStoppingCallback without load_best_model_at_end=True. Once training is finished, the best model will not be loaded automatically.
[transformers] Using EarlyStoppingCallback without load_best_model_at_end=True. Once training is finished, the best model will not be loaded automatically.
[transformers] Using EarlyStoppingCallback without load_best_model_at_end=True. Once training is finished, the best model will not be loaded automatically.
[transformers] Using EarlyStoppingCallback without load_best_model_at_end=True. Once training is finished, the best model will not be loaded automatically.
[transformers] Using EarlyStoppingCallback without load_best_model_at_end=True. Once training is finished, the best model will not be loaded automatically.
[transformers] Using EarlyStoppingCallback without load_best_model_at_end=True. Once training is finished, the best model will not be loaded automatically.
[transformers] Using EarlyStoppingCallback without load_best_model_at_end=True. Once training is finished, the best model will not be loaded automatically.
[transformers] Using EarlyStoppingCallback without load_best_model_at_end=True. Once training is finished, the best model will not be loaded automatically.
  0%|          | 0/210 [00:00<?, ?it/s]  0%|          | 1/210 [00:14<49:19, 14.16s/it]  1%|          | 2/210 [00:27<48:23, 13.96s/it]  1%|▏         | 3/210 [00:42<48:53, 14.17s/it]  2%|▏         | 4/210 [00:56<48:48, 14.22s/it]  2%|▏         | 5/210 [01:11<49:18, 14.43s/it]  3%|▎         | 6/210 [01:26<49:28, 14.55s/it]  3%|▎         | 7/210 [01:40<48:29, 14.33s/it]  4%|▍         | 8/210 [01:54<48:12, 14.32s/it]  4%|▍         | 9/210 [02:09<48:38, 14.52s/it]  5%|▍         | 10/210 [02:23<47:52, 14.36s/it]                                                {'loss': '0.8782', 'grad_norm': '1.535', 'learning_rate': '1.636e-05', 'epoch': '0.2424'}
  5%|▍         | 10/210 [02:23<47:52, 14.36s/it]2026-07-06 19:59:04 [INFO] step 10  loss=0.8782  grad_norm=1.5347  learning_rate=0.0000  epoch=0.2424
  5%|▌         | 11/210 [02:37<47:06, 14.20s/it]  6%|▌         | 12/210 [02:52<47:24, 14.37s/it]  6%|▌         | 13/210 [03:05<46:40, 14.21s/it]  7%|▋         | 14/210 [03:20<46:29, 14.23s/it]  7%|▋         | 15/210 [03:35<46:54, 14.44s/it]  8%|▊         | 16/210 [03:49<46:18, 14.32s/it]  8%|▊         | 17/210 [04:02<45:35, 14.18s/it]  9%|▊         | 18/210 [04:17<45:51, 14.33s/it]  9%|▉         | 19/210 [04:31<45:16, 14.22s/it] 10%|▉         | 20/210 [04:45<44:42, 14.12s/it]                                                {'loss': '0.5227', 'grad_norm': '0.2962', 'learning_rate': '1.992e-05', 'epoch': '0.4848'}
 10%|▉         | 20/210 [04:45<44:42, 14.12s/it]2026-07-06 20:01:26 [INFO] step 20  loss=0.5227  grad_norm=0.2962  learning_rate=0.0000  epoch=0.4848
 10%|█         | 21/210 [04:59<44:13, 14.04s/it] 10%|█         | 22/210 [05:13<44:13, 14.11s/it] 11%|█         | 23/210 [05:27<44:04, 14.14s/it] 11%|█▏        | 24/210 [05:41<43:30, 14.03s/it] 12%|█▏        | 25/210 [05:55<42:58, 13.94s/it] 12%|█▏        | 26/210 [06:09<42:44, 13.94s/it] 13%|█▎        | 27/210 [06:23<42:34, 13.96s/it] 13%|█▎        | 28/210 [06:37<42:10, 13.90s/it] 14%|█▍        | 29/210 [06:51<42:15, 14.01s/it] 14%|█▍        | 30/210 [07:05<42:32, 14.18s/it]                                                {'loss': '0.3811', 'grad_norm': '0.1913', 'learning_rate': '1.96e-05', 'epoch': '0.7273'}
 14%|█▍        | 30/210 [07:05<42:32, 14.18s/it]2026-07-06 20:03:47 [INFO] step 30  loss=0.3811  grad_norm=0.1913  learning_rate=0.0000  epoch=0.7273
 15%|█▍        | 31/210 [07:19<42:06, 14.11s/it] 15%|█▌        | 32/210 [07:33<41:45, 14.07s/it] 16%|█▌        | 33/210 [07:48<41:40, 14.13s/it] 16%|█▌        | 34/210 [08:02<41:46, 14.24s/it] 17%|█▋        | 35/210 [08:17<41:46, 14.32s/it] 17%|█▋        | 36/210 [08:31<41:11, 14.20s/it] 18%|█▊        | 37/210 [08:44<40:29, 14.04s/it] 18%|█▊        | 38/210 [08:58<40:27, 14.11s/it] 19%|█▊        | 39/210 [09:13<40:17, 14.14s/it] 19%|█▉        | 40/210 [09:27<40:07, 14.16s/it]                                                {'loss': '0.3732', 'grad_norm': '0.1618', 'learning_rate': '1.904e-05', 'epoch': '0.9697'}
 19%|█▉        | 40/210 [09:27<40:07, 14.16s/it]2026-07-06 20:06:08 [INFO] step 40  loss=0.3732  grad_norm=0.1618  learning_rate=0.0000  epoch=0.9697
 20%|█▉        | 41/210 [09:42<40:16, 14.30s/it] 20%|██        | 42/210 [09:45<31:10, 11.14s/it] 20%|██        | 43/210 [10:00<33:50, 12.16s/it] 21%|██        | 44/210 [10:14<35:32, 12.84s/it] 21%|██▏       | 45/210 [10:28<36:18, 13.20s/it] 22%|██▏       | 46/210 [10:42<36:44, 13.44s/it] 22%|██▏       | 47/210 [10:57<37:32, 13.82s/it] 23%|██▎       | 48/210 [11:11<37:14, 13.79s/it] 23%|██▎       | 49/210 [11:25<37:14, 13.88s/it] 24%|██▍       | 50/210 [11:39<37:16, 13.98s/it]                                                {'loss': '0.3477', 'grad_norm': '0.1144', 'learning_rate': '1.825e-05', 'epoch': '1.194'}
 24%|██▍       | 50/210 [11:39<37:16, 13.98s/it]2026-07-06 20:08:20 [INFO] step 50  loss=0.3477  grad_norm=0.1144  learning_rate=0.0000  epoch=1.1939
 24%|██▍       | 51/210 [11:53<37:20, 14.09s/it] 25%|██▍       | 52/210 [12:07<37:06, 14.09s/it] 25%|██▌       | 53/210 [12:22<37:06, 14.18s/it] 26%|██▌       | 54/210 [12:36<36:38, 14.10s/it] 26%|██▌       | 55/210 [12:50<36:22, 14.08s/it] 27%|██▋       | 56/210 [13:04<36:06, 14.07s/it] 27%|██▋       | 57/210 [13:18<36:00, 14.12s/it] 28%|██▊       | 58/210 [13:32<35:45, 14.12s/it] 28%|██▊       | 59/210 [13:46<35:13, 14.00s/it] 29%|██▊       | 60/210 [14:00<35:12, 14.08s/it]                                                {'loss': '0.3197', 'grad_norm': '0.1572', 'learning_rate': '1.726e-05', 'epoch': '1.436'}
 29%|██▊       | 60/210 [14:00<35:12, 14.08s/it]2026-07-06 20:10:42 [INFO] step 60  loss=0.3197  grad_norm=0.1572  learning_rate=0.0000  epoch=1.4364
 29%|██▉       | 61/210 [14:15<35:17, 14.21s/it] 30%|██▉       | 62/210 [14:29<34:53, 14.15s/it] 30%|███       | 63/210 [14:43<34:52, 14.23s/it] 30%|███       | 64/210 [14:57<34:23, 14.14s/it] 31%|███       | 65/210 [15:11<34:17, 14.19s/it] 31%|███▏      | 66/210 [15:26<34:10, 14.24s/it] 32%|███▏      | 67/210 [15:40<33:51, 14.20s/it] 32%|███▏      | 68/210 [15:54<33:42, 14.24s/it] 33%|███▎      | 69/210 [16:08<33:31, 14.27s/it] 33%|███▎      | 70/210 [16:22<32:50, 14.08s/it]                                                {'loss': '0.3048', 'grad_norm': '0.1088', 'learning_rate': '1.609e-05', 'epoch': '1.679'}
 33%|███▎      | 70/210 [16:22<32:50, 14.08s/it]2026-07-06 20:13:03 [INFO] step 70  loss=0.3048  grad_norm=0.1088  learning_rate=0.0000  epoch=1.6788
 34%|███▍      | 71/210 [16:36<32:33, 14.06s/it] 34%|███▍      | 72/210 [16:51<32:52, 14.30s/it] 35%|███▍      | 73/210 [17:05<32:37, 14.29s/it] 35%|███▌      | 74/210 [17:19<32:11, 14.21s/it] 36%|███▌      | 75/210 [17:34<32:04, 14.26s/it] 36%|███▌      | 76/210 [17:48<31:39, 14.18s/it] 37%|███▋      | 77/210 [18:01<31:02, 14.00s/it] 37%|███▋      | 78/210 [18:15<30:56, 14.06s/it] 38%|███▊      | 79/210 [18:30<30:58, 14.19s/it] 38%|███▊      | 80/210 [18:44<30:28, 14.07s/it]                                                {'loss': '0.2969', 'grad_norm': '0.1223', 'learning_rate': '1.477e-05', 'epoch': '1.921'}
 38%|███▊      | 80/210 [18:44<30:28, 14.07s/it]2026-07-06 20:15:25 [INFO] step 80  loss=0.2969  grad_norm=0.1223  learning_rate=0.0000  epoch=1.9212
 39%|███▊      | 81/210 [18:58<30:35, 14.23s/it] 39%|███▉      | 82/210 [19:13<30:32, 14.31s/it] 40%|███▉      | 83/210 [19:27<30:12, 14.27s/it] 40%|████      | 84/210 [19:31<23:20, 11.12s/it] 40%|████      | 85/210 [19:45<25:03, 12.03s/it] 41%|████      | 86/210 [19:59<26:11, 12.67s/it] 41%|████▏     | 87/210 [20:13<26:59, 13.16s/it] 42%|████▏     | 88/210 [20:27<27:16, 13.42s/it] 42%|████▏     | 89/210 [20:42<27:37, 13.70s/it] 43%|████▎     | 90/210 [20:56<27:51, 13.93s/it]                                                {'loss': '0.2874', 'grad_norm': '0.1166', 'learning_rate': '1.333e-05', 'epoch': '2.145'}
 43%|████▎     | 90/210 [20:56<27:51, 13.93s/it]2026-07-06 20:17:38 [INFO] step 90  loss=0.2874  grad_norm=0.1166  learning_rate=0.0000  epoch=2.1455
 43%|████▎     | 91/210 [21:11<28:02, 14.13s/it] 44%|████▍     | 92/210 [21:25<27:38, 14.05s/it] 44%|████▍     | 93/210 [21:39<27:25, 14.06s/it] 45%|████▍     | 94/210 [21:53<27:08, 14.04s/it] 45%|████▌     | 95/210 [22:07<27:14, 14.21s/it] 46%|████▌     | 96/210 [22:21<26:53, 14.15s/it] 46%|████▌     | 97/210 [22:36<26:42, 14.18s/it] 47%|████▋     | 98/210 [22:50<26:32, 14.22s/it] 47%|████▋     | 99/210 [23:04<26:09, 14.14s/it] 48%|████▊     | 100/210 [23:18<26:00, 14.19s/it]                                                 {'loss': '0.2836', 'grad_norm': '0.115', 'learning_rate': '1.181e-05', 'epoch': '2.388'}
 48%|████▊     | 100/210 [23:18<26:00, 14.19s/it]2026-07-06 20:20:00 [INFO] step 100  loss=0.2836  grad_norm=0.1150  learning_rate=0.0000  epoch=2.3879

  0%|          | 0/19 [00:00<?, ?it/s][A
 11%|█         | 2/19 [00:00<00:08,  2.00it/s][A
 16%|█▌        | 3/19 [00:02<00:11,  1.40it/s][A
 21%|██        | 4/19 [00:02<00:12,  1.23it/s][A
 26%|██▋       | 5/19 [00:04<00:12,  1.12it/s][A
 32%|███▏      | 6/19 [00:05<00:13,  1.06s/it][A
 37%|███▋      | 7/19 [00:06<00:12,  1.04s/it][A
 42%|████▏     | 8/19 [00:07<00:11,  1.07s/it][A
 47%|████▋     | 9/19 [00:08<00:10,  1.03s/it][A
 53%|█████▎    | 10/19 [00:09<00:08,  1.00it/s][A
 58%|█████▊    | 11/19 [00:10<00:08,  1.04s/it][A
 63%|██████▎   | 12/19 [00:11<00:06,  1.01it/s][A
 68%|██████▊   | 13/19 [00:12<00:06,  1.03s/it][A
 74%|███████▎  | 14/19 [00:13<00:05,  1.02s/it][A
 79%|███████▉  | 15/19 [00:14<00:04,  1.02s/it][A
 84%|████████▍ | 16/19 [00:15<00:03,  1.03s/it][A
 89%|████████▉ | 17/19 [00:16<00:02,  1.02s/it][A
 95%|█████████▍| 18/19 [00:17<00:01,  1.00s/it][A
100%|██████████| 19/19 [00:18<00:00,  1.02s/it][A2026-07-06 20:20:25 [INFO] [eval-sample 0] step=100
  expected: {"reasoning": "Paragraph 8 states the Renaissance began 'seemingly in Italy', which aligns with the correction. The question refers to the era of 'first bass instruments' (paragraph 4) and links it to
  generated: <think>
</think>

{"reasoning": "Paragraph 8 states the Renaissance began 'seemingly in Italy', while paragraph 5 locates the Tikhaya Sosna's mouth in Voronezh Oblast. The question conflates the Renaissance's origin with the river's location, but the correct answer is Italy.", "tentative_answer": "s
2026-07-06 20:20:30 [INFO] [eval-sample 1] step=100
  expected: {
  "reasoning": "Paragraph 4 states Jan Å indel was born in the Bohemian town Hradec KrÃ¡lovÃ©. Paragraph 12 confirms Hradec KrÃ¡lovÃ© is in the Czech Republic. Thus, his birthplace country is Czech 
  generated: <think>
</think>

{"reasoning": "Paragraph 4 states Jan Šindel was born in Hradec Králové, Bohemia. Paragraph 12 confirms Hradec Králové is in the Czech Republic. No conflicting information exists.", "tentative_answer": "Czech Republic", "action": "confirm_stop", "handoff_target": null, "handoff_not
2026-07-06 20:20:35 [INFO] [eval-sample 2] step=100
  expected: {
  "reasoning": "Paragraph 3 explains that the term 'Indian' was applied to the Americas due to Columbus's belief that he had reached the East Indies. Paragraph 19 notes Portugal's exploration of the
  generated: <think>
</think>

{"reasoning": "Paragraph 3 states the term 'Indian' originated with Columbus, who mistakenly believed he reached the East Indies. Paragraph 19 confirms Portugal's exploration of the Atlantic, including the Canary Islands (west of Africa). The term 'Indian' incorrectly applies to th
2026-07-06 20:20:41 [INFO] [eval-sample 3] step=100
  expected: {"reasoning": "Kyeon Mi-ri attended Sejong University (paragraph 16). Paragraph 4 explicitly states that Sejong University is a private university. Therefore, the answer is confirmed as private univer
  generated: <think>
</think>

{"reasoning": "Paragraph 16 states Kyeon Mi-ri studied Dance at Sejong University. Paragraph 4 explicitly describes Sejong University as a 'private university' in South Korea. The question asks about the university type, not the institution's name.", "tentative_answer": "private un
                                                 
                                               [A{'eval_loss': '0.2955', 'eval_runtime': '41.26', 'eval_samples_per_second': '7.174', 'eval_steps_per_second': '0.461', 'epoch': '2.388'}
 48%|████▊     | 100/210 [23:59<26:00, 14.19s/it]
100%|██████████| 19/19 [00:40<00:00,  1.02s/it][A2026-07-06 20:20:41 [INFO] step 100  eval_loss=0.2955  eval_runtime=41.2582  eval_samples_per_second=7.1740  eval_steps_per_second=0.4610  epoch=2.3879

                                               [A/data/conda_envs/qwen35/lib/python3.12/site-packages/torch/distributed/c10d_logger.py:83: UserWarning: barrier(): using the device under current context. You can specify `device_id` in `init_process_group` to mute this warning.
  return func(*args, **kwargs)
 48%|████▊     | 101/210 [24:15<48:53, 26.91s/it] 49%|████▊     | 102/210 [24:29<41:21, 22.98s/it] 49%|████▉     | 103/210 [24:43<36:16, 20.34s/it] 50%|████▉     | 104/210 [24:57<32:36, 18.46s/it] 50%|█████     | 105/210 [25:12<30:19, 17.33s/it] 50%|█████     | 106/210 [25:26<28:37, 16.52s/it] 51%|█████     | 107/210 [25:41<27:33, 16.06s/it] 51%|█████▏    | 108/210 [25:56<26:43, 15.72s/it] 52%|█████▏    | 109/210 [26:10<25:28, 15.13s/it] 52%|█████▏    | 110/210 [26:24<24:58, 14.98s/it]                                                 {'loss': '0.278', 'grad_norm': '0.1209', 'learning_rate': '1.024e-05', 'epoch': '2.63'}
 52%|█████▏    | 110/210 [26:24<24:58, 14.98s/it]2026-07-06 20:23:06 [INFO] step 110  loss=0.2780  grad_norm=0.1209  learning_rate=0.0000  epoch=2.6303
 53%|█████▎    | 111/210 [26:39<24:21, 14.76s/it] 53%|█████▎    | 112/210 [26:53<23:39, 14.49s/it] 54%|█████▍    | 113/210 [27:06<23:08, 14.31s/it] 54%|█████▍    | 114/210 [27:20<22:43, 14.21s/it] 55%|█████▍    | 115/210 [27:34<22:23, 14.15s/it] 55%|█████▌    | 116/210 [27:48<21:55, 14.00s/it] 56%|█████▌    | 117/210 [28:02<21:44, 14.03s/it] 56%|█████▌    | 118/210 [28:16<21:33, 14.06s/it] 57%|█████▋    | 119/210 [28:30<21:15, 14.02s/it] 57%|█████▋    | 120/210 [28:45<21:14, 14.16s/it]                                                 {'loss': '0.2755', 'grad_norm': '0.1301', 'learning_rate': '8.662e-06', 'epoch': '2.873'}
 57%|█████▋    | 120/210 [28:45<21:14, 14.16s/it]2026-07-06 20:25:26 [INFO] step 120  loss=0.2755  grad_norm=0.1301  learning_rate=0.0000  epoch=2.8727
 58%|█████▊    | 121/210 [28:59<21:06, 14.23s/it] 58%|█████▊    | 122/210 [29:13<20:52, 14.24s/it] 59%|█████▊    | 123/210 [29:28<20:39, 14.25s/it] 59%|█████▉    | 124/210 [29:42<20:28, 14.29s/it] 60%|█████▉    | 125/210 [29:56<20:16, 14.31s/it] 60%|██████    | 126/210 [30:00<15:36, 11.15s/it] 60%|██████    | 127/210 [30:15<16:49, 12.16s/it] 61%|██████    | 128/210 [30:29<17:31, 12.82s/it] 61%|██████▏   | 129/210 [30:43<17:50, 13.22s/it] 62%|██████▏   | 130/210 [30:57<17:49, 13.37s/it]                                                 {'loss': '0.2852', 'grad_norm': '0.1265', 'learning_rate': '7.121e-06', 'epoch': '3.097'}
 62%|██████▏   | 130/210 [30:57<17:49, 13.37s/it]2026-07-06 20:27:38 [INFO] step 130  loss=0.2852  grad_norm=0.1265  learning_rate=0.0000  epoch=3.0970
 62%|██████▏   | 131/210 [31:11<17:50, 13.55s/it] 63%|██████▎   | 132/210 [31:25<17:43, 13.63s/it] 63%|██████▎   | 133/210 [31:39<17:51, 13.92s/it] 64%|██████▍   | 134/210 [31:53<17:44, 14.00s/it] 64%|██████▍   | 135/210 [32:08<17:32, 14.03s/it] 65%|██████▍   | 136/210 [32:22<17:27, 14.15s/it] 65%|██████▌   | 137/210 [32:36<17:10, 14.12s/it] 66%|██████▌   | 138/210 [32:50<16:55, 14.10s/it] 66%|██████▌   | 139/210 [33:04<16:43, 14.13s/it] 67%|██████▋   | 140/210 [33:18<16:17, 13.97s/it]                                                 {'loss': '0.2755', 'grad_norm': '0.1243', 'learning_rate': '5.651e-06', 'epoch': '3.339'}
 67%|██████▋   | 140/210 [33:18<16:17, 13.97s/it]2026-07-06 20:29:59 [INFO] step 140  loss=0.2755  grad_norm=0.1243  learning_rate=0.0000  epoch=3.3394
 67%|██████▋   | 141/210 [33:32<16:12, 14.10s/it] 68%|██████▊   | 142/210 [33:47<16:01, 14.15s/it] 68%|██████▊   | 143/210 [34:01<15:50, 14.19s/it] 69%|██████▊   | 144/210 [34:15<15:38, 14.22s/it] 69%|██████▉   | 145/210 [34:29<15:24, 14.22s/it] 70%|██████▉   | 146/210 [34:43<15:07, 14.18s/it] 70%|███████   | 147/210 [34:58<15:00, 14.30s/it] 70%|███████   | 148/210 [35:12<14:41, 14.21s/it] 71%|███████   | 149/210 [35:26<14:19, 14.09s/it] 71%|███████▏  | 150/210 [35:40<14:07, 14.13s/it]                                                 {'loss': '0.2624', 'grad_norm': '0.1399', 'learning_rate': '4.289e-06', 'epoch': '3.582'}
 71%|███████▏  | 150/210 [35:40<14:07, 14.13s/it]2026-07-06 20:32:21 [INFO] step 150  loss=0.2624  grad_norm=0.1399  learning_rate=0.0000  epoch=3.5818
 72%|███████▏  | 151/210 [35:54<13:46, 14.00s/it] 72%|███████▏  | 152/210 [36:08<13:30, 13.98s/it] 73%|███████▎  | 153/210 [36:22<13:20, 14.05s/it] 73%|███████▎  | 154/210 [36:36<13:11, 14.13s/it] 74%|███████▍  | 155/210 [36:50<12:53, 14.07s/it] 74%|███████▍  | 156/210 [37:04<12:37, 14.02s/it] 75%|███████▍  | 157/210 [37:18<12:27, 14.11s/it] 75%|███████▌  | 158/210 [37:33<12:17, 14.18s/it] 76%|███████▌  | 159/210 [37:47<12:01, 14.14s/it] 76%|███████▌  | 160/210 [38:01<11:47, 14.14s/it]                                                 {'loss': '0.26', 'grad_norm': '0.1388', 'learning_rate': '3.07e-06', 'epoch': '3.824'}
 76%|███████▌  | 160/210 [38:01<11:47, 14.14s/it]2026-07-06 20:34:42 [INFO] step 160  loss=0.2600  grad_norm=0.1388  learning_rate=0.0000  epoch=3.8242
 77%|███████▋  | 161/210 [38:15<11:35, 14.20s/it] 77%|███████▋  | 162/210 [38:30<11:26, 14.29s/it] 78%|███████▊  | 163/210 [38:44<11:11, 14.29s/it] 78%|███████▊  | 164/210 [38:58<10:51, 14.17s/it] 79%|███████▊  | 165/210 [39:12<10:30, 14.02s/it] 79%|███████▉  | 166/210 [39:26<10:24, 14.18s/it] 80%|███████▉  | 167/210 [39:40<10:07, 14.13s/it] 80%|████████  | 168/210 [39:44<07:41, 10.98s/it] 80%|████████  | 169/210 [39:58<08:13, 12.04s/it] 81%|████████  | 170/210 [40:13<08:29, 12.73s/it]                                                 {'loss': '0.2814', 'grad_norm': '0.1325', 'learning_rate': '2.023e-06', 'epoch': '4.048'}
 81%|████████  | 170/210 [40:13<08:29, 12.73s/it]2026-07-06 20:36:54 [INFO] step 170  loss=0.2814  grad_norm=0.1325  learning_rate=0.0000  epoch=4.0485
 81%|████████▏ | 171/210 [40:27<08:30, 13.09s/it] 82%|████████▏ | 172/210 [40:41<08:30, 13.42s/it] 82%|████████▏ | 173/210 [40:56<08:32, 13.85s/it] 83%|████████▎ | 174/210 [41:10<08:21, 13.92s/it] 83%|████████▎ | 175/210 [41:24<08:14, 14.12s/it] 84%|████████▍ | 176/210 [41:38<08:00, 14.15s/it] 84%|████████▍ | 177/210 [41:53<07:47, 14.16s/it] 85%|████████▍ | 178/210 [42:07<07:32, 14.13s/it] 85%|████████▌ | 179/210 [42:21<07:16, 14.09s/it] 86%|████████▌ | 180/210 [42:35<07:05, 14.17s/it]                                                 {'loss': '0.2743', 'grad_norm': '0.1475', 'learning_rate': '1.174e-06', 'epoch': '4.291'}
 86%|████████▌ | 180/210 [42:35<07:05, 14.17s/it]2026-07-06 20:39:17 [INFO] step 180  loss=0.2743  grad_norm=0.1475  learning_rate=0.0000  epoch=4.2909
 86%|████████▌ | 181/210 [42:49<06:48, 14.09s/it] 87%|████████▋ | 182/210 [43:03<06:32, 14.02s/it] 87%|████████▋ | 183/210 [43:17<06:21, 14.12s/it] 88%|████████▊ | 184/210 [43:32<06:08, 14.17s/it] 88%|████████▊ | 185/210 [43:46<05:53, 14.15s/it] 89%|████████▊ | 186/210 [44:00<05:38, 14.12s/it] 89%|████████▉ | 187/210 [44:14<05:22, 14.04s/it] 90%|████████▉ | 188/210 [44:28<05:09, 14.06s/it] 90%|█████████ | 189/210 [44:42<04:55, 14.06s/it] 90%|█████████ | 190/210 [44:56<04:42, 14.13s/it]                                                 {'loss': '0.2697', 'grad_norm': '0.1419', 'learning_rate': '5.445e-07', 'epoch': '4.533'}
 90%|█████████ | 190/210 [44:56<04:42, 14.13s/it]2026-07-06 20:41:37 [INFO] step 190  loss=0.2697  grad_norm=0.1419  learning_rate=0.0000  epoch=4.5333
 91%|█████████ | 191/210 [45:10<04:25, 13.98s/it] 91%|█████████▏| 192/210 [45:24<04:16, 14.23s/it] 92%|█████████▏| 193/210 [45:39<04:03, 14.32s/it] 92%|█████████▏| 194/210 [45:53<03:46, 14.15s/it] 93%|█████████▎| 195/210 [46:07<03:31, 14.10s/it] 93%|█████████▎| 196/210 [46:21<03:20, 14.29s/it] 94%|█████████▍| 197/210 [46:36<03:05, 14.26s/it] 94%|█████████▍| 198/210 [46:50<02:51, 14.30s/it] 95%|█████████▍| 199/210 [47:04<02:37, 14.28s/it] 95%|█████████▌| 200/210 [47:19<02:22, 14.29s/it]                                                 {'loss': '0.2515', 'grad_norm': '0.1356', 'learning_rate': '1.504e-07', 'epoch': '4.776'}
 95%|█████████▌| 200/210 [47:19<02:22, 14.29s/it]2026-07-06 20:44:00 [INFO] step 200  loss=0.2515  grad_norm=0.1356  learning_rate=0.0000  epoch=4.7758

  0%|          | 0/19 [00:00<?, ?it/s][A
 11%|█         | 2/19 [00:01<00:08,  1.99it/s][A
 16%|█▌        | 3/19 [00:02<00:11,  1.40it/s][A
 21%|██        | 4/19 [00:02<00:12,  1.23it/s][A
 26%|██▋       | 5/19 [00:04<00:12,  1.12it/s][A
 32%|███▏      | 6/19 [00:04<00:11,  1.12it/s][A
 37%|███▋      | 7/19 [00:05<00:11,  1.09it/s][A
 42%|████▏     | 8/19 [00:07<00:10,  1.01it/s][A
 47%|████▋     | 9/19 [00:07<00:09,  1.03it/s][A
 53%|█████▎    | 10/19 [00:08<00:08,  1.04it/s][A
 58%|█████▊    | 11/19 [00:10<00:08,  1.01s/it][A
 63%|██████▎   | 12/19 [00:10<00:06,  1.03it/s][A
 68%|██████▊   | 13/19 [00:12<00:06,  1.02s/it][A
 74%|███████▎  | 14/19 [00:13<00:05,  1.01s/it][A
 79%|███████▉  | 15/19 [00:14<00:04,  1.01s/it][A
 84%|████████▍ | 16/19 [00:15<00:03,  1.02s/it][A
 89%|████████▉ | 17/19 [00:16<00:02,  1.02s/it][A
 95%|█████████▍| 18/19 [00:17<00:00,  1.00it/s][A
100%|██████████| 19/19 [00:18<00:00,  1.02s/it][A2026-07-06 20:44:25 [INFO] [eval-sample 0] step=200
  expected: {"reasoning": "Paragraph 8 states the Renaissance began 'seemingly in Italy', which aligns with the correction. The question refers to the era of 'first bass instruments' (paragraph 4) and links it to
  generated: <think>
</think>

{"reasoning": "Paragraph 8 states the Renaissance began 'seemingly in Italy', while paragraph 5 locates the Tikhaya Sosna's mouth in Voronezh Oblast. The question conflates the Renaissance's origin with the river's location, but the correct answer is 'seemingly in Italy' as per the
2026-07-06 20:44:30 [INFO] [eval-sample 1] step=200
  expected: {
  "reasoning": "Paragraph 4 states Jan Å indel was born in the Bohemian town Hradec KrÃ¡lovÃ©. Paragraph 12 confirms Hradec KrÃ¡lovÃ© is in the Czech Republic. Thus, his birthplace country is Czech 
  generated: <think>
</think>

{"reasoning": "Paragraph 4 states Jan Šindel was born in Hradec Králové, Bohemia. Paragraph 12 confirms Hradec Králové is in the Czech Republic. No conflicting information exists.", "tentative_answer": "Czech Republic", "action": "confirm_stop", "handoff_target": null, "handoff_not
2026-07-06 20:44:37 [INFO] [eval-sample 2] step=200
  expected: {
  "reasoning": "Paragraph 3 explains that the term 'Indian' was applied to the Americas due to Columbus's belief that he had reached the East Indies. Paragraph 19 notes Portugal's exploration of the
  generated: <think>
</think>

{"reasoning": "Paragraph 3 states the term 'Indian' originated with Columbus, who mistakenly believed he had reached the East Indies. Paragraph 19 confirms Portugal's exploration of the Atlantic, including the Canary Islands (west of Africa). The term 'Indian' was incorrectly appli
2026-07-06 20:44:42 [INFO] [eval-sample 3] step=200
  expected: {"reasoning": "Kyeon Mi-ri attended Sejong University (paragraph 16). Paragraph 4 explicitly states that Sejong University is a private university. Therefore, the answer is confirmed as private univer
  generated: <think>
</think>

{"reasoning": "Paragraph 16 states Kyeon Mi-ri studied Dance at Sejong University. Paragraph 4 explicitly describes Sejong University as a 'private university' in South Korea. The question asks about the university type, not the institution's name.", "tentative_answer": "private un
                                                 
                                               [A{'eval_loss': '0.2792', 'eval_runtime': '42.47', 'eval_samples_per_second': '6.969', 'eval_steps_per_second': '0.447', 'epoch': '4.776'}
 95%|█████████▌| 200/210 [48:01<02:22, 14.29s/it]
100%|██████████| 19/19 [00:41<00:00,  1.02s/it][A2026-07-06 20:44:42 [INFO] step 200  eval_loss=0.2792  eval_runtime=42.4732  eval_samples_per_second=6.9690  eval_steps_per_second=0.4470  epoch=4.7758

                                               [A/data/conda_envs/qwen35/lib/python3.12/site-packages/torch/distributed/c10d_logger.py:83: UserWarning: barrier(): using the device under current context. You can specify `device_id` in `init_process_group` to mute this warning.
  return func(*args, **kwargs)
 96%|█████████▌| 201/210 [48:17<04:07, 27.55s/it] 96%|█████████▌| 202/210 [48:31<03:08, 23.58s/it] 97%|█████████▋| 203/210 [48:46<02:25, 20.81s/it] 97%|█████████▋| 204/210 [49:00<01:52, 18.82s/it] 98%|█████████▊| 205/210 [49:15<01:28, 17.61s/it] 98%|█████████▊| 206/210 [49:29<01:06, 16.74s/it] 99%|█████████▊| 207/210 [49:43<00:47, 15.93s/it] 99%|█████████▉| 208/210 [49:57<00:30, 15.30s/it]100%|█████████▉| 209/210 [50:11<00:14, 14.98s/it]100%|██████████| 210/210 [50:15<00:00, 11.61s/it]                                                 {'loss': '0.2537', 'grad_norm': '0.2314', 'learning_rate': '1.246e-09', 'epoch': '5'}
100%|██████████| 210/210 [50:15<00:00, 11.61s/it]2026-07-06 20:46:57 [INFO] step 210  loss=0.2537  grad_norm=0.2314  learning_rate=0.0000  epoch=5.0000

  0%|          | 0/19 [00:00<?, ?it/s][A
 11%|█         | 2/19 [00:01<00:08,  1.99it/s][A
 16%|█▌        | 3/19 [00:02<00:11,  1.39it/s][A
 21%|██        | 4/19 [00:02<00:12,  1.23it/s][A
 26%|██▋       | 5/19 [00:04<00:12,  1.12it/s][A
 32%|███▏      | 6/19 [00:04<00:11,  1.12it/s][A
 37%|███▋      | 7/19 [00:05<00:11,  1.09it/s][A
 42%|████▏     | 8/19 [00:07<00:10,  1.01it/s][A
 47%|████▋     | 9/19 [00:07<00:09,  1.02it/s][A
 53%|█████▎    | 10/19 [00:08<00:08,  1.04it/s][A
 58%|█████▊    | 11/19 [00:10<00:08,  1.01s/it][A
 63%|██████▎   | 12/19 [00:10<00:06,  1.03it/s][A
 68%|██████▊   | 13/19 [00:12<00:06,  1.02s/it][A
 74%|███████▎  | 14/19 [00:13<00:05,  1.01s/it][A
 79%|███████▉  | 15/19 [00:14<00:04,  1.01s/it][A
 84%|████████▍ | 16/19 [00:15<00:03,  1.02s/it][A
 89%|████████▉ | 17/19 [00:16<00:02,  1.02s/it][A
 95%|█████████▍| 18/19 [00:17<00:00,  1.00it/s][A
100%|██████████| 19/19 [00:18<00:00,  1.02s/it][A2026-07-06 20:47:22 [INFO] [eval-sample 0] step=210
  expected: {"reasoning": "Paragraph 8 states the Renaissance began 'seemingly in Italy', which aligns with the correction. The question refers to the era of 'first bass instruments' (paragraph 4) and links it to
  generated: <think>
</think>

{"reasoning": "Paragraph 8 states the Renaissance began 'seemingly in Italy', while paragraph 5 locates the Tikhaya Sosna's mouth in Voronezh Oblast. The question conflates these two distinct geographical references.", "tentative_answer": "seemingly in Italy", "action": "handoff", 
2026-07-06 20:47:27 [INFO] [eval-sample 1] step=210
  expected: {
  "reasoning": "Paragraph 4 states Jan Å indel was born in the Bohemian town Hradec KrÃ¡lovÃ©. Paragraph 12 confirms Hradec KrÃ¡lovÃ© is in the Czech Republic. Thus, his birthplace country is Czech 
  generated: <think>
</think>

{"reasoning": "Paragraph 4 states Jan Šindel was born in Hradec Králové, Bohemia. Paragraph 12 confirms Hradec Králové is in the Czech Republic. No conflicting information exists.", "tentative_answer": "Czech Republic", "action": "confirm_stop", "handoff_target": null, "handoff_not
2026-07-06 20:47:34 [INFO] [eval-sample 2] step=210
  expected: {
  "reasoning": "Paragraph 3 explains that the term 'Indian' was applied to the Americas due to Columbus's belief that he had reached the East Indies. Paragraph 19 notes Portugal's exploration of the
  generated: <think>
</think>

{"reasoning": "Paragraph 3 states the term 'Indian' originated with Columbus, who mistakenly believed he had reached the East Indies. Paragraph 19 confirms Portugal's exploration of the Atlantic, including the Canary Islands (west of Africa). The term 'Indian' was incorrectly appli
2026-07-06 20:47:40 [INFO] [eval-sample 3] step=210
  expected: {"reasoning": "Kyeon Mi-ri attended Sejong University (paragraph 16). Paragraph 4 explicitly states that Sejong University is a private university. Therefore, the answer is confirmed as private univer
  generated: <think>
</think>

{"reasoning": "Paragraph 16 states Kyeon Mi-ri studied Dance at Sejong University. Paragraph 4 explicitly describes Sejong University as a 'private university' in South Korea. The question asks about the university type, not the institution's name.", "tentative_answer": "private un
                                                 
                                               [A{'eval_loss': '0.2794', 'eval_runtime': '42.86', 'eval_samples_per_second': '6.906', 'eval_steps_per_second': '0.443', 'epoch': '5'}
100%|██████████| 210/210 [50:58<00:00, 11.61s/it]
100%|██████████| 19/19 [00:42<00:00,  1.02s/it][A2026-07-06 20:47:40 [INFO] step 210  eval_loss=0.2794  eval_runtime=42.8597  eval_samples_per_second=6.9060  eval_steps_per_second=0.4430  epoch=5.0000

                                               [A/data/conda_envs/qwen35/lib/python3.12/site-packages/torch/distributed/c10d_logger.py:83: UserWarning: barrier(): using the device under current context. You can specify `device_id` in `init_process_group` to mute this warning.
  return func(*args, **kwargs)
                                                 {'train_runtime': '3060', 'train_samples_per_second': '4.293', 'train_steps_per_second': '0.069', 'train_loss': '0.3315', 'epoch': '5'}
100%|██████████| 210/210 [50:59<00:00, 11.61s/it]2026-07-06 20:47:41 [INFO] step 210  train_runtime=3059.8504  train_samples_per_second=4.2930  train_steps_per_second=0.0690  total_flos=2226578425693339648.0000  train_loss=0.3315  epoch=5.0000
100%|██████████| 210/210 [50:59<00:00, 14.57s/it]
2026-07-06 20:47:41 [INFO] Final model saved to jca/sft_runs/0706v2/A3/final
  0%|          | 0/19 [00:00<?, ?it/s] 11%|█         | 2/19 [00:00<00:08,  2.02it/s] 16%|█▌        | 3/19 [00:01<00:11,  1.42it/s] 21%|██        | 4/19 [00:02<00:12,  1.25it/s] 26%|██▋       | 5/19 [00:03<00:12,  1.14it/s] 32%|███▏      | 6/19 [00:04<00:11,  1.14it/s] 37%|███▋      | 7/19 [00:05<00:10,  1.10it/s] 42%|████▏     | 8/19 [00:06<00:10,  1.02it/s] 47%|████▋     | 9/19 [00:07<00:09,  1.04it/s] 53%|█████▎    | 10/19 [00:08<00:08,  1.06it/s] 58%|█████▊    | 11/19 [00:09<00:08,  1.00s/it] 63%|██████▎   | 12/19 [00:10<00:06,  1.04it/s] 68%|██████▊   | 13/19 [00:11<00:06,  1.01s/it] 74%|███████▎  | 14/19 [00:12<00:04,  1.00it/s] 79%|███████▉  | 15/19 [00:13<00:03,  1.00it/s] 84%|████████▍ | 16/19 [00:14<00:03,  1.01s/it] 89%|████████▉ | 17/19 [00:15<00:02,  1.01s/it] 95%|█████████▍| 18/19 [00:16<00:00,  1.01it/s]100%|██████████| 19/19 [00:17<00:00,  1.01s/it]2026-07-06 20:48:07 [INFO] [eval-sample 0] step=210
  expected: {"reasoning": "Paragraph 8 states the Renaissance began 'seemingly in Italy', which aligns with the correction. The question refers to the era of 'first bass instruments' (paragraph 4) and links it to
  generated: <think>
</think>

{"reasoning": "Paragraph 8 states the Renaissance began 'seemingly in Italy', while paragraph 5 locates the Tikhaya Sosna's mouth in Voronezh Oblast. The question conflates these two distinct geographical references.", "tentative_answer": "seemingly in Italy", "action": "handoff", 
2026-07-06 20:48:11 [INFO] [eval-sample 1] step=210
  expected: {
  "reasoning": "Paragraph 4 states Jan Å indel was born in the Bohemian town Hradec KrÃ¡lovÃ©. Paragraph 12 confirms Hradec KrÃ¡lovÃ© is in the Czech Republic. Thus, his birthplace country is Czech 
  generated: <think>
</think>

{"reasoning": "Paragraph 4 states Jan Šindel was born in Hradec Králové, Bohemia. Paragraph 12 confirms Hradec Králové is in the Czech Republic. No conflicting information exists.", "tentative_answer": "Czech Republic", "action": "confirm_stop", "handoff_target": null, "handoff_not
2026-07-06 20:48:18 [INFO] [eval-sample 2] step=210
  expected: {
  "reasoning": "Paragraph 3 explains that the term 'Indian' was applied to the Americas due to Columbus's belief that he had reached the East Indies. Paragraph 19 notes Portugal's exploration of the
  generated: <think>
</think>

{"reasoning": "Paragraph 3 states the term 'Indian' originated with Columbus, who mistakenly believed he had reached the East Indies. Paragraph 19 confirms Portugal's exploration of the Atlantic, including the Canary Islands (west of Africa). The term 'Indian' was incorrectly appli
2026-07-06 20:48:24 [INFO] [eval-sample 3] step=210
  expected: {"reasoning": "Kyeon Mi-ri attended Sejong University (paragraph 16). Paragraph 4 explicitly states that Sejong University is a private university. Therefore, the answer is confirmed as private univer
  generated: <think>
</think>

{"reasoning": "Paragraph 16 states Kyeon Mi-ri studied Dance at Sejong University. Paragraph 4 explicitly describes Sejong University as a 'private university' in South Korea. The question asks about the university type, not the institution's name.", "tentative_answer": "private un
2026-07-06 20:48:24 [INFO] step 210  eval_loss=0.2794  eval_runtime=42.6181  eval_samples_per_second=6.9450  eval_steps_per_second=0.4460  epoch=5.0000
100%|██████████| 19/19 [00:42<00:00,  2.21s/it]
2026-07-06 20:48:24 [INFO] Final eval metrics: {'eval_loss': 0.2794340252876282, 'eval_runtime': 42.6181, 'eval_samples_per_second': 6.945, 'eval_steps_per_second': 0.446, 'epoch': 5.0}
2026-07-06 20:48:24 [INFO] ======================================================================
2026-07-06 20:48:24 [INFO] Training complete.
2026-07-06 20:48:24 [INFO] ======================================================================
[rank0]:[W706 20:48:24.326570426 ProcessGroupNCCL.cpp:1575] Warning: WARNING: destroy_process_group() was not called before program exit, which can leak resources. For more info, please see https://pytorch.org/docs/stable/distributed.html#shutdown (function operator())
[done] A3 trained — final adapter at jca/sft_runs/0706v2/A3/final

================================================================
All requested agents trained.
Run logs:    jca/sft_runs/0706v2/*/train_*.log
TensorBoard: tensorboard --logdir jca/sft_runs/0706v2
Final adapters: jca/sft_runs/0706v2/{A1,A2,A3}/final
================================================================
