================ AFlow (A1/A2/A3 solvers + 14B optimizer) 8-GPU vLLM Run ================
time: 2026-09-11 17:00:29 CST
mode: eval
host: d1n41a24g03
project_root: /data/wangyuheng/jca
run_id: 20260911_165928_aflow_search_eval_dev_start0_n2417_x5_r01_20260911_170029
run_dir: /data/wangyuheng/jca/logs/baseline_queue/rq09110842/070_musique_aflow_repeat5/runs/run_01_20260911_170029

---------------- Configuration ----------------
Config snapshot written to /data/wangyuheng/jca/logs/baseline_queue/rq09110842/070_musique_aflow_repeat5/runs/run_01_20260911_170029/config.env
WORKFLOW_FILE=/data/wangyuheng/jca/logs/baseline_queue/rq09110842/070_musique_aflow_repeat5/search/workflows/round_07_proposed.py START=0 LIMIT=2417
MAX_CONCURRENCY=32  TORCH_DTYPE=bfloat16
ENABLE_THINKING=0
JUDGE_AGENT=A3 JUDGE_AGENT_SEED=42
A1:    model=/data/wangyuheng/models/Qwen3-1.7B served=A1_base port=8201 gpus=0,1 tp=2
A2:    model=/data/wangyuheng/models/Qwen3-4B served=A2_base port=8202 gpus=2,3 tp=2
A3:    model=/data/wangyuheng/models/Qwen3-8B served=A3_base port=8203 gpus=4,5 tp=2
OPT:   model=/data/wangyuheng/models/Qwen3-14B  served=Optimizer_14B  port=8204  gpus=6,7  tp=2
GPU_MEMORY_UTILIZATION=0.85  MAX_MODEL_LEN=8192

---------------- Preflight ----------------
Python 3.12.13
torch: OK
transformers: OK
vllm: OK
torch_version: 2.10.0+cu128
cuda_available: True
cuda_device_count: 8
vllm_version: 0.18.0

---------------- nvidia-smi before ----------------
Fri Sep 11 17:00:36 2026       
+-----------------------------------------------------------------------------------------+
| NVIDIA-SMI 580.105.08             Driver Version: 580.105.08     CUDA Version: 13.0     |
+-----------------------------------------+------------------------+----------------------+
| GPU  Name                 Persistence-M | Bus-Id          Disp.A | Volatile Uncorr. ECC |
| Fan  Temp   Perf          Pwr:Usage/Cap |           Memory-Usage | GPU-Util  Compute M. |
|                                         |                        |               MIG M. |
|=========================================+========================+======================|
|   0  NVIDIA A800-SXM4-80GB          On  |   00000000:10:00.0 Off |                    0 |
| N/A   26C    P0             56W /  400W |       0MiB /  81920MiB |      0%      Default |
|                                         |                        |             Disabled |
+-----------------------------------------+------------------------+----------------------+
|   1  NVIDIA A800-SXM4-80GB          On  |   00000000:16:00.0 Off |                    0 |
| N/A   24C    P0             56W /  400W |       0MiB /  81920MiB |      0%      Default |
|                                         |                        |             Disabled |
+-----------------------------------------+------------------------+----------------------+
|   2  NVIDIA A800-SXM4-80GB          On  |   00000000:49:00.0 Off |                    0 |
| N/A   24C    P0             55W /  400W |       0MiB /  81920MiB |      0%      Default |
|                                         |                        |             Disabled |
+-----------------------------------------+------------------------+----------------------+
|   3  NVIDIA A800-SXM4-80GB          On  |   00000000:4D:00.0 Off |                    0 |
| N/A   25C    P0             57W /  400W |       0MiB /  81920MiB |      0%      Default |
|                                         |                        |             Disabled |
+-----------------------------------------+------------------------+----------------------+
|   4  NVIDIA A800-SXM4-80GB          On  |   00000000:8A:00.0 Off |                    0 |
| N/A   25C    P0             55W /  400W |       0MiB /  81920MiB |      0%      Default |
|                                         |                        |             Disabled |
+-----------------------------------------+------------------------+----------------------+
|   5  NVIDIA A800-SXM4-80GB          On  |   00000000:8F:00.0 Off |                    0 |
| N/A   25C    P0             59W /  400W |       0MiB /  81920MiB |      0%      Default |
|                                         |                        |             Disabled |
+-----------------------------------------+------------------------+----------------------+
|   6  NVIDIA A800-SXM4-80GB          On  |   00000000:C6:00.0 Off |                    0 |
| N/A   25C    P0             56W /  400W |       0MiB /  81920MiB |      0%      Default |
|                                         |                        |             Disabled |
+-----------------------------------------+------------------------+----------------------+
|   7  NVIDIA A800-SXM4-80GB          On  |   00000000:CA:00.0 Off |                    0 |
| N/A   26C    P0             56W /  400W |       0MiB /  81920MiB |      0%      Default |
|                                         |                        |             Disabled |
+-----------------------------------------+------------------------+----------------------+

+-----------------------------------------------------------------------------------------+
| Processes:                                                                              |
|  GPU   GI   CI              PID   Type   Process name                        GPU Memory |
|        ID   ID                                                               Usage      |
|=========================================================================================|
|  No running processes found                                                             |
+-----------------------------------------------------------------------------------------+

---------------- Starting vLLM Base Servers ----------------
Starting A1 server on GPUs 0,1, TP=2, port=8201
  model:  /data/wangyuheng/models/Qwen3-1.7B
  served: A1_base
  log:    /data/wangyuheng/jca/logs/baseline_queue/rq09110842/070_musique_aflow_repeat5/runs/run_01_20260911_170029/A1_server.log
  process_group: 2025194
Starting A2 server on GPUs 2,3, TP=2, port=8202
  model:  /data/wangyuheng/models/Qwen3-4B
  served: A2_base
  log:    /data/wangyuheng/jca/logs/baseline_queue/rq09110842/070_musique_aflow_repeat5/runs/run_01_20260911_170029/A2_server.log
  process_group: 2025198
Starting A3 server on GPUs 4,5, TP=2, port=8203
  model:  /data/wangyuheng/models/Qwen3-8B
  served: A3_base
  log:    /data/wangyuheng/jca/logs/baseline_queue/rq09110842/070_musique_aflow_repeat5/runs/run_01_20260911_170029/A3_server.log
  process_group: 2025202

---------------- Waiting for Base Models ----------------
A1 ready: ['A1_base']
A2 ready: ['A2_base']
A3 ready: ['A3_base']

---------------- nvidia-smi after server start ----------------
Fri Sep 11 17:01:15 2026       
+-----------------------------------------------------------------------------------------+
| NVIDIA-SMI 580.105.08             Driver Version: 580.105.08     CUDA Version: 13.0     |
+-----------------------------------------+------------------------+----------------------+
| GPU  Name                 Persistence-M | Bus-Id          Disp.A | Volatile Uncorr. ECC |
| Fan  Temp   Perf          Pwr:Usage/Cap |           Memory-Usage | GPU-Util  Compute M. |
|                                         |                        |               MIG M. |
|=========================================+========================+======================|
|   0  NVIDIA A800-SXM4-80GB          On  |   00000000:10:00.0 Off |                    0 |
| N/A   26C    P0             62W /  400W |   70427MiB /  81920MiB |      0%      Default |
|                                         |                        |             Disabled |
+-----------------------------------------+------------------------+----------------------+
|   1  NVIDIA A800-SXM4-80GB          On  |   00000000:16:00.0 Off |                    0 |
| N/A   24C    P0             62W /  400W |   70427MiB /  81920MiB |      0%      Default |
|                                         |                        |             Disabled |
+-----------------------------------------+------------------------+----------------------+
|   2  NVIDIA A800-SXM4-80GB          On  |   00000000:49:00.0 Off |                    0 |
| N/A   24C    P0             61W /  400W |   70433MiB /  81920MiB |      0%      Default |
|                                         |                        |             Disabled |
+-----------------------------------------+------------------------+----------------------+
|   3  NVIDIA A800-SXM4-80GB          On  |   00000000:4D:00.0 Off |                    0 |
| N/A   26C    P0             63W /  400W |   70433MiB /  81920MiB |      0%      Default |
|                                         |                        |             Disabled |
+-----------------------------------------+------------------------+----------------------+
|   4  NVIDIA A800-SXM4-80GB          On  |   00000000:8A:00.0 Off |                    0 |
| N/A   25C    P0             60W /  400W |   70503MiB /  81920MiB |      0%      Default |
|                                         |                        |             Disabled |
+-----------------------------------------+------------------------+----------------------+
|   5  NVIDIA A800-SXM4-80GB          On  |   00000000:8F:00.0 Off |                    0 |
| N/A   25C    P0             64W /  400W |   70503MiB /  81920MiB |      0%      Default |
|                                         |                        |             Disabled |
+-----------------------------------------+------------------------+----------------------+
|   6  NVIDIA A800-SXM4-80GB          On  |   00000000:C6:00.0 Off |                    0 |
| N/A   24C    P0             56W /  400W |       0MiB /  81920MiB |      0%      Default |
|                                         |                        |             Disabled |
+-----------------------------------------+------------------------+----------------------+
|   7  NVIDIA A800-SXM4-80GB          On  |   00000000:CA:00.0 Off |                    0 |
| N/A   25C    P0             55W /  400W |       0MiB /  81920MiB |      0%      Default |
|                                         |                        |             Disabled |
+-----------------------------------------+------------------------+----------------------+

+-----------------------------------------------------------------------------------------+
| Processes:                                                                              |
|  GPU   GI   CI              PID   Type   Process name                        GPU Memory |
|        ID   ID                                                               Usage      |
|=========================================================================================|
|    0   N/A  N/A         2027202      C   VLLM::Worker_TP0                      70418MiB |
|    1   N/A  N/A         2027203      C   VLLM::Worker_TP1                      70418MiB |
|    2   N/A  N/A         2027196      C   VLLM::Worker_TP0                      70424MiB |
|    3   N/A  N/A         2027197      C   VLLM::Worker_TP1                      70424MiB |
|    4   N/A  N/A         2027209      C   VLLM::Worker_TP0                      70494MiB |
|    5   N/A  N/A         2027210      C   VLLM::Worker_TP1                      70494MiB |
+-----------------------------------------------------------------------------------------+

---------------- Eval Command (workflow=/data/wangyuheng/jca/logs/baseline_queue/rq09110842/070_musique_aflow_repeat5/search/workflows/round_07_proposed.py) ----------------
/data/conda_envs/qwen35/bin/python baseline/MuSiQue/AFlow/run_eval.py --workflow-file /data/wangyuheng/jca/logs/baseline_queue/rq09110842/070_musique_aflow_repeat5/search/workflows/round_07_proposed.py --split dev --data-dir musique_data --start 0 --limit 2417 --max-new-tokens 2048 --temperature 0.7 --top-p 0.95 --api-base-a1 http://127.0.0.1:8201/v1 --api-base-a2 http://127.0.0.1:8202/v1 --api-base-a3 http://127.0.0.1:8203/v1 --api-model-a1 A1_base --api-model-a2 A2_base --api-model-a3 A3_base --api-timeout 900 --judge-agent A3 --judge-agent-seed 42 --max-concurrency 32 --output /data/wangyuheng/jca/logs/baseline_queue/rq09110842/070_musique_aflow_repeat5/runs/run_01_20260911_170029/results.jsonl 
AFlow eval
  workflow_file:   /data/wangyuheng/jca/logs/baseline_queue/rq09110842/070_musique_aflow_repeat5/search/workflows/round_07_proposed.py
  split:           dev
  selected:        start=0, n=2417
  solve pool:      A1_1.7B, A2_4B, A3_8B (round-robin)
  judge_agent:     A3 seed=42
  judge[A1]:    http://127.0.0.1:8201/v1 model=A1_base
  judge[A2]:    http://127.0.0.1:8202/v1 model=A2_base
  judge[A3]:    http://127.0.0.1:8203/v1 model=A3_base
  max_concurrency: 32
  enable_thinking: False
  output:          /data/wangyuheng/jca/logs/baseline_queue/rq09110842/070_musique_aflow_repeat5/runs/run_01_20260911_170029/results.jsonl
[1/2417   0.0% elapsed=25.9s eta=17h21m12s] id=2hop__821197_368148 em=1 f1=1.00 n_ops=19 err=False final=Charles County
[2/2417   0.1% elapsed=31.3s eta=10h30m00s] id=2hop__195917_575657 em=1 f1=1.00 n_ops=19 err=False final=Orleans County
[3/2417   0.1% elapsed=31.7s eta=7h05m08s] id=2hop__702496_430061 em=1 f1=1.00 n_ops=19 err=False final=McDonald County
[4/2417   0.2% elapsed=31.7s eta=5h18m43s] id=2hop__698577_851686 em=1 f1=1.00 n_ops=19 err=False final=The Anderson Tapes
[5/2417   0.2% elapsed=31.8s eta=4h15m24s] id=2hop__528263_865831 em=1 f1=1.00 n_ops=19 err=False final=Randall County
[6/2417   0.2% elapsed=32.3s eta=3h36m16s] id=2hop__362107_652514 em=1 f1=1.00 n_ops=19 err=False final=Knowsley
[7/2417   0.3% elapsed=32.3s eta=3h05m18s] id=2hop__458131_174974 em=0 f1=0.00 n_ops=19 err=False final=Aaron Eckhart
[8/2417   0.3% elapsed=32.4s eta=2h42m23s] id=2hop__354635_174222 em=0 f1=0.40 n_ops=19 err=False final=Windjammer Cable
[9/2417   0.4% elapsed=32.7s eta=2h25m54s] id=2hop__390947_232243 em=0 f1=0.50 n_ops=19 err=False final=European Union
[10/2417   0.4% elapsed=32.7s eta=2h11m20s] id=2hop__197470_271394 em=0 f1=0.00 n_ops=19 err=False final=Pasadena
[11/2417   0.5% elapsed=32.8s eta=1h59m25s] id=2hop__574419_270105 em=1 f1=1.00 n_ops=19 err=False final=Stanley
[12/2417   0.5% elapsed=32.8s eta=1h49m26s] id=2hop__481349_302087 em=1 f1=1.00 n_ops=19 err=False final=Bombardier Inc.
[13/2417   0.5% elapsed=32.9s eta=1h41m19s] id=2hop__259228_793698 em=0 f1=0.00 n_ops=19 err=False final=Germany
[14/2417   0.6% elapsed=33.2s eta=1h34m56s] id=2hop__673655_316668 em=0 f1=0.00 n_ops=19 err=False final=Unknown
[15/2417   0.6% elapsed=33.3s eta=1h28m57s] id=2hop__549146_223121 em=1 f1=1.00 n_ops=19 err=False final=Asian Man Records
[16/2417   0.7% elapsed=33.5s eta=1h23m41s] id=2hop__252311_366220 em=1 f1=1.00 n_ops=19 err=False final=Mike Medavoy
[17/2417   0.7% elapsed=33.5s eta=1h18m45s] id=2hop__299142_347613 em=0 f1=0.00 n_ops=19 err=False final=King Gustav Vasa
[18/2417   0.7% elapsed=33.6s eta=1h14m34s] id=2hop__647996_551681 em=1 f1=1.00 n_ops=19 err=False final=Emilia Galotti
[19/2417   0.8% elapsed=33.6s eta=1h10m38s] id=2hop__402530_774333 em=0 f1=0.67 n_ops=19 err=False final=Crockett
[20/2417   0.8% elapsed=34.0s eta=1h07m50s] id=2hop__569582_304416 em=0 f1=0.00 n_ops=19 err=False final=Universal Records
[21/2417   0.9% elapsed=34.0s eta=1h04m35s] id=2hop__505860_650613 em=0 f1=0.80 n_ops=19 err=False final=Exeter College, Oxford
[22/2417   0.9% elapsed=34.2s eta=1h02m02s] id=2hop__403712_793210 em=0 f1=0.29 n_ops=19 err=False final=Henry Baring
[23/2417   1.0% elapsed=34.2s eta=59m20s] id=2hop__744055_408817 em=1 f1=1.00 n_ops=19 err=False final=Eddie Argos
[24/2417   1.0% elapsed=34.4s eta=57m13s] id=2hop__701895_752697 em=0 f1=0.00 n_ops=19 err=False final=Nuevo Laredo
[25/2417   1.0% elapsed=34.5s eta=54m59s] id=2hop__832795_350510 em=1 f1=1.00 n_ops=19 err=False final=Jackson 5
[26/2417   1.1% elapsed=34.6s eta=53m03s] id=2hop__635187_861533 em=0 f1=0.00 n_ops=19 err=False final=Tanzania
[27/2417   1.1% elapsed=35.0s eta=51m34s] id=2hop__166824_185403 em=1 f1=1.00 n_ops=19 err=False final=Lega Pro Prima Divisione
[28/2417   1.2% elapsed=35.2s eta=50m03s] id=2hop__697790_864352 em=0 f1=0.00 n_ops=19 err=False final=Unknown
[29/2417   1.2% elapsed=37.5s eta=51m26s] id=2hop__554167_451128 em=1 f1=1.00 n_ops=19 err=False final=Chynna Phillips
[30/2417   1.2% elapsed=41.1s eta=54m31s] id=2hop__207476_625987 em=0 f1=0.33 n_ops=19 err=False final=Madame de Montespan
[31/2417   1.3% elapsed=52.3s eta=1h07m04s] id=2hop__726717_610238 em=0 f1=0.57 n_ops=19 err=False final=National Cycle Network
[32/2417   1.3% elapsed=56.1s eta=1h09m44s] id=2hop__231890_595414 em=1 f1=1.00 n_ops=19 err=False final=Miller County
[33/2417   1.4% elapsed=57.0s eta=1h08m37s] id=2hop__496732_658428 em=0 f1=0.50 n_ops=19 err=False final=Bohol Island
[34/2417   1.4% elapsed=58.5s eta=1h08m24s] id=2hop__411091_625230 em=1 f1=1.00 n_ops=19 err=False final=Hancock County
[35/2417   1.4% elapsed=59.2s eta=1h07m10s] id=2hop__175175_347233 em=1 f1=1.00 n_ops=19 err=False final=Kenton County
[36/2417   1.5% elapsed=59.6s eta=1h05m41s] id=2hop__274110_413723 em=1 f1=1.00 n_ops=19 err=False final=West Berkshire
[37/2417   1.5% elapsed=1m00s eta=1h04m48s] id=2hop__496961_554601 em=1 f1=1.00 n_ops=19 err=False final=Kingscliff
[38/2417   1.6% elapsed=1m00s eta=1h03m07s] id=2hop__455158_247871 em=1 f1=1.00 n_ops=19 err=False final=Waseca County
[39/2417   1.6% elapsed=1m01s eta=1h01m44s] id=2hop__860241_766393 em=1 f1=1.00 n_ops=19 err=False final=Prix Goncourt
[40/2417   1.7% elapsed=1m01s eta=1h00m27s] id=2hop__731228_609866 em=1 f1=1.00 n_ops=19 err=False final=East Dorset
[41/2417   1.7% elapsed=1m01s eta=59m10s] id=2hop__304852_758385 em=0 f1=0.50 n_ops=19 err=False final=Minnesota
[42/2417   1.7% elapsed=1m01s eta=57m44s] id=2hop__335418_279684 em=1 f1=1.00 n_ops=19 err=False final=Pittsburgh Pirates
[43/2417   1.8% elapsed=1m02s eta=56m53s] id=2hop__685280_510757 em=1 f1=1.00 n_ops=19 err=False final=Peace Corps
[44/2417   1.8% elapsed=1m02s eta=55m46s] id=2hop__423972_540249 em=0 f1=0.67 n_ops=19 err=False final=Lorenzo de' Medici
[45/2417   1.9% elapsed=1m02s eta=54m32s] id=2hop__189094_612080 em=1 f1=1.00 n_ops=19 err=False final=Maltese Premier League
[46/2417   1.9% elapsed=1m02s eta=53m27s] id=2hop__235471_565925 em=0 f1=0.00 n_ops=19 err=False final=Unknown
[47/2417   1.9% elapsed=1m03s eta=52m42s] id=2hop__628752_538661 em=1 f1=1.00 n_ops=19 err=False final=Annapolis
[48/2417   2.0% elapsed=1m03s eta=51m46s] id=2hop__661847_288421 em=0 f1=0.00 n_ops=19 err=False final=hip hop artists
[49/2417   2.0% elapsed=1m03s eta=50m51s] id=2hop__499577_617190 em=1 f1=1.00 n_ops=19 err=False final=Johanne Luise Heiberg
[50/2417   2.1% elapsed=1m03s eta=49m56s] id=2hop__765678_310556 em=0 f1=0.00 n_ops=19 err=False final=Leslie Perrins
[51/2417   2.1% elapsed=1m04s eta=49m25s] id=2hop__341305_332933 em=1 f1=1.00 n_ops=19 err=False final=Van Horn
[52/2417   2.2% elapsed=1m05s eta=49m33s] id=2hop__29368_29376 em=0 f1=0.00 n_ops=19 err=False final=1931 federal election
[53/2417   2.2% elapsed=1m06s eta=48m58s] id=2hop__700093_455653 em=1 f1=1.00 n_ops=19 err=False final=Rohana Wijeweera
[54/2417   2.2% elapsed=1m06s eta=48m15s] id=2hop__512773_346751 em=1 f1=1.00 n_ops=19 err=False final=Haliburton County
[55/2417   2.3% elapsed=1m06s eta=47m27s] id=2hop__475070_532404 em=0 f1=0.00 n_ops=19 err=False final=Unknown
[56/2417   2.3% elapsed=1m07s eta=47m01s] id=2hop__342746_679190 em=0 f1=0.00 n_ops=19 err=False final=George Cukor
[57/2417   2.4% elapsed=1m08s eta=47m11s] id=2hop__460946_294723 em=0 f1=0.00 n_ops=19 err=False final=Phylicia Rashād
[58/2417   2.4% elapsed=1m09s eta=46m42s] id=2hop__191125_781346 em=1 f1=1.00 n_ops=19 err=False final=Eastern Equatoria
[59/2417   2.4% elapsed=1m13s eta=48m27s] id=2hop__29367_29376 em=0 f1=0.00 n_ops=19 err=False final=1949 election
[60/2417   2.5% elapsed=1m14s eta=48m27s] id=2hop__310456_846599 em=0 f1=0.00 n_ops=19 err=False final=Milena Reljin
[61/2417   2.5% elapsed=1m14s eta=47m43s] id=2hop__683835_709167 em=0 f1=0.27 n_ops=19 err=False final=PEN/Diamonstein-Spielvogel Award for the Art of the Essay
[62/2417   2.6% elapsed=1m22s eta=52m07s] id=2hop__677929_696450 em=1 f1=1.00 n_ops=19 err=False final=Larry Gagosian
[63/2417   2.6% elapsed=1m23s eta=51m55s] id=2hop__20268_42004 em=0 f1=0.00 n_ops=19 err=False final=Edinburgh
[64/2417   2.6% elapsed=1m27s eta=53m24s] id=2hop__497191_129669 em=1 f1=1.00 n_ops=19 err=False final=Lisbon District
[65/2417   2.7% elapsed=1m27s eta=52m45s] id=2hop__636597_480615 em=0 f1=0.00 n_ops=19 err=False final=Ninghai County
[66/2417   2.7% elapsed=1m28s eta=52m05s] id=2hop__311694_129669 em=0 f1=0.00 n_ops=19 err=False final=Portugal
[67/2417   2.8% elapsed=1m28s eta=51m22s] id=2hop__87589_362941 em=0 f1=0.00 n_ops=19 err=False final=Paulsdale
[68/2417   2.8% elapsed=1m29s eta=51m28s] id=2hop__776377_857193 em=1 f1=1.00 n_ops=19 err=False final=Delaware River
[69/2417   2.9% elapsed=1m30s eta=50m56s] id=2hop__648648_173389 em=1 f1=1.00 n_ops=19 err=False final=Middleton
[70/2417   2.9% elapsed=1m30s eta=50m18s] id=2hop__728887_159109 em=0 f1=0.00 n_ops=19 err=False final=Not mentioned
[71/2417   2.9% elapsed=1m30s eta=49m44s] id=2hop__133241_33564 em=0 f1=0.00 n_ops=19 err=False final=1967
[72/2417   3.0% elapsed=1m31s eta=49m29s] id=2hop__373759_136043 em=1 f1=1.00 n_ops=19 err=False final=Nina Sky
[73/2417   3.0% elapsed=1m32s eta=49m19s] id=2hop__477492_240386 em=1 f1=1.00 n_ops=19 err=False final=TML Entertainment
[74/2417   3.1% elapsed=1m33s eta=48m58s] id=2hop__827995_159109 em=0 f1=0.00 n_ops=19 err=False final=Sal Island
[75/2417   3.1% elapsed=1m33s eta=48m24s] id=2hop__199216_33564 em=0 f1=0.40 n_ops=19 err=False final=1950s
[76/2417   3.1% elapsed=1m33s eta=47m45s] id=2hop__61318_362941 em=0 f1=0.00 n_ops=19 err=False final=Paulsdale
[77/2417   3.2% elapsed=1m33s eta=47m15s] id=2hop__119423_779396 em=1 f1=1.00 n_ops=19 err=False final=University of Glasgow
[78/2417   3.2% elapsed=1m33s eta=46m43s] id=2hop__159902_362941 em=0 f1=0.00 n_ops=19 err=False final=Paulsdale
[79/2417   3.3% elapsed=1m35s eta=46m44s] id=2hop__865961_159109 em=1 f1=1.00 n_ops=19 err=False final=central Atlantic Ocean
[80/2417   3.3% elapsed=1m35s eta=46m08s] id=2hop__42027_42004 em=0 f1=0.00 n_ops=19 err=False final=Edinburgh
[81/2417   3.4% elapsed=1m35s eta=45m40s] id=2hop__29752_814677 em=0 f1=0.00 n_ops=19 err=False final=Four Sons of Horus
[82/2417   3.4% elapsed=1m35s eta=45m06s] id=2hop__819974_129669 em=0 f1=0.00 n_ops=19 err=False final=Portugal
[83/2417   3.4% elapsed=1m36s eta=44m58s] id=2hop__557411_652060 em=1 f1=1.00 n_ops=19 err=False final=Peter Marc Jacobson
[84/2417   3.5% elapsed=1m36s eta=44m30s] id=2hop__693444_220151 em=1 f1=1.00 n_ops=19 err=False final=Joan Erikson
[85/2417   3.5% elapsed=1m36s eta=43m58s] id=2hop__471509_136043 em=0 f1=0.67 n_ops=19 err=False final=Nicole and Natalie Albino
[86/2417   3.6% elapsed=1m37s eta=43m59s] id=2hop__32254_84601 em=0 f1=0.50 n_ops=19 err=False final=2007
[87/2417   3.6% elapsed=1m40s eta=44m36s] id=2hop__132909_33564 em=0 f1=0.00 n_ops=19 err=False final=1817–1825
[88/2417   3.6% elapsed=1m40s eta=44m13s] id=2hop__199513_13732 em=0 f1=0.67 n_ops=19 err=False final=12–14
[89/2417   3.7% elapsed=1m40s eta=43m45s] id=2hop__159215_779396 em=1 f1=1.00 n_ops=19 err=False final=University of Glasgow
[90/2417   3.7% elapsed=1m47s eta=46m17s] id=2hop__13731_801817 em=1 f1=1.00 n_ops=19 err=False final=Nazareth
[91/2417   3.8% elapsed=1m48s eta=46m06s] id=2hop__115515_779396 em=1 f1=1.00 n_ops=19 err=False final=University of Glasgow
[92/2417   3.8% elapsed=1m53s eta=47m30s] id=2hop__478978_124498 em=1 f1=1.00 n_ops=19 err=False final=Louis Chedid
[93/2417   3.8% elapsed=1m54s eta=47m23s] id=2hop__21075_5028 em=0 f1=0.00 n_ops=15 err=True final=
[94/2417   3.9% elapsed=1m56s eta=47m42s] id=2hop__201704_135481 em=0 f1=0.00 n_ops=19 err=False final=Fed Cup
[95/2417   3.9% elapsed=1m56s eta=47m18s] id=2hop__665660_135481 em=1 f1=1.00 n_ops=19 err=False final=International Tennis Federation
[96/2417   4.0% elapsed=1m56s eta=46m53s] id=2hop__861157_135481 em=1 f1=1.00 n_ops=19 err=False final=International Tennis Federation
[97/2417   4.0% elapsed=1m56s eta=46m26s] id=2hop__485221_544917 em=1 f1=1.00 n_ops=19 err=False final=Lake Superior
[98/2417   4.1% elapsed=1m57s eta=46m13s] id=2hop__543853_124498 em=1 f1=1.00 n_ops=19 err=False final=Louis Chedid
[99/2417   4.1% elapsed=1m58s eta=46m06s] id=2hop__495316_660579 em=0 f1=0.00 n_ops=19 err=False final=Oktibbeha
[100/2417   4.1% elapsed=2m00s eta=46m11s] id=2hop__335899_124498 em=1 f1=1.00 n_ops=19 err=False final=Louis Chedid
[101/2417   4.2% elapsed=2m00s eta=45m46s] id=2hop__89764_827343 em=0 f1=0.00 n_ops=19 err=False final=Lucy Kellaway
[102/2417   4.2% elapsed=2m00s eta=45m29s] id=2hop__135651_669373 em=1 f1=1.00 n_ops=19 err=False final=Charles University
[103/2417   4.3% elapsed=2m01s eta=45m20s] id=2hop__391857_162018 em=1 f1=1.00 n_ops=19 err=False final=1912
[104/2417   4.3% elapsed=2m01s eta=44m56s] id=2hop__135652_669373 em=0 f1=0.67 n_ops=19 err=False final=Charles University in Prague
[105/2417   4.3% elapsed=2m03s eta=45m19s] id=2hop__135653_669373 em=0 f1=0.67 n_ops=19 err=False final=Charles University in Prague
[106/2417   4.4% elapsed=2m04s eta=45m08s] id=2hop__92051_827343 em=0 f1=0.00 n_ops=19 err=False final=Penelope Kent
[107/2417   4.4% elapsed=2m05s eta=44m53s] id=2hop__123104_77615 em=1 f1=1.00 n_ops=19 err=False final=1912
[108/2417   4.5% elapsed=2m05s eta=44m30s] id=2hop__645448_77615 em=1 f1=1.00 n_ops=19 err=False final=1912
[109/2417   4.5% elapsed=2m06s eta=44m27s] id=2hop__701525_342810 em=0 f1=0.50 n_ops=19 err=False final=Falls County
[110/2417   4.6% elapsed=2m08s eta=44m39s] id=2hop__286093_361551 em=1 f1=1.00 n_ops=19 err=False final=Bay County
[111/2417   4.6% elapsed=2m08s eta=44m19s] id=2hop__709357_136043 em=1 f1=1.00 n_ops=19 err=False final=Nina Sky
[112/2417   4.6% elapsed=2m09s eta=44m09s] id=2hop__14095_15463 em=0 f1=0.00 n_ops=19 err=False final=Compaq
[113/2417   4.7% elapsed=2m09s eta=43m45s] id=2hop__59048_827343 em=0 f1=0.50 n_ops=19 err=False final=Natalie Wood
[114/2417   4.7% elapsed=2m09s eta=43m35s] id=2hop__198459_61845 em=1 f1=1.00 n_ops=19 err=False final=Mido
[115/2417   4.8% elapsed=2m10s eta=43m15s] id=2hop__14121_15463 em=1 f1=1.00 n_ops=19 err=False final=Hewlett Packard
[116/2417   4.8% elapsed=2m10s eta=43m02s] id=2hop__77601_814677 em=0 f1=0.00 n_ops=19 err=False final=Ra
[117/2417   4.8% elapsed=2m11s eta=42m47s] id=2hop__256336_714772 em=0 f1=0.00 n_ops=19 err=False final=Tina Cole
[118/2417   4.9% elapsed=2m12s eta=42m55s] id=2hop__199513_801817 em=1 f1=1.00 n_ops=19 err=False final=Nazareth
[119/2417   4.9% elapsed=2m17s eta=44m03s] id=2hop__517145_367341 em=0 f1=0.00 n_ops=19 err=False final=Unknown
[120/2417   5.0% elapsed=2m20s eta=44m31s] id=2hop__499003_853511 em=0 f1=0.50 n_ops=19 err=False final=Sire Records
[121/2417   5.0% elapsed=2m20s eta=44m15s] id=2hop__668407_683671 em=1 f1=1.00 n_ops=19 err=False final=Yang Xingmi
[122/2417   5.0% elapsed=2m21s eta=44m09s] id=2hop__817096_15463 em=1 f1=1.00 n_ops=19 err=False final=Hewlett Packard
[123/2417   5.1% elapsed=2m23s eta=44m32s] id=2hop__256553_617289 em=0 f1=0.00 n_ops=19 err=False final=Cannot be determined
[124/2417   5.1% elapsed=2m24s eta=44m15s] id=2hop__780652_93362 em=0 f1=0.00 n_ops=19 err=False final=Raju Chacha
[125/2417   5.2% elapsed=2m27s eta=45m04s] id=2hop__827755_156034 em=0 f1=0.00 n_ops=19 err=False final=Nelson River
[126/2417   5.2% elapsed=2m28s eta=44m49s] id=2hop__742831_156034 em=0 f1=0.00 n_ops=19 err=False final=Miramichi River
[127/2417   5.3% elapsed=2m28s eta=44m33s] id=2hop__50910_177869 em=1 f1=1.00 n_ops=19 err=False final=Helen Pitts Douglass
[128/2417   5.3% elapsed=2m28s eta=44m11s] id=2hop__82270_177869 em=1 f1=1.00 n_ops=19 err=False final=Helen Pitts Douglass
[129/2417   5.3% elapsed=2m29s eta=44m02s] id=2hop__124592_402641 em=0 f1=0.40 n_ops=19 err=False final=Hsiao-wen, Hsiao-wu, and Hsiao-yung
[130/2417   5.4% elapsed=2m30s eta=43m53s] id=2hop__800166_156034 em=1 f1=1.00 n_ops=19 err=False final=Hudson Bay
[131/2417   5.4% elapsed=2m30s eta=43m36s] id=2hop__82858_654855 em=1 f1=1.00 n_ops=19 err=False final=Socialist Party of America
[132/2417   5.5% elapsed=2m30s eta=43m16s] id=2hop__822965_165304 em=1 f1=1.00 n_ops=19 err=False final=Kim Braden
[133/2417   5.5% elapsed=2m32s eta=43m38s] id=2hop__124412_402641 em=0 f1=0.29 n_ops=19 err=False final=Winston Chang and John Chiang
[134/2417   5.5% elapsed=2m33s eta=43m22s] id=2hop__640262_122868 em=1 f1=1.00 n_ops=19 err=False final=University of British Columbia
[135/2417   5.6% elapsed=2m34s eta=43m22s] id=2hop__258940_135844 em=1 f1=1.00 n_ops=19 err=False final=Palmiro Togliatti
[136/2417   5.6% elapsed=2m34s eta=43m08s] id=2hop__632234_122868 em=1 f1=1.00 n_ops=19 err=False final=University of British Columbia
[137/2417   5.7% elapsed=2m35s eta=42m53s] id=2hop__62823_654855 em=1 f1=1.00 n_ops=19 err=False final=Socialist Party of America
[138/2417   5.7% elapsed=2m36s eta=43m01s] id=2hop__94507_654855 em=1 f1=1.00 n_ops=19 err=False final=Socialist Party of America
[139/2417   5.8% elapsed=2m36s eta=42m43s] id=2hop__849534_122868 em=1 f1=1.00 n_ops=19 err=False final=University of British Columbia
[140/2417   5.8% elapsed=2m37s eta=42m30s] id=2hop__706637_93362 em=1 f1=1.00 n_ops=19 err=False final=Yeh Raaste Hain Pyaar Ke
[141/2417   5.8% elapsed=2m37s eta=42m19s] id=2hop__31585_61048 em=1 f1=1.00 n_ops=19 err=False final=Robert Oppenheimer
[142/2417   5.9% elapsed=2m41s eta=43m02s] id=2hop__401710_456439 em=0 f1=0.00 n_ops=19 err=False final=Unknown
[143/2417   5.9% elapsed=2m41s eta=42m48s] id=2hop__747894_135844 em=1 f1=1.00 n_ops=19 err=False final=Palmiro Togliatti
[144/2417   6.0% elapsed=2m42s eta=42m36s] id=2hop__613959_135844 em=1 f1=1.00 n_ops=19 err=False final=Palmiro Togliatti
[145/2417   6.0% elapsed=2m42s eta=42m22s] id=2hop__771727_93362 em=0 f1=0.00 n_ops=19 err=False final=U Me Aur Hum
[146/2417   6.0% elapsed=2m44s eta=42m31s] id=2hop__439614_349102 em=1 f1=1.00 n_ops=19 err=False final=giant panda
[147/2417   6.1% elapsed=2m47s eta=42m57s] id=2hop__563476_61845 em=0 f1=0.00 n_ops=19 err=False final=Michail Antonio
[148/2417   6.1% elapsed=2m48s eta=42m53s] id=2hop__83460_456238 em=0 f1=0.00 n_ops=19 err=False final=Sam Houston
[149/2417   6.2% elapsed=2m48s eta=42m41s] id=2hop__16581_16525 em=1 f1=1.00 n_ops=19 err=False final=661
[150/2417   6.2% elapsed=2m51s eta=43m11s] id=2hop__160223_58067 em=1 f1=1.00 n_ops=19 err=False final=A. P. J. Abdul Kalam
[151/2417   6.2% elapsed=2m55s eta=43m42s] id=2hop__55966_162341 em=0 f1=0.67 n_ops=19 err=False final=Best Supporting Actor
[152/2417   6.3% elapsed=2m55s eta=43m31s] id=2hop__77775_162341 em=0 f1=0.91 n_ops=19 err=False final=Academy Award for Best Actor
[153/2417   6.3% elapsed=2m56s eta=43m22s] id=2hop__488811_30078 em=0 f1=0.80 n_ops=19 err=False final=Imperial Russian troops
[154/2417   6.4% elapsed=2m56s eta=43m07s] id=2hop__703493_162341 em=0 f1=0.00 n_ops=19 err=False final=Directorial recognition
[155/2417   6.4% elapsed=2m57s eta=43m00s] id=2hop__153573_44085 em=0 f1=0.25 n_ops=19 err=False final=Mickey's Safari in Letterland
[156/2417   6.5% elapsed=3m00s eta=43m36s] id=2hop__89991_58067 em=0 f1=0.00 n_ops=19 err=False final=Sarvepalli Radhakrishnan
[157/2417   6.5% elapsed=3m01s eta=43m22s] id=2hop__747758_58067 em=0 f1=0.00 n_ops=19 err=False final=Bharat Ratna
[158/2417   6.5% elapsed=3m01s eta=43m04s] id=2hop__153573_109006 em=0 f1=0.57 n_ops=19 err=False final=Walt Disney and Ub Iwerks
[159/2417   6.6% elapsed=3m02s eta=43m07s] id=2hop__158010_58067 em=0 f1=0.00 n_ops=19 err=False final=Sarvepalli Radhakrishnan
[160/2417   6.6% elapsed=3m03s eta=42m56s] id=2hop__257831_123283 em=1 f1=1.00 n_ops=19 err=False final=Clifton College
[161/2417   6.7% elapsed=3m03s eta=42m39s] id=2hop__488811_30110 em=0 f1=0.00 n_ops=19 err=False final=1991
[162/2417   6.7% elapsed=3m05s eta=42m50s] id=2hop__567471_123283 em=1 f1=1.00 n_ops=19 err=False final=Clifton College
[163/2417   6.7% elapsed=3m06s eta=42m45s] id=2hop__153573_45901 em=1 f1=1.00 n_ops=19 err=False final=Walt Disney
[164/2417   6.8% elapsed=3m06s eta=42m32s] id=2hop__156085_436709 em=0 f1=0.57 n_ops=19 err=False final=Walt Disney and Ub Iwerks
[165/2417   6.8% elapsed=3m08s eta=42m42s] id=2hop__208602_11402 em=0 f1=0.00 n_ops=15 err=True final=
[166/2417   6.9% elapsed=3m08s eta=42m29s] id=2hop__7046_44085 em=1 f1=1.00 n_ops=19 err=False final=The Mickey Mouse Club
[167/2417   6.9% elapsed=3m11s eta=42m57s] id=2hop__43776_162341 em=0 f1=0.00 n_ops=19 err=False final=Peter Boyle
[168/2417   7.0% elapsed=3m12s eta=42m48s] id=2hop__847433_11402 em=0 f1=0.00 n_ops=19 err=False final=Not provided
[169/2417   7.0% elapsed=3m13s eta=42m44s] id=2hop__574496_123283 em=1 f1=1.00 n_ops=19 err=False final=Clifton College
[170/2417   7.0% elapsed=3m13s eta=42m37s] id=2hop__109131_343058 em=0 f1=0.00 n_ops=19 err=False final=Unknown
[171/2417   7.1% elapsed=3m14s eta=42m25s] id=2hop__150866_11402 em=0 f1=0.00 n_ops=19 err=False final=3.8 million
[172/2417   7.1% elapsed=3m14s eta=42m10s] id=2hop__76314_177869 em=0 f1=0.00 n_ops=19 err=False final=William Cooper Nell
[173/2417   7.2% elapsed=3m15s eta=42m16s] id=2hop__40270_11402 em=0 f1=0.00 n_ops=19 err=False final=498
[174/2417   7.2% elapsed=3m16s eta=42m02s] id=2hop__488811_30113 em=0 f1=0.00 n_ops=19 err=False final=Kaliningrad Oblast
[175/2417   7.2% elapsed=3m17s eta=42m01s] id=2hop__8347_8311 em=0 f1=0.00 n_ops=19 err=False final=17 May 1220
[176/2417   7.3% elapsed=3m18s eta=42m02s] id=2hop__14092_8311 em=0 f1=0.00 n_ops=19 err=False final=17 May 1220
[177/2417   7.3% elapsed=3m18s eta=41m50s] id=2hop__71034_343058 em=0 f1=0.00 n_ops=19 err=False final=Princess Fiona
[178/2417   7.4% elapsed=3m20s eta=41m56s] id=2hop__176712_8311 em=0 f1=0.00 n_ops=19 err=False final=1220
[179/2417   7.4% elapsed=3m20s eta=41m41s] id=2hop__67956_463572 em=0 f1=0.50 n_ops=19 err=False final=Epic Records
[180/2417   7.4% elapsed=3m21s eta=41m34s] id=2hop__71755_463572 em=0 f1=0.50 n_ops=19 err=False final=Sharp Records
[181/2417   7.5% elapsed=3m24s eta=41m54s] id=2hop__88906_55840 em=1 f1=1.00 n_ops=19 err=False final=Colin Firth
[182/2417   7.5% elapsed=3m24s eta=41m40s] id=2hop__42578_55840 em=1 f1=1.00 n_ops=19 err=False final=Colin Firth
[183/2417   7.6% elapsed=3m25s eta=41m44s] id=2hop__159741_161674 em=0 f1=0.00 n_ops=19 err=False final=1189
[184/2417   7.6% elapsed=3m26s eta=41m37s] id=2hop__422295_8311 em=1 f1=1.00 n_ops=19 err=False final=1216
[185/2417   7.7% elapsed=3m26s eta=41m28s] id=2hop__159741_40169 em=0 f1=0.67 n_ops=19 err=False final=April 1191
[186/2417   7.7% elapsed=3m32s eta=42m23s] id=2hop__79875_84469 em=1 f1=1.00 n_ops=19 err=False final=Bill Pullman
[187/2417   7.7% elapsed=3m35s eta=42m39s] id=2hop__64323_55840 em=1 f1=1.00 n_ops=19 err=False final=Colin Firth
[188/2417   7.8% elapsed=3m35s eta=42m28s] id=2hop__398344_85513 em=0 f1=0.00 n_ops=19 err=False final=Unknown
[189/2417   7.8% elapsed=3m35s eta=42m14s] id=2hop__28203_55840 em=0 f1=0.00 n_ops=19 err=False final=George VI
[190/2417   7.9% elapsed=3m37s eta=42m18s] id=2hop__85713_72187 em=1 f1=1.00 n_ops=19 err=False final=Dottie Hinson
[191/2417   7.9% elapsed=3m37s eta=42m07s] id=2hop__587048_621800 em=1 f1=1.00 n_ops=19 err=False final=Senica District
[192/2417   7.9% elapsed=3m39s eta=42m22s] id=2hop__204146_850295 em=0 f1=0.00 n_ops=19 err=False final=Not available
[193/2417   8.0% elapsed=3m40s eta=42m12s] id=2hop__609313_20273 em=1 f1=1.00 n_ops=19 err=False final=1572
[194/2417   8.0% elapsed=3m40s eta=42m04s] id=2hop__84103_345851 em=1 f1=1.00 n_ops=19 err=False final=Hollywood Records
[195/2417   8.1% elapsed=3m40s eta=41m50s] id=2hop__86458_20273 em=1 f1=1.00 n_ops=19 err=False final=1572
[196/2417   8.1% elapsed=3m41s eta=41m42s] id=2hop__799936_20273 em=1 f1=1.00 n_ops=19 err=False final=1572
[197/2417   8.2% elapsed=3m41s eta=41m36s] id=2hop__28287_89399 em=0 f1=0.00 n_ops=19 err=False final=Mary Jo Catlett
[198/2417   8.2% elapsed=3m42s eta=41m24s] id=2hop__85713_84469 em=1 f1=1.00 n_ops=19 err=False final=Bill Pullman
[199/2417   8.2% elapsed=3m43s eta=41m21s] id=2hop__433694_20273 em=1 f1=1.00 n_ops=19 err=False final=1572
[200/2417   8.3% elapsed=3m44s eta=41m19s] id=2hop__13986_161674 em=1 f1=1.00 n_ops=19 err=False final=October
[201/2417   8.3% elapsed=3m45s eta=41m15s] id=2hop__142621_225454 em=1 f1=1.00 n_ops=19 err=False final=Hollywood Records
[202/2417   8.4% elapsed=3m45s eta=41m04s] id=2hop__622308_61845 em=0 f1=0.00 n_ops=19 err=False final=Michail Antonio
[203/2417   8.4% elapsed=3m46s eta=41m07s] id=2hop__86689_728109 em=0 f1=0.00 n_ops=15 err=True final=
[204/2417   8.4% elapsed=3m49s eta=41m22s] id=2hop__728969_131890 em=1 f1=1.00 n_ops=19 err=False final=River Thames
[205/2417   8.5% elapsed=3m49s eta=41m15s] id=2hop__38828_89399 em=1 f1=1.00 n_ops=19 err=False final=Mr. Lawrence
[206/2417   8.5% elapsed=3m50s eta=41m06s] id=2hop__726892_131968 em=1 f1=1.00 n_ops=19 err=False final=River Thames
[207/2417   8.6% elapsed=3m51s eta=41m06s] id=2hop__95878_88628 em=1 f1=1.00 n_ops=19 err=False final=U.S. Marshal Rooster Cogburn
[208/2417   8.6% elapsed=3m51s eta=40m56s] id=2hop__693157_131890 em=0 f1=0.00 n_ops=19 err=False final=Deptford Creek
[209/2417   8.6% elapsed=3m52s eta=40m49s] id=2hop__611178_131968 em=0 f1=0.00 n_ops=19 err=False final=Rythe
[210/2417   8.7% elapsed=3m53s eta=40m52s] id=2hop__13986_40169 em=0 f1=0.00 n_ops=19 err=False final=1183
[211/2417   8.7% elapsed=3m55s eta=40m53s] id=2hop__657913_88628 em=1 f1=1.00 n_ops=19 err=False final=U.S. Marshal Rooster Cogburn
[212/2417   8.8% elapsed=3m55s eta=40m41s] id=2hop__56851_343058 em=0 f1=0.00 n_ops=19 err=False final=Jennifer Saunders
[213/2417   8.8% elapsed=3m55s eta=40m32s] id=2hop__734057_88628 em=0 f1=0.00 n_ops=19 err=False final=Jeff Bridges
[214/2417   8.9% elapsed=3m58s eta=40m50s] id=2hop__25344_88628 em=0 f1=0.57 n_ops=19 err=False final=Rooster Cogburn
[215/2417   8.9% elapsed=3m58s eta=40m38s] id=2hop__30032_46621 em=0 f1=0.67 n_ops=19 err=False final=3rd century BC
[216/2417   8.9% elapsed=4m05s eta=41m34s] id=2hop__581084_828685 em=1 f1=1.00 n_ops=19 err=False final=Cornell University
[217/2417   9.0% elapsed=4m05s eta=41m26s] id=2hop__39063_212301 em=0 f1=0.40 n_ops=19 err=False final=Sir Robert Peel
[218/2417   9.0% elapsed=4m05s eta=41m16s] id=2hop__25396_593388 em=1 f1=1.00 n_ops=19 err=False final=Sir Robert Peel, 1st Baronet
[219/2417   9.1% elapsed=4m08s eta=41m27s] id=2hop__39063_593388 em=0 f1=0.75 n_ops=19 err=False final=Sir Robert Peel
[220/2417   9.1% elapsed=4m08s eta=41m20s] id=2hop__623501_297043 em=1 f1=1.00 n_ops=19 err=False final=Hunter River
[221/2417   9.1% elapsed=4m09s eta=41m14s] id=2hop__135822_46621 em=0 f1=0.67 n_ops=19 err=False final=3rd century BC
[222/2417   9.2% elapsed=4m13s eta=41m41s] id=2hop__216535_370666 em=0 f1=0.00 n_ops=19 err=False final=Marne la Vallée
[223/2417   9.2% elapsed=4m14s eta=41m43s] id=2hop__157737_46621 em=0 f1=0.25 n_ops=19 err=False final=16th century
[224/2417   9.3% elapsed=4m16s eta=41m49s] id=2hop__846388_19320 em=1 f1=1.00 n_ops=19 err=False final=74th
[225/2417   9.3% elapsed=4m17s eta=41m39s] id=2hop__40697_46621 em=0 f1=0.67 n_ops=19 err=False final=3rd century BC
[226/2417   9.4% elapsed=4m17s eta=41m36s] id=2hop__64175_90973 em=1 f1=1.00 n_ops=19 err=False final=Lacey Chabert
[227/2417   9.4% elapsed=4m18s eta=41m29s] id=2hop__48033_90973 em=1 f1=1.00 n_ops=19 err=False final=Lacey Chabert
[228/2417   9.4% elapsed=4m19s eta=41m28s] id=2hop__46550_85990 em=0 f1=0.00 n_ops=19 err=False final=Nancy Pelosi
[229/2417   9.5% elapsed=4m19s eta=41m18s] id=2hop__50936_90973 em=1 f1=1.00 n_ops=19 err=False final=Lacey Chabert
[230/2417   9.5% elapsed=4m20s eta=41m08s] id=2hop__619265_72380 em=0 f1=0.00 n_ops=19 err=False final=April 4, 2014
[231/2417   9.6% elapsed=4m20s eta=40m56s] id=2hop__37765_85990 em=0 f1=0.00 n_ops=19 err=False final=Andrew Scheer
[232/2417   9.6% elapsed=4m22s eta=41m11s] id=2hop__685045_19320 em=0 f1=0.00 n_ops=19 err=False final=74
[233/2417   9.6% elapsed=4m23s eta=41m03s] id=2hop__708145_30351 em=1 f1=1.00 n_ops=19 err=False final=Austrian government
[234/2417   9.7% elapsed=4m23s eta=40m54s] id=2hop__599396_19320 em=0 f1=0.00 n_ops=19 err=False final=74
[235/2417   9.7% elapsed=4m23s eta=40m46s] id=2hop__91211_90973 em=0 f1=0.00 n_ops=19 err=False final=Not provided
[236/2417   9.8% elapsed=4m24s eta=40m41s] id=2hop__431934_30351 em=1 f1=1.00 n_ops=19 err=False final=Austrian government
[237/2417   9.8% elapsed=4m25s eta=40m41s] id=2hop__837900_71701 em=1 f1=1.00 n_ops=19 err=False final=November 5
[238/2417   9.8% elapsed=4m26s eta=40m31s] id=2hop__555792_30351 em=1 f1=1.00 n_ops=19 err=False final=Austrian government
[239/2417   9.9% elapsed=4m26s eta=40m21s] id=2hop__153532_72380 em=0 f1=0.00 n_ops=19 err=False final=April 4, 2014
[240/2417   9.9% elapsed=4m28s eta=40m29s] id=2hop__30384_30351 em=1 f1=1.00 n_ops=19 err=False final=Austrian government
[241/2417  10.0% elapsed=4m28s eta=40m21s] id=2hop__551235_310309 em=0 f1=0.00 n_ops=19 err=False final=Unknown
[242/2417  10.0% elapsed=4m28s eta=40m11s] id=2hop__278022_71701 em=0 f1=0.00 n_ops=19 err=False final=1941
[243/2417  10.1% elapsed=4m29s eta=40m02s] id=2hop__30741_85990 em=0 f1=0.00 n_ops=19 err=False final=Anthony Eden
[244/2417  10.1% elapsed=4m30s eta=40m02s] id=2hop__365236_19320 em=1 f1=1.00 n_ops=19 err=False final=74th
[245/2417  10.1% elapsed=4m34s eta=40m29s] id=2hop__631024_18974 em=1 f1=1.00 n_ops=19 err=False final=Chen Zheng
[246/2417  10.2% elapsed=4m36s eta=40m37s] id=2hop__370564_71701 em=0 f1=0.00 n_ops=19 err=False final=1941
[247/2417  10.2% elapsed=4m39s eta=40m51s] id=2hop__96062_159673 em=1 f1=1.00 n_ops=19 err=False final=The Hateful Eight
[248/2417  10.3% elapsed=4m40s eta=40m50s] id=2hop__203985_524737 em=1 f1=1.00 n_ops=19 err=False final=Southwest Independent Soccer League
[249/2417  10.3% elapsed=4m40s eta=40m42s] id=2hop__25396_212301 em=0 f1=0.50 n_ops=19 err=False final=Sidney Peel
[250/2417  10.3% elapsed=4m41s eta=40m35s] id=2hop__766973_770570 em=1 f1=1.00 n_ops=19 err=False final=Rockland County
[251/2417  10.4% elapsed=4m42s eta=40m31s] id=2hop__10017_18974 em=0 f1=0.57 n_ops=19 err=False final=Chen Zheng and Chen Yuanguang
[252/2417  10.4% elapsed=4m44s eta=40m37s] id=2hop__810411_159673 em=0 f1=0.00 n_ops=19 err=False final=1965
[253/2417  10.5% elapsed=4m45s eta=40m38s] id=2hop__77832_159673 em=1 f1=1.00 n_ops=19 err=False final=The Hateful Eight
[254/2417  10.5% elapsed=4m47s eta=40m41s] id=2hop__506035_325512 em=1 f1=1.00 n_ops=19 err=False final=Pearl River County
[255/2417  10.6% elapsed=4m47s eta=40m32s] id=2hop__10122_18974 em=0 f1=0.57 n_ops=19 err=False final=Chen Zheng and Chen Yuanguang
[256/2417  10.6% elapsed=4m47s eta=40m25s] id=2hop__36747_18974 em=0 f1=0.00 n_ops=19 err=False final=Li Zicheng
[257/2417  10.6% elapsed=4m48s eta=40m21s] id=2hop__107548_124896 em=1 f1=1.00 n_ops=19 err=False final=Sir Nicholas Bacon
[258/2417  10.7% elapsed=4m48s eta=40m12s] id=2hop__527400_159673 em=0 f1=0.00 n_ops=19 err=False final=Kurt Russell
[259/2417  10.7% elapsed=4m49s eta=40m06s] id=2hop__753260_71701 em=0 f1=0.00 n_ops=19 err=False final=1895
[260/2417  10.8% elapsed=4m49s eta=39m58s] id=2hop__68590_27619 em=0 f1=0.00 n_ops=19 err=False final=Frankfurt
[261/2417  10.8% elapsed=4m50s eta=39m57s] id=2hop__507722_124896 em=1 f1=1.00 n_ops=19 err=False final=Sir Nicholas Bacon
[262/2417  10.8% elapsed=4m52s eta=40m01s] id=2hop__13592_85544 em=1 f1=1.00 n_ops=19 err=False final=38
[263/2417  10.9% elapsed=4m53s eta=39m59s] id=2hop__34495_85544 em=0 f1=0.00 n_ops=19 err=False final=13
[264/2417  10.9% elapsed=4m57s eta=40m21s] id=2hop__269076_449113 em=0 f1=0.00 n_ops=19 err=False final=Israel
[265/2417  11.0% elapsed=4m58s eta=40m18s] id=2hop__656411_345851 em=1 f1=1.00 n_ops=19 err=False final=Hollywood Records
[266/2417  11.0% elapsed=4m59s eta=40m17s] id=2hop__68590_27628 em=1 f1=1.00 n_ops=19 err=False final=Vitor Constâncio
[267/2417  11.0% elapsed=4m59s eta=40m09s] id=2hop__24661_66233 em=1 f1=1.00 n_ops=19 err=False final=October 3, 2018
[268/2417  11.1% elapsed=5m02s eta=40m20s] id=2hop__809785_606637 em=1 f1=1.00 n_ops=19 err=False final=Secret City Records
[269/2417  11.1% elapsed=5m02s eta=40m15s] id=2hop__34495_49388 em=0 f1=0.00 n_ops=19 err=False final=82
[270/2417  11.2% elapsed=5m04s eta=40m15s] id=2hop__27650_27628 em=1 f1=1.00 n_ops=19 err=False final=Vitor Constâncio
[271/2417  11.2% elapsed=5m05s eta=40m12s] id=2hop__539184_119915 em=1 f1=1.00 n_ops=19 err=False final=1065
[272/2417  11.3% elapsed=5m05s eta=40m07s] id=2hop__27650_27619 em=0 f1=0.00 n_ops=19 err=False final=Frankfurt, Germany
[273/2417  11.3% elapsed=5m07s eta=40m07s] id=2hop__76402_653666 em=1 f1=1.00 n_ops=19 err=False final=Lucy Mack Smith
[274/2417  11.3% elapsed=5m07s eta=40m01s] id=2hop__329676_119915 em=0 f1=0.00 n_ops=19 err=False final=1106
[275/2417  11.4% elapsed=5m10s eta=40m13s] id=2hop__3131_3300 em=0 f1=0.50 n_ops=19 err=False final=third season
[276/2417  11.4% elapsed=5m11s eta=40m12s] id=2hop__24661_81961 em=0 f1=0.33 n_ops=19 err=False final=October 3, 2018
[277/2417  11.5% elapsed=5m11s eta=40m04s] id=2hop__593688_292889 em=1 f1=1.00 n_ops=19 err=False final=Senegal
[278/2417  11.5% elapsed=5m11s eta=39m57s] id=2hop__233551_746883 em=1 f1=1.00 n_ops=19 err=False final=William the Conqueror
[279/2417  11.5% elapsed=5m12s eta=39m53s] id=2hop__754682_730690 em=0 f1=0.00 n_ops=19 err=False final=Roman Empire
[280/2417  11.6% elapsed=5m13s eta=39m47s] id=2hop__66149_85990 em=0 f1=0.00 n_ops=19 err=False final=Republican Party
[281/2417  11.6% elapsed=5m15s eta=39m52s] id=2hop__26642_81961 em=1 f1=1.00 n_ops=19 err=False final=October 4, 2017
[282/2417  11.7% elapsed=5m15s eta=39m46s] id=2hop__143915_68489 em=1 f1=1.00 n_ops=19 err=False final=Snapper Foster
[283/2417  11.7% elapsed=5m15s eta=39m38s] id=2hop__73717_653666 em=1 f1=1.00 n_ops=19 err=False final=Lucy Mack Smith
[284/2417  11.8% elapsed=5m16s eta=39m32s] id=2hop__811015_3300 em=0 f1=0.00 n_ops=19 err=False final=3
[285/2417  11.8% elapsed=5m17s eta=39m28s] id=2hop__124933_653666 em=0 f1=0.00 n_ops=19 err=False final=Agnes Moulton Coolbrith
[286/2417  11.8% elapsed=5m17s eta=39m23s] id=2hop__538735_3296 em=1 f1=1.00 n_ops=19 err=False final=Diana DeGarmo
[287/2417  11.9% elapsed=5m18s eta=39m17s] id=2hop__252521_80650 em=1 f1=1.00 n_ops=19 err=False final=Martin Short
[288/2417  11.9% elapsed=5m18s eta=39m14s] id=2hop__598467_68489 em=1 f1=1.00 n_ops=19 err=False final=Snapper Foster
[289/2417  12.0% elapsed=5m19s eta=39m11s] id=2hop__230022_68489 em=1 f1=1.00 n_ops=19 err=False final=Snapper Foster
[290/2417  12.0% elapsed=5m22s eta=39m22s] id=2hop__26642_66233 em=1 f1=1.00 n_ops=19 err=False final=October 3, 2018
[291/2417  12.0% elapsed=5m22s eta=39m15s] id=2hop__70584_198548 em=0 f1=0.00 n_ops=19 err=False final=N/A
[292/2417  12.1% elapsed=5m25s eta=39m23s] id=2hop__107690_124896 em=1 f1=1.00 n_ops=19 err=False final=Sir Nicholas Bacon
[293/2417  12.1% elapsed=5m31s eta=39m56s] id=2hop__671664_646310 em=0 f1=0.00 n_ops=19 err=False final=Red Cross
[294/2417  12.2% elapsed=5m32s eta=39m55s] id=2hop__13592_49388 em=1 f1=1.00 n_ops=19 err=False final=38
[295/2417  12.2% elapsed=5m32s eta=39m51s] id=2hop__75207_46837 em=0 f1=0.00 n_ops=19 err=False final=December 21st
[296/2417  12.2% elapsed=5m33s eta=39m47s] id=2hop__75207_365216 em=0 f1=0.00 n_ops=19 err=False final=Maule
[297/2417  12.3% elapsed=5m34s eta=39m46s] id=2hop__736167_74735 em=1 f1=1.00 n_ops=19 err=False final=Hey Jude
[298/2417  12.3% elapsed=5m37s eta=39m58s] id=2hop__415518_616002 em=0 f1=0.17 n_ops=19 err=False final=PEN/Diamonstein-Spielvogel Award for the Art of the Essay
[299/2417  12.4% elapsed=5m38s eta=39m52s] id=2hop__47808_198548 em=0 f1=0.00 n_ops=19 err=False final=Not available
[300/2417  12.4% elapsed=5m39s eta=39m50s] id=2hop__30905_213732 em=1 f1=1.00 n_ops=19 err=False final=Meghan McCain
[301/2417  12.5% elapsed=5m41s eta=39m54s] id=2hop__75207_53316 em=1 f1=1.00 n_ops=19 err=False final=Salvador Allende
[302/2417  12.5% elapsed=5m44s eta=40m10s] id=2hop__37097_53663 em=0 f1=0.00 n_ops=19 err=False final=Nile
[303/2417  12.5% elapsed=5m45s eta=40m05s] id=2hop__384238_74735 em=1 f1=1.00 n_ops=19 err=False final=Hey Jude
[304/2417  12.6% elapsed=5m45s eta=39m56s] id=2hop__753715_51329 em=1 f1=1.00 n_ops=19 err=False final=The African Queen
[305/2417  12.6% elapsed=5m45s eta=39m52s] id=2hop__84172_198548 em=0 f1=0.00 n_ops=19 err=False final=Monique Fennoy
[306/2417  12.7% elapsed=5m47s eta=39m55s] id=2hop__16446_58556 em=0 f1=0.22 n_ops=19 err=False final=Food and Drug Administration
[307/2417  12.7% elapsed=5m47s eta=39m48s] id=2hop__75207_7363 em=1 f1=1.00 n_ops=19 err=False final=24:00
[308/2417  12.7% elapsed=5m48s eta=39m43s] id=2hop__789398_74735 em=0 f1=0.00 n_ops=19 err=False final=Too Late for Goodbyes
[309/2417  12.8% elapsed=5m49s eta=39m39s] id=2hop__95773_51329 em=1 f1=1.00 n_ops=19 err=False final=The African Queen
[310/2417  12.8% elapsed=5m49s eta=39m32s] id=2hop__58939_189318 em=0 f1=0.00 n_ops=19 err=False final=Unknown
[311/2417  12.9% elapsed=5m49s eta=39m25s] id=2hop__723404_58556 em=0 f1=0.89 n_ops=19 err=False final=Food Safety Modernization Act
[312/2417  12.9% elapsed=5m50s eta=39m18s] id=2hop__30905_189318 em=0 f1=0.00 n_ops=19 err=False final=Yale University
[313/2417  12.9% elapsed=5m50s eta=39m14s] id=2hop__82669_768138 em=0 f1=0.50 n_ops=19 err=False final=Joey Lawrence
[314/2417  13.0% elapsed=5m50s eta=39m07s] id=2hop__35686_58556 em=1 f1=1.00 n_ops=19 err=False final=Food Safety Modernization Act (FSMA)
[315/2417  13.0% elapsed=5m51s eta=39m00s] id=2hop__142443_768138 em=0 f1=0.00 n_ops=19 err=False final=Unknown
[316/2417  13.1% elapsed=5m51s eta=38m57s] id=2hop__142842_68489 em=1 f1=1.00 n_ops=19 err=False final=Snapper Foster
[317/2417  13.1% elapsed=5m54s eta=39m08s] id=2hop__58939_213732 em=0 f1=0.00 n_ops=19 err=False final=Unknown
[318/2417  13.2% elapsed=5m56s eta=39m12s] id=2hop__678516_179720 em=1 f1=1.00 n_ops=19 err=False final=Harold Knight
[319/2417  13.2% elapsed=5m59s eta=39m22s] id=2hop__44522_58556 em=0 f1=0.00 n_ops=19 err=False final=FDA
[320/2417  13.2% elapsed=6m00s eta=39m20s] id=2hop__39954_80940 em=1 f1=1.00 n_ops=19 err=False final=Ruaha National Park
[321/2417  13.3% elapsed=6m01s eta=39m15s] id=2hop__385392_756039 em=1 f1=1.00 n_ops=19 err=False final=Canyon County, Idaho
[322/2417  13.3% elapsed=6m01s eta=39m07s] id=2hop__2416_53663 em=1 f1=1.00 n_ops=19 err=False final=Northeastern Africa
[323/2417  13.4% elapsed=6m03s eta=39m10s] id=2hop__39954_80303 em=1 f1=1.00 n_ops=19 err=False final=Selous Game Reserve
[324/2417  13.4% elapsed=6m05s eta=39m16s] id=2hop__63982_768138 em=0 f1=0.00 n_ops=19 err=False final=Bessie
[325/2417  13.4% elapsed=6m06s eta=39m14s] id=2hop__557743_92763 em=0 f1=0.00 n_ops=19 err=False final=Florida A&M University
[326/2417  13.5% elapsed=6m06s eta=39m08s] id=2hop__403060_92763 em=0 f1=0.00 n_ops=19 err=False final=16801
[327/2417  13.5% elapsed=6m06s eta=39m02s] id=2hop__142198_152093 em=1 f1=1.00 n_ops=19 err=False final=Fair Trade Services
[328/2417  13.6% elapsed=6m08s eta=39m01s] id=2hop__39954_65371 em=1 f1=1.00 n_ops=19 err=False final=Modest Jonathan Mero
[329/2417  13.6% elapsed=6m11s eta=39m15s] id=2hop__29349_92763 em=0 f1=0.00 n_ops=19 err=False final=16801
[330/2417  13.7% elapsed=6m12s eta=39m11s] id=2hop__374767_152023 em=0 f1=0.00 n_ops=19 err=False final=Telarc
[331/2417  13.7% elapsed=6m12s eta=39m04s] id=2hop__267938_92763 em=0 f1=0.00 n_ops=19 err=False final=16801
[332/2417  13.7% elapsed=6m13s eta=39m02s] id=2hop__409166_152023 em=0 f1=0.00 n_ops=19 err=False final=Real World
[333/2417  13.8% elapsed=6m14s eta=38m58s] id=2hop__78756_198548 em=0 f1=0.00 n_ops=19 err=False final=Monique Fennoy
[334/2417  13.8% elapsed=6m14s eta=38m52s] id=2hop__559273_152023 em=1 f1=1.00 n_ops=19 err=False final=Real World Records
[335/2417  13.9% elapsed=6m16s eta=38m55s] id=2hop__705035_152093 em=1 f1=1.00 n_ops=19 err=False final=Fair Trade Services
[336/2417  13.9% elapsed=6m16s eta=38m50s] id=2hop__632161_643449 em=1 f1=1.00 n_ops=19 err=False final=Eva Amurri
[337/2417  13.9% elapsed=6m16s eta=38m43s] id=2hop__170914_152093 em=1 f1=1.00 n_ops=19 err=False final=Fair Trade Services
[338/2417  14.0% elapsed=6m18s eta=38m48s] id=2hop__124807_135019 em=1 f1=1.00 n_ops=19 err=False final=Europa
[339/2417  14.0% elapsed=6m21s eta=38m54s] id=2hop__271045_68633 em=1 f1=1.00 n_ops=19 err=False final=Thomas Bach
[340/2417  14.1% elapsed=6m22s eta=38m52s] id=2hop__203437_152093 em=1 f1=1.00 n_ops=19 err=False final=Fair Trade Services
[341/2417  14.1% elapsed=6m23s eta=38m51s] id=2hop__645367_68633 em=1 f1=1.00 n_ops=19 err=False final=Thomas Bach
[342/2417  14.1% elapsed=6m23s eta=38m46s] id=2hop__464479_70131 em=0 f1=0.73 n_ops=19 err=False final=World War I veterans
[343/2417  14.2% elapsed=6m24s eta=38m39s] id=2hop__552546_70131 em=0 f1=0.73 n_ops=19 err=False final=World War I veterans
[344/2417  14.2% elapsed=6m24s eta=38m33s] id=2hop__374495_68633 em=1 f1=1.00 n_ops=19 err=False final=Thomas Bach
[345/2417  14.3% elapsed=6m25s eta=38m29s] id=2hop__763380_74735 em=0 f1=0.00 n_ops=19 err=False final=Not provided
[346/2417  14.3% elapsed=6m26s eta=38m27s] id=2hop__315246_88622 em=0 f1=0.00 n_ops=19 err=False final=Simon Jeffrey
[347/2417  14.4% elapsed=6m26s eta=38m24s] id=2hop__452580_70131 em=0 f1=0.00 n_ops=19 err=False final=Not enough information
[348/2417  14.4% elapsed=6m29s eta=38m35s] id=2hop__853227_68633 em=0 f1=0.00 n_ops=19 err=False final=Joseph Firth
[349/2417  14.4% elapsed=6m33s eta=38m46s] id=2hop__79875_72187 em=1 f1=1.00 n_ops=19 err=False final=Dottie Hinson
[350/2417  14.5% elapsed=6m33s eta=38m41s] id=2hop__391873_88622 em=0 f1=0.00 n_ops=19 err=False final=Keith B. Alexander
[351/2417  14.5% elapsed=6m34s eta=38m41s] id=2hop__48784_70131 em=0 f1=0.00 n_ops=19 err=False final=German citizens
[352/2417  14.6% elapsed=6m36s eta=38m40s] id=2hop__66708_573255 em=1 f1=1.00 n_ops=19 err=False final=Ahinoam
[353/2417  14.6% elapsed=6m36s eta=38m36s] id=2hop__126306_396277 em=1 f1=1.00 n_ops=19 err=False final=Doctor De Soto
[354/2417  14.6% elapsed=6m37s eta=38m33s] id=2hop__498061_88622 em=0 f1=0.00 n_ops=19 err=False final=Keith B. Alexander
[355/2417  14.7% elapsed=6m38s eta=38m32s] id=2hop__554145_88622 em=1 f1=1.00 n_ops=19 err=False final=Michael S. Rogers
[356/2417  14.7% elapsed=6m39s eta=38m30s] id=2hop__435087_55984 em=1 f1=1.00 n_ops=19 err=False final=Phil Hanseroth
[357/2417  14.8% elapsed=6m41s eta=38m33s] id=2hop__49887_573255 em=1 f1=1.00 n_ops=19 err=False final=Ahinoam
[358/2417  14.8% elapsed=6m41s eta=38m29s] id=2hop__613779_55984 em=1 f1=1.00 n_ops=19 err=False final=Phil Hanseroth
[359/2417  14.9% elapsed=6m43s eta=38m27s] id=2hop__126188_396277 em=1 f1=1.00 n_ops=19 err=False final=Doctor De Soto
[360/2417  14.9% elapsed=6m43s eta=38m21s] id=2hop__77518_548781 em=0 f1=0.00 n_ops=19 err=False final=Vermont
[361/2417  14.9% elapsed=6m43s eta=38m16s] id=2hop__275891_55984 em=1 f1=1.00 n_ops=19 err=False final=Phil Hanseroth
[362/2417  15.0% elapsed=6m44s eta=38m16s] id=2hop__559076_55984 em=1 f1=1.00 n_ops=19 err=False final=Phil Hanseroth
[363/2417  15.0% elapsed=6m52s eta=38m49s] id=2hop__37097_86208 em=0 f1=0.00 n_ops=19 err=False final=Every year
[364/2417  15.1% elapsed=6m52s eta=38m41s] id=2hop__53175_548781 em=1 f1=1.00 n_ops=19 err=False final=Plymouth Notch
[365/2417  15.1% elapsed=6m52s eta=38m36s] id=2hop__269766_43945 em=0 f1=0.00 n_ops=19 err=False final=Thomas Paine
[366/2417  15.1% elapsed=6m52s eta=38m29s] id=2hop__21991_43945 em=0 f1=0.00 n_ops=19 err=False final=Patrick Henry
[367/2417  15.2% elapsed=6m54s eta=38m30s] id=2hop__156044_57816 em=1 f1=1.00 n_ops=19 err=False final=100
[368/2417  15.2% elapsed=6m54s eta=38m26s] id=2hop__16581_16569 em=1 f1=1.00 n_ops=19 err=False final=Kalb
[369/2417  15.3% elapsed=6m55s eta=38m22s] id=2hop__69765_43945 em=0 f1=0.00 n_ops=19 err=False final=Common Sense
[370/2417  15.3% elapsed=6m56s eta=38m20s] id=2hop__754753_57816 em=1 f1=1.00 n_ops=19 err=False final=100
[371/2417  15.3% elapsed=6m56s eta=38m14s] id=2hop__170341_43945 em=0 f1=0.00 n_ops=19 err=False final=独立
[372/2417  15.4% elapsed=6m56s eta=38m08s] id=2hop__231805_514393 em=1 f1=1.00 n_ops=19 err=False final=Somersby
[373/2417  15.4% elapsed=6m57s eta=38m04s] id=2hop__538735_3299 em=0 f1=0.00 n_ops=19 err=False final=5
[374/2417  15.5% elapsed=6m59s eta=38m06s] id=2hop__414193_176917 em=0 f1=0.00 n_ops=19 err=False final=1995
[375/2417  15.5% elapsed=7m00s eta=38m05s] id=2hop__47071_162399 em=1 f1=1.00 n_ops=19 err=False final=15 December 1950
[376/2417  15.6% elapsed=7m00s eta=38m01s] id=2hop__580231_162399 em=1 f1=1.00 n_ops=19 err=False final=15 December 1950
[377/2417  15.6% elapsed=7m02s eta=38m02s] id=2hop__763840_144857 em=1 f1=1.00 n_ops=19 err=False final=Clatskanie
[378/2417  15.6% elapsed=7m05s eta=38m11s] id=2hop__455392_40315 em=0 f1=0.00 n_ops=19 err=False final=7
[379/2417  15.7% elapsed=7m05s eta=38m04s] id=2hop__510679_57816 em=1 f1=1.00 n_ops=19 err=False final=100
[380/2417  15.7% elapsed=7m06s eta=38m01s] id=2hop__153532_45326 em=1 f1=1.00 n_ops=19 err=False final=12
[381/2417  15.8% elapsed=7m06s eta=37m57s] id=2hop__619265_45326 em=1 f1=1.00 n_ops=19 err=False final=12
[382/2417  15.8% elapsed=7m07s eta=37m52s] id=2hop__168816_144857 em=1 f1=1.00 n_ops=19 err=False final=Clatskanie, Oregon
[383/2417  15.8% elapsed=7m07s eta=37m47s] id=2hop__663184_57816 em=1 f1=1.00 n_ops=19 err=False final=100
[384/2417  15.9% elapsed=7m07s eta=37m42s] id=2hop__2416_86208 em=0 f1=0.00 n_ops=19 err=False final=Nile
[385/2417  15.9% elapsed=7m10s eta=37m50s] id=2hop__312223_144857 em=1 f1=1.00 n_ops=19 err=False final=Clatskanie
[386/2417  16.0% elapsed=7m14s eta=38m04s] id=2hop__507528_139339 em=1 f1=1.00 n_ops=19 err=False final=Academy Award for Best Live Action Short Film
[387/2417  16.0% elapsed=7m15s eta=38m03s] id=2hop__126299_396277 em=1 f1=1.00 n_ops=19 err=False final=Doctor De Soto
[388/2417  16.1% elapsed=7m18s eta=38m08s] id=2hop__289517_139339 em=0 f1=0.00 n_ops=19 err=False final=No specific cast member
[389/2417  16.1% elapsed=7m19s eta=38m07s] id=2hop__85463_66122 em=0 f1=0.40 n_ops=19 err=False final=1951
[390/2417  16.1% elapsed=7m26s eta=38m39s] id=2hop__85463_33311 em=1 f1=1.00 n_ops=19 err=False final=1950-1953
[391/2417  16.2% elapsed=7m27s eta=38m36s] id=2hop__85463_54688 em=0 f1=0.33 n_ops=19 err=False final=Communist one-party state
[392/2417  16.2% elapsed=7m27s eta=38m30s] id=2hop__123166_47134 em=1 f1=1.00 n_ops=19 err=False final=Benny Beaver
[393/2417  16.3% elapsed=7m28s eta=38m27s] id=2hop__591435_51329 em=1 f1=1.00 n_ops=19 err=False final=The African Queen
[394/2417  16.3% elapsed=7m29s eta=38m23s] id=2hop__669160_139339 em=0 f1=0.17 n_ops=19 err=False final=No specific award nomination
[395/2417  16.3% elapsed=7m31s eta=38m26s] id=2hop__85463_50252 em=1 f1=1.00 n_ops=19 err=False final=Kim Il-sung
[396/2417  16.4% elapsed=7m31s eta=38m22s] id=2hop__706038_14251 em=0 f1=0.50 n_ops=19 err=False final=Archibald
[397/2417  16.4% elapsed=7m31s eta=38m15s] id=2hop__144317_120065 em=0 f1=0.00 n_ops=19 err=False final=1929
[398/2417  16.5% elapsed=7m32s eta=38m12s] id=2hop__358582_189042 em=0 f1=0.40 n_ops=19 err=False final=Capitol Records
[399/2417  16.5% elapsed=7m34s eta=38m14s] id=2hop__57543_158262 em=0 f1=0.50 n_ops=19 err=False final=February 2, 1848
[400/2417  16.5% elapsed=7m35s eta=38m17s] id=2hop__450600_158262 em=1 f1=1.00 n_ops=19 err=False final=1848
[401/2417  16.6% elapsed=7m35s eta=38m10s] id=2hop__451574_120065 em=1 f1=1.00 n_ops=19 err=False final=1738
[402/2417  16.6% elapsed=7m36s eta=38m06s] id=2hop__821368_14251 em=0 f1=0.50 n_ops=19 err=False final=Archibald
[403/2417  16.7% elapsed=7m37s eta=38m04s] id=2hop__62020_158262 em=0 f1=0.00 n_ops=19 err=False final=April 1865
[404/2417  16.7% elapsed=7m38s eta=38m02s] id=2hop__605207_135019 em=0 f1=0.00 n_ops=19 err=False final=Augusta Leigh
[405/2417  16.8% elapsed=7m39s eta=37m58s] id=2hop__78401_158262 em=1 f1=1.00 n_ops=19 err=False final=1848
[406/2417  16.8% elapsed=7m39s eta=37m53s] id=2hop__60229_38663 em=0 f1=0.00 n_ops=19 err=False final=22.61%
[407/2417  16.8% elapsed=7m39s eta=37m48s] id=2hop__135668_561444 em=0 f1=0.00 n_ops=19 err=False final=Chaya Mushka Schneersohn
[408/2417  16.9% elapsed=7m39s eta=37m42s] id=2hop__857585_14251 em=0 f1=0.50 n_ops=19 err=False final=Archibald
[409/2417  16.9% elapsed=7m40s eta=37m38s] id=2hop__121145_561444 em=0 f1=0.00 n_ops=19 err=False final=Rabbi Menachem Mendel Schneersohn
[410/2417  17.0% elapsed=7m40s eta=37m33s] id=2hop__159146_120065 em=0 f1=0.00 n_ops=19 err=False final=2009
[411/2417  17.0% elapsed=7m41s eta=37m28s] id=2hop__326404_120065 em=0 f1=0.00 n_ops=19 err=False final=1657
[412/2417  17.0% elapsed=7m41s eta=37m25s] id=2hop__125412_544665 em=0 f1=0.00 n_ops=19 err=False final=Menucha Rochel Slonim
[413/2417  17.1% elapsed=7m42s eta=37m19s] id=2hop__351045_47134 em=1 f1=1.00 n_ops=19 err=False final=Benny Beaver
[414/2417  17.1% elapsed=7m42s eta=37m17s] id=2hop__60229_1783 em=1 f1=1.00 n_ops=19 err=False final=Fiorello La Guardia
[415/2417  17.2% elapsed=7m43s eta=37m12s] id=2hop__227031_144857 em=1 f1=1.00 n_ops=19 err=False final=Clatskanie
[416/2417  17.2% elapsed=7m47s eta=37m26s] id=2hop__107905_110222 em=1 f1=1.00 n_ops=19 err=False final=10 June 1819
[417/2417  17.3% elapsed=7m47s eta=37m21s] id=2hop__347652_47134 em=1 f1=1.00 n_ops=19 err=False final=Benny Beaver
[418/2417  17.3% elapsed=7m47s eta=37m14s] id=2hop__143650_152023 em=1 f1=1.00 n_ops=19 err=False final=Real World Records
[419/2417  17.3% elapsed=7m48s eta=37m13s] id=2hop__123545_47134 em=0 f1=0.00 n_ops=19 err=False final=Cannot determine
[420/2417  17.4% elapsed=7m49s eta=37m11s] id=2hop__846844_47134 em=1 f1=1.00 n_ops=19 err=False final=Benny Beaver
[421/2417  17.4% elapsed=7m55s eta=37m34s] id=2hop__175168_110222 em=1 f1=1.00 n_ops=19 err=False final=10 June 1819
[422/2417  17.5% elapsed=7m56s eta=37m32s] id=2hop__107601_110222 em=1 f1=1.00 n_ops=19 err=False final=10 June 1819
[423/2417  17.5% elapsed=7m57s eta=37m28s] id=2hop__503085_110222 em=1 f1=1.00 n_ops=19 err=False final=10 June 1819
[424/2417  17.5% elapsed=7m57s eta=37m24s] id=2hop__293131_110222 em=1 f1=1.00 n_ops=19 err=False final=10 June 1819
[425/2417  17.6% elapsed=7m58s eta=37m22s] id=2hop__417937_158105 em=0 f1=0.13 n_ops=19 err=False final=digital infrastructures and information networks
[426/2417  17.6% elapsed=7m59s eta=37m20s] id=2hop__332453_139339 em=1 f1=1.00 n_ops=19 err=False final=Academy Award for Best Live Action Short Film
[427/2417  17.7% elapsed=8m00s eta=37m18s] id=2hop__46376_158105 em=0 f1=0.00 n_ops=19 err=False final=Kevin Durant
[428/2417  17.7% elapsed=8m01s eta=37m14s] id=2hop__55552_158105 em=0 f1=0.46 n_ops=19 err=False final=Plug and Play
[429/2417  17.7% elapsed=8m01s eta=37m10s] id=2hop__83405_158262 em=0 f1=0.50 n_ops=19 err=False final=February 2, 1848
[430/2417  17.8% elapsed=8m06s eta=37m24s] id=2hop__155781_155922 em=1 f1=1.00 n_ops=19 err=False final=Sydney Harbour
[431/2417  17.8% elapsed=8m06s eta=37m19s] id=2hop__593397_224832 em=0 f1=0.00 n_ops=19 err=False final=Information not available
[432/2417  17.9% elapsed=8m06s eta=37m14s] id=2hop__13106_158105 em=0 f1=0.00 n_ops=19 err=False final=Xbox 360
[433/2417  17.9% elapsed=8m07s eta=37m11s] id=2hop__81682_707195 em=1 f1=1.00 n_ops=19 err=False final=Sydney Harbour
[434/2417  18.0% elapsed=8m07s eta=37m05s] id=2hop__156658_155922 em=1 f1=1.00 n_ops=19 err=False final=Sydney Harbour
[435/2417  18.0% elapsed=8m07s eta=36m58s] id=2hop__852657_155922 em=1 f1=1.00 n_ops=19 err=False final=Sydney Harbour
[436/2417  18.0% elapsed=8m07s eta=36m55s] id=2hop__814408_155922 em=1 f1=1.00 n_ops=19 err=False final=Sydney Harbour
[437/2417  18.1% elapsed=8m09s eta=36m57s] id=2hop__73615_42173 em=0 f1=0.00 n_ops=19 err=False final=1765
[438/2417  18.1% elapsed=8m11s eta=36m58s] id=2hop__669456_108549 em=0 f1=0.57 n_ops=19 err=False final=Alfred Gough and Miles Millar
[439/2417  18.2% elapsed=8m11s eta=36m53s] id=2hop__311931_417706 em=0 f1=0.22 n_ops=19 err=False final=A&M Records (Canada) and Koch Entertainment (Europe)
[440/2417  18.2% elapsed=8m11s eta=36m47s] id=2hop__73615_20510 em=1 f1=1.00 n_ops=19 err=False final=1600
[441/2417  18.2% elapsed=8m12s eta=36m43s] id=2hop__149862_108549 em=0 f1=0.00 n_ops=19 err=False final=Writers of X-Men
[442/2417  18.3% elapsed=8m12s eta=36m38s] id=2hop__73615_16848 em=0 f1=0.00 n_ops=19 err=False final=military spending
[443/2417  18.3% elapsed=8m12s eta=36m32s] id=2hop__85455_158105 em=0 f1=0.00 n_ops=19 err=False final=Bill Gates
[444/2417  18.4% elapsed=8m13s eta=36m30s] id=2hop__238499_431914 em=0 f1=0.44 n_ops=19 err=False final=Provence-Alpes-Côte d'Azur
[445/2417  18.4% elapsed=8m14s eta=36m31s] id=2hop__16844_20510 em=1 f1=1.00 n_ops=19 err=False final=1600
[446/2417  18.5% elapsed=8m15s eta=36m29s] id=2hop__149710_108549 em=0 f1=0.00 n_ops=19 err=False final=Smallville
[447/2417  18.5% elapsed=8m18s eta=36m33s] id=2hop__608902_653666 em=1 f1=1.00 n_ops=19 err=False final=Lucy Mack Smith
[448/2417  18.5% elapsed=8m21s eta=36m42s] id=2hop__61664_786853 em=1 f1=1.00 n_ops=19 err=False final=Amy Poehler
[449/2417  18.6% elapsed=8m21s eta=36m37s] id=2hop__358270_108549 em=0 f1=0.00 n_ops=19 err=False final=Writers of X-Men
[450/2417  18.6% elapsed=8m22s eta=36m32s] id=2hop__149983_108549 em=0 f1=0.00 n_ops=19 err=False final=Agatha Christie
[451/2417  18.7% elapsed=8m26s eta=36m48s] id=2hop__16844_42173 em=0 f1=0.00 n_ops=19 err=False final=Bahadur Shah Zafar
[452/2417  18.7% elapsed=8m27s eta=36m43s] id=2hop__245835_762148 em=0 f1=0.00 n_ops=19 err=False final=Leftover Salmon
[453/2417  18.7% elapsed=8m29s eta=36m47s] id=2hop__501624_181960 em=1 f1=1.00 n_ops=19 err=False final=Slade School of Art
[454/2417  18.8% elapsed=8m30s eta=36m44s] id=2hop__67660_158861 em=0 f1=0.00 n_ops=19 err=False final=Bob Saget
[455/2417  18.8% elapsed=8m30s eta=36m41s] id=2hop__60686_229757 em=0 f1=0.00 n_ops=19 err=False final=Chris Traeger
[456/2417  18.9% elapsed=8m31s eta=36m36s] id=2hop__55032_786853 em=1 f1=1.00 n_ops=19 err=False final=Amy Poehler
[457/2417  18.9% elapsed=8m31s eta=36m31s] id=2hop__67660_81007 em=0 f1=0.00 n_ops=19 err=False final=Cristin Milioti
[458/2417  18.9% elapsed=8m31s eta=36m27s] id=2hop__152700_141308 em=0 f1=0.80 n_ops=19 err=False final=Apple Corps Ltd
[459/2417  19.0% elapsed=8m32s eta=36m22s] id=2hop__63483_786853 em=0 f1=0.00 n_ops=19 err=False final=Not enough information
[460/2417  19.0% elapsed=8m32s eta=36m18s] id=2hop__825727_584042 em=1 f1=1.00 n_ops=19 err=False final=K-League
[461/2417  19.1% elapsed=8m32s eta=36m13s] id=2hop__152052_141308 em=0 f1=0.50 n_ops=19 err=False final=Apple Records
[462/2417  19.1% elapsed=8m32s eta=36m07s] id=2hop__91667_67223 em=1 f1=1.00 n_ops=19 err=False final=Tracy Mosby
[463/2417  19.2% elapsed=8m34s eta=36m10s] id=2hop__596188_297986 em=1 f1=1.00 n_ops=19 err=False final=Royal Borough of Greenwich
[464/2417  19.2% elapsed=8m35s eta=36m06s] id=2hop__157498_127908 em=1 f1=1.00 n_ops=19 err=False final=Major League Soccer
[465/2417  19.2% elapsed=8m35s eta=36m01s] id=2hop__108158_83769 em=1 f1=1.00 n_ops=19 err=False final=Fred O'Bannion
[466/2417  19.3% elapsed=8m35s eta=35m57s] id=2hop__448615_127908 em=1 f1=1.00 n_ops=19 err=False final=Major League Soccer
[467/2417  19.3% elapsed=8m35s eta=35m52s] id=2hop__423874_128023 em=1 f1=1.00 n_ops=19 err=False final=Major League Soccer
[468/2417  19.4% elapsed=8m36s eta=35m48s] id=2hop__152027_141308 em=0 f1=0.80 n_ops=19 err=False final=Apple Corps Ltd.
[469/2417  19.4% elapsed=8m38s eta=35m53s] id=2hop__179149_396277 em=1 f1=1.00 n_ops=19 err=False final=Doctor De Soto
[470/2417  19.4% elapsed=8m39s eta=35m49s] id=2hop__91667_81007 em=1 f1=1.00 n_ops=19 err=False final=Tracy McConnell
[471/2417  19.5% elapsed=8m39s eta=35m44s] id=2hop__72686_83769 em=1 f1=1.00 n_ops=19 err=False final=Fred O'Bannion
[472/2417  19.5% elapsed=8m40s eta=35m42s] id=2hop__151705_141308 em=0 f1=0.50 n_ops=19 err=False final=Apple Records
[473/2417  19.6% elapsed=8m41s eta=35m41s] id=2hop__696442_51329 em=0 f1=0.00 n_ops=19 err=False final=Amadeus
[474/2417  19.6% elapsed=8m41s eta=35m36s] id=2hop__646573_83769 em=1 f1=1.00 n_ops=19 err=False final=Fred O'Bannion
[475/2417  19.7% elapsed=8m43s eta=35m40s] id=2hop__169443_83769 em=0 f1=0.00 n_ops=19 err=False final=Ben Affleck
[476/2417  19.7% elapsed=8m52s eta=36m10s] id=2hop__424908_500483 em=0 f1=0.00 n_ops=19 err=False final=Cisów-Orłowiny Landscape Park
[477/2417  19.7% elapsed=8m54s eta=36m11s] id=2hop__575188_342798 em=0 f1=0.00 n_ops=19 err=False final=Mahmoud Mirza
[478/2417  19.8% elapsed=9m00s eta=36m29s] id=2hop__88953_64006 em=1 f1=1.00 n_ops=19 err=False final=30% to 65%
[479/2417  19.8% elapsed=9m00s eta=36m26s] id=2hop__603365_120259 em=0 f1=0.00 n_ops=19 err=False final=N/A
[480/2417  19.9% elapsed=9m00s eta=36m21s] id=2hop__91626_96912 em=0 f1=0.00 n_ops=19 err=False final=Adam Smith Prize
[481/2417  19.9% elapsed=9m01s eta=36m18s] id=2hop__586343_83289 em=1 f1=1.00 n_ops=19 err=False final=Matt Bennett
[482/2417  19.9% elapsed=9m01s eta=36m13s] id=2hop__64372_83289 em=1 f1=1.00 n_ops=19 err=False final=Matt Bennett
[483/2417  20.0% elapsed=9m02s eta=36m09s] id=2hop__20536_96912 em=1 f1=1.00 n_ops=19 err=False final=University of Cambridge
[484/2417  20.0% elapsed=9m02s eta=36m05s] id=2hop__865828_377862 em=1 f1=1.00 n_ops=19 err=False final=Jordanów
[485/2417  20.1% elapsed=9m02s eta=36m01s] id=2hop__179322_83289 em=1 f1=1.00 n_ops=19 err=False final=Matt Bennett
[486/2417  20.1% elapsed=9m03s eta=35m57s] id=2hop__362912_97805 em=0 f1=0.00 n_ops=19 err=False final=Finnish Navy
[487/2417  20.1% elapsed=9m04s eta=35m54s] id=2hop__418941_429437 em=0 f1=0.00 n_ops=19 err=False final=Bumping Lake
[488/2417  20.2% elapsed=9m04s eta=35m50s] id=2hop__511454_120259 em=0 f1=0.00 n_ops=19 err=False final=Unknown
[489/2417  20.2% elapsed=9m04s eta=35m45s] id=2hop__690412_526810 em=1 f1=1.00 n_ops=19 err=False final=Chao Phraya River
[490/2417  20.3% elapsed=9m06s eta=35m48s] id=2hop__194469_83289 em=1 f1=1.00 n_ops=19 err=False final=Matt Bennett
[491/2417  20.3% elapsed=9m09s eta=35m52s] id=2hop__5190_64006 em=0 f1=0.00 n_ops=19 err=False final=40%
[492/2417  20.4% elapsed=9m09s eta=35m47s] id=2hop__88406_83289 em=1 f1=1.00 n_ops=19 err=False final=Matt Bennett
[493/2417  20.4% elapsed=9m11s eta=35m51s] id=2hop__315072_120259 em=0 f1=0.00 n_ops=19 err=False final=Cannot determine
[494/2417  20.4% elapsed=9m11s eta=35m46s] id=2hop__691455_64006 em=1 f1=1.00 n_ops=19 err=False final=30% to 65%
[495/2417  20.5% elapsed=9m12s eta=35m41s] id=2hop__151750_141308 em=0 f1=0.00 n_ops=19 err=False final=Sony Music Entertainment
[496/2417  20.5% elapsed=9m13s eta=35m40s] id=2hop__286268_97805 em=1 f1=1.00 n_ops=19 err=False final=Winter War
[497/2417  20.6% elapsed=9m13s eta=35m36s] id=2hop__367336_97805 em=1 f1=1.00 n_ops=19 err=False final=Winter War
[498/2417  20.6% elapsed=9m13s eta=35m31s] id=2hop__107185_64006 em=0 f1=0.00 n_ops=15 err=True final=
[499/2417  20.6% elapsed=9m14s eta=35m30s] id=2hop__67660_67223 em=0 f1=0.50 n_ops=19 err=False final=Tracy McConnell
[500/2417  20.7% elapsed=9m17s eta=35m35s] id=2hop__62951_64006 em=0 f1=0.67 n_ops=19 err=False final=30% to 60%
[501/2417  20.7% elapsed=9m21s eta=35m45s] id=2hop__421324_97805 em=0 f1=0.50 n_ops=19 err=False final=Continuation War
[502/2417  20.8% elapsed=9m21s eta=35m41s] id=2hop__363214_590899 em=1 f1=1.00 n_ops=19 err=False final=Santa Clara County
[503/2417  20.8% elapsed=9m22s eta=35m37s] id=2hop__72118_83769 em=0 f1=0.00 n_ops=19 err=False final=Ben Affleck
[504/2417  20.9% elapsed=9m22s eta=35m32s] id=2hop__194532_57594 em=0 f1=0.00 n_ops=19 err=False final=Unknown
[505/2417  20.9% elapsed=9m22s eta=35m29s] id=2hop__472486_97805 em=1 f1=1.00 n_ops=19 err=False final=Winter War
[506/2417  20.9% elapsed=9m25s eta=35m32s] id=2hop__83257_19033 em=0 f1=0.00 n_ops=19 err=False final=2005
[507/2417  21.0% elapsed=9m28s eta=35m40s] id=2hop__273020_57594 em=0 f1=0.00 n_ops=19 err=False final=Not applicable
[508/2417  21.0% elapsed=9m29s eta=35m37s] id=2hop__157251_556157 em=1 f1=1.00 n_ops=19 err=False final=Limpopo River
[509/2417  21.1% elapsed=9m30s eta=35m35s] id=2hop__157339_156796 em=1 f1=1.00 n_ops=19 err=False final=Limpopo River
[510/2417  21.1% elapsed=9m30s eta=35m30s] id=2hop__424294_19033 em=1 f1=1.00 n_ops=19 err=False final=Great American Bash
[511/2417  21.1% elapsed=9m35s eta=35m46s] id=2hop__157285_556157 em=0 f1=0.50 n_ops=19 err=False final=Mzingwane River
[512/2417  21.2% elapsed=9m35s eta=35m41s] id=2hop__70338_160040 em=0 f1=0.00 n_ops=19 err=False final=Richard Carlson
[513/2417  21.2% elapsed=9m36s eta=35m37s] id=2hop__394720_120259 em=1 f1=1.00 n_ops=19 err=False final=918
[514/2417  21.3% elapsed=9m37s eta=35m35s] id=2hop__70338_36240 em=0 f1=0.00 n_ops=19 err=False final=Job 19:20
[515/2417  21.3% elapsed=9m38s eta=35m34s] id=2hop__307719_121900 em=1 f1=1.00 n_ops=19 err=False final=Stanford University
[516/2417  21.3% elapsed=9m38s eta=35m30s] id=2hop__55463_19033 em=0 f1=0.00 n_ops=19 err=False final=Philadelphia
[517/2417  21.4% elapsed=9m38s eta=35m26s] id=2hop__242938_18803 em=0 f1=0.13 n_ops=19 err=False final=divesting African operations
[518/2417  21.4% elapsed=9m39s eta=35m22s] id=2hop__91021_19033 em=0 f1=0.00 n_ops=19 err=False final=Baltimore
[519/2417  21.5% elapsed=9m40s eta=35m20s] id=2hop__695432_18803 em=0 f1=0.00 n_ops=19 err=False final=divesting
[520/2417  21.5% elapsed=9m41s eta=35m21s] id=2hop__567588_67465 em=0 f1=0.50 n_ops=19 err=False final=2011
[521/2417  21.6% elapsed=9m42s eta=35m17s] id=2hop__80637_19033 em=0 f1=0.00 n_ops=19 err=False final=Wimbledon Championships
[522/2417  21.6% elapsed=9m43s eta=35m16s] id=2hop__442516_595885 em=1 f1=1.00 n_ops=19 err=False final=Tanzania
[523/2417  21.6% elapsed=9m44s eta=35m17s] id=2hop__359312_18803 em=0 f1=0.00 n_ops=19 err=False final=divesting from downstream business
[524/2417  21.7% elapsed=9m45s eta=35m12s] id=2hop__859431_18803 em=0 f1=0.11 n_ops=19 err=False final=divesting from downstream business in African countries
[525/2417  21.7% elapsed=9m46s eta=35m11s] id=2hop__557496_57594 em=0 f1=0.00 n_ops=19 err=False final=No information
[526/2417  21.8% elapsed=9m46s eta=35m07s] id=2hop__83489_747874 em=1 f1=1.00 n_ops=19 err=False final=Jamie Murray
[527/2417  21.8% elapsed=9m47s eta=35m05s] id=2hop__518354_67465 em=1 f1=1.00 n_ops=19 err=False final=March 11, 2011
[528/2417  21.8% elapsed=9m47s eta=35m00s] id=2hop__83800_747874 em=1 f1=1.00 n_ops=19 err=False final=Jamie Murray
[529/2417  21.9% elapsed=9m47s eta=34m55s] id=2hop__215898_67465 em=1 f1=1.00 n_ops=19 err=False final=March 11, 2011
[530/2417  21.9% elapsed=9m48s eta=34m54s] id=2hop__68158_189357 em=0 f1=0.00 n_ops=19 err=False final=Cannot determine
[531/2417  22.0% elapsed=9m49s eta=34m52s] id=2hop__142699_67465 em=1 f1=1.00 n_ops=19 err=False final=March 11, 2011
[532/2417  22.0% elapsed=9m51s eta=34m55s] id=2hop__796221_18803 em=0 f1=0.00 n_ops=19 err=False final=divesting from downstream business
[533/2417  22.1% elapsed=9m53s eta=34m55s] id=2hop__77878_189357 em=0 f1=0.18 n_ops=19 err=False final=University of Arizona and University of California, Los Ange
[534/2417  22.1% elapsed=9m53s eta=34m51s] id=2hop__536283_67465 em=1 f1=1.00 n_ops=19 err=False final=March 11, 2011
[535/2417  22.1% elapsed=9m54s eta=34m49s] id=2hop__44259_747874 em=1 f1=1.00 n_ops=19 err=False final=Jamie Murray
[536/2417  22.2% elapsed=9m54s eta=34m45s] id=2hop__144784_623159 em=1 f1=1.00 n_ops=19 err=False final=Yaroslavl Oblast
[537/2417  22.2% elapsed=9m56s eta=34m48s] id=2hop__6745_6731 em=0 f1=0.50 n_ops=19 err=False final=Western Catalan and Majorcan
[538/2417  22.3% elapsed=9m56s eta=34m43s] id=2hop__35989_623159 em=1 f1=1.00 n_ops=19 err=False final=Yaroslavl Oblast
[539/2417  22.3% elapsed=9m58s eta=34m45s] id=2hop__16632_110014 em=1 f1=1.00 n_ops=19 err=False final=1517
[540/2417  22.3% elapsed=9m59s eta=34m41s] id=2hop__677160_110882 em=0 f1=0.50 n_ops=19 err=False final=1986
[541/2417  22.4% elapsed=9m59s eta=34m37s] id=2hop__147260_623159 em=0 f1=0.00 n_ops=19 err=False final=Russia
[542/2417  22.4% elapsed=9m59s eta=34m33s] id=2hop__109242_113442 em=1 f1=1.00 n_ops=19 err=False final=13 August 1896
[543/2417  22.5% elapsed=10m02s eta=34m38s] id=2hop__6744_6731 em=0 f1=0.50 n_ops=19 err=False final=Western Catalan and Majorcan
[544/2417  22.5% elapsed=10m03s eta=34m36s] id=2hop__388467_110882 em=0 f1=0.50 n_ops=19 err=False final=1986
[545/2417  22.5% elapsed=10m04s eta=34m33s] id=2hop__253612_110882 em=0 f1=0.50 n_ops=19 err=False final=1986
[546/2417  22.6% elapsed=10m06s eta=34m36s] id=2hop__156702_51769 em=0 f1=0.00 n_ops=19 err=False final=10.75
[547/2417  22.6% elapsed=10m06s eta=34m32s] id=2hop__540035_113442 em=1 f1=1.00 n_ops=19 err=False final=13 August 1896
[548/2417  22.7% elapsed=10m06s eta=34m27s] id=2hop__818692_113442 em=1 f1=1.00 n_ops=19 err=False final=13 August 1896
[549/2417  22.7% elapsed=10m09s eta=34m31s] id=2hop__794999_113442 em=1 f1=1.00 n_ops=19 err=False final=13 August 1896
[550/2417  22.8% elapsed=10m09s eta=34m27s] id=2hop__272714_113442 em=1 f1=1.00 n_ops=19 err=False final=13 August 1896
[551/2417  22.8% elapsed=10m11s eta=34m29s] id=2hop__749997_96912 em=1 f1=1.00 n_ops=19 err=False final=University of Cambridge
[552/2417  22.8% elapsed=10m12s eta=34m27s] id=2hop__3739_13529 em=0 f1=0.67 n_ops=19 err=False final=1982
[553/2417  22.9% elapsed=10m12s eta=34m22s] id=2hop__530579_13529 em=0 f1=0.67 n_ops=19 err=False final=1982
[554/2417  22.9% elapsed=10m14s eta=34m24s] id=2hop__136179_13529 em=1 f1=1.00 n_ops=19 err=False final=June 1982
[555/2417  23.0% elapsed=10m16s eta=34m26s] id=2hop__3737_13529 em=0 f1=0.67 n_ops=19 err=False final=1982
[556/2417  23.0% elapsed=10m16s eta=34m22s] id=2hop__53937_92673 em=0 f1=0.40 n_ops=19 err=False final=North Pole
[557/2417  23.0% elapsed=10m17s eta=34m19s] id=2hop__827940_277334 em=0 f1=0.00 n_ops=19 err=False final=Carol Burnett
[558/2417  23.1% elapsed=10m17s eta=34m17s] id=2hop__161273_92673 em=0 f1=0.40 n_ops=19 err=False final=North Pole
[559/2417  23.1% elapsed=10m19s eta=34m16s] id=2hop__263728_705527 em=0 f1=0.00 n_ops=19 err=False final=Unknown
[560/2417  23.2% elapsed=10m21s eta=34m18s] id=2hop__75169_92673 em=0 f1=0.00 n_ops=19 err=False final=Greenwich
[561/2417  23.2% elapsed=10m21s eta=34m16s] id=2hop__89657_289940 em=0 f1=0.00 n_ops=19 err=False final=Minnesota Vikings
[562/2417  23.3% elapsed=10m21s eta=34m11s] id=2hop__13548_13529 em=1 f1=1.00 n_ops=19 err=False final=June 1982
[563/2417  23.3% elapsed=10m23s eta=34m11s] id=2hop__676045_7292 em=1 f1=1.00 n_ops=19 err=False final=George Benson
[564/2417  23.3% elapsed=10m24s eta=34m10s] id=2hop__91713_289940 em=1 f1=1.00 n_ops=19 err=False final=Arizona Cardinals
[565/2417  23.4% elapsed=10m25s eta=34m09s] id=2hop__850984_7292 em=1 f1=1.00 n_ops=19 err=False final=George Benson
[566/2417  23.4% elapsed=10m27s eta=34m09s] id=2hop__642686_7292 em=0 f1=0.00 n_ops=19 err=False final=Arturo Tappin
[567/2417  23.5% elapsed=10m27s eta=34m06s] id=2hop__9238_9237 em=0 f1=0.00 n_ops=19 err=False final=June 2001
[568/2417  23.5% elapsed=10m28s eta=34m04s] id=2hop__367318_7292 em=0 f1=0.00 n_ops=19 err=False final=Dave Koz
[569/2417  23.5% elapsed=10m28s eta=34m01s] id=2hop__754826_7292 em=0 f1=0.00 n_ops=19 err=False final=Dave Koz
[570/2417  23.6% elapsed=10m30s eta=34m02s] id=2hop__88834_425488 em=1 f1=1.00 n_ops=19 err=False final=Terri Irwin
[571/2417  23.6% elapsed=10m32s eta=34m03s] id=2hop__9174_9237 em=1 f1=1.00 n_ops=19 err=False final=September 2012
[572/2417  23.7% elapsed=10m37s eta=34m13s] id=2hop__141365_417697 em=0 f1=0.00 n_ops=19 err=False final=Datsun model
[573/2417  23.7% elapsed=10m37s eta=34m09s] id=2hop__43579_289940 em=0 f1=0.00 n_ops=19 err=False final=Dallas Cowboys
[574/2417  23.7% elapsed=10m37s eta=34m05s] id=2hop__46065_417697 em=0 f1=0.67 n_ops=19 err=False final=Nissan
[575/2417  23.8% elapsed=10m37s eta=34m01s] id=2hop__88834_356793 em=1 f1=1.00 n_ops=19 err=False final=Steve Irwin
[576/2417  23.8% elapsed=10m37s eta=33m57s] id=2hop__556426_9237 em=1 f1=1.00 n_ops=19 err=False final=September 2012
[577/2417  23.9% elapsed=10m37s eta=33m52s] id=2hop__9223_9237 em=1 f1=1.00 n_ops=19 err=False final=September 2012
[578/2417  23.9% elapsed=10m38s eta=33m49s] id=2hop__133102_417697 em=1 f1=1.00 n_ops=19 err=False final=Nissan Altima
[579/2417  24.0% elapsed=10m38s eta=33m45s] id=2hop__132854_417697 em=0 f1=0.67 n_ops=19 err=False final=Nissan
[580/2417  24.0% elapsed=10m39s eta=33m44s] id=2hop__132969_417697 em=0 f1=0.00 n_ops=19 err=False final=Datsun Sports
[581/2417  24.0% elapsed=10m40s eta=33m44s] id=2hop__781079_9237 em=1 f1=1.00 n_ops=19 err=False final=September 2012
[582/2417  24.1% elapsed=10m41s eta=33m40s] id=2hop__6265_718451 em=0 f1=0.00 n_ops=19 err=False final=interdisciplinary
[583/2417  24.1% elapsed=10m43s eta=33m41s] id=2hop__814856_110882 em=0 f1=0.50 n_ops=19 err=False final=1986
[584/2417  24.2% elapsed=10m45s eta=33m45s] id=2hop__135963_486257 em=0 f1=0.67 n_ops=19 err=False final=quantum physics
[585/2417  24.2% elapsed=10m46s eta=33m43s] id=2hop__29606_600504 em=0 f1=0.00 n_ops=19 err=False final=Physics
[586/2417  24.2% elapsed=10m46s eta=33m39s] id=2hop__590631_110882 em=0 f1=0.50 n_ops=19 err=False final=1986
[587/2417  24.3% elapsed=10m47s eta=33m37s] id=2hop__57209_67668 em=1 f1=1.00 n_ops=19 err=False final=Nightwing
[588/2417  24.3% elapsed=10m48s eta=33m35s] id=2hop__42464_718451 em=0 f1=0.00 n_ops=19 err=False final=physics
[589/2417  24.4% elapsed=10m48s eta=33m33s] id=2hop__326140_9237 em=0 f1=0.00 n_ops=19 err=False final=2001
[590/2417  24.4% elapsed=10m50s eta=33m33s] id=2hop__84971_67668 em=1 f1=1.00 n_ops=19 err=False final=Nightwing
[591/2417  24.5% elapsed=10m51s eta=33m31s] id=2hop__301011_820181 em=1 f1=1.00 n_ops=19 err=False final=Norton County
[592/2417  24.5% elapsed=10m53s eta=33m34s] id=2hop__160151_23241 em=0 f1=0.80 n_ops=19 err=False final=48.8
[593/2417  24.5% elapsed=10m57s eta=33m41s] id=2hop__96812_130869 em=0 f1=0.00 n_ops=19 err=False final=Massachusetts
[594/2417  24.6% elapsed=10m57s eta=33m37s] id=2hop__123145_66723 em=1 f1=1.00 n_ops=19 err=False final=James Howard Meredith
[595/2417  24.6% elapsed=10m59s eta=33m38s] id=2hop__243084_523417 em=0 f1=0.00 n_ops=19 err=False final=Rurouni Kenshin
[596/2417  24.7% elapsed=11m02s eta=33m41s] id=2hop__82766_67668 em=1 f1=1.00 n_ops=19 err=False final=Dick Grayson
[597/2417  24.7% elapsed=11m02s eta=33m37s] id=2hop__142130_67668 em=1 f1=1.00 n_ops=19 err=False final=Nightwing
[598/2417  24.7% elapsed=11m02s eta=33m34s] id=2hop__49409_67668 em=1 f1=1.00 n_ops=19 err=False final=Dick Grayson
[599/2417  24.8% elapsed=11m02s eta=33m30s] id=2hop__92590_43786 em=1 f1=1.00 n_ops=19 err=False final=Washington, D.C.
[600/2417  24.8% elapsed=11m03s eta=33m27s] id=2hop__373544_80420 em=1 f1=1.00 n_ops=19 err=False final=James Howard Meredith
[601/2417  24.9% elapsed=11m03s eta=33m24s] id=2hop__47257_43786 em=0 f1=0.67 n_ops=19 err=False final=The Washington Post
[602/2417  24.9% elapsed=11m05s eta=33m24s] id=2hop__301587_233146 em=0 f1=0.67 n_ops=19 err=False final=Mayer Amschel Rothschild
[603/2417  24.9% elapsed=11m06s eta=33m22s] id=2hop__128420_375952 em=1 f1=1.00 n_ops=19 err=False final=Santa Barbara County
[604/2417  25.0% elapsed=11m06s eta=33m20s] id=2hop__463353_66723 em=1 f1=1.00 n_ops=19 err=False final=James Howard Meredith
[605/2417  25.0% elapsed=11m07s eta=33m17s] id=2hop__38030_23241 em=0 f1=0.80 n_ops=19 err=False final=48.8
[606/2417  25.1% elapsed=11m08s eta=33m17s] id=2hop__128342_375952 em=1 f1=1.00 n_ops=19 err=False final=Santa Barbara County
[607/2417  25.1% elapsed=11m09s eta=33m15s] id=2hop__88632_67668 em=1 f1=1.00 n_ops=19 err=False final=Dick Grayson
[608/2417  25.2% elapsed=11m10s eta=33m12s] id=2hop__848156_130869 em=1 f1=1.00 n_ops=19 err=False final=Washington
[609/2417  25.2% elapsed=11m10s eta=33m10s] id=2hop__29873_679424 em=0 f1=0.67 n_ops=19 err=False final=Serbia
[610/2417  25.2% elapsed=11m10s eta=33m05s] id=2hop__166484_798067 em=0 f1=0.50 n_ops=19 err=False final=Jinjiang, Fujian
[611/2417  25.3% elapsed=11m11s eta=33m04s] id=2hop__37353_23241 em=0 f1=0.00 n_ops=19 err=False final=Not applicable
[612/2417  25.3% elapsed=11m11s eta=33m00s] id=2hop__463353_80420 em=1 f1=1.00 n_ops=19 err=False final=James Howard Meredith
[613/2417  25.4% elapsed=11m11s eta=32m56s] id=2hop__428940_135373 em=0 f1=0.50 n_ops=19 err=False final=Bering Sea
[614/2417  25.4% elapsed=11m13s eta=32m56s] id=2hop__160292_23241 em=0 f1=0.00 n_ops=15 err=True final=
[615/2417  25.4% elapsed=11m14s eta=32m54s] id=2hop__22930_23241 em=0 f1=0.00 n_ops=15 err=True final=
[616/2417  25.5% elapsed=11m14s eta=32m51s] id=2hop__31085_23241 em=0 f1=0.80 n_ops=19 err=False final=48.8
[617/2417  25.5% elapsed=11m14s eta=32m47s] id=2hop__864101_135373 em=1 f1=1.00 n_ops=19 err=False final=Vitus Bering
[618/2417  25.6% elapsed=11m17s eta=32m51s] id=2hop__59366_71206 em=1 f1=1.00 n_ops=19 err=False final=Christa Miller
[619/2417  25.6% elapsed=11m18s eta=32m49s] id=2hop__51113_84616 em=0 f1=0.18 n_ops=19 err=False final=Ondine
[620/2417  25.7% elapsed=11m23s eta=33m00s] id=2hop__9014_679424 em=0 f1=0.67 n_ops=19 err=False final=Serbia
[621/2417  25.7% elapsed=11m28s eta=33m08s] id=2hop__13353_85402 em=1 f1=1.00 n_ops=19 err=False final=Brussels
[622/2417  25.7% elapsed=11m30s eta=33m10s] id=2hop__244193_461106 em=0 f1=0.00 n_ops=19 err=False final=Unknown
[623/2417  25.8% elapsed=11m30s eta=33m07s] id=2hop__280451_84616 em=0 f1=0.18 n_ops=19 err=False final=Ondine
[624/2417  25.8% elapsed=11m33s eta=33m11s] id=2hop__2148_78851 em=0 f1=0.00 n_ops=19 err=False final=Sacramento Kings
[625/2417  25.9% elapsed=11m33s eta=33m07s] id=2hop__2150_78851 em=0 f1=0.00 n_ops=19 err=False final=Washington Capitals
[626/2417  25.9% elapsed=11m34s eta=33m05s] id=2hop__62369_84616 em=0 f1=0.00 n_ops=19 err=False final=Isabelle Huppert
[627/2417  25.9% elapsed=11m35s eta=33m04s] id=2hop__730788_72813 em=0 f1=0.00 n_ops=19 err=False final=Bobby Brown
[628/2417  26.0% elapsed=11m35s eta=33m00s] id=2hop__744371_78851 em=0 f1=0.00 n_ops=19 err=False final=New York Liberty
[629/2417  26.0% elapsed=11m35s eta=32m57s] id=2hop__747306_72813 em=0 f1=0.00 n_ops=19 err=False final=Bobby Brown
[630/2417  26.1% elapsed=11m38s eta=33m00s] id=2hop__161915_78851 em=0 f1=0.00 n_ops=19 err=False final=BC Lions
[631/2417  26.1% elapsed=11m38s eta=32m56s] id=2hop__460091_405771 em=0 f1=0.00 n_ops=19 err=False final=Archostemata
[632/2417  26.1% elapsed=11m39s eta=32m54s] id=2hop__7906_78851 em=0 f1=0.00 n_ops=19 err=False final=Green Bay Packers
[633/2417  26.2% elapsed=11m39s eta=32m50s] id=2hop__77263_84616 em=0 f1=0.18 n_ops=19 err=False final=Ondine
[634/2417  26.2% elapsed=11m40s eta=32m50s] id=2hop__96414_159054 em=0 f1=0.86 n_ops=19 err=False final=The小说 of the same name by Robert Ludlum
[635/2417  26.3% elapsed=11m43s eta=32m52s] id=2hop__10620_49084 em=1 f1=1.00 n_ops=19 err=False final=Liam Garrigan
[636/2417  26.3% elapsed=11m45s eta=32m54s] id=2hop__532383_768138 em=0 f1=0.00 n_ops=19 err=False final=Unknown
[637/2417  26.4% elapsed=11m47s eta=32m55s] id=2hop__96410_159054 em=0 f1=0.00 n_ops=19 err=False final=The Bourne Betrayal
[638/2417  26.4% elapsed=11m47s eta=32m52s] id=2hop__82713_84616 em=0 f1=0.00 n_ops=19 err=False final=Julie Andrews
[639/2417  26.4% elapsed=11m49s eta=32m51s] id=2hop__840174_78851 em=0 f1=0.00 n_ops=19 err=False final=Chicago Bulls
[640/2417  26.5% elapsed=11m49s eta=32m48s] id=2hop__81825_49084 em=1 f1=1.00 n_ops=19 err=False final=Liam Garrigan
[641/2417  26.5% elapsed=11m49s eta=32m44s] id=2hop__96411_47902 em=1 f1=1.00 n_ops=19 err=False final=Matt Damon
[642/2417  26.6% elapsed=11m49s eta=32m41s] id=2hop__683203_72813 em=0 f1=0.00 n_ops=19 err=False final=Bobby Brown
[643/2417  26.6% elapsed=11m51s eta=32m42s] id=2hop__14078_49084 em=1 f1=1.00 n_ops=19 err=False final=Liam Garrigan
[644/2417  26.6% elapsed=11m52s eta=32m41s] id=2hop__10620_79092 em=0 f1=0.00 n_ops=19 err=False final=1781-1782
[645/2417  26.7% elapsed=11m55s eta=32m46s] id=2hop__820739_250752 em=0 f1=0.00 n_ops=19 err=False final=Unknown
[646/2417  26.7% elapsed=11m56s eta=32m42s] id=2hop__612719_6455 em=1 f1=1.00 n_ops=19 err=False final=Firefox
[647/2417  26.8% elapsed=11m57s eta=32m41s] id=2hop__96410_47902 em=1 f1=1.00 n_ops=19 err=False final=Matt Damon
[648/2417  26.8% elapsed=11m57s eta=32m38s] id=2hop__141456_6455 em=1 f1=1.00 n_ops=19 err=False final=Firefox
[649/2417  26.9% elapsed=12m03s eta=32m49s] id=2hop__816977_6455 em=1 f1=1.00 n_ops=19 err=False final=Firefox
[650/2417  26.9% elapsed=12m06s eta=32m53s] id=2hop__829474_123956 em=0 f1=0.00 n_ops=19 err=False final=July 6, 1983
[651/2417  26.9% elapsed=12m07s eta=32m52s] id=2hop__544760_35739 em=1 f1=1.00 n_ops=19 err=False final=September 2013
[652/2417  27.0% elapsed=12m07s eta=32m48s] id=2hop__58168_1783 em=1 f1=1.00 n_ops=19 err=False final=Fiorello La Guardia
[653/2417  27.0% elapsed=12m08s eta=32m47s] id=2hop__158275_35739 em=0 f1=0.80 n_ops=19 err=False final=September 12, 2013
[654/2417  27.1% elapsed=12m09s eta=32m44s] id=2hop__765180_123956 em=1 f1=1.00 n_ops=19 err=False final=15 February 1942
[655/2417  27.1% elapsed=12m09s eta=32m41s] id=2hop__242753_658778 em=1 f1=1.00 n_ops=19 err=False final=Vienna Secession
[656/2417  27.1% elapsed=12m10s eta=32m39s] id=2hop__2299_1783 em=1 f1=1.00 n_ops=19 err=False final=Fiorello La Guardia
[657/2417  27.2% elapsed=12m10s eta=32m36s] id=2hop__520033_123956 em=0 f1=0.00 n_ops=19 err=False final=4 January 1963
[658/2417  27.2% elapsed=12m13s eta=32m39s] id=2hop__2299_38663 em=0 f1=0.00 n_ops=19 err=False final=22.61%
[659/2417  27.3% elapsed=12m13s eta=32m36s] id=2hop__748615_123956 em=0 f1=0.00 n_ops=19 err=False final=6 November 1955
[660/2417  27.3% elapsed=12m14s eta=32m33s] id=2hop__81379_84616 em=0 f1=0.00 n_ops=19 err=False final=None
[661/2417  27.3% elapsed=12m15s eta=32m32s] id=2hop__486392_35739 em=0 f1=0.00 n_ops=19 err=False final=August 15, 2012
[662/2417  27.4% elapsed=12m16s eta=32m32s] id=2hop__829358_754719 em=0 f1=0.67 n_ops=19 err=False final=State of Minas Gerais
[663/2417  27.4% elapsed=12m19s eta=32m34s] id=2hop__58168_38663 em=0 f1=0.00 n_ops=19 err=False final=22.61%
[664/2417  27.5% elapsed=12m20s eta=32m35s] id=2hop__61714_52026 em=0 f1=0.67 n_ops=19 err=False final=Niagara Falls
[665/2417  27.5% elapsed=12m21s eta=32m32s] id=2hop__61714_80069 em=0 f1=0.80 n_ops=19 err=False final=Fourth season
[666/2417  27.6% elapsed=12m22s eta=32m31s] id=2hop__22885_36240 em=1 f1=1.00 n_ops=19 err=False final=Genesis 3:15
[667/2417  27.6% elapsed=12m22s eta=32m27s] id=2hop__61714_42553 em=0 f1=0.00 n_ops=19 err=False final=Niagara Falls
[668/2417  27.6% elapsed=12m22s eta=32m24s] id=2hop__96411_159054 em=0 f1=0.17 n_ops=19 err=False final=co-writers of The Bourne Legacy
[669/2417  27.7% elapsed=12m23s eta=32m20s] id=2hop__61714_89309 em=1 f1=1.00 n_ops=19 err=False final=October 8, 2009
[670/2417  27.7% elapsed=12m23s eta=32m18s] id=2hop__61714_53995 em=0 f1=0.00 n_ops=19 err=False final=Season 6
[671/2417  27.8% elapsed=12m23s eta=32m14s] id=2hop__22885_160040 em=0 f1=0.00 n_ops=19 err=False final=Isaac ben Abraham
[672/2417  27.8% elapsed=12m24s eta=32m12s] id=2hop__135993_160249 em=1 f1=1.00 n_ops=19 err=False final=323–272 BC
[673/2417  27.8% elapsed=12m24s eta=32m09s] id=2hop__37656_160040 em=0 f1=0.00 n_ops=19 err=False final=Sébastien Fath
[674/2417  27.9% elapsed=12m26s eta=32m09s] id=2hop__265989_531490 em=1 f1=1.00 n_ops=19 err=False final=Jane Greer
[675/2417  27.9% elapsed=12m28s eta=32m09s] id=2hop__808562_72813 em=0 f1=0.00 n_ops=19 err=False final=Bobby Brown
[676/2417  28.0% elapsed=12m30s eta=32m11s] id=2hop__61714_64633 em=1 f1=1.00 n_ops=19 err=False final=The Negotiation
[677/2417  28.0% elapsed=12m39s eta=32m30s] id=2hop__323534_810083 em=0 f1=0.67 n_ops=19 err=False final=Scranton, Pennsylvania, United States
[678/2417  28.1% elapsed=12m39s eta=32m27s] id=2hop__6750_6733 em=0 f1=0.00 n_ops=19 err=False final=Central Catalan
[679/2417  28.1% elapsed=12m41s eta=32m27s] id=2hop__123145_80420 em=1 f1=1.00 n_ops=19 err=False final=James Howard Meredith
[680/2417  28.1% elapsed=12m41s eta=32m24s] id=2hop__136067_160249 em=0 f1=0.29 n_ops=19 err=False final=280 BC–279 BC
[681/2417  28.2% elapsed=12m41s eta=32m20s] id=2hop__32887_578772 em=0 f1=0.00 n_ops=19 err=False final=Tang dynasty
[682/2417  28.2% elapsed=12m41s eta=32m16s] id=2hop__34595_160249 em=0 f1=0.33 n_ops=19 err=False final=280–275 BC
[683/2417  28.3% elapsed=12m42s eta=32m14s] id=2hop__846921_160249 em=0 f1=0.25 n_ops=19 err=False final=280 BC and 279 BC
[684/2417  28.3% elapsed=12m43s eta=32m13s] id=2hop__215896_460425 em=0 f1=0.67 n_ops=19 err=False final=Fort Lee, New Jersey
[685/2417  28.3% elapsed=12m47s eta=32m20s] id=2hop__32887_235620 em=0 f1=0.00 n_ops=19 err=False final=Empress He
[686/2417  28.4% elapsed=12m47s eta=32m16s] id=2hop__34594_160249 em=0 f1=0.57 n_ops=19 err=False final=275 BC–272 BC
[687/2417  28.4% elapsed=12m48s eta=32m14s] id=2hop__223655_463572 em=0 f1=0.50 n_ops=19 err=False final=Jasmine Records
[688/2417  28.5% elapsed=12m48s eta=32m11s] id=2hop__557284_160249 em=0 f1=0.00 n_ops=19 err=False final=1759
[689/2417  28.5% elapsed=12m48s eta=32m07s] id=2hop__80673_510545 em=0 f1=0.00 n_ops=19 err=False final=Unknown
[690/2417  28.5% elapsed=12m53s eta=32m15s] id=2hop__752214_639679 em=0 f1=0.00 n_ops=19 err=False final=Unknown
[691/2417  28.6% elapsed=12m56s eta=32m18s] id=2hop__442175_56873 em=0 f1=0.50 n_ops=19 err=False final=1959
[692/2417  28.6% elapsed=12m56s eta=32m15s] id=2hop__44590_510545 em=0 f1=0.00 n_ops=19 err=False final=Not mentioned
[693/2417  28.7% elapsed=12m58s eta=32m15s] id=2hop__95673_121319 em=0 f1=0.00 n_ops=19 err=False final=Not provided
[694/2417  28.7% elapsed=12m58s eta=32m12s] id=2hop__29893_29898 em=0 f1=0.67 n_ops=19 err=False final=CFJC-TV
[695/2417  28.8% elapsed=12m58s eta=32m09s] id=2hop__50432_56873 em=0 f1=0.50 n_ops=19 err=False final=1959
[696/2417  28.8% elapsed=13m00s eta=32m08s] id=2hop__29893_29905 em=0 f1=0.00 n_ops=19 err=False final=27
[697/2417  28.8% elapsed=13m05s eta=32m16s] id=2hop__249867_557232 em=0 f1=0.00 n_ops=19 err=False final=United States
[698/2417  28.9% elapsed=13m06s eta=32m17s] id=2hop__806869_56873 em=0 f1=0.50 n_ops=19 err=False final=1959
[699/2417  28.9% elapsed=13m07s eta=32m13s] id=2hop__96177_121319 em=0 f1=0.00 n_ops=19 err=False final=Townsend Harris High School
[700/2417  29.0% elapsed=13m08s eta=32m12s] id=2hop__80860_510545 em=0 f1=0.00 n_ops=19 err=False final=Monique Fennoy
[701/2417  29.0% elapsed=13m08s eta=32m10s] id=2hop__337223_56873 em=0 f1=0.50 n_ops=19 err=False final=1959
[702/2417  29.0% elapsed=13m09s eta=32m08s] id=2hop__327688_56873 em=0 f1=0.50 n_ops=19 err=False final=1959
[703/2417  29.1% elapsed=13m09s eta=32m05s] id=2hop__373544_66723 em=1 f1=1.00 n_ops=19 err=False final=James Howard Meredith
[704/2417  29.1% elapsed=13m10s eta=32m01s] id=2hop__96137_121319 em=1 f1=1.00 n_ops=19 err=False final=City College of New York
[705/2417  29.2% elapsed=13m10s eta=31m58s] id=2hop__96137_62765 em=1 f1=1.00 n_ops=19 err=False final=Dathan
[706/2417  29.2% elapsed=13m12s eta=31m58s] id=2hop__92900_512508 em=0 f1=0.00 n_ops=19 err=False final=Tube Alloys
[707/2417  29.3% elapsed=13m12s eta=31m55s] id=2hop__216959_204037 em=1 f1=1.00 n_ops=19 err=False final=Daniel Darc
[708/2417  29.3% elapsed=13m12s eta=31m53s] id=2hop__85993_512508 em=0 f1=0.00 n_ops=19 err=False final=Tube Alloys
[709/2417  29.3% elapsed=13m14s eta=31m53s] id=2hop__629030_56873 em=0 f1=0.50 n_ops=19 err=False final=1959
[710/2417  29.4% elapsed=13m15s eta=31m51s] id=2hop__122565_37168 em=1 f1=1.00 n_ops=19 err=False final=551-600
[711/2417  29.4% elapsed=13m17s eta=31m53s] id=2hop__96414_47902 em=1 f1=1.00 n_ops=19 err=False final=Matt Damon
[712/2417  29.5% elapsed=13m19s eta=31m53s] id=2hop__95673_62765 em=0 f1=0.00 n_ops=19 err=False final=Edward G. Robinson
[713/2417  29.5% elapsed=13m19s eta=31m51s] id=2hop__60001_512508 em=0 f1=0.00 n_ops=19 err=False final=Tube Alloys
[714/2417  29.5% elapsed=13m20s eta=31m47s] id=2hop__68322_510545 em=1 f1=1.00 n_ops=19 err=False final=Jennifer Connelly
[715/2417  29.6% elapsed=13m20s eta=31m44s] id=2hop__96177_62765 em=0 f1=0.00 n_ops=19 err=False final=Edward G. Robinson
[716/2417  29.6% elapsed=13m21s eta=31m42s] id=2hop__73719_510545 em=0 f1=0.00 n_ops=19 err=False final=N/A
[717/2417  29.7% elapsed=13m23s eta=31m44s] id=2hop__6736_6733 em=0 f1=0.00 n_ops=19 err=False final=Somalia
[718/2417  29.7% elapsed=13m24s eta=31m43s] id=2hop__815205_590407 em=0 f1=0.00 n_ops=19 err=False final=Washington, D.C.
[719/2417  29.7% elapsed=13m24s eta=31m39s] id=2hop__90773_715759 em=1 f1=1.00 n_ops=19 err=False final=Manhattan Project
[720/2417  29.8% elapsed=13m24s eta=31m36s] id=2hop__75781_512508 em=0 f1=0.00 n_ops=19 err=False final=Tube Alloys
[721/2417  29.8% elapsed=13m26s eta=31m35s] id=2hop__121386_37168 em=1 f1=1.00 n_ops=19 err=False final=551-600
[722/2417  29.9% elapsed=13m26s eta=31m32s] id=2hop__59133_512508 em=0 f1=0.00 n_ops=19 err=False final=Tube Alloys
[723/2417  29.9% elapsed=13m27s eta=31m31s] id=2hop__122140_37168 em=1 f1=1.00 n_ops=19 err=False final=551-600
[724/2417  30.0% elapsed=13m30s eta=31m33s] id=2hop__72487_510545 em=0 f1=0.00 n_ops=19 err=False final=Christel Khalil
[725/2417  30.0% elapsed=13m32s eta=31m34s] id=2hop__703767_37168 em=1 f1=1.00 n_ops=19 err=False final=551-600
[726/2417  30.0% elapsed=13m32s eta=31m31s] id=2hop__403580_37168 em=1 f1=1.00 n_ops=19 err=False final=551-600
[727/2417  30.1% elapsed=13m37s eta=31m39s] id=2hop__41158_35123 em=0 f1=0.50 n_ops=19 err=False final=981–1037
[728/2417  30.1% elapsed=13m37s eta=31m36s] id=2hop__41158_35124 em=1 f1=1.00 n_ops=19 err=False final=450
[729/2417  30.2% elapsed=13m38s eta=31m33s] id=2hop__23459_35123 em=1 f1=1.00 n_ops=19 err=False final=980–1037
[730/2417  30.2% elapsed=13m39s eta=31m33s] id=2hop__23459_35124 em=1 f1=1.00 n_ops=19 err=False final=450
[731/2417  30.2% elapsed=13m40s eta=31m32s] id=2hop__159816_37168 em=1 f1=1.00 n_ops=19 err=False final=551-600
[732/2417  30.3% elapsed=13m40s eta=31m28s] id=2hop__263638_69048 em=0 f1=0.00 n_ops=19 err=False final=Adama Lamikanra
[733/2417  30.3% elapsed=13m41s eta=31m26s] id=2hop__204493_69048 em=0 f1=0.00 n_ops=19 err=False final=Rosaline Bozimo
[734/2417  30.4% elapsed=13m41s eta=31m22s] id=2hop__122651_141338 em=1 f1=1.00 n_ops=19 err=False final=City University of New York
[735/2417  30.4% elapsed=13m42s eta=31m20s] id=2hop__862994_69048 em=0 f1=0.00 n_ops=19 err=False final=Rosaline Bozimo
[736/2417  30.5% elapsed=13m43s eta=31m19s] id=2hop__23459_22946 em=1 f1=1.00 n_ops=19 err=False final=George Sarton
[737/2417  30.5% elapsed=13m44s eta=31m19s] id=2hop__835171_141338 em=1 f1=1.00 n_ops=19 err=False final=City University of New York
[738/2417  30.5% elapsed=13m45s eta=31m17s] id=2hop__333020_69048 em=0 f1=0.00 n_ops=19 err=False final=Rosaline Bozimo
[739/2417  30.6% elapsed=13m47s eta=31m17s] id=2hop__562154_69048 em=0 f1=0.00 n_ops=19 err=False final=Rosaline Bozimo
[740/2417  30.6% elapsed=13m47s eta=31m13s] id=2hop__216256_141338 em=1 f1=1.00 n_ops=19 err=False final=City University of New York
[741/2417  30.7% elapsed=13m48s eta=31m12s] id=2hop__699172_141338 em=1 f1=1.00 n_ops=19 err=False final=City University of New York
[742/2417  30.7% elapsed=13m48s eta=31m09s] id=2hop__462179_643013 em=0 f1=0.00 n_ops=19 err=False final=Przemków Landscape Park
[743/2417  30.7% elapsed=13m48s eta=31m06s] id=2hop__491195_265959 em=0 f1=0.00 n_ops=19 err=False final=Britta Holmberg
[744/2417  30.8% elapsed=13m49s eta=31m04s] id=2hop__635185_141338 em=1 f1=1.00 n_ops=19 err=False final=City University of New York
[745/2417  30.8% elapsed=13m50s eta=31m02s] id=2hop__686395_141338 em=1 f1=1.00 n_ops=19 err=False final=City University of New York
[746/2417  30.9% elapsed=13m50s eta=30m59s] id=2hop__41158_22946 em=1 f1=1.00 n_ops=19 err=False final=George Sarton
[747/2417  30.9% elapsed=13m51s eta=30m58s] id=2hop__226204_69048 em=0 f1=0.00 n_ops=19 err=False final=Rosaline Patricia Irorefe Bozimo
[748/2417  30.9% elapsed=13m54s eta=31m01s] id=2hop__768312_814677 em=1 f1=1.00 n_ops=19 err=False final=ancient Egyptian religion
[749/2417  31.0% elapsed=13m58s eta=31m07s] id=2hop__37656_36240 em=0 f1=0.00 n_ops=19 err=False final=Five solae
[750/2417  31.0% elapsed=14m01s eta=31m10s] id=2hop__770487_494646 em=1 f1=1.00 n_ops=19 err=False final=Mono County
[751/2417  31.1% elapsed=14m03s eta=31m10s] id=2hop__315267_277284 em=0 f1=0.00 n_ops=19 err=False final=England
[752/2417  31.1% elapsed=14m07s eta=31m16s] id=2hop__388523_75487 em=1 f1=1.00 n_ops=19 err=False final=Andrew Scheer
[753/2417  31.2% elapsed=14m08s eta=31m15s] id=2hop__58691_192417 em=0 f1=0.50 n_ops=19 err=False final=National Football League
[754/2417  31.2% elapsed=14m08s eta=31m11s] id=2hop__95172_152907 em=1 f1=1.00 n_ops=19 err=False final=Tunis
[755/2417  31.2% elapsed=14m08s eta=31m08s] id=2hop__95970_152907 em=1 f1=1.00 n_ops=19 err=False final=Tunis
[756/2417  31.3% elapsed=14m09s eta=31m06s] id=2hop__147212_60904 em=1 f1=1.00 n_ops=19 err=False final=Jack Michel
[757/2417  31.3% elapsed=14m10s eta=31m04s] id=2hop__6956_192417 em=1 f1=1.00 n_ops=19 err=False final=sports league
[758/2417  31.4% elapsed=14m10s eta=31m01s] id=2hop__6735_6733 em=0 f1=0.00 n_ops=19 err=False final=Central Catalan
[759/2417  31.4% elapsed=14m11s eta=30m59s] id=2hop__22431_16335 em=0 f1=0.00 n_ops=15 err=True final=
[760/2417  31.4% elapsed=14m11s eta=30m56s] id=2hop__227791_75487 em=1 f1=1.00 n_ops=19 err=False final=Andrew Scheer
[761/2417  31.5% elapsed=14m11s eta=30m52s] id=2hop__779424_75487 em=1 f1=1.00 n_ops=19 err=False final=Andrew Scheer
[762/2417  31.5% elapsed=14m12s eta=30m51s] id=2hop__631139_75487 em=1 f1=1.00 n_ops=19 err=False final=Andrew Scheer
[763/2417  31.6% elapsed=14m13s eta=30m49s] id=2hop__611538_152907 em=1 f1=1.00 n_ops=19 err=False final=Tunis
[764/2417  31.6% elapsed=14m13s eta=30m46s] id=2hop__77134_88165 em=1 f1=1.00 n_ops=19 err=False final=Keturah
[765/2417  31.7% elapsed=14m14s eta=30m45s] id=2hop__95970_456836 em=1 f1=1.00 n_ops=19 err=False final=La Goulette
[766/2417  31.7% elapsed=14m17s eta=30m47s] id=2hop__468778_88165 em=1 f1=1.00 n_ops=19 err=False final=Keturah
[767/2417  31.7% elapsed=14m17s eta=30m44s] id=2hop__21104_16254 em=0 f1=0.67 n_ops=19 err=False final=92%
[768/2417  31.8% elapsed=14m18s eta=30m42s] id=2hop__351275_75487 em=0 f1=0.00 n_ops=19 err=False final=Stephen Harper
[769/2417  31.8% elapsed=14m20s eta=30m43s] id=2hop__85325_88165 em=1 f1=1.00 n_ops=19 err=False final=Keturah
[770/2417  31.9% elapsed=14m21s eta=30m41s] id=2hop__846415_88165 em=1 f1=1.00 n_ops=19 err=False final=Keturah
[771/2417  31.9% elapsed=14m21s eta=30m39s] id=2hop__310112_88165 em=0 f1=0.00 n_ops=19 err=False final=Joshua Collins
[772/2417  31.9% elapsed=14m22s eta=30m37s] id=2hop__6870_16335 em=0 f1=0.00 n_ops=15 err=True final=
[773/2417  32.0% elapsed=14m22s eta=30m34s] id=2hop__502852_75487 em=0 f1=0.00 n_ops=19 err=False final=Stephen Harper
[774/2417  32.0% elapsed=14m24s eta=30m34s] id=2hop__21103_16334 em=0 f1=0.00 n_ops=15 err=True final=
[775/2417  32.1% elapsed=14m24s eta=30m31s] id=2hop__73069_88165 em=1 f1=1.00 n_ops=19 err=False final=Keturah
[776/2417  32.1% elapsed=14m24s eta=30m28s] id=2hop__21103_16254 em=0 f1=0.67 n_ops=19 err=False final=92
[777/2417  32.1% elapsed=14m25s eta=30m26s] id=2hop__21103_16335 em=0 f1=0.00 n_ops=15 err=True final=
[778/2417  32.2% elapsed=14m28s eta=30m28s] id=2hop__575282_114648 em=1 f1=1.00 n_ops=19 err=False final=1583
[779/2417  32.2% elapsed=14m31s eta=30m31s] id=2hop__21104_16335 em=0 f1=0.33 n_ops=19 err=False final=intermarriage and conversions
[780/2417  32.3% elapsed=14m31s eta=30m28s] id=2hop__96194_78303 em=0 f1=0.40 n_ops=19 err=False final=Alex Cahill-Walker
[781/2417  32.3% elapsed=14m32s eta=30m27s] id=2hop__21104_16334 em=1 f1=1.00 n_ops=19 err=False final=modern-day Italians
[782/2417  32.4% elapsed=14m33s eta=30m25s] id=2hop__108336_772156 em=0 f1=0.00 n_ops=19 err=False final=Unknown
[783/2417  32.4% elapsed=14m33s eta=30m22s] id=2hop__159903_154896 em=0 f1=0.50 n_ops=19 err=False final=2009
[784/2417  32.4% elapsed=14m36s eta=30m25s] id=2hop__691639_154896 em=0 f1=0.50 n_ops=19 err=False final=2009
[785/2417  32.5% elapsed=14m38s eta=30m25s] id=2hop__268084_78303 em=0 f1=0.00 n_ops=19 err=False final=Chuck Norris
[786/2417  32.5% elapsed=14m38s eta=30m22s] id=2hop__159903_419949 em=0 f1=0.00 n_ops=19 err=False final=Brazzaville
[787/2417  32.6% elapsed=14m39s eta=30m20s] id=2hop__389778_78303 em=0 f1=0.00 n_ops=19 err=False final=Chuck Norris
[788/2417  32.6% elapsed=14m41s eta=30m21s] id=2hop__684287_78303 em=0 f1=0.00 n_ops=19 err=False final=Unknown
[789/2417  32.6% elapsed=14m42s eta=30m19s] id=2hop__131951_643670 em=0 f1=0.00 n_ops=19 err=False final=North Sea
[790/2417  32.7% elapsed=14m42s eta=30m16s] id=2hop__157376_643670 em=0 f1=0.00 n_ops=19 err=False final=Nieuwe Maas
[791/2417  32.7% elapsed=14m42s eta=30m13s] id=2hop__748182_78303 em=0 f1=0.00 n_ops=19 err=False final=Wayne Dehart
[792/2417  32.8% elapsed=14m44s eta=30m14s] id=2hop__131818_161450 em=0 f1=0.00 n_ops=19 err=False final=Aqqala County
[793/2417  32.8% elapsed=14m44s eta=30m11s] id=2hop__607517_161450 em=0 f1=0.00 n_ops=19 err=False final=Golestan Province
[794/2417  32.9% elapsed=14m47s eta=30m14s] id=2hop__307218_161450 em=0 f1=0.36 n_ops=19 err=False final=north-east
[795/2417  32.9% elapsed=14m47s eta=30m10s] id=2hop__525581_161450 em=0 f1=0.00 n_ops=19 err=False final=Golestan Province
[796/2417  32.9% elapsed=14m48s eta=30m08s] id=2hop__391258_161450 em=0 f1=0.00 n_ops=19 err=False final=Golestan Province
[797/2417  33.0% elapsed=14m49s eta=30m07s] id=2hop__582045_161450 em=0 f1=0.00 n_ops=19 err=False final=Golestan Province
[798/2417  33.0% elapsed=14m52s eta=30m10s] id=2hop__13353_17738 em=1 f1=1.00 n_ops=19 err=False final=French Flanders
[799/2417  33.1% elapsed=14m52s eta=30m07s] id=2hop__519160_78303 em=0 f1=0.00 n_ops=19 err=False final=Nelson Cheung
[800/2417  33.1% elapsed=14m53s eta=30m05s] id=2hop__283_574195 em=0 f1=0.00 n_ops=19 err=False final=Princeton, New Jersey
[801/2417  33.1% elapsed=14m54s eta=30m03s] id=2hop__64537_482364 em=0 f1=0.00 n_ops=19 err=False final=Peter Griffin
[802/2417  33.2% elapsed=14m57s eta=30m07s] id=2hop__95172_456836 em=0 f1=0.00 n_ops=19 err=False final=Unknown
[803/2417  33.2% elapsed=15m01s eta=30m12s] id=2hop__84439_482364 em=0 f1=0.00 n_ops=19 err=False final=Pelias
[804/2417  33.3% elapsed=15m02s eta=30m10s] id=2hop__286_574195 em=0 f1=0.00 n_ops=19 err=False final=unknown
[805/2417  33.3% elapsed=15m05s eta=30m12s] id=2hop__93230_319887 em=0 f1=0.40 n_ops=19 err=False final=National Institute on Drug Abuse
[806/2417  33.3% elapsed=15m06s eta=30m11s] id=2hop__47712_25719 em=0 f1=0.00 n_ops=15 err=True final=
[807/2417  33.4% elapsed=15m07s eta=30m10s] id=2hop__16267_25719 em=0 f1=0.00 n_ops=15 err=True final=
[808/2417  33.4% elapsed=15m08s eta=30m08s] id=2hop__682872_516436 em=0 f1=0.00 n_ops=19 err=False final=Theoretical physics
[809/2417  33.5% elapsed=15m08s eta=30m06s] id=2hop__603598_25719 em=0 f1=0.00 n_ops=19 err=False final=410
[810/2417  33.5% elapsed=15m11s eta=30m07s] id=2hop__575797_91104 em=1 f1=1.00 n_ops=19 err=False final=ATS-6
[811/2417  33.6% elapsed=15m12s eta=30m05s] id=2hop__822113_91104 em=1 f1=1.00 n_ops=19 err=False final=ATS-6
[812/2417  33.6% elapsed=15m12s eta=30m02s] id=2hop__52283_75184 em=1 f1=1.00 n_ops=19 err=False final=Claudia Wells
[813/2417  33.6% elapsed=15m13s eta=30m02s] id=2hop__386236_350892 em=0 f1=0.00 n_ops=19 err=False final=London
[814/2417  33.7% elapsed=15m14s eta=30m00s] id=2hop__560534_91104 em=0 f1=0.00 n_ops=19 err=False final=PSLV
[815/2417  33.7% elapsed=15m14s eta=29m57s] id=2hop__835914_91104 em=1 f1=1.00 n_ops=19 err=False final=ATS-6
[816/2417  33.8% elapsed=15m15s eta=29m54s] id=2hop__51074_75184 em=1 f1=1.00 n_ops=19 err=False final=Claudia Wells
[817/2417  33.8% elapsed=15m15s eta=29m52s] id=2hop__48481_319887 em=0 f1=0.25 n_ops=19 err=False final=University of Michigan
[818/2417  33.8% elapsed=15m16s eta=29m50s] id=2hop__329591_91104 em=1 f1=1.00 n_ops=19 err=False final=ATS-6
[819/2417  33.9% elapsed=15m17s eta=29m50s] id=2hop__80546_75184 em=0 f1=0.00 n_ops=19 err=False final=Elisabeth Shue
[820/2417  33.9% elapsed=15m21s eta=29m53s] id=2hop__818302_25719 em=0 f1=0.00 n_ops=15 err=True final=
[821/2417  34.0% elapsed=15m27s eta=30m03s] id=2hop__74084_75184 em=0 f1=0.00 n_ops=19 err=False final=Sally Field
[822/2417  34.0% elapsed=15m27s eta=30m00s] id=2hop__826864_17335 em=1 f1=1.00 n_ops=19 err=False final=323 BC
[823/2417  34.1% elapsed=15m28s eta=29m58s] id=2hop__35173_17335 em=0 f1=0.00 n_ops=19 err=False final=unknown
[824/2417  34.1% elapsed=15m28s eta=29m55s] id=2hop__171254_383727 em=0 f1=0.80 n_ops=19 err=False final=Sir Geoffrey Boleyn
[825/2417  34.1% elapsed=15m29s eta=29m53s] id=2hop__17508_17335 em=0 f1=0.57 n_ops=19 err=False final=323 BC to 31 BC
[826/2417  34.2% elapsed=15m30s eta=29m51s] id=2hop__576118_25719 em=0 f1=0.00 n_ops=15 err=True final=
[827/2417  34.2% elapsed=15m31s eta=29m51s] id=2hop__39231_17335 em=0 f1=0.00 n_ops=19 err=False final=26 December 1981
[828/2417  34.3% elapsed=15m33s eta=29m51s] id=2hop__82910_75184 em=0 f1=0.00 n_ops=19 err=False final=Kristin Nelson
[829/2417  34.3% elapsed=15m36s eta=29m53s] id=2hop__123148_5385 em=0 f1=0.00 n_ops=19 err=False final=Unknown
[830/2417  34.3% elapsed=15m36s eta=29m50s] id=2hop__35137_22896 em=0 f1=0.00 n_ops=19 err=False final=Balkh
[831/2417  34.4% elapsed=15m36s eta=29m47s] id=2hop__658472_5385 em=0 f1=0.00 n_ops=19 err=False final=11900
[832/2417  34.4% elapsed=15m37s eta=29m45s] id=2hop__178922_5385 em=0 f1=0.00 n_ops=19 err=False final=Unknown
[833/2417  34.5% elapsed=15m37s eta=29m41s] id=2hop__494659_5385 em=0 f1=0.00 n_ops=19 err=False final=Unknown
[834/2417  34.5% elapsed=15m37s eta=29m38s] id=2hop__87953_17335 em=0 f1=0.00 n_ops=19 err=False final=Unknown
[835/2417  34.5% elapsed=15m37s eta=29m36s] id=2hop__274529_5385 em=0 f1=0.00 n_ops=19 err=False final=Not enough information
[836/2417  34.6% elapsed=15m38s eta=29m34s] id=2hop__123509_5385 em=0 f1=0.00 n_ops=19 err=False final=Unknown
[837/2417  34.6% elapsed=15m39s eta=29m32s] id=2hop__857493_17335 em=1 f1=1.00 n_ops=19 err=False final=323 BC
[838/2417  34.7% elapsed=15m39s eta=29m29s] id=2hop__646493_5385 em=0 f1=0.00 n_ops=19 err=False final=11900
[839/2417  34.7% elapsed=15m44s eta=29m35s] id=2hop__35209_17335 em=0 f1=0.50 n_ops=19 err=False final=334 BC
[840/2417  34.8% elapsed=15m46s eta=29m35s] id=2hop__35137_22901 em=0 f1=0.67 n_ops=19 err=False final=Sunni Hanafi
[841/2417  34.8% elapsed=15m50s eta=29m41s] id=2hop__71016_75184 em=1 f1=1.00 n_ops=19 err=False final=Claudia Wells
[842/2417  34.8% elapsed=15m51s eta=29m39s] id=2hop__623931_656446 em=1 f1=1.00 n_ops=19 err=False final=John Alderton
[843/2417  34.9% elapsed=15m51s eta=29m36s] id=2hop__35137_22899 em=0 f1=0.00 n_ops=19 err=False final=10
[844/2417  34.9% elapsed=15m53s eta=29m36s] id=2hop__35137_22932 em=0 f1=0.00 n_ops=19 err=False final=Theological interpretation
[845/2417  35.0% elapsed=15m54s eta=29m34s] id=2hop__35137_22943 em=0 f1=0.00 n_ops=19 err=False final=Neptune
[846/2417  35.0% elapsed=15m56s eta=29m35s] id=2hop__780238_110949 em=1 f1=1.00 n_ops=19 err=False final=11 September 1962
[847/2417  35.0% elapsed=15m56s eta=29m32s] id=2hop__89460_75184 em=0 f1=0.00 n_ops=19 err=False final=Elisabeth Shue
[848/2417  35.1% elapsed=15m56s eta=29m30s] id=2hop__685930_110949 em=1 f1=1.00 n_ops=19 err=False final=11 September 1962
[849/2417  35.1% elapsed=15m58s eta=29m30s] id=2hop__635544_110949 em=1 f1=1.00 n_ops=19 err=False final=11 September 1962
[850/2417  35.2% elapsed=16m00s eta=29m30s] id=2hop__861047_110949 em=1 f1=1.00 n_ops=19 err=False final=11 September 1962
[851/2417  35.2% elapsed=16m00s eta=29m27s] id=2hop__44652_165532 em=0 f1=0.00 n_ops=19 err=False final=Unknown
[852/2417  35.3% elapsed=16m01s eta=29m26s] id=2hop__6827_86319 em=1 f1=1.00 n_ops=19 err=False final=Brian Thomas Moynihan
[853/2417  35.3% elapsed=16m01s eta=29m23s] id=2hop__655505_110949 em=1 f1=1.00 n_ops=19 err=False final=11 September 1962
[854/2417  35.3% elapsed=16m02s eta=29m20s] id=2hop__35137_22940 em=1 f1=1.00 n_ops=19 err=False final=Kitab al-shifa
[855/2417  35.4% elapsed=16m03s eta=29m19s] id=2hop__51965_165532 em=0 f1=0.00 n_ops=19 err=False final=N/A
[856/2417  35.4% elapsed=16m03s eta=29m17s] id=2hop__95687_2684 em=1 f1=1.00 n_ops=19 err=False final=Donda West Law
[857/2417  35.5% elapsed=16m05s eta=29m16s] id=2hop__423045_570226 em=1 f1=1.00 n_ops=19 err=False final=Danzhou
[858/2417  35.5% elapsed=16m05s eta=29m13s] id=2hop__450608_373421 em=0 f1=0.00 n_ops=19 err=False final=Vilnius County
[859/2417  35.5% elapsed=16m06s eta=29m12s] id=2hop__398344_54166 em=0 f1=0.00 n_ops=19 err=False final=4
[860/2417  35.6% elapsed=16m06s eta=29m09s] id=2hop__6827_75783 em=0 f1=0.50 n_ops=19 err=False final=2008
[861/2417  35.6% elapsed=16m07s eta=29m07s] id=2hop__256778_131879 em=1 f1=1.00 n_ops=19 err=False final=River Great Ouse
[862/2417  35.7% elapsed=16m08s eta=29m05s] id=2hop__6827_49664 em=1 f1=1.00 n_ops=19 err=False final=Bank of Italy
[863/2417  35.7% elapsed=16m09s eta=29m05s] id=2hop__547045_131879 em=1 f1=1.00 n_ops=19 err=False final=River Great Ouse
[864/2417  35.7% elapsed=16m11s eta=29m05s] id=2hop__6827_88924 em=1 f1=1.00 n_ops=19 err=False final=Brian Thomas Moynihan
[865/2417  35.8% elapsed=16m11s eta=29m02s] id=2hop__6827_55848 em=0 f1=0.00 n_ops=19 err=False final=1928
[866/2417  35.8% elapsed=16m13s eta=29m03s] id=2hop__695364_513121 em=0 f1=0.50 n_ops=19 err=False final=Richard Ainley
[867/2417  35.9% elapsed=16m13s eta=29m00s] id=2hop__788306_131879 em=0 f1=0.00 n_ops=19 err=False final=Temvik
[868/2417  35.9% elapsed=16m16s eta=29m02s] id=2hop__449673_91104 em=1 f1=1.00 n_ops=19 err=False final=ATS-6
[869/2417  36.0% elapsed=16m20s eta=29m05s] id=2hop__242045_2684 em=1 f1=1.00 n_ops=19 err=False final=Donda West Law
[870/2417  36.0% elapsed=16m21s eta=29m04s] id=2hop__35136_35117 em=1 f1=1.00 n_ops=19 err=False final=1213–1288
[871/2417  36.0% elapsed=16m22s eta=29m04s] id=2hop__6827_79845 em=0 f1=0.00 n_ops=19 err=False final=15900
[872/2417  36.1% elapsed=16m23s eta=29m01s] id=2hop__511296_2684 em=1 f1=1.00 n_ops=19 err=False final=Donda West Law
[873/2417  36.1% elapsed=16m25s eta=29m03s] id=2hop__644898_64046 em=0 f1=0.00 n_ops=19 err=False final=Hugh Bonneville
[874/2417  36.2% elapsed=16m25s eta=29m00s] id=2hop__412633_15781 em=1 f1=1.00 n_ops=19 err=False final=David Hume
[875/2417  36.2% elapsed=16m26s eta=28m58s] id=2hop__807257_590611 em=0 f1=0.00 n_ops=19 err=False final=David Hasselhoff
[876/2417  36.2% elapsed=16m26s eta=28m55s] id=2hop__756620_127399 em=1 f1=1.00 n_ops=19 err=False final=2005
[877/2417  36.3% elapsed=16m26s eta=28m52s] id=2hop__2683_577502 em=1 f1=1.00 n_ops=19 err=False final=Maria Shriver
[878/2417  36.3% elapsed=16m27s eta=28m50s] id=2hop__94629_1110 em=1 f1=1.00 n_ops=19 err=False final=2005
[879/2417  36.4% elapsed=16m27s eta=28m47s] id=2hop__142881_127399 em=1 f1=1.00 n_ops=19 err=False final=2005
[880/2417  36.4% elapsed=16m29s eta=28m47s] id=2hop__347686_127399 em=1 f1=1.00 n_ops=19 err=False final=2005
[881/2417  36.5% elapsed=16m29s eta=28m45s] id=2hop__606439_127399 em=1 f1=1.00 n_ops=19 err=False final=2005
[882/2417  36.5% elapsed=16m34s eta=28m50s] id=2hop__124932_278133 em=0 f1=0.80 n_ops=19 err=False final=Tegh Bahadur
[883/2417  36.5% elapsed=16m34s eta=28m47s] id=2hop__45296_83837 em=1 f1=1.00 n_ops=19 err=False final=Karen Fairchild
[884/2417  36.6% elapsed=16m35s eta=28m45s] id=2hop__409884_83837 em=1 f1=1.00 n_ops=19 err=False final=Karen Fairchild
[885/2417  36.6% elapsed=16m35s eta=28m43s] id=2hop__215124_83837 em=0 f1=0.00 n_ops=19 err=False final=Luke Bryan
[886/2417  36.7% elapsed=16m36s eta=28m41s] id=2hop__61143_165532 em=0 f1=0.00 n_ops=19 err=False final=Larry Smith
[887/2417  36.7% elapsed=16m37s eta=28m39s] id=2hop__735014_83837 em=1 f1=1.00 n_ops=19 err=False final=Karen Fairchild
[888/2417  36.7% elapsed=16m38s eta=28m38s] id=2hop__88372_83837 em=1 f1=1.00 n_ops=19 err=False final=Karen Fairchild
[889/2417  36.8% elapsed=16m39s eta=28m36s] id=2hop__42747_83837 em=1 f1=1.00 n_ops=19 err=False final=Karen Fairchild
[890/2417  36.8% elapsed=16m40s eta=28m35s] id=2hop__461639_83837 em=1 f1=1.00 n_ops=19 err=False final=Karen Fairchild
[891/2417  36.9% elapsed=16m44s eta=28m40s] id=2hop__85931_108632 em=1 f1=1.00 n_ops=19 err=False final=Mario Puzo
[892/2417  36.9% elapsed=16m44s eta=28m37s] id=2hop__166820_52835 em=1 f1=1.00 n_ops=19 err=False final=John D. Loudermilk
[893/2417  36.9% elapsed=16m45s eta=28m35s] id=2hop__689472_52835 em=1 f1=1.00 n_ops=19 err=False final=John D. Loudermilk
[894/2417  37.0% elapsed=16m45s eta=28m32s] id=2hop__81659_52835 em=1 f1=1.00 n_ops=19 err=False final=John D. Loudermilk
[895/2417  37.0% elapsed=16m46s eta=28m31s] id=2hop__747667_52835 em=1 f1=1.00 n_ops=19 err=False final=John D. Loudermilk
[896/2417  37.1% elapsed=16m46s eta=28m29s] id=2hop__203955_25719 em=0 f1=0.00 n_ops=19 err=False final=1995
[897/2417  37.1% elapsed=16m48s eta=28m28s] id=2hop__284789_52835 em=1 f1=1.00 n_ops=19 err=False final=John D. Loudermilk
[898/2417  37.2% elapsed=16m51s eta=28m30s] id=2hop__145288_502838 em=0 f1=0.40 n_ops=19 err=False final=Duncanville, Texas
[899/2417  37.2% elapsed=16m51s eta=28m28s] id=2hop__711639_110949 em=0 f1=0.00 n_ops=19 err=False final=1895-1897
[900/2417  37.2% elapsed=16m54s eta=28m30s] id=2hop__370911_589237 em=1 f1=1.00 n_ops=19 err=False final=Sheila Hancock
[901/2417  37.3% elapsed=16m54s eta=28m27s] id=2hop__31094_31122 em=0 f1=0.00 n_ops=19 err=False final=17th
[902/2417  37.3% elapsed=16m55s eta=28m24s] id=2hop__734582_71302 em=1 f1=1.00 n_ops=19 err=False final=Vito Corleone
[903/2417  37.4% elapsed=16m55s eta=28m22s] id=2hop__525242_52835 em=1 f1=1.00 n_ops=19 err=False final=John D. Loudermilk
[904/2417  37.4% elapsed=16m56s eta=28m20s] id=2hop__545711_52835 em=1 f1=1.00 n_ops=19 err=False final=John D. Loudermilk
[905/2417  37.4% elapsed=16m59s eta=28m22s] id=2hop__20256_71302 em=0 f1=0.00 n_ops=19 err=False final=Robert De Niro
[906/2417  37.5% elapsed=17m00s eta=28m22s] id=2hop__95687_577502 em=1 f1=1.00 n_ops=19 err=False final=Maria Shriver
[907/2417  37.5% elapsed=17m01s eta=28m19s] id=2hop__20256_74481 em=0 f1=0.00 n_ops=19 err=False final=20th Century Fox
[908/2417  37.6% elapsed=17m01s eta=28m17s] id=2hop__2682_577502 em=1 f1=1.00 n_ops=19 err=False final=Maria Shriver
[909/2417  37.6% elapsed=17m01s eta=28m15s] id=2hop__31124_31093 em=1 f1=1.00 n_ops=19 err=False final=Irish
[910/2417  37.6% elapsed=17m03s eta=28m14s] id=2hop__31124_31122 em=1 f1=1.00 n_ops=19 err=False final=18th
[911/2417  37.7% elapsed=17m04s eta=28m13s] id=2hop__61924_712629 em=0 f1=0.29 n_ops=19 err=False final=Prince Philip, Duke of Edinburgh
[912/2417  37.7% elapsed=17m07s eta=28m16s] id=2hop__31091_31122 em=1 f1=1.00 n_ops=19 err=False final=18th
[913/2417  37.8% elapsed=17m09s eta=28m15s] id=2hop__475808_71302 em=0 f1=0.00 n_ops=19 err=False final=Barry Primus
[914/2417  37.8% elapsed=17m09s eta=28m12s] id=2hop__132472_120537 em=0 f1=0.00 n_ops=19 err=False final=1858
[915/2417  37.9% elapsed=17m09s eta=28m10s] id=2hop__132472_684936 em=0 f1=0.00 n_ops=19 err=False final=MBDA
[916/2417  37.9% elapsed=17m11s eta=28m09s] id=2hop__39420_39345 em=1 f1=1.00 n_ops=19 err=False final=2005
[917/2417  37.9% elapsed=17m12s eta=28m09s] id=2hop__135029_712629 em=0 f1=0.00 n_ops=19 err=False final=Prince Edward, Earl of Wessex
[918/2417  38.0% elapsed=17m12s eta=28m06s] id=2hop__132929_684936 em=0 f1=0.00 n_ops=19 err=False final=British Aerospace
[919/2417  38.0% elapsed=17m14s eta=28m06s] id=2hop__797443_120537 em=0 f1=0.50 n_ops=19 err=False final=1999
[920/2417  38.1% elapsed=17m16s eta=28m05s] id=2hop__73760_712629 em=0 f1=0.00 n_ops=19 err=False final=Elizabeth Bowes-Lyon
[921/2417  38.1% elapsed=17m17s eta=28m05s] id=2hop__167577_31122 em=1 f1=1.00 n_ops=19 err=False final=18th
[922/2417  38.1% elapsed=17m18s eta=28m04s] id=2hop__130668_126089 em=1 f1=1.00 n_ops=19 err=False final=Johan Remkes
[923/2417  38.2% elapsed=17m19s eta=28m01s] id=2hop__20268_42014 em=0 f1=0.00 n_ops=19 err=False final=0
[924/2417  38.2% elapsed=17m19s eta=27m59s] id=2hop__498251_126089 em=1 f1=1.00 n_ops=19 err=False final=Johan Remkes
[925/2417  38.3% elapsed=17m20s eta=27m58s] id=2hop__87053_319330 em=1 f1=1.00 n_ops=19 err=False final=Jessie Woodrow Wilson Sayre
[926/2417  38.3% elapsed=17m21s eta=27m56s] id=2hop__132929_120537 em=0 f1=0.50 n_ops=19 err=False final=1999
[927/2417  38.4% elapsed=17m22s eta=27m55s] id=2hop__72660_319330 em=1 f1=1.00 n_ops=19 err=False final=Jessie Woodrow Wilson Sayre
[928/2417  38.4% elapsed=17m23s eta=27m54s] id=2hop__63214_319330 em=1 f1=1.00 n_ops=19 err=False final=Jessie Woodrow Wilson Sayre
[929/2417  38.4% elapsed=17m24s eta=27m53s] id=2hop__25788_25855 em=1 f1=1.00 n_ops=19 err=False final=PowerShare
[930/2417  38.5% elapsed=17m24s eta=27m50s] id=2hop__92716_319330 em=0 f1=0.00 n_ops=19 err=False final=Unknown
[931/2417  38.5% elapsed=17m26s eta=27m49s] id=2hop__538412_126089 em=1 f1=1.00 n_ops=19 err=False final=Johan Remkes
[932/2417  38.6% elapsed=17m26s eta=27m47s] id=2hop__731956_126089 em=1 f1=1.00 n_ops=19 err=False final=Johan Remkes
[933/2417  38.6% elapsed=17m27s eta=27m45s] id=2hop__552607_126089 em=1 f1=1.00 n_ops=19 err=False final=Johan Remkes
[934/2417  38.6% elapsed=17m28s eta=27m45s] id=2hop__639445_567836 em=1 f1=1.00 n_ops=19 err=False final=Adams County
[935/2417  38.7% elapsed=17m31s eta=27m46s] id=2hop__276637_126089 em=0 f1=0.00 n_ops=19 err=False final=North Holland
[936/2417  38.7% elapsed=17m31s eta=27m43s] id=2hop__734582_74481 em=1 f1=1.00 n_ops=19 err=False final=Vito Corleone
[937/2417  38.8% elapsed=17m33s eta=27m43s] id=2hop__68162_482364 em=1 f1=1.00 n_ops=19 err=False final=Aeson
[938/2417  38.8% elapsed=17m34s eta=27m42s] id=2hop__731584_700117 em=1 f1=1.00 n_ops=19 err=False final=Berrien County
[939/2417  38.8% elapsed=17m34s eta=27m39s] id=2hop__25788_990 em=0 f1=0.00 n_ops=19 err=False final=3
[940/2417  38.9% elapsed=17m35s eta=27m38s] id=2hop__25788_25839 em=0 f1=0.00 n_ops=19 err=False final=900 mA
[941/2417  38.9% elapsed=17m39s eta=27m41s] id=2hop__466700_214359 em=1 f1=1.00 n_ops=19 err=False final=Aaron Benward
[942/2417  39.0% elapsed=17m40s eta=27m40s] id=2hop__804417_126089 em=0 f1=0.00 n_ops=19 err=False final=Bjørgvin
[943/2417  39.0% elapsed=17m41s eta=27m38s] id=2hop__135336_461854 em=0 f1=0.00 n_ops=19 err=False final=Herbert Leigh Holman
[944/2417  39.1% elapsed=17m43s eta=27m38s] id=2hop__463884_807572 em=0 f1=0.50 n_ops=19 err=False final=Burlington County
[945/2417  39.1% elapsed=17m44s eta=27m37s] id=2hop__25797_25855 em=1 f1=1.00 n_ops=19 err=False final=PowerShare
[946/2417  39.1% elapsed=17m45s eta=27m36s] id=2hop__25797_25839 em=0 f1=0.00 n_ops=19 err=False final=500 mA
[947/2417  39.2% elapsed=17m45s eta=27m33s] id=2hop__998_25855 em=1 f1=1.00 n_ops=19 err=False final=PowerShare
[948/2417  39.2% elapsed=17m45s eta=27m31s] id=2hop__65202_712629 em=0 f1=0.29 n_ops=19 err=False final=Prince Philip, Duke of Edinburgh
[949/2417  39.3% elapsed=17m47s eta=27m31s] id=2hop__84847_148696 em=0 f1=0.00 n_ops=19 err=False final=Warren Hastings
[950/2417  39.3% elapsed=17m47s eta=27m28s] id=2hop__25797_990 em=1 f1=1.00 n_ops=19 err=False final=third generation
[951/2417  39.3% elapsed=17m47s eta=27m25s] id=2hop__363216_787353 em=0 f1=0.40 n_ops=19 err=False final=Ramstein Air Base
[952/2417  39.4% elapsed=17m48s eta=27m23s] id=2hop__83785_461854 em=0 f1=0.00 n_ops=19 err=False final=Rhett Butler
[953/2417  39.4% elapsed=17m50s eta=27m24s] id=2hop__63002_461854 em=0 f1=0.00 n_ops=19 err=False final=Rhett Butler
[954/2417  39.5% elapsed=17m51s eta=27m22s] id=2hop__711946_269414 em=0 f1=0.00 n_ops=19 err=False final=Cold Crush Records
[955/2417  39.5% elapsed=17m51s eta=27m19s] id=2hop__78873_461854 em=0 f1=0.00 n_ops=19 err=False final=Scarlett O'Hara
[956/2417  39.6% elapsed=17m51s eta=27m17s] id=2hop__78766_461854 em=0 f1=0.00 n_ops=19 err=False final=Rhett Butler
[957/2417  39.6% elapsed=17m51s eta=27m14s] id=2hop__75714_148696 em=0 f1=0.00 n_ops=19 err=False final=Louis Mountbatten
[958/2417  39.6% elapsed=17m52s eta=27m12s] id=2hop__998_25839 em=0 f1=0.00 n_ops=19 err=False final=500 mA
[959/2417  39.7% elapsed=17m52s eta=27m10s] id=2hop__446324_620302 em=1 f1=1.00 n_ops=19 err=False final=University of Toronto
[960/2417  39.7% elapsed=17m55s eta=27m12s] id=2hop__80834_21969 em=0 f1=0.00 n_ops=19 err=False final=1788–1795
[961/2417  39.8% elapsed=17m56s eta=27m10s] id=2hop__84847_21969 em=0 f1=0.00 n_ops=19 err=False final=1788–1795
[962/2417  39.8% elapsed=18m02s eta=27m16s] id=2hop__75714_21969 em=0 f1=0.00 n_ops=19 err=False final=1788
[963/2417  39.8% elapsed=18m02s eta=27m14s] id=2hop__725233_150107 em=1 f1=1.00 n_ops=19 err=False final=Association for Computing Machinery
[964/2417  39.9% elapsed=18m06s eta=27m16s] id=2hop__80834_148696 em=0 f1=0.00 n_ops=19 err=False final=Warren Hastings
[965/2417  39.9% elapsed=18m07s eta=27m15s] id=2hop__84937_21969 em=0 f1=0.00 n_ops=19 err=False final=14 February 1788
[966/2417  40.0% elapsed=18m07s eta=27m13s] id=2hop__200391_44187 em=0 f1=0.67 n_ops=19 err=False final=Wilson
[967/2417  40.0% elapsed=18m09s eta=27m13s] id=2hop__788087_150107 em=1 f1=1.00 n_ops=19 err=False final=ACM
[968/2417  40.0% elapsed=18m10s eta=27m12s] id=2hop__84937_148696 em=0 f1=0.00 n_ops=19 err=False final=C. Rajagopalachari
[969/2417  40.1% elapsed=18m14s eta=27m15s] id=2hop__589264_150107 em=1 f1=1.00 n_ops=19 err=False final=Association for Computing Machinery
[970/2417  40.1% elapsed=18m14s eta=27m13s] id=2hop__723101_150107 em=1 f1=1.00 n_ops=19 err=False final=Association for Computing Machinery
[971/2417  40.2% elapsed=18m14s eta=27m10s] id=2hop__852122_150107 em=1 f1=1.00 n_ops=19 err=False final=ACM
[972/2417  40.2% elapsed=18m15s eta=27m08s] id=2hop__280583_229757 em=0 f1=0.00 n_ops=19 err=False final=Unknown
[973/2417  40.3% elapsed=18m15s eta=27m05s] id=2hop__196348_150107 em=1 f1=1.00 n_ops=19 err=False final=ACM
[974/2417  40.3% elapsed=18m16s eta=27m03s] id=2hop__475808_74481 em=0 f1=0.00 n_ops=19 err=False final=Robert De Niro
[975/2417  40.3% elapsed=18m18s eta=27m04s] id=2hop__66167_72467 em=0 f1=0.00 n_ops=19 err=False final=Dallas Mavericks
[976/2417  40.4% elapsed=18m18s eta=27m02s] id=2hop__66167_88526 em=0 f1=0.00 n_ops=19 err=False final=Cazzie Russell
[977/2417  40.4% elapsed=18m19s eta=27m00s] id=2hop__57638_88526 em=0 f1=0.00 n_ops=19 err=False final=Bill Russell
[978/2417  40.5% elapsed=18m20s eta=26m59s] id=2hop__445963_6095 em=1 f1=1.00 n_ops=19 err=False final=1792
[979/2417  40.5% elapsed=18m21s eta=26m57s] id=2hop__59274_461854 em=1 f1=1.00 n_ops=19 err=False final=Laurence Olivier
[980/2417  40.5% elapsed=18m22s eta=26m56s] id=2hop__445963_6063 em=0 f1=0.00 n_ops=19 err=False final=4255
[981/2417  40.6% elapsed=18m24s eta=26m56s] id=2hop__445963_6098 em=1 f1=1.00 n_ops=19 err=False final=800
[982/2417  40.6% elapsed=18m26s eta=26m56s] id=2hop__66167_90991 em=0 f1=0.00 n_ops=19 err=False final=Wilt Chamberlain
[983/2417  40.7% elapsed=18m27s eta=26m54s] id=2hop__805610_392181 em=0 f1=0.77 n_ops=19 err=False final=Academy Award for Best Documentary Feature
[984/2417  40.7% elapsed=18m27s eta=26m52s] id=2hop__66167_615257 em=1 f1=1.00 n_ops=19 err=False final=Oklahoma City Thunder
[985/2417  40.8% elapsed=18m27s eta=26m50s] id=2hop__57638_615257 em=0 f1=0.00 n_ops=15 err=True final=
[986/2417  40.8% elapsed=18m29s eta=26m50s] id=2hop__510647_507085 em=1 f1=1.00 n_ops=19 err=False final=John Crockett
[987/2417  40.8% elapsed=18m30s eta=26m48s] id=2hop__161872_21567 em=1 f1=1.00 n_ops=19 err=False final=John Kukuzelis
[988/2417  40.9% elapsed=18m30s eta=26m46s] id=2hop__157602_21567 em=1 f1=1.00 n_ops=19 err=False final=John Kukuzelis
[989/2417  40.9% elapsed=18m31s eta=26m44s] id=2hop__802991_443552 em=1 f1=1.00 n_ops=19 err=False final=Hayneville
[990/2417  41.0% elapsed=18m34s eta=26m46s] id=2hop__57638_72467 em=0 f1=0.00 n_ops=19 err=False final=Philadelphia Warriors
[991/2417  41.0% elapsed=18m36s eta=26m46s] id=2hop__57638_90991 em=0 f1=0.00 n_ops=19 err=False final=Markelle Fultz
[992/2417  41.0% elapsed=18m38s eta=26m46s] id=2hop__729651_631003 em=0 f1=0.80 n_ops=19 err=False final=Thomas Hood Jr.
[993/2417  41.1% elapsed=18m39s eta=26m44s] id=2hop__10900_21567 em=1 f1=1.00 n_ops=19 err=False final=John Kukuzelis
[994/2417  41.1% elapsed=18m42s eta=26m46s] id=2hop__8496_21567 em=1 f1=1.00 n_ops=19 err=False final=John Kukuzelis
[995/2417  41.2% elapsed=18m42s eta=26m43s] id=2hop__70490_21567 em=1 f1=1.00 n_ops=19 err=False final=John Kukuzelis
[996/2417  41.2% elapsed=18m42s eta=26m41s] id=2hop__71900_712629 em=0 f1=0.29 n_ops=19 err=False final=Prince Philip, Duke of Edinburgh
[997/2417  41.2% elapsed=18m44s eta=26m40s] id=2hop__10515_21567 em=1 f1=1.00 n_ops=19 err=False final=John Kukuzelis
[998/2417  41.3% elapsed=18m44s eta=26m39s] id=2hop__739909_807845 em=1 f1=1.00 n_ops=19 err=False final=Digital First Media
[999/2417  41.3% elapsed=18m46s eta=26m38s] id=2hop__83938_5666 em=0 f1=0.00 n_ops=19 err=False final=Mikhail Gorbachev
[1000/2417  41.4% elapsed=18m48s eta=26m38s] id=2hop__24976_25002 em=0 f1=0.50 n_ops=19 err=False final=10 years
[1001/2417  41.4% elapsed=18m49s eta=26m37s] id=2hop__24973_5674 em=1 f1=1.00 n_ops=19 err=False final=Boris Yeltsin
[1002/2417  41.5% elapsed=18m49s eta=26m34s] id=2hop__123214_22402 em=0 f1=0.00 n_ops=19 err=False final=25000
[1003/2417  41.5% elapsed=18m49s eta=26m32s] id=2hop__17455_21567 em=1 f1=1.00 n_ops=19 err=False final=John Kukuzelis
[1004/2417  41.5% elapsed=18m50s eta=26m30s] id=2hop__502473_634689 em=1 f1=1.00 n_ops=19 err=False final=Malko Tarnovo Municipality
[1005/2417  41.6% elapsed=18m50s eta=26m28s] id=2hop__5658_25002 em=0 f1=0.50 n_ops=19 err=False final=10 years
[1006/2417  41.6% elapsed=18m51s eta=26m26s] id=2hop__152229_604644 em=1 f1=1.00 n_ops=19 err=False final=429 Records
[1007/2417  41.7% elapsed=18m51s eta=26m24s] id=2hop__9930_21567 em=0 f1=0.00 n_ops=19 err=False final=Hampartsoum Limondjian
[1008/2417  41.7% elapsed=18m52s eta=26m22s] id=2hop__24697_578772 em=0 f1=0.00 n_ops=19 err=False final=Chang'an
[1009/2417  41.7% elapsed=18m52s eta=26m20s] id=2hop__24976_161105 em=1 f1=1.00 n_ops=19 err=False final=72
[1010/2417  41.8% elapsed=18m53s eta=26m18s] id=2hop__161151_50883 em=0 f1=0.00 n_ops=19 err=False final=4
[1011/2417  41.8% elapsed=18m54s eta=26m17s] id=2hop__5658_161105 em=0 f1=0.00 n_ops=19 err=False final=0
[1012/2417  41.9% elapsed=18m56s eta=26m18s] id=2hop__496792_392646 em=0 f1=0.00 n_ops=19 err=False final=Royalist
[1013/2417  41.9% elapsed=18m58s eta=26m17s] id=2hop__71336_604644 em=1 f1=1.00 n_ops=19 err=False final=429 Records
[1014/2417  42.0% elapsed=18m58s eta=26m15s] id=2hop__283298_22402 em=0 f1=0.80 n_ops=19 err=False final=25,000
[1015/2417  42.0% elapsed=18m58s eta=26m12s] id=2hop__59612_42429 em=1 f1=1.00 n_ops=19 err=False final=10 February 1763
[1016/2417  42.0% elapsed=18m59s eta=26m11s] id=2hop__632870_22402 em=0 f1=0.00 n_ops=19 err=False final=25000
[1017/2417  42.1% elapsed=18m59s eta=26m08s] id=2hop__810884_22402 em=0 f1=0.00 n_ops=19 err=False final=25000
[1018/2417  42.1% elapsed=18m59s eta=26m06s] id=2hop__259267_22402 em=0 f1=0.80 n_ops=19 err=False final=25,000
[1019/2417  42.2% elapsed=19m00s eta=26m04s] id=2hop__56307_604644 em=0 f1=0.00 n_ops=19 err=False final=Unknown
[1020/2417  42.2% elapsed=19m00s eta=26m02s] id=2hop__24697_634490 em=0 f1=0.00 n_ops=19 err=False final=Prince Yu
[1021/2417  42.2% elapsed=19m01s eta=25m59s] id=2hop__20685_712629 em=0 f1=0.00 n_ops=19 err=False final=King Xerxes I
[1022/2417  42.3% elapsed=19m02s eta=25m58s] id=2hop__510860_22402 em=0 f1=0.80 n_ops=19 err=False final=25,000
[1023/2417  42.3% elapsed=19m04s eta=25m59s] id=2hop__650138_22402 em=0 f1=0.00 n_ops=19 err=False final=Unable to determine
[1024/2417  42.4% elapsed=19m05s eta=25m57s] id=2hop__71165_807969 em=0 f1=0.00 n_ops=19 err=False final=Roma Liverpool
[1025/2417  42.4% elapsed=19m08s eta=25m59s] id=2hop__50087_807969 em=0 f1=0.00 n_ops=19 err=False final=Liverpool
[1026/2417  42.4% elapsed=19m09s eta=25m58s] id=2hop__48776_807969 em=0 f1=0.00 n_ops=19 err=False final=Liverpool
[1027/2417  42.5% elapsed=19m09s eta=25m55s] id=2hop__59612_50883 em=0 f1=0.00 n_ops=19 err=False final=4
[1028/2417  42.5% elapsed=19m11s eta=25m55s] id=2hop__474885_22402 em=0 f1=0.00 n_ops=19 err=False final=not enough information
[1029/2417  42.6% elapsed=19m12s eta=25m54s] id=2hop__161151_42429 em=1 f1=1.00 n_ops=19 err=False final=10 February 1763
[1030/2417  42.6% elapsed=19m13s eta=25m52s] id=2hop__341176_711757 em=1 f1=1.00 n_ops=19 err=False final=Gmina Ryki
[1031/2417  42.7% elapsed=19m18s eta=25m57s] id=2hop__24648_192417 em=0 f1=0.50 n_ops=19 err=False final=National Football League
[1032/2417  42.7% elapsed=19m19s eta=25m55s] id=2hop__20433_157939 em=0 f1=0.00 n_ops=19 err=False final=1970
[1033/2417  42.7% elapsed=19m20s eta=25m54s] id=2hop__516918_126537 em=1 f1=1.00 n_ops=19 err=False final=1986
[1034/2417  42.8% elapsed=19m20s eta=25m52s] id=2hop__364489_861485 em=0 f1=0.00 n_ops=19 err=False final=Saint Paul
[1035/2417  42.8% elapsed=19m20s eta=25m49s] id=2hop__17827_54024 em=0 f1=0.57 n_ops=19 err=False final=James I
[1036/2417  42.9% elapsed=19m21s eta=25m48s] id=2hop__65576_80026 em=1 f1=1.00 n_ops=19 err=False final=Julie Dawn Cole
[1037/2417  42.9% elapsed=19m21s eta=25m45s] id=2hop__88149_807969 em=0 f1=0.00 n_ops=19 err=False final=Blackburn Rovers
[1038/2417  42.9% elapsed=19m23s eta=25m45s] id=2hop__85596_807969 em=0 f1=0.00 n_ops=19 err=False final=Newcastle United
[1039/2417  43.0% elapsed=19m23s eta=25m42s] id=2hop__500379_126537 em=1 f1=1.00 n_ops=19 err=False final=1986
[1040/2417  43.0% elapsed=19m23s eta=25m40s] id=2hop__93145_54024 em=0 f1=0.57 n_ops=19 err=False final=James I
[1041/2417  43.1% elapsed=19m24s eta=25m38s] id=2hop__622637_120171 em=1 f1=1.00 n_ops=19 err=False final=1986
[1042/2417  43.1% elapsed=19m25s eta=25m37s] id=2hop__170823_120171 em=1 f1=1.00 n_ops=19 err=False final=1986
[1043/2417  43.2% elapsed=19m25s eta=25m35s] id=2hop__151455_120171 em=0 f1=0.00 n_ops=19 err=False final=1985
[1044/2417  43.2% elapsed=19m26s eta=25m33s] id=2hop__61752_54024 em=0 f1=0.57 n_ops=19 err=False final=James I
[1045/2417  43.2% elapsed=19m26s eta=25m31s] id=2hop__45126_807969 em=0 f1=0.00 n_ops=19 err=False final=The answer cannot be determined.
[1046/2417  43.3% elapsed=19m30s eta=25m34s] id=2hop__36269_73244 em=1 f1=1.00 n_ops=19 err=False final=Thaba Putsoa
[1047/2417  43.3% elapsed=19m32s eta=25m33s] id=2hop__156700_63853 em=0 f1=0.00 n_ops=19 err=False final=Orange River
[1048/2417  43.4% elapsed=19m33s eta=25m33s] id=2hop__353836_80026 em=0 f1=0.00 n_ops=19 err=False final=Veruca Salt
[1049/2417  43.4% elapsed=19m33s eta=25m30s] id=2hop__36269_63853 em=1 f1=1.00 n_ops=19 err=False final=Thaba Putsoa
[1050/2417  43.4% elapsed=19m34s eta=25m28s] id=2hop__217011_80026 em=1 f1=1.00 n_ops=19 err=False final=Julie Dawn Cole
[1051/2417  43.5% elapsed=19m34s eta=25m26s] id=2hop__864201_80026 em=1 f1=1.00 n_ops=19 err=False final=Julie Dawn Cole
[1052/2417  43.5% elapsed=19m36s eta=25m25s] id=2hop__156700_73244 em=0 f1=0.00 n_ops=19 err=False final=Lesotho
[1053/2417  43.6% elapsed=19m36s eta=25m23s] id=2hop__785711_63853 em=1 f1=1.00 n_ops=19 err=False final=Thaba Putsoa
[1054/2417  43.6% elapsed=19m36s eta=25m21s] id=2hop__593866_80026 em=1 f1=1.00 n_ops=19 err=False final=Julie Dawn Cole
[1055/2417  43.6% elapsed=19m37s eta=25m20s] id=2hop__847760_80026 em=1 f1=1.00 n_ops=19 err=False final=Julie Dawn Cole
[1056/2417  43.7% elapsed=19m38s eta=25m18s] id=2hop__398344_439882 em=1 f1=1.00 n_ops=19 err=False final=Rebecca Sugar
[1057/2417  43.7% elapsed=19m39s eta=25m17s] id=2hop__207597_63853 em=1 f1=1.00 n_ops=19 err=False final=Thaba Putsoa
[1058/2417  43.8% elapsed=19m40s eta=25m16s] id=2hop__785711_73244 em=1 f1=1.00 n_ops=19 err=False final=Thaba Putsoa
[1059/2417  43.8% elapsed=19m48s eta=25m24s] id=2hop__95794_55227 em=1 f1=1.00 n_ops=19 err=False final=Maria Bello
[1060/2417  43.9% elapsed=19m52s eta=25m26s] id=2hop__73921_807969 em=0 f1=0.57 n_ops=19 err=False final=British national team
[1061/2417  43.9% elapsed=19m53s eta=25m25s] id=2hop__757497_78606 em=0 f1=0.00 n_ops=19 err=False final=Salma Hayek
[1062/2417  43.9% elapsed=19m54s eta=25m23s] id=2hop__719184_55227 em=0 f1=0.00 n_ops=19 err=False final=Salma Hayek
[1063/2417  44.0% elapsed=19m55s eta=25m22s] id=2hop__537404_55227 em=0 f1=0.00 n_ops=19 err=False final=Salma Hayek
[1064/2417  44.0% elapsed=19m55s eta=25m20s] id=2hop__207597_73244 em=1 f1=1.00 n_ops=19 err=False final=Thaba Putsoa
[1065/2417  44.1% elapsed=19m56s eta=25m18s] id=2hop__59612_42352 em=0 f1=0.00 n_ops=19 err=False final=North America
[1066/2417  44.1% elapsed=19m56s eta=25m15s] id=2hop__161151_42352 em=0 f1=0.00 n_ops=19 err=False final=Cannot be determined
[1067/2417  44.1% elapsed=19m56s eta=25m13s] id=2hop__89403_122023 em=0 f1=0.00 n_ops=19 err=False final=Cannot determine
[1068/2417  44.2% elapsed=19m57s eta=25m12s] id=2hop__96096_78606 em=0 f1=0.00 n_ops=19 err=False final=Gloria
[1069/2417  44.2% elapsed=19m57s eta=25m10s] id=2hop__46213_494136 em=1 f1=1.00 n_ops=19 err=False final=Meg Ryan
[1070/2417  44.3% elapsed=19m59s eta=25m09s] id=2hop__713299_55227 em=0 f1=0.00 n_ops=19 err=False final=Salma Hayek
[1071/2417  44.3% elapsed=19m59s eta=25m07s] id=2hop__89403_602275 em=0 f1=0.40 n_ops=19 err=False final=Evelyn Einstein
[1072/2417  44.4% elapsed=20m00s eta=25m06s] id=2hop__269659_722575 em=1 f1=1.00 n_ops=19 err=False final=News Corp
[1073/2417  44.4% elapsed=20m01s eta=25m04s] id=2hop__504464_708278 em=0 f1=0.33 n_ops=19 err=False final=Morgan Stanley Capital Partners
[1074/2417  44.4% elapsed=20m03s eta=25m05s] id=2hop__40485_40502 em=1 f1=1.00 n_ops=19 err=False final=2 million
[1075/2417  44.5% elapsed=20m05s eta=25m04s] id=2hop__51760_122023 em=1 f1=1.00 n_ops=19 err=False final=Luitpold Gymnasium
[1076/2417  44.5% elapsed=20m07s eta=25m04s] id=2hop__223823_29905 em=0 f1=0.00 n_ops=19 err=False final=0
[1077/2417  44.6% elapsed=20m08s eta=25m03s] id=2hop__223823_29898 em=0 f1=0.67 n_ops=19 err=False final=CFJC-TV
[1078/2417  44.6% elapsed=20m09s eta=25m01s] id=2hop__51760_602275 em=0 f1=0.40 n_ops=19 err=False final=Evelyn Einstein
[1079/2417  44.6% elapsed=20m10s eta=25m01s] id=2hop__434218_29898 em=0 f1=0.67 n_ops=19 err=False final=CFJC-TV
[1080/2417  44.7% elapsed=20m12s eta=25m01s] id=2hop__104095_40501 em=0 f1=0.00 n_ops=19 err=False final=unknown
[1081/2417  44.7% elapsed=20m13s eta=24m59s] id=2hop__44815_494136 em=1 f1=1.00 n_ops=19 err=False final=Meg Ryan
[1082/2417  44.8% elapsed=20m13s eta=24m57s] id=2hop__104095_40502 em=0 f1=0.00 n_ops=19 err=False final=Unknown
[1083/2417  44.8% elapsed=20m14s eta=24m56s] id=2hop__803903_78606 em=0 f1=0.00 n_ops=19 err=False final=Unknown
[1084/2417  44.8% elapsed=20m15s eta=24m54s] id=2hop__511296_577502 em=1 f1=1.00 n_ops=19 err=False final=Maria Shriver
[1085/2417  44.9% elapsed=20m15s eta=24m52s] id=2hop__50068_494136 em=0 f1=0.00 n_ops=19 err=False final=Dennis Quaid
[1086/2417  44.9% elapsed=20m16s eta=24m50s] id=2hop__434218_29905 em=0 f1=0.00 n_ops=19 err=False final=Cannot determine
[1087/2417  45.0% elapsed=20m17s eta=24m49s] id=2hop__543050_245420 em=1 f1=1.00 n_ops=19 err=False final=Citrus Heights
[1088/2417  45.0% elapsed=20m19s eta=24m49s] id=2hop__144303_483189 em=1 f1=1.00 n_ops=19 err=False final=Greek mythology
[1089/2417  45.1% elapsed=20m21s eta=24m49s] id=2hop__487706_40501 em=0 f1=0.00 n_ops=19 err=False final=Not enough information
[1090/2417  45.1% elapsed=20m23s eta=24m49s] id=2hop__40485_40501 em=1 f1=1.00 n_ops=19 err=False final=75,000 to 100,000
[1091/2417  45.1% elapsed=20m24s eta=24m47s] id=2hop__136214_483189 em=1 f1=1.00 n_ops=19 err=False final=Greek mythology
[1092/2417  45.2% elapsed=20m25s eta=24m47s] id=2hop__487706_40502 em=1 f1=1.00 n_ops=19 err=False final=2 million
[1093/2417  45.2% elapsed=20m27s eta=24m46s] id=2hop__92385_2072 em=1 f1=1.00 n_ops=19 err=False final=Brooklyn Public Library
[1094/2417  45.3% elapsed=20m27s eta=24m44s] id=2hop__32441_274635 em=0 f1=0.50 n_ops=19 err=False final=Army
[1095/2417  45.3% elapsed=20m29s eta=24m43s] id=2hop__247353_55227 em=0 f1=0.00 n_ops=19 err=False final=Salma Hayek
[1096/2417  45.3% elapsed=20m29s eta=24m41s] id=2hop__771477_149987 em=0 f1=0.00 n_ops=19 err=False final=Epigoni
[1097/2417  45.4% elapsed=20m31s eta=24m41s] id=2hop__31326_31270 em=1 f1=1.00 n_ops=19 err=False final=45
[1098/2417  45.4% elapsed=20m36s eta=24m44s] id=2hop__787538_31270 em=1 f1=1.00 n_ops=19 err=False final=45
[1099/2417  45.5% elapsed=20m36s eta=24m42s] id=2hop__435184_67370 em=1 f1=1.00 n_ops=19 err=False final=January 19, 2018
[1100/2417  45.5% elapsed=20m36s eta=24m40s] id=2hop__56806_7298 em=0 f1=0.00 n_ops=19 err=False final=Josh Groban
[1101/2417  45.6% elapsed=20m37s eta=24m38s] id=2hop__198650_84856 em=0 f1=0.33 n_ops=19 err=False final=January 9, 2015
[1102/2417  45.6% elapsed=20m37s eta=24m36s] id=2hop__32441_522949 em=0 f1=0.67 n_ops=19 err=False final=Edith Roosevelt (Derby) Williams
[1103/2417  45.6% elapsed=20m37s eta=24m34s] id=2hop__1667_40501 em=1 f1=1.00 n_ops=19 err=False final=75,000 to 100,000
[1104/2417  45.7% elapsed=20m37s eta=24m32s] id=2hop__595747_31270 em=1 f1=1.00 n_ops=19 err=False final=45
[1105/2417  45.7% elapsed=20m38s eta=24m30s] id=2hop__418360_67370 em=1 f1=1.00 n_ops=19 err=False final=January 19, 2018
[1106/2417  45.8% elapsed=20m39s eta=24m29s] id=2hop__813461_31270 em=1 f1=1.00 n_ops=19 err=False final=45
[1107/2417  45.8% elapsed=20m40s eta=24m27s] id=2hop__58111_7298 em=0 f1=0.00 n_ops=19 err=False final=Josh Groban
[1108/2417  45.8% elapsed=20m43s eta=24m28s] id=2hop__71871_494136 em=0 f1=0.00 n_ops=19 err=False final=Lily Aldrin
[1109/2417  45.9% elapsed=20m43s eta=24m26s] id=2hop__476927_31270 em=0 f1=0.40 n_ops=19 err=False final=45 miles (72 km)
[1110/2417  45.9% elapsed=20m44s eta=24m25s] id=2hop__435184_84856 em=0 f1=0.00 n_ops=19 err=False final=Cannot determine
[1111/2417  46.0% elapsed=20m44s eta=24m23s] id=2hop__835710_7298 em=1 f1=1.00 n_ops=19 err=False final=Michael Bublé
[1112/2417  46.0% elapsed=20m44s eta=24m20s] id=2hop__82051_7298 em=0 f1=0.00 n_ops=19 err=False final=Josh Groban
[1113/2417  46.0% elapsed=20m46s eta=24m20s] id=2hop__669837_31270 em=1 f1=1.00 n_ops=19 err=False final=45
[1114/2417  46.1% elapsed=20m47s eta=24m18s] id=2hop__144150_82341 em=0 f1=0.67 n_ops=19 err=False final=Florida
[1115/2417  46.1% elapsed=20m47s eta=24m17s] id=2hop__472083_7298 em=1 f1=1.00 n_ops=19 err=False final=Michael Bublé
[1116/2417  46.2% elapsed=20m50s eta=24m18s] id=2hop__1667_40502 em=1 f1=1.00 n_ops=19 err=False final=2 million
[1117/2417  46.2% elapsed=20m51s eta=24m15s] id=2hop__286621_84856 em=0 f1=0.00 n_ops=19 err=False final=2002
[1118/2417  46.3% elapsed=20m51s eta=24m13s] id=2hop__70930_7298 em=1 f1=1.00 n_ops=19 err=False final=Michael Bublé
[1119/2417  46.3% elapsed=20m51s eta=24m11s] id=2hop__53147_7298 em=0 f1=0.00 n_ops=19 err=False final=Josh Groban
[1120/2417  46.3% elapsed=20m53s eta=24m11s] id=2hop__144658_599630 em=0 f1=0.00 n_ops=19 err=False final=Zhejiang
[1121/2417  46.4% elapsed=20m53s eta=24m09s] id=2hop__250030_7298 em=1 f1=1.00 n_ops=19 err=False final=Michael Bublé
[1122/2417  46.4% elapsed=20m53s eta=24m07s] id=2hop__809096_491515 em=0 f1=0.00 n_ops=19 err=False final=Unknown
[1123/2417  46.5% elapsed=20m54s eta=24m05s] id=2hop__66843_494136 em=0 f1=0.00 n_ops=19 err=False final=Rebecca Romijn
[1124/2417  46.5% elapsed=20m54s eta=24m03s] id=2hop__87580_7298 em=0 f1=0.00 n_ops=19 err=False final=Josh Groban
[1125/2417  46.5% elapsed=20m55s eta=24m01s] id=2hop__128608_82341 em=0 f1=0.67 n_ops=19 err=False final=Florida
[1126/2417  46.6% elapsed=20m56s eta=24m00s] id=2hop__839126_472799 em=0 f1=0.40 n_ops=19 err=False final=1991
[1127/2417  46.6% elapsed=20m57s eta=23m58s] id=2hop__524623_82341 em=0 f1=0.00 n_ops=19 err=False final=Ocala
[1128/2417  46.7% elapsed=20m57s eta=23m57s] id=2hop__814671_82341 em=0 f1=0.50 n_ops=19 err=False final=Ocala, Florida
[1129/2417  46.7% elapsed=20m58s eta=23m55s] id=2hop__390055_82341 em=0 f1=0.50 n_ops=19 err=False final=Ocala, Florida
[1130/2417  46.8% elapsed=20m59s eta=23m54s] id=2hop__704217_82341 em=0 f1=0.50 n_ops=19 err=False final=Ocala, Florida
[1131/2417  46.8% elapsed=20m59s eta=23m51s] id=2hop__316374_82341 em=0 f1=0.67 n_ops=19 err=False final=Florida
[1132/2417  46.8% elapsed=21m01s eta=23m52s] id=2hop__10114_599630 em=0 f1=0.00 n_ops=19 err=False final=Wenzhou
[1133/2417  46.9% elapsed=21m02s eta=23m51s] id=2hop__444265_82341 em=0 f1=0.67 n_ops=19 err=False final=Florida
[1134/2417  46.9% elapsed=21m03s eta=23m49s] id=2hop__144763_599630 em=1 f1=1.00 n_ops=19 err=False final=Yongjia County
[1135/2417  47.0% elapsed=21m04s eta=23m47s] id=2hop__133116_533882 em=0 f1=0.80 n_ops=19 err=False final=Martin Marietta Corporation
[1136/2417  47.0% elapsed=21m06s eta=23m48s] id=2hop__35445_22458 em=1 f1=1.00 n_ops=19 err=False final=FIFA
[1137/2417  47.0% elapsed=21m07s eta=23m46s] id=2hop__51261_87295 em=1 f1=1.00 n_ops=19 err=False final=Queen dowager Clarisse Renaldi
[1138/2417  47.1% elapsed=21m14s eta=23m52s] id=2hop__593633_82341 em=0 f1=0.50 n_ops=19 err=False final=Ocala, Florida
[1139/2417  47.1% elapsed=21m15s eta=23m51s] id=2hop__35418_22458 em=1 f1=1.00 n_ops=19 err=False final=FIFA
[1140/2417  47.2% elapsed=21m16s eta=23m49s] id=2hop__132469_533882 em=0 f1=0.00 n_ops=15 err=True final=
[1141/2417  47.2% elapsed=21m16s eta=23m47s] id=2hop__132954_533882 em=0 f1=0.00 n_ops=15 err=True final=
[1142/2417  47.2% elapsed=21m17s eta=23m45s] id=2hop__284613_87295 em=0 f1=0.00 n_ops=19 err=False final=Anne Hathaway
[1143/2417  47.3% elapsed=21m17s eta=23m44s] id=2hop__85958_87295 em=0 f1=0.00 n_ops=19 err=False final=Eliza Doolittle
[1144/2417  47.3% elapsed=21m18s eta=23m42s] id=2hop__542569_87295 em=1 f1=1.00 n_ops=19 err=False final=Queen dowager Clarisse Renaldi
[1145/2417  47.4% elapsed=21m18s eta=23m40s] id=2hop__761291_87295 em=1 f1=1.00 n_ops=19 err=False final=Queen dowager Clarisse Renaldi
[1146/2417  47.4% elapsed=21m20s eta=23m40s] id=2hop__511176_22458 em=0 f1=0.25 n_ops=19 err=False final=Danish Football Union
[1147/2417  47.5% elapsed=21m21s eta=23m38s] id=2hop__60880_87295 em=0 f1=0.00 n_ops=19 err=False final=Anne Hathaway
[1148/2417  47.5% elapsed=21m21s eta=23m36s] id=2hop__778212_22458 em=0 f1=0.25 n_ops=19 err=False final=International Olympic Committee
[1149/2417  47.5% elapsed=21m22s eta=23m35s] id=2hop__9_59409 em=0 f1=0.00 n_ops=19 err=False final=Jay-Z
[1150/2417  47.6% elapsed=21m22s eta=23m33s] id=2hop__564984_139312 em=1 f1=1.00 n_ops=19 err=False final=Academy Award for Best Supporting Actor
[1151/2417  47.6% elapsed=21m23s eta=23m32s] id=2hop__620853_22458 em=1 f1=1.00 n_ops=19 err=False final=FIFA
[1152/2417  47.7% elapsed=21m24s eta=23m30s] id=2hop__776637_87295 em=1 f1=1.00 n_ops=19 err=False final=Queen dowager Clarisse Renaldi
[1153/2417  47.7% elapsed=21m25s eta=23m29s] id=2hop__347_59409 em=0 f1=0.00 n_ops=19 err=False final=Jay Z
[1154/2417  47.7% elapsed=21m26s eta=23m28s] id=2hop__60336_169233 em=0 f1=0.20 n_ops=19 err=False final=Cecil B. DeMille Award
[1155/2417  47.8% elapsed=21m26s eta=23m25s] id=2hop__54651_169233 em=1 f1=1.00 n_ops=19 err=False final=Academy Award for Best Supporting Actor
[1156/2417  47.8% elapsed=21m28s eta=23m25s] id=2hop__286621_67370 em=0 f1=0.00 n_ops=19 err=False final=Ada
[1157/2417  47.9% elapsed=21m28s eta=23m23s] id=2hop__697729_576069 em=1 f1=1.00 n_ops=19 err=False final=Chad Basin
[1158/2417  47.9% elapsed=21m34s eta=23m27s] id=2hop__345_59409 em=0 f1=0.00 n_ops=19 err=False final=Jay Z
[1159/2417  48.0% elapsed=21m36s eta=23m26s] id=2hop__684839_139312 em=0 f1=0.00 n_ops=19 err=False final=Albert Brooks
[1160/2417  48.0% elapsed=21m37s eta=23m25s] id=2hop__80_59409 em=0 f1=0.00 n_ops=19 err=False final=Jay-Z
[1161/2417  48.0% elapsed=21m37s eta=23m23s] id=2hop__50199_59409 em=0 f1=0.00 n_ops=19 err=False final=Jay-Z
[1162/2417  48.1% elapsed=21m37s eta=23m21s] id=2hop__580458_139390 em=0 f1=0.00 n_ops=19 err=False final=Walter Huston
[1163/2417  48.1% elapsed=21m37s eta=23m19s] id=2hop__69_59409 em=0 f1=0.00 n_ops=19 err=False final=Jay Z
[1164/2417  48.2% elapsed=21m40s eta=23m19s] id=2hop__486314_544665 em=0 f1=0.86 n_ops=19 err=False final=Rabbi Menachem Mendel Schneersohn
[1165/2417  48.2% elapsed=21m40s eta=23m17s] id=2hop__2613_59409 em=0 f1=0.22 n_ops=19 err=False final=personal relationships
[1166/2417  48.2% elapsed=21m41s eta=23m16s] id=2hop__754021_20057 em=1 f1=1.00 n_ops=19 err=False final=Richard Stallman
[1167/2417  48.3% elapsed=21m42s eta=23m15s] id=2hop__681463_402641 em=0 f1=0.00 n_ops=19 err=False final=Winston Chang
[1168/2417  48.3% elapsed=21m43s eta=23m13s] id=2hop__506099_20057 em=1 f1=1.00 n_ops=19 err=False final=Richard Stallman
[1169/2417  48.4% elapsed=21m43s eta=23m12s] id=2hop__458672_20057 em=1 f1=1.00 n_ops=19 err=False final=Richard Stallman
[1170/2417  48.4% elapsed=21m45s eta=23m10s] id=2hop__66_59409 em=0 f1=0.00 n_ops=19 err=False final=Jay Z
[1171/2417  48.4% elapsed=21m45s eta=23m09s] id=2hop__20059_236755 em=1 f1=1.00 n_ops=19 err=False final=GNU Manifesto
[1172/2417  48.5% elapsed=21m46s eta=23m07s] id=2hop__427249_20057 em=1 f1=1.00 n_ops=19 err=False final=Richard Stallman
[1173/2417  48.5% elapsed=21m47s eta=23m06s] id=2hop__279729_20057 em=0 f1=0.00 n_ops=19 err=False final=Free Software Foundation
[1174/2417  48.6% elapsed=21m48s eta=23m05s] id=2hop__481809_184805 em=0 f1=0.00 n_ops=19 err=False final=Alluvial
[1175/2417  48.6% elapsed=21m48s eta=23m02s] id=2hop__789565_416401 em=0 f1=0.50 n_ops=19 err=False final=Wang Yanjun
[1176/2417  48.7% elapsed=21m51s eta=23m04s] id=3hop1__105126_443779_52195 em=1 f1=1.00 n_ops=19 err=False final=Francisco Guterres
[1177/2417  48.7% elapsed=21m58s eta=23m09s] id=3hop1__145212_443779_52195 em=1 f1=1.00 n_ops=19 err=False final=Francisco Guterres
[1178/2417  48.7% elapsed=22m01s eta=23m09s] id=2hop__32441_178460 em=0 f1=0.50 n_ops=19 err=False final=Cornelius Roosevelt
[1179/2417  48.8% elapsed=22m02s eta=23m08s] id=3hop1__93963_170667_18967 em=1 f1=1.00 n_ops=19 err=False final=Dutch East Indies
[1180/2417  48.8% elapsed=22m06s eta=23m10s] id=3hop1__145290_443779_52195 em=1 f1=1.00 n_ops=19 err=False final=Francisco Guterres
[1181/2417  48.9% elapsed=22m07s eta=23m09s] id=3hop1__103440_443779_52195 em=1 f1=1.00 n_ops=19 err=False final=Francisco Guterres
[1182/2417  48.9% elapsed=22m08s eta=23m07s] id=3hop1__123190_519940_18967 em=1 f1=1.00 n_ops=19 err=False final=Dutch East Indies
[1183/2417  48.9% elapsed=22m09s eta=23m06s] id=3hop1__103881_443779_52195 em=1 f1=1.00 n_ops=19 err=False final=Francisco Guterres
[1184/2417  49.0% elapsed=22m10s eta=23m05s] id=3hop1__103662_443779_52195 em=1 f1=1.00 n_ops=19 err=False final=Francisco Guterres
[1185/2417  49.0% elapsed=22m10s eta=23m03s] id=3hop1__105767_443779_52195 em=1 f1=1.00 n_ops=19 err=False final=Francisco Guterres
[1186/2417  49.1% elapsed=22m10s eta=23m01s] id=3hop1__144439_443779_52195 em=1 f1=1.00 n_ops=19 err=False final=Francisco Guterres
[1187/2417  49.1% elapsed=22m11s eta=22m59s] id=3hop1__144678_443779_52195 em=1 f1=1.00 n_ops=19 err=False final=Francisco Guterres
[1188/2417  49.2% elapsed=22m11s eta=22m57s] id=2hop__71294_494136 em=0 f1=0.00 n_ops=19 err=False final=Louise M. Spooner
[1189/2417  49.2% elapsed=22m11s eta=22m55s] id=2hop__219456_87295 em=0 f1=0.00 n_ops=19 err=False final=Mia Thermopolis
[1190/2417  49.2% elapsed=22m11s eta=22m53s] id=3hop1__106313_443779_52195 em=1 f1=1.00 n_ops=19 err=False final=Francisco Guterres
[1191/2417  49.3% elapsed=22m12s eta=22m52s] id=3hop1__145411_443779_52195 em=1 f1=1.00 n_ops=19 err=False final=Francisco Guterres
[1192/2417  49.3% elapsed=22m14s eta=22m51s] id=3hop1__106900_443779_52195 em=1 f1=1.00 n_ops=19 err=False final=Francisco Guterres
[1193/2417  49.4% elapsed=22m14s eta=22m48s] id=3hop1__106094_443779_52195 em=1 f1=1.00 n_ops=19 err=False final=Francisco Guterres
[1194/2417  49.4% elapsed=22m15s eta=22m47s] id=3hop1__488744_443779_52195 em=1 f1=1.00 n_ops=19 err=False final=Francisco Guterres
[1195/2417  49.4% elapsed=22m15s eta=22m46s] id=3hop1__163024_443779_52195 em=1 f1=1.00 n_ops=19 err=False final=Francisco Guterres
[1196/2417  49.5% elapsed=22m16s eta=22m44s] id=3hop1__654651_55349_651302 em=1 f1=1.00 n_ops=19 err=False final=Denver, Colorado
[1197/2417  49.5% elapsed=22m17s eta=22m43s] id=3hop1__749581_443779_52195 em=1 f1=1.00 n_ops=19 err=False final=Francisco Guterres
[1198/2417  49.6% elapsed=22m21s eta=22m45s] id=2hop__14_59409 em=0 f1=0.00 n_ops=19 err=False final=Jay-Z
[1199/2417  49.6% elapsed=22m23s eta=22m44s] id=3hop1__438364_443779_52195 em=1 f1=1.00 n_ops=19 err=False final=Francisco Guterres
[1200/2417  49.6% elapsed=22m25s eta=22m44s] id=3hop1__222380_443779_52195 em=1 f1=1.00 n_ops=19 err=False final=Francisco Guterres
[1201/2417  49.7% elapsed=22m45s eta=23m02s] id=3hop1__248929_160713_77246 em=0 f1=0.00 n_ops=19 err=False final=Hindu
[1202/2417  49.7% elapsed=22m52s eta=23m07s] id=3hop1__71549_486583_84283 em=1 f1=1.00 n_ops=19 err=False final=Warner Music Group
[1203/2417  49.8% elapsed=22m52s eta=23m05s] id=3hop1__66872_709625_84283 em=1 f1=1.00 n_ops=19 err=False final=Warner Music Group
[1204/2417  49.8% elapsed=22m53s eta=23m03s] id=3hop1__604797_443779_52195 em=1 f1=1.00 n_ops=19 err=False final=Francisco Guterres
[1205/2417  49.9% elapsed=22m53s eta=23m01s] id=3hop1__743797_443779_52195 em=1 f1=1.00 n_ops=19 err=False final=Francisco Guterres
[1206/2417  49.9% elapsed=23m06s eta=23m12s] id=3hop1__159737_160713_77246 em=0 f1=0.00 n_ops=15 err=True final=
[1207/2417  49.9% elapsed=23m09s eta=23m12s] id=3hop1__487301_443779_52195 em=1 f1=1.00 n_ops=19 err=False final=Francisco Guterres
[1208/2417  50.0% elapsed=23m10s eta=23m11s] id=3hop1__45612_502967_84283 em=0 f1=0.40 n_ops=19 err=False final=Warner Bros. Records
[1209/2417  50.0% elapsed=23m11s eta=23m09s] id=3hop1__489567_443779_52195 em=1 f1=1.00 n_ops=19 err=False final=Francisco Guterres
[1210/2417  50.1% elapsed=23m14s eta=23m11s] id=3hop1__504362_443779_52195 em=1 f1=1.00 n_ops=19 err=False final=Francisco Guterres
[1211/2417  50.1% elapsed=23m15s eta=23m09s] id=3hop1__28404_160713_77246 em=0 f1=0.00 n_ops=19 err=False final=Hindu
[1212/2417  50.1% elapsed=23m16s eta=23m08s] id=3hop1__454441_55349_651302 em=1 f1=1.00 n_ops=19 err=False final=Denver, Colorado
[1213/2417  50.2% elapsed=23m17s eta=23m07s] id=3hop1__142044_538202_84283 em=1 f1=1.00 n_ops=19 err=False final=Warner Music Group
[1214/2417  50.2% elapsed=23m18s eta=23m05s] id=3hop1__84887_538202_84283 em=1 f1=1.00 n_ops=19 err=False final=Warner Music Group
[1215/2417  50.3% elapsed=23m19s eta=23m04s] id=3hop1__161507_160713_77246 em=0 f1=0.00 n_ops=19 err=False final=Hindu
[1216/2417  50.3% elapsed=23m23s eta=23m05s] id=3hop1__63037_567566_84283 em=0 f1=0.00 n_ops=19 err=False final=Christopher Cross
[1217/2417  50.4% elapsed=23m23s eta=23m03s] id=3hop1__275261_443779_52195 em=1 f1=1.00 n_ops=19 err=False final=Francisco Guterres
[1218/2417  50.4% elapsed=23m23s eta=23m02s] id=3hop1__106847_160713_77246 em=0 f1=0.00 n_ops=19 err=False final=Al-Hind
[1219/2417  50.4% elapsed=23m29s eta=23m05s] id=3hop1__106688_160713_77246 em=0 f1=0.00 n_ops=15 err=True final=
[1220/2417  50.5% elapsed=23m29s eta=23m03s] id=3hop1__53690_161697_49779 em=1 f1=1.00 n_ops=19 err=False final=Chris Harrison
[1221/2417  50.5% elapsed=23m30s eta=23m01s] id=3hop1__379315_160713_77246 em=0 f1=0.00 n_ops=19 err=False final=Al-Hind
[1222/2417  50.6% elapsed=23m30s eta=22m59s] id=3hop1__53690_161697_73916 em=0 f1=0.00 n_ops=19 err=False final=72641
[1223/2417  50.6% elapsed=23m30s eta=22m57s] id=3hop1__23444_160713_77246 em=0 f1=0.00 n_ops=15 err=True final=
[1224/2417  50.6% elapsed=23m38s eta=23m02s] id=3hop1__507961_160713_77246 em=0 f1=0.00 n_ops=19 err=False final=Hinduism
[1225/2417  50.7% elapsed=23m39s eta=23m01s] id=3hop1__53690_161697_85460 em=0 f1=0.00 n_ops=19 err=False final=59039
[1226/2417  50.7% elapsed=23m41s eta=23m01s] id=3hop1__498954_160713_77246 em=0 f1=0.00 n_ops=19 err=False final=Hinduism
[1227/2417  50.8% elapsed=23m43s eta=23m00s] id=3hop1__694534_160088_85460 em=0 f1=0.00 n_ops=19 err=False final=59039
[1228/2417  50.8% elapsed=23m49s eta=23m03s] id=3hop1__694534_160088_49779 em=0 f1=0.00 n_ops=19 err=False final=Regis Philbin
[1229/2417  50.8% elapsed=23m49s eta=23m01s] id=3hop1__622497_160088_73916 em=0 f1=0.00 n_ops=19 err=False final=72641
[1230/2417  50.9% elapsed=23m50s eta=23m00s] id=3hop1__475351_160713_77246 em=0 f1=0.00 n_ops=19 err=False final=Al-Hind
[1231/2417  50.9% elapsed=23m51s eta=22m59s] id=3hop1__622497_160088_85460 em=0 f1=0.00 n_ops=19 err=False final=59039
[1232/2417  51.0% elapsed=23m52s eta=22m58s] id=3hop1__536452_15840_36002 em=0 f1=0.00 n_ops=19 err=False final=Super Nintendo Entertainment System
[1233/2417  51.0% elapsed=23m53s eta=22m56s] id=3hop1__105837_160713_77246 em=0 f1=0.00 n_ops=19 err=False final=ocean
[1234/2417  51.1% elapsed=23m54s eta=22m55s] id=3hop1__848113_15840_36002 em=1 f1=1.00 n_ops=19 err=False final=16-bit architecture
[1235/2417  51.1% elapsed=23m55s eta=22m53s] id=3hop1__694534_160088_821792 em=0 f1=0.60 n_ops=19 err=False final=Min Zhou and Carl L. Bankston III
[1236/2417  51.1% elapsed=23m55s eta=22m51s] id=3hop1__850160_15840_36002 em=1 f1=1.00 n_ops=19 err=False final=16-bit architecture
[1237/2417  51.2% elapsed=23m57s eta=22m51s] id=3hop1__582007_160713_77246 em=0 f1=0.00 n_ops=19 err=False final=Hinduism
[1238/2417  51.2% elapsed=23m58s eta=22m50s] id=3hop1__106864_160713_77246 em=0 f1=0.00 n_ops=15 err=True final=
[1239/2417  51.3% elapsed=23m59s eta=22m48s] id=3hop1__30885_160713_77246 em=0 f1=0.00 n_ops=15 err=True final=
[1240/2417  51.3% elapsed=23m59s eta=22m46s] id=3hop1__239036_15840_36002 em=0 f1=0.00 n_ops=19 err=False final=No information available
[1241/2417  51.3% elapsed=23m59s eta=22m44s] id=3hop1__107195_160713_77246 em=0 f1=0.00 n_ops=15 err=True final=
[1242/2417  51.4% elapsed=24m00s eta=22m42s] id=3hop1__791757_15840_36002 em=0 f1=0.11 n_ops=19 err=False final=Larger game library and lower price point
[1243/2417  51.4% elapsed=24m02s eta=22m42s] id=3hop1__804367_160713_77246 em=0 f1=0.00 n_ops=19 err=False final=Hindu
[1244/2417  51.5% elapsed=24m02s eta=22m40s] id=3hop1__835193_160713_77246 em=0 f1=0.00 n_ops=19 err=False final=Islam
[1245/2417  51.5% elapsed=24m03s eta=22m38s] id=3hop1__309596_160713_77246 em=0 f1=0.00 n_ops=19 err=False final=Hindu
[1246/2417  51.6% elapsed=24m03s eta=22m36s] id=3hop1__694534_160088_73916 em=0 f1=0.00 n_ops=15 err=True final=
[1247/2417  51.6% elapsed=24m04s eta=22m35s] id=3hop1__649930_15840_36002 em=0 f1=0.53 n_ops=19 err=False final=Improved graphics and sound
[1248/2417  51.6% elapsed=24m04s eta=22m33s] id=3hop1__374018_160713_77246 em=0 f1=0.00 n_ops=19 err=False final=Hindu
[1249/2417  51.7% elapsed=24m05s eta=22m31s] id=3hop1__376309_160713_77246 em=0 f1=0.00 n_ops=19 err=False final=Hinduism
[1250/2417  51.7% elapsed=24m05s eta=22m29s] id=3hop1__104996_160713_77246 em=0 f1=0.00 n_ops=19 err=False final=Hindu
[1251/2417  51.8% elapsed=24m07s eta=22m29s] id=3hop1__836699_15840_36002 em=0 f1=0.10 n_ops=19 err=False final=Larger game library, lower price point, and more mature titl
[1252/2417  51.8% elapsed=24m09s eta=22m29s] id=3hop1__418091_15840_36002 em=1 f1=1.00 n_ops=19 err=False final=16-bit architecture
[1253/2417  51.8% elapsed=24m14s eta=22m30s] id=3hop1__632623_160713_77246 em=0 f1=0.00 n_ops=19 err=False final=peace
[1254/2417  51.9% elapsed=24m16s eta=22m30s] id=3hop1__469478_15840_36002 em=0 f1=0.53 n_ops=19 err=False final=Improved graphics and sound
[1255/2417  51.9% elapsed=24m17s eta=22m29s] id=3hop1__346812_15840_36002 em=0 f1=0.00 n_ops=19 err=False final=Lower price point
[1256/2417  52.0% elapsed=24m20s eta=22m30s] id=3hop1__622497_160088_821792 em=0 f1=0.60 n_ops=19 err=False final=Min Zhou and Carl L. Bankston III
[1257/2417  52.0% elapsed=24m25s eta=22m32s] id=3hop1__622497_160088_49779 em=1 f1=1.00 n_ops=19 err=False final=Chris Harrison
[1258/2417  52.0% elapsed=24m34s eta=22m38s] id=3hop2__304722_397371_63959 em=0 f1=0.00 n_ops=19 err=False final=Unknown
[1259/2417  52.1% elapsed=24m35s eta=22m37s] id=3hop2__304722_590317_63959 em=0 f1=0.00 n_ops=19 err=False final=1988-89
[1260/2417  52.1% elapsed=24m39s eta=22m38s] id=3hop1__765847_831637_91775 em=1 f1=1.00 n_ops=19 err=False final=Sea, Air, and Land
[1261/2417  52.2% elapsed=24m46s eta=22m43s] id=3hop1__691197_15840_36002 em=0 f1=0.00 n_ops=19 err=False final=lower price point
[1262/2417  52.2% elapsed=24m47s eta=22m41s] id=3hop1__742464_15840_36002 em=1 f1=1.00 n_ops=19 err=False final=16-bit architecture
[1263/2417  52.3% elapsed=24m48s eta=22m40s] id=3hop1__251085_831637_91775 em=1 f1=1.00 n_ops=19 err=False final=Sea, Air, and Land
[1264/2417  52.3% elapsed=24m50s eta=22m39s] id=3hop1__239036_15840_36014 em=0 f1=0.00 n_ops=19 err=False final=5 games per year
[1265/2417  52.3% elapsed=24m50s eta=22m37s] id=3hop1__380590_831637_91775 em=1 f1=1.00 n_ops=19 err=False final=Sea, Air, and Land
[1266/2417  52.4% elapsed=24m51s eta=22m35s] id=3hop1__534450_831637_91775 em=1 f1=1.00 n_ops=19 err=False final=Sea, Air, and Land
[1267/2417  52.4% elapsed=24m55s eta=22m37s] id=3hop1__831162_831637_91775 em=1 f1=1.00 n_ops=19 err=False final=Sea, Air, and Land
[1268/2417  52.5% elapsed=24m58s eta=22m37s] id=3hop1__837871_831637_91775 em=0 f1=0.00 n_ops=19 err=False final=Special Operations
[1269/2417  52.5% elapsed=25m02s eta=22m39s] id=3hop1__469478_15840_36014 em=0 f1=0.00 n_ops=19 err=False final=5
[1270/2417  52.5% elapsed=25m04s eta=22m39s] id=3hop1__742464_15840_36014 em=1 f1=1.00 n_ops=19 err=False final=five
[1271/2417  52.6% elapsed=25m06s eta=22m38s] id=3hop1__791757_15840_36014 em=0 f1=0.00 n_ops=19 err=False final=5
[1272/2417  52.6% elapsed=25m07s eta=22m36s] id=3hop1__536452_15840_36014 em=0 f1=0.00 n_ops=19 err=False final=5
[1273/2417  52.7% elapsed=25m16s eta=22m42s] id=3hop1__836699_15840_36014 em=0 f1=0.00 n_ops=19 err=False final=5
[1274/2417  52.7% elapsed=25m16s eta=22m40s] id=3hop1__848113_15840_36014 em=0 f1=0.00 n_ops=19 err=False final=5
[1275/2417  52.8% elapsed=25m17s eta=22m38s] id=3hop1__418091_15840_36014 em=0 f1=0.00 n_ops=19 err=False final=5
[1276/2417  52.8% elapsed=25m17s eta=22m36s] id=3hop1__850160_15840_36014 em=0 f1=0.00 n_ops=19 err=False final=5
[1277/2417  52.8% elapsed=25m17s eta=22m34s] id=3hop1__346812_15840_36014 em=0 f1=0.00 n_ops=19 err=False final=5
[1278/2417  52.9% elapsed=25m18s eta=22m33s] id=3hop2__304722_423353_63959 em=0 f1=0.00 n_ops=19 err=False final=Unknown
[1279/2417  52.9% elapsed=25m21s eta=22m34s] id=3hop2__304722_796034_63959 em=0 f1=0.00 n_ops=15 err=True final=
[1280/2417  53.0% elapsed=25m22s eta=22m32s] id=3hop1__756602_831637_91775 em=1 f1=1.00 n_ops=19 err=False final=Sea, Air, and Land
[1281/2417  53.0% elapsed=25m23s eta=22m31s] id=3hop1__691197_15840_36014 em=0 f1=0.00 n_ops=19 err=False final=5
[1282/2417  53.0% elapsed=25m24s eta=22m30s] id=3hop2__304722_526346_63959 em=0 f1=0.00 n_ops=19 err=False final=1995
[1283/2417  53.1% elapsed=25m25s eta=22m28s] id=3hop2__304722_591230_63959 em=0 f1=0.00 n_ops=19 err=False final=Unable to determine
[1284/2417  53.1% elapsed=25m27s eta=22m27s] id=3hop2__304722_602987_63959 em=0 f1=0.00 n_ops=19 err=False final=Unknown
[1285/2417  53.2% elapsed=25m33s eta=22m30s] id=3hop1__673934_831637_91775 em=1 f1=1.00 n_ops=19 err=False final=Sea, Air, and Land
[1286/2417  53.2% elapsed=25m34s eta=22m29s] id=3hop2__304722_747004_63959 em=0 f1=0.00 n_ops=19 err=False final=Not available in provided information
[1287/2417  53.2% elapsed=25m35s eta=22m27s] id=3hop2__304722_230978_63959 em=0 f1=0.00 n_ops=19 err=False final=1894–95
[1288/2417  53.3% elapsed=25m35s eta=22m26s] id=3hop2__304722_740784_63959 em=0 f1=0.00 n_ops=19 err=False final=1985
[1289/2417  53.3% elapsed=25m37s eta=22m25s] id=3hop1__324448_831637_91775 em=1 f1=1.00 n_ops=19 err=False final=Sea, Air, and Land
[1290/2417  53.4% elapsed=25m38s eta=22m24s] id=3hop1__786632_831637_91775 em=1 f1=1.00 n_ops=19 err=False final=Sea, Air, and Land
[1291/2417  53.4% elapsed=25m38s eta=22m22s] id=3hop1__346416_831637_91775 em=1 f1=1.00 n_ops=19 err=False final=Sea, Air, and Land
[1292/2417  53.5% elapsed=25m38s eta=22m20s] id=3hop1__754160_831637_91775 em=0 f1=0.00 n_ops=19 err=False final=Navy SEALs
[1293/2417  53.5% elapsed=25m39s eta=22m18s] id=3hop2__304722_692815_63959 em=0 f1=0.00 n_ops=15 err=True final=
[1294/2417  53.5% elapsed=25m40s eta=22m16s] id=3hop2__304722_398767_63959 em=0 f1=0.00 n_ops=19 err=False final=Not available
[1295/2417  53.6% elapsed=25m41s eta=22m15s] id=3hop2__304722_203717_63959 em=0 f1=0.00 n_ops=15 err=True final=
[1296/2417  53.6% elapsed=25m45s eta=22m17s] id=3hop2__304722_781203_63959 em=0 f1=0.00 n_ops=19 err=False final=1894-95
[1297/2417  53.7% elapsed=25m46s eta=22m15s] id=3hop2__304722_372858_63959 em=0 f1=0.00 n_ops=19 err=False final=Unknown
[1298/2417  53.7% elapsed=25m47s eta=22m14s] id=3hop2__304722_297619_63959 em=0 f1=0.00 n_ops=19 err=False final=5 November 1887
[1299/2417  53.7% elapsed=25m48s eta=22m13s] id=3hop1__433054_831637_91775 em=1 f1=1.00 n_ops=19 err=False final=Sea, Air, and Land
[1300/2417  53.8% elapsed=25m49s eta=22m11s] id=3hop1__761225_831637_91775 em=0 f1=0.00 n_ops=19 err=False final=Navy SEALs
[1301/2417  53.8% elapsed=25m51s eta=22m10s] id=3hop2__304722_667199_63959 em=0 f1=0.00 n_ops=19 err=False final=1887
[1302/2417  53.9% elapsed=25m51s eta=22m08s] id=3hop1__255970_831637_91775 em=1 f1=1.00 n_ops=19 err=False final=Sea, Air, and Land
[1303/2417  53.9% elapsed=25m52s eta=22m07s] id=3hop1__838590_831637_91775 em=1 f1=1.00 n_ops=19 err=False final=Sea, Air, and Land
[1304/2417  54.0% elapsed=25m53s eta=22m05s] id=3hop1__518381_709625_84283 em=1 f1=1.00 n_ops=19 err=False final=Warner Music Group
[1305/2417  54.0% elapsed=25m54s eta=22m04s] id=3hop1__462125_538202_84283 em=0 f1=0.00 n_ops=19 err=False final=Mercury Nashville Records
[1306/2417  54.0% elapsed=25m54s eta=22m02s] id=3hop1__524212_831637_91775 em=1 f1=1.00 n_ops=19 err=False final=Sea, Air, and Land
[1307/2417  54.1% elapsed=25m55s eta=22m01s] id=3hop1__695430_831637_91775 em=1 f1=1.00 n_ops=19 err=False final=Sea, Air, and Land
[1308/2417  54.1% elapsed=25m57s eta=22m00s] id=3hop1__797496_831637_91775 em=0 f1=0.00 n_ops=19 err=False final=HMS Seal (1897)
[1309/2417  54.2% elapsed=25m58s eta=21m58s] id=3hop1__511157_709625_84283 em=0 f1=0.00 n_ops=19 err=False final=Bob McNair
[1310/2417  54.2% elapsed=25m58s eta=21m57s] id=3hop1__232315_831637_91775 em=1 f1=1.00 n_ops=19 err=False final=Sea, Air, and Land
[1311/2417  54.2% elapsed=25m59s eta=21m55s] id=3hop1__699454_831637_91775 em=1 f1=1.00 n_ops=19 err=False final=Sea, Air, and Land
[1312/2417  54.3% elapsed=25m59s eta=21m53s] id=3hop1__406043_831637_91775 em=0 f1=0.00 n_ops=19 err=False final=Naval Seal
[1313/2417  54.3% elapsed=26m00s eta=21m51s] id=3hop2__304722_330033_63959 em=0 f1=0.00 n_ops=15 err=True final=
[1314/2417  54.4% elapsed=26m00s eta=21m50s] id=3hop1__830700_538202_84283 em=1 f1=1.00 n_ops=19 err=False final=Warner Music Group
[1315/2417  54.4% elapsed=26m02s eta=21m49s] id=3hop1__480375_709625_84283 em=0 f1=0.40 n_ops=19 err=False final=Warner Bros. Records
[1316/2417  54.4% elapsed=26m03s eta=21m48s] id=3hop1__829944_474097_84283 em=1 f1=1.00 n_ops=19 err=False final=Warner Music Group
[1317/2417  54.5% elapsed=26m05s eta=21m47s] id=3hop1__742780_567566_84283 em=1 f1=1.00 n_ops=19 err=False final=Warner Music Group
[1318/2417  54.5% elapsed=26m06s eta=21m45s] id=3hop1__226638_538202_84283 em=1 f1=1.00 n_ops=19 err=False final=Warner Music Group
[1319/2417  54.6% elapsed=26m06s eta=21m43s] id=3hop1__529164_567566_84283 em=0 f1=0.40 n_ops=19 err=False final=Warner Bros. Records
[1320/2417  54.6% elapsed=26m07s eta=21m42s] id=3hop1__459153_544076_84283 em=1 f1=1.00 n_ops=19 err=False final=Warner Music Group
[1321/2417  54.7% elapsed=26m08s eta=21m41s] id=3hop2__304722_689786_63959 em=0 f1=0.00 n_ops=19 err=False final=Cannot determine
[1322/2417  54.7% elapsed=26m08s eta=21m39s] id=3hop2__304722_238553_63959 em=0 f1=0.00 n_ops=19 err=False final=1894-95
[1323/2417  54.7% elapsed=26m08s eta=21m37s] id=3hop2__304722_466316_63959 em=0 f1=0.00 n_ops=19 err=False final=11 September 1894
[1324/2417  54.8% elapsed=26m09s eta=21m35s] id=3hop1__568951_567566_84283 em=0 f1=0.40 n_ops=19 err=False final=Warner Bros. Records
[1325/2417  54.8% elapsed=26m09s eta=21m33s] id=3hop1__389761_567566_84283 em=0 f1=0.40 n_ops=19 err=False final=Warner Bros. Records
[1326/2417  54.9% elapsed=26m11s eta=21m33s] id=3hop1__326941_366209_84283 em=1 f1=1.00 n_ops=19 err=False final=Warner Music Group
[1327/2417  54.9% elapsed=26m12s eta=21m32s] id=3hop1__390489_502967_84283 em=1 f1=1.00 n_ops=19 err=False final=Warner Music Group
[1328/2417  54.9% elapsed=26m13s eta=21m30s] id=3hop2__304722_582839_63959 em=0 f1=0.00 n_ops=19 err=False final=Not available
[1329/2417  55.0% elapsed=26m17s eta=21m31s] id=3hop1__285585_538202_84283 em=1 f1=1.00 n_ops=19 err=False final=Warner Music Group
[1330/2417  55.0% elapsed=26m18s eta=21m30s] id=3hop1__198276_709625_84283 em=1 f1=1.00 n_ops=19 err=False final=Warner Music Group
[1331/2417  55.1% elapsed=26m19s eta=21m28s] id=3hop1__287291_375759_84283 em=0 f1=0.00 n_ops=19 err=False final=Eye Reckon Records
[1332/2417  55.1% elapsed=26m20s eta=21m27s] id=3hop1__816887_127905_80286 em=1 f1=1.00 n_ops=19 err=False final=Pete Rose
[1333/2417  55.2% elapsed=26m21s eta=21m25s] id=3hop1__617062_127905_92225 em=0 f1=0.80 n_ops=19 err=False final=March 29
[1334/2417  55.2% elapsed=26m26s eta=21m28s] id=3hop1__617062_127905_80286 em=1 f1=1.00 n_ops=19 err=False final=Pete Rose
[1335/2417  55.2% elapsed=26m27s eta=21m26s] id=3hop1__617062_127905_46894 em=0 f1=0.00 n_ops=19 err=False final=0.179
[1336/2417  55.3% elapsed=26m28s eta=21m25s] id=3hop1__617062_127905_87812 em=0 f1=0.80 n_ops=19 err=False final=March 29
[1337/2417  55.3% elapsed=26m28s eta=21m23s] id=3hop1__617062_127905_46748 em=0 f1=0.00 n_ops=19 err=False final=Cannot determine
[1338/2417  55.4% elapsed=26m28s eta=21m21s] id=3hop1__210639_147339_51423 em=1 f1=1.00 n_ops=19 err=False final=Casa Loma
[1339/2417  55.4% elapsed=26m29s eta=21m19s] id=3hop1__389955_132457_47686 em=1 f1=1.00 n_ops=19 err=False final=Toronto Coach Terminal
[1340/2417  55.4% elapsed=26m31s eta=21m19s] id=3hop1__337705_132457_47686 em=1 f1=1.00 n_ops=19 err=False final=Toronto Coach Terminal
[1341/2417  55.5% elapsed=26m31s eta=21m17s] id=3hop1__726561_132457_47686 em=1 f1=1.00 n_ops=19 err=False final=Toronto Coach Terminal
[1342/2417  55.5% elapsed=26m32s eta=21m15s] id=3hop1__617062_127905_86588 em=0 f1=0.50 n_ops=19 err=False final=575 feet (175 m)
[1343/2417  55.6% elapsed=26m32s eta=21m13s] id=3hop1__389069_132457_47686 em=1 f1=1.00 n_ops=19 err=False final=Toronto Coach Terminal
[1344/2417  55.6% elapsed=26m33s eta=21m12s] id=3hop2__31398_2130_2232 em=0 f1=0.57 n_ops=19 err=False final=New York Cosmos
[1345/2417  55.6% elapsed=26m33s eta=21m10s] id=3hop1__617062_127905_80487 em=0 f1=0.00 n_ops=15 err=True final=
[1346/2417  55.7% elapsed=26m35s eta=21m09s] id=3hop1__617062_127905_67954 em=0 f1=0.00 n_ops=15 err=True final=
[1347/2417  55.7% elapsed=26m37s eta=21m09s] id=3hop1__617062_127905_54974 em=0 f1=0.29 n_ops=19 err=False final=582 feet (177 m)
[1348/2417  55.8% elapsed=26m38s eta=21m07s] id=3hop1__798544_514761_594810 em=0 f1=0.00 n_ops=19 err=False final=1995
[1349/2417  55.8% elapsed=26m40s eta=21m07s] id=3hop1__389069_132457_51423 em=1 f1=1.00 n_ops=19 err=False final=Casa Loma
[1350/2417  55.9% elapsed=26m40s eta=21m05s] id=3hop1__389955_132457_51423 em=1 f1=1.00 n_ops=19 err=False final=Casa Loma
[1351/2417  55.9% elapsed=26m41s eta=21m03s] id=3hop1__92788_648104_13493 em=1 f1=1.00 n_ops=19 err=False final=continental treble
[1352/2417  55.9% elapsed=26m41s eta=21m01s] id=3hop1__83970_685536_47686 em=1 f1=1.00 n_ops=19 err=False final=Toronto Coach Terminal
[1353/2417  56.0% elapsed=26m42s eta=21m00s] id=3hop1__210639_147339_47686 em=1 f1=1.00 n_ops=19 err=False final=Toronto Coach Terminal
[1354/2417  56.0% elapsed=26m42s eta=20m58s] id=3hop1__401538_132457_47686 em=1 f1=1.00 n_ops=19 err=False final=Toronto Coach Terminal
[1355/2417  56.1% elapsed=26m43s eta=20m56s] id=3hop1__337705_132457_51423 em=1 f1=1.00 n_ops=19 err=False final=Casa Loma
[1356/2417  56.1% elapsed=26m43s eta=20m55s] id=3hop1__401538_132457_51423 em=1 f1=1.00 n_ops=19 err=False final=Casa Loma
[1357/2417  56.1% elapsed=26m52s eta=20m59s] id=3hop1__572324_568433_51423 em=1 f1=1.00 n_ops=19 err=False final=Casa Loma
[1358/2417  56.2% elapsed=26m52s eta=20m57s] id=3hop1__305566_568433_51423 em=0 f1=0.00 n_ops=19 err=False final=Unknown
[1359/2417  56.2% elapsed=26m53s eta=20m55s] id=3hop1__671542_665330_47686 em=1 f1=1.00 n_ops=19 err=False final=Toronto Coach Terminal
[1360/2417  56.3% elapsed=26m56s eta=20m56s] id=3hop1__90327_78276_68042 em=0 f1=0.67 n_ops=19 err=False final=2010
[1361/2417  56.3% elapsed=26m56s eta=20m54s] id=3hop1__506062_792411_51423 em=0 f1=0.00 n_ops=19 err=False final=Katzenstein Castle
[1362/2417  56.4% elapsed=26m56s eta=20m52s] id=3hop1__458916_651917_47686 em=0 f1=0.33 n_ops=19 err=False final=Philadelphia Greyhound Terminal
[1363/2417  56.4% elapsed=26m57s eta=20m50s] id=3hop2__87184_90327_76291 em=0 f1=0.67 n_ops=19 err=False final=2015
[1364/2417  56.4% elapsed=26m57s eta=20m49s] id=3hop1__305566_568433_47686 em=0 f1=0.00 n_ops=19 err=False final=Philadelphia
[1365/2417  56.5% elapsed=27m04s eta=20m52s] id=3hop1__671542_665330_51423 em=1 f1=1.00 n_ops=19 err=False final=Casa Loma
[1366/2417  56.5% elapsed=27m04s eta=20m50s] id=3hop1__38738_73181_68042 em=0 f1=0.67 n_ops=19 err=False final=2010
[1367/2417  56.6% elapsed=27m05s eta=20m48s] id=3hop1__540585_568433_51423 em=0 f1=0.00 n_ops=19 err=False final=Katzenstein Castle
[1368/2417  56.6% elapsed=27m06s eta=20m47s] id=3hop1__862117_792411_51423 em=1 f1=1.00 n_ops=19 err=False final=Casa Loma
[1369/2417  56.6% elapsed=27m07s eta=20m45s] id=3hop1__702699_792411_51423 em=1 f1=1.00 n_ops=19 err=False final=Casa Loma
[1370/2417  56.7% elapsed=27m08s eta=20m44s] id=3hop1__540585_568433_47686 em=0 f1=0.33 n_ops=19 err=False final=Philadelphia Greyhound Terminal
[1371/2417  56.7% elapsed=27m08s eta=20m42s] id=3hop1__458916_665330_51423 em=1 f1=1.00 n_ops=19 err=False final=Casa Loma
[1372/2417  56.8% elapsed=27m09s eta=20m41s] id=3hop1__458916_665330_47686 em=1 f1=1.00 n_ops=19 err=False final=Toronto Coach Terminal
[1373/2417  56.8% elapsed=27m10s eta=20m39s] id=3hop1__92991_73181_68042 em=0 f1=0.00 n_ops=19 err=False final=2015
[1374/2417  56.8% elapsed=27m11s eta=20m38s] id=3hop1__602329_792411_51423 em=1 f1=1.00 n_ops=19 err=False final=Casa Loma
[1375/2417  56.9% elapsed=27m14s eta=20m38s] id=3hop2__92991_27069_76291 em=1 f1=1.00 n_ops=19 err=False final=January 2015
[1376/2417  56.9% elapsed=27m14s eta=20m36s] id=3hop1__671542_651917_47686 em=0 f1=0.33 n_ops=19 err=False final=Philadelphia Greyhound Terminal
[1377/2417  57.0% elapsed=27m14s eta=20m34s] id=3hop2__89854_38738_76291 em=0 f1=0.67 n_ops=19 err=False final=2015
[1378/2417  57.0% elapsed=27m18s eta=20m35s] id=3hop2__92991_87184_76291 em=0 f1=0.67 n_ops=19 err=False final=2015
[1379/2417  57.1% elapsed=27m18s eta=20m33s] id=3hop1__274148_792411_51423 em=0 f1=0.00 n_ops=19 err=False final=Unknown
[1380/2417  57.1% elapsed=27m19s eta=20m32s] id=3hop1__241001_568433_47686 em=1 f1=1.00 n_ops=19 err=False final=Toronto Coach Terminal
[1381/2417  57.1% elapsed=27m19s eta=20m30s] id=3hop2__27069_92991_76291 em=0 f1=0.67 n_ops=19 err=False final=2015
[1382/2417  57.2% elapsed=27m21s eta=20m29s] id=3hop1__715607_792411_51423 em=1 f1=1.00 n_ops=19 err=False final=Casa Loma
[1383/2417  57.2% elapsed=27m21s eta=20m27s] id=3hop2__38242_92991_76291 em=0 f1=0.00 n_ops=19 err=False final=1954
[1384/2417  57.3% elapsed=27m22s eta=20m25s] id=3hop1__726561_132457_51423 em=1 f1=1.00 n_ops=19 err=False final=Casa Loma
[1385/2417  57.3% elapsed=27m23s eta=20m24s] id=3hop2__92991_89854_76291 em=0 f1=0.67 n_ops=19 err=False final=2015
[1386/2417  57.3% elapsed=27m26s eta=20m24s] id=3hop1__307152_400692_51423 em=1 f1=1.00 n_ops=19 err=False final=Casa Loma
[1387/2417  57.4% elapsed=27m27s eta=20m23s] id=3hop2__87184_38738_76291 em=0 f1=0.67 n_ops=19 err=False final=2015
[1388/2417  57.4% elapsed=27m28s eta=20m22s] id=3hop1__699507_792411_51423 em=1 f1=1.00 n_ops=19 err=False final=Casa Loma
[1389/2417  57.5% elapsed=27m28s eta=20m20s] id=3hop1__572324_568433_47686 em=0 f1=0.00 n_ops=19 err=False final=Philadelphia
[1390/2417  57.5% elapsed=27m30s eta=20m19s] id=3hop1__90327_73181_68042 em=0 f1=0.67 n_ops=19 err=False final=2010
[1391/2417  57.6% elapsed=27m33s eta=20m19s] id=3hop1__241001_568433_51423 em=0 f1=0.00 n_ops=19 err=False final=Marksburg Castle
[1392/2417  57.6% elapsed=27m34s eta=20m18s] id=3hop2__92991_72083_76291 em=0 f1=0.00 n_ops=19 err=False final=1946
[1393/2417  57.6% elapsed=27m36s eta=20m18s] id=3hop1__36497_78276_68042 em=0 f1=0.67 n_ops=19 err=False final=2010
[1394/2417  57.7% elapsed=27m40s eta=20m18s] id=3hop1__587540_514761_594810 em=0 f1=0.00 n_ops=19 err=False final=unknown
[1395/2417  57.7% elapsed=27m43s eta=20m18s] id=3hop1__747772_514761_594810 em=0 f1=0.00 n_ops=19 err=False final=MCA Nashville
[1396/2417  57.8% elapsed=27m46s eta=20m19s] id=3hop2__90327_87184_76291 em=0 f1=0.67 n_ops=19 err=False final=2015
[1397/2417  57.8% elapsed=27m47s eta=20m17s] id=3hop2__72083_92991_76291 em=0 f1=0.00 n_ops=19 err=False final=1946
[1398/2417  57.8% elapsed=27m48s eta=20m16s] id=3hop2__87184_36497_76291 em=0 f1=0.00 n_ops=19 err=False final=2017
[1399/2417  57.9% elapsed=27m50s eta=20m15s] id=3hop2__89854_92991_76291 em=0 f1=0.67 n_ops=19 err=False final=2015
[1400/2417  57.9% elapsed=27m50s eta=20m13s] id=3hop2__89854_36497_76291 em=0 f1=0.67 n_ops=19 err=False final=2015
[1401/2417  58.0% elapsed=27m51s eta=20m12s] id=3hop2__87184_92991_76291 em=0 f1=0.67 n_ops=19 err=False final=2015
[1402/2417  58.0% elapsed=27m53s eta=20m11s] id=3hop1__92991_78276_68042 em=0 f1=0.00 n_ops=19 err=False final=2014
[1403/2417  58.0% elapsed=27m56s eta=20m11s] id=3hop2__92991_38242_76291 em=0 f1=0.00 n_ops=19 err=False final=1954
[1404/2417  58.1% elapsed=27m58s eta=20m10s] id=3hop2__38326_92991_76291 em=0 f1=0.67 n_ops=19 err=False final=2015
[1405/2417  58.1% elapsed=28m00s eta=20m10s] id=3hop2__92991_38326_76291 em=0 f1=0.67 n_ops=19 err=False final=2015
[1406/2417  58.2% elapsed=28m03s eta=20m10s] id=3hop1__132795_40769_64047 em=0 f1=0.29 n_ops=19 err=False final=2012
[1407/2417  58.2% elapsed=28m03s eta=20m08s] id=3hop1__593597_40769_64047 em=0 f1=0.29 n_ops=19 err=False final=2012
[1408/2417  58.3% elapsed=28m03s eta=20m06s] id=3hop2__92991_28727_76291 em=0 f1=0.00 n_ops=19 err=False final=2018
[1409/2417  58.3% elapsed=28m03s eta=20m04s] id=3hop2__89854_90327_76291 em=0 f1=0.67 n_ops=19 err=False final=2015
[1410/2417  58.3% elapsed=28m03s eta=20m02s] id=3hop1__132967_40769_64047 em=0 f1=0.29 n_ops=19 err=False final=2012
[1411/2417  58.4% elapsed=28m04s eta=20m00s] id=3hop2__831456_467331_162182 em=0 f1=0.00 n_ops=19 err=False final=Vietnam
[1412/2417  58.4% elapsed=28m04s eta=19m59s] id=3hop1__617062_127905_48717 em=0 f1=0.00 n_ops=15 err=True final=
[1413/2417  58.5% elapsed=28m04s eta=19m57s] id=3hop2__36497_89854_76291 em=0 f1=0.67 n_ops=19 err=False final=2015
[1414/2417  58.5% elapsed=28m05s eta=19m55s] id=3hop1__132968_40769_64047 em=0 f1=0.29 n_ops=19 err=False final=2012
[1415/2417  58.5% elapsed=28m05s eta=19m53s] id=3hop1__90327_83076_319330 em=1 f1=1.00 n_ops=19 err=False final=Jessie Woodrow Wilson Sayre
[1416/2417  58.6% elapsed=28m05s eta=19m51s] id=3hop1__38738_78276_68042 em=0 f1=0.67 n_ops=19 err=False final=2010
[1417/2417  58.6% elapsed=28m07s eta=19m50s] id=3hop1__254856_400692_51423 em=0 f1=0.00 n_ops=19 err=False final=Peterborough
[1418/2417  58.7% elapsed=28m07s eta=19m48s] id=3hop1__408237_400692_51423 em=0 f1=0.00 n_ops=19 err=False final=Unknown
[1419/2417  58.7% elapsed=28m08s eta=19m47s] id=3hop1__483843_40769_64047 em=0 f1=0.29 n_ops=19 err=False final=2012
[1420/2417  58.8% elapsed=28m08s eta=19m45s] id=3hop2__28727_92991_76291 em=0 f1=0.00 n_ops=19 err=False final=1964
[1421/2417  58.8% elapsed=28m09s eta=19m44s] id=3hop1__132798_40769_64047 em=0 f1=0.29 n_ops=19 err=False final=2012
[1422/2417  58.8% elapsed=28m09s eta=19m42s] id=3hop2__782397_223623_162182 em=1 f1=1.00 n_ops=19 err=False final=South Central Coast
[1423/2417  58.9% elapsed=28m10s eta=19m41s] id=3hop1__36497_73181_68042 em=0 f1=0.67 n_ops=19 err=False final=2010
[1424/2417  58.9% elapsed=28m13s eta=19m41s] id=3hop1__86965_488922_4093 em=0 f1=0.00 n_ops=19 err=False final=five years
[1425/2417  59.0% elapsed=28m14s eta=19m39s] id=3hop2__607269_467331_162182 em=1 f1=1.00 n_ops=19 err=False final=South Central Coast
[1426/2417  59.0% elapsed=28m16s eta=19m39s] id=3hop1__76377_40769_64047 em=0 f1=0.29 n_ops=19 err=False final=2012
[1427/2417  59.0% elapsed=28m19s eta=19m38s] id=3hop1__295815_40769_64047 em=0 f1=0.00 n_ops=19 err=False final=2011
[1428/2417  59.1% elapsed=28m22s eta=19m39s] id=3hop1__222979_40769_64047 em=0 f1=0.29 n_ops=19 err=False final=2012
[1429/2417  59.1% elapsed=28m23s eta=19m37s] id=3hop2__831456_223623_162182 em=1 f1=1.00 n_ops=19 err=False final=South Central Coast
[1430/2417  59.2% elapsed=28m23s eta=19m36s] id=3hop2__802066_223623_162182 em=0 f1=0.00 n_ops=19 err=False final=Southeast
[1431/2417  59.2% elapsed=28m26s eta=19m35s] id=3hop1__800948_40769_64047 em=0 f1=0.29 n_ops=19 err=False final=2012
[1432/2417  59.2% elapsed=28m28s eta=19m35s] id=3hop1__379231_40769_64047 em=0 f1=0.00 n_ops=19 err=False final=2010
[1433/2417  59.3% elapsed=28m29s eta=19m34s] id=3hop1__133292_40769_64047 em=0 f1=0.29 n_ops=19 err=False final=2012
[1434/2417  59.3% elapsed=28m30s eta=19m32s] id=3hop2__855821_467331_162182 em=1 f1=1.00 n_ops=19 err=False final=South Central Coast
[1435/2417  59.4% elapsed=28m32s eta=19m32s] id=3hop2__569322_223623_162182 em=1 f1=1.00 n_ops=19 err=False final=South Central Coast
[1436/2417  59.4% elapsed=28m34s eta=19m31s] id=3hop2__222979_132628_40768 em=0 f1=0.00 n_ops=19 err=False final=1980s
[1437/2417  59.5% elapsed=28m36s eta=19m30s] id=3hop2__222979_132957_40768 em=1 f1=1.00 n_ops=19 err=False final=1981
[1438/2417  59.5% elapsed=28m37s eta=19m29s] id=3hop2__132957_483843_40768 em=0 f1=0.00 n_ops=19 err=False final=1980s
[1439/2417  59.5% elapsed=28m38s eta=19m28s] id=3hop2__132957_800948_40768 em=0 f1=0.00 n_ops=19 err=False final=1980s
[1440/2417  59.6% elapsed=28m40s eta=19m27s] id=3hop2__132957_222979_40768 em=1 f1=1.00 n_ops=19 err=False final=1981
[1441/2417  59.6% elapsed=28m41s eta=19m25s] id=3hop2__222979_840908_40768 em=0 f1=0.00 n_ops=19 err=False final=1980s
[1442/2417  59.7% elapsed=28m41s eta=19m24s] id=3hop2__132957_593597_40768 em=0 f1=0.00 n_ops=19 err=False final=1980s
[1443/2417  59.7% elapsed=28m41s eta=19m22s] id=3hop1__51933_40769_64047 em=0 f1=0.29 n_ops=19 err=False final=2012
[1444/2417  59.7% elapsed=28m41s eta=19m20s] id=3hop2__132957_295815_40768 em=0 f1=0.00 n_ops=19 err=False final=1980s
[1445/2417  59.8% elapsed=28m42s eta=19m18s] id=3hop2__132957_133264_40768 em=0 f1=0.00 n_ops=19 err=False final=1980s
[1446/2417  59.8% elapsed=28m42s eta=19m17s] id=3hop2__132957_132967_40768 em=0 f1=0.00 n_ops=19 err=False final=1980s
[1447/2417  59.9% elapsed=28m42s eta=19m15s] id=3hop2__132957_433432_40768 em=1 f1=1.00 n_ops=19 err=False final=1981
[1448/2417  59.9% elapsed=28m43s eta=19m13s] id=3hop2__132957_133292_40768 em=0 f1=0.00 n_ops=19 err=False final=1980s
[1449/2417  60.0% elapsed=28m43s eta=19m11s] id=3hop2__222979_133099_40768 em=1 f1=1.00 n_ops=19 err=False final=1981
[1450/2417  60.0% elapsed=28m43s eta=19m09s] id=3hop1__52222_40769_64047 em=0 f1=0.29 n_ops=19 err=False final=2012
[1451/2417  60.0% elapsed=28m43s eta=19m07s] id=3hop2__132957_595371_40768 em=0 f1=0.00 n_ops=19 err=False final=1980s
[1452/2417  60.1% elapsed=28m44s eta=19m05s] id=3hop1__133264_40769_64047 em=0 f1=0.29 n_ops=19 err=False final=2012
[1453/2417  60.1% elapsed=28m45s eta=19m04s] id=3hop2__132957_132968_40768 em=1 f1=1.00 n_ops=19 err=False final=1981
[1454/2417  60.2% elapsed=28m45s eta=19m03s] id=3hop2__132957_379231_40768 em=0 f1=0.00 n_ops=19 err=False final=1980s
[1455/2417  60.2% elapsed=28m46s eta=19m01s] id=3hop1__595371_40769_64047 em=0 f1=0.29 n_ops=19 err=False final=2012
[1456/2417  60.2% elapsed=28m48s eta=19m00s] id=3hop1__617062_127905_89859 em=0 f1=0.00 n_ops=19 err=False final=October 17, 2017
[1457/2417  60.3% elapsed=28m53s eta=19m02s] id=3hop2__222979_132477_40768 em=1 f1=1.00 n_ops=19 err=False final=1981
[1458/2417  60.3% elapsed=28m53s eta=19m00s] id=3hop2__222979_380281_40768 em=0 f1=0.00 n_ops=19 err=False final=1980s
[1459/2417  60.4% elapsed=28m54s eta=18m58s] id=3hop2__132957_52222_40768 em=0 f1=0.00 n_ops=19 err=False final=1980s
[1460/2417  60.4% elapsed=28m55s eta=18m57s] id=3hop2__781093_223623_162182 em=0 f1=0.00 n_ops=19 err=False final=Northeast
[1461/2417  60.4% elapsed=28m55s eta=18m55s] id=3hop2__222979_132536_40768 em=0 f1=0.00 n_ops=19 err=False final=1980s
[1462/2417  60.5% elapsed=28m56s eta=18m54s] id=3hop2__222979_133154_40768 em=1 f1=1.00 n_ops=19 err=False final=1981
[1463/2417  60.5% elapsed=28m58s eta=18m53s] id=3hop2__132957_51933_40768 em=1 f1=1.00 n_ops=19 err=False final=1981
[1464/2417  60.6% elapsed=29m00s eta=18m52s] id=3hop2__855821_223623_162182 em=1 f1=1.00 n_ops=19 err=False final=South Central Coast
[1465/2417  60.6% elapsed=29m00s eta=18m51s] id=3hop2__132957_132798_40768 em=0 f1=0.00 n_ops=19 err=False final=1980s
[1466/2417  60.7% elapsed=29m00s eta=18m49s] id=3hop2__132957_76377_40768 em=1 f1=1.00 n_ops=19 err=False final=1981
[1467/2417  60.7% elapsed=29m02s eta=18m48s] id=3hop2__668732_223623_162182 em=1 f1=1.00 n_ops=19 err=False final=South Central Coast
[1468/2417  60.7% elapsed=29m04s eta=18m47s] id=3hop1__140855_2053_52946 em=0 f1=0.50 n_ops=19 err=False final=2018
[1469/2417  60.8% elapsed=29m04s eta=18m45s] id=3hop2__90327_89854_76291 em=0 f1=0.67 n_ops=19 err=False final=2015
[1470/2417  60.8% elapsed=29m05s eta=18m44s] id=3hop2__655849_467331_162182 em=0 f1=0.00 n_ops=19 err=False final=Vietnam
[1471/2417  60.9% elapsed=29m08s eta=18m44s] id=3hop2__565959_223623_162182 em=1 f1=1.00 n_ops=19 err=False final=South Central Coast
[1472/2417  60.9% elapsed=29m08s eta=18m42s] id=3hop2__792915_467331_162182 em=1 f1=1.00 n_ops=19 err=False final=South Central Coast
[1473/2417  60.9% elapsed=29m08s eta=18m41s] id=3hop1__140786_2053_5289 em=1 f1=1.00 n_ops=19 err=False final=Oriole Records
[1474/2417  61.0% elapsed=29m08s eta=18m39s] id=3hop2__565959_467331_162182 em=1 f1=1.00 n_ops=19 err=False final=South Central Coast
[1475/2417  61.0% elapsed=29m09s eta=18m37s] id=3hop2__569322_467331_162182 em=1 f1=1.00 n_ops=19 err=False final=South Central Coast
[1476/2417  61.1% elapsed=29m10s eta=18m36s] id=3hop1__120881_2053_52946 em=1 f1=1.00 n_ops=19 err=False final=February 7, 2018
[1477/2417  61.1% elapsed=29m10s eta=18m34s] id=3hop1__751782_2053_52946 em=1 f1=1.00 n_ops=19 err=False final=February 7, 2018
[1478/2417  61.2% elapsed=29m11s eta=18m32s] id=3hop2__655849_223623_162182 em=0 f1=0.67 n_ops=19 err=False final=North Central Coast
[1479/2417  61.2% elapsed=29m12s eta=18m31s] id=3hop2__607269_223623_162182 em=0 f1=0.00 n_ops=19 err=False final=Northeast
[1480/2417  61.2% elapsed=29m12s eta=18m29s] id=3hop2__668732_467331_162182 em=1 f1=1.00 n_ops=19 err=False final=South Central Coast
[1481/2417  61.3% elapsed=29m13s eta=18m28s] id=3hop1__140994_2053_52946 em=1 f1=1.00 n_ops=19 err=False final=February 7, 2018
[1482/2417  61.3% elapsed=29m13s eta=18m26s] id=3hop2__781093_467331_162182 em=0 f1=0.00 n_ops=19 err=False final=Northeast
[1483/2417  61.4% elapsed=29m15s eta=18m25s] id=3hop2__792915_223623_162182 em=1 f1=1.00 n_ops=19 err=False final=South Central Coast
[1484/2417  61.4% elapsed=29m15s eta=18m23s] id=3hop1__140554_2053_52946 em=0 f1=0.00 n_ops=19 err=False final=CBS
[1485/2417  61.4% elapsed=29m15s eta=18m22s] id=3hop1__545624_2053_52946 em=1 f1=1.00 n_ops=19 err=False final=February 7, 2018
[1486/2417  61.5% elapsed=29m16s eta=18m20s] id=3hop1__652852_2053_52946 em=1 f1=1.00 n_ops=19 err=False final=February 7, 2018
[1487/2417  61.5% elapsed=29m17s eta=18m19s] id=3hop1__141138_2053_5289 em=1 f1=1.00 n_ops=19 err=False final=Oriole Records
[1488/2417  61.6% elapsed=29m19s eta=18m18s] id=3hop1__140345_2053_5289 em=1 f1=1.00 n_ops=19 err=False final=Oriole Records
[1489/2417  61.6% elapsed=29m20s eta=18m17s] id=3hop2__782397_467331_162182 em=1 f1=1.00 n_ops=19 err=False final=South Central Coast
[1490/2417  61.6% elapsed=29m22s eta=18m16s] id=3hop1__140786_2053_52946 em=1 f1=1.00 n_ops=19 err=False final=February 7, 2018
[1491/2417  61.7% elapsed=29m25s eta=18m16s] id=3hop1__140554_2053_5289 em=1 f1=1.00 n_ops=19 err=False final=Oriole Records
[1492/2417  61.7% elapsed=29m27s eta=18m16s] id=3hop1__140855_2053_5289 em=1 f1=1.00 n_ops=19 err=False final=Oriole Records
[1493/2417  61.8% elapsed=29m29s eta=18m15s] id=3hop1__120881_2053_5289 em=1 f1=1.00 n_ops=19 err=False final=Oriole Records
[1494/2417  61.8% elapsed=29m31s eta=18m14s] id=3hop1__652852_2053_5289 em=1 f1=1.00 n_ops=19 err=False final=Oriole Records
[1495/2417  61.9% elapsed=29m31s eta=18m12s] id=3hop1__140345_2053_52946 em=0 f1=0.00 n_ops=19 err=False final=CBS
[1496/2417  61.9% elapsed=29m34s eta=18m12s] id=3hop1__545624_2053_5289 em=1 f1=1.00 n_ops=19 err=False final=Oriole Records
[1497/2417  61.9% elapsed=29m35s eta=18m11s] id=3hop1__102087_214799_259594 em=0 f1=0.00 n_ops=19 err=False final=GER
[1498/2417  62.0% elapsed=29m36s eta=18m10s] id=3hop1__751782_2053_5289 em=1 f1=1.00 n_ops=19 err=False final=Oriole Records
[1499/2417  62.0% elapsed=29m37s eta=18m08s] id=3hop1__140994_2053_5289 em=1 f1=1.00 n_ops=19 err=False final=Oriole Records
[1500/2417  62.1% elapsed=29m37s eta=18m06s] id=3hop1__139862_2053_52946 em=0 f1=0.50 n_ops=19 err=False final=2018
[1501/2417  62.1% elapsed=29m38s eta=18m05s] id=3hop1__664835_650651_7262 em=0 f1=0.00 n_ops=19 err=False final=Johnny Dare
[1502/2417  62.1% elapsed=29m38s eta=18m03s] id=3hop1__141138_2053_52946 em=1 f1=1.00 n_ops=19 err=False final=February 7, 2018
[1503/2417  62.2% elapsed=29m39s eta=18m02s] id=3hop1__104237_214799_259594 em=0 f1=0.00 n_ops=19 err=False final=DE
[1504/2417  62.2% elapsed=29m39s eta=18m00s] id=3hop1__106239_650651_7262 em=0 f1=0.00 n_ops=19 err=False final=Johnny Dare
[1505/2417  62.3% elapsed=29m39s eta=17m58s] id=3hop1__584774_131926_87157 em=0 f1=0.22 n_ops=19 err=False final=southwards
[1506/2417  62.3% elapsed=29m40s eta=17m57s] id=3hop1__139862_2053_5289 em=1 f1=1.00 n_ops=19 err=False final=Oriole Records
[1507/2417  62.4% elapsed=29m42s eta=17m56s] id=3hop1__131783_131926_89261 em=0 f1=0.80 n_ops=19 err=False final=Mississippi River
[1508/2417  62.4% elapsed=29m42s eta=17m54s] id=3hop1__103254_214799_259594 em=1 f1=1.00 n_ops=19 err=False final=East Germany
[1509/2417  62.4% elapsed=29m43s eta=17m53s] id=3hop1__377943_650651_7262 em=1 f1=1.00 n_ops=19 err=False final=Walter Sabo
[1510/2417  62.5% elapsed=29m43s eta=17m51s] id=3hop1__103197_214799_259594 em=1 f1=1.00 n_ops=19 err=False final=East Germany
[1511/2417  62.5% elapsed=29m44s eta=17m50s] id=3hop1__79039_131926_90707 em=0 f1=0.57 n_ops=19 err=False final=Cairo, Illinois
[1512/2417  62.6% elapsed=29m46s eta=17m49s] id=3hop1__152880_131926_89261 em=0 f1=0.00 n_ops=19 err=False final=Gulf of Mexico
[1513/2417  62.6% elapsed=29m46s eta=17m47s] id=3hop1__321720_650651_7262 em=0 f1=0.00 n_ops=19 err=False final=Johnny Dare
[1514/2417  62.6% elapsed=29m46s eta=17m45s] id=3hop1__131783_131926_90707 em=0 f1=0.00 n_ops=19 err=False final=Lake Calhoun
[1515/2417  62.7% elapsed=29m47s eta=17m44s] id=3hop1__635099_131926_87157 em=0 f1=0.00 n_ops=19 err=False final=southward
[1516/2417  62.7% elapsed=29m51s eta=17m45s] id=3hop1__79039_131926_89261 em=0 f1=0.00 n_ops=19 err=False final=Gulf of Mexico
[1517/2417  62.8% elapsed=29m52s eta=17m43s] id=3hop1__635099_131926_90707 em=0 f1=0.57 n_ops=19 err=False final=Cairo, Illinois
[1518/2417  62.8% elapsed=29m52s eta=17m41s] id=3hop1__174833_650651_7262 em=1 f1=1.00 n_ops=19 err=False final=Walter Sabo
[1519/2417  62.8% elapsed=29m52s eta=17m40s] id=3hop1__635099_131926_89261 em=0 f1=0.00 n_ops=19 err=False final=Gulf of Mexico
[1520/2417  62.9% elapsed=29m54s eta=17m39s] id=3hop1__131783_131926_87157 em=0 f1=0.22 n_ops=19 err=False final=southwards
[1521/2417  62.9% elapsed=29m54s eta=17m37s] id=3hop1__79039_131926_13165 em=0 f1=0.57 n_ops=19 err=False final=Treaty of Guadalupe Hidalgo
[1522/2417  63.0% elapsed=30m01s eta=17m39s] id=3hop1__152880_131926_87157 em=0 f1=0.00 n_ops=19 err=False final=north to south
[1523/2417  63.0% elapsed=30m02s eta=17m37s] id=3hop1__131783_131926_13165 em=0 f1=0.50 n_ops=19 err=False final=Treaty of Cession of Manuʻa
[1524/2417  63.1% elapsed=30m04s eta=17m37s] id=3hop1__152880_131926_90707 em=0 f1=0.57 n_ops=19 err=False final=Cairo, Illinois
[1525/2417  63.1% elapsed=30m05s eta=17m36s] id=3hop1__157177_625046_613900 em=0 f1=0.40 n_ops=19 err=False final=St. Louis County
[1526/2417  63.1% elapsed=30m07s eta=17m35s] id=3hop1__79039_131926_87157 em=0 f1=0.22 n_ops=19 err=False final=southwards
[1527/2417  63.2% elapsed=30m12s eta=17m36s] id=3hop1__635099_131926_13165 em=1 f1=1.00 n_ops=19 err=False final=Treaty of Paris
[1528/2417  63.2% elapsed=30m13s eta=17m35s] id=3hop2__125104_90098_10557 em=0 f1=0.00 n_ops=19 err=False final=forest
[1529/2417  63.3% elapsed=30m14s eta=17m33s] id=3hop2__156850_90098_10557 em=1 f1=1.00 n_ops=19 err=False final=Medieval Latin
[1530/2417  63.3% elapsed=30m14s eta=17m32s] id=3hop2__90098_125104_10557 em=1 f1=1.00 n_ops=19 err=False final=Medieval Latin
[1531/2417  63.3% elapsed=30m14s eta=17m30s] id=3hop2__90098_156850_10557 em=1 f1=1.00 n_ops=19 err=False final=Medieval Latin
[1532/2417  63.4% elapsed=30m15s eta=17m28s] id=3hop1__140514_2053_5289 em=1 f1=1.00 n_ops=19 err=False final=Oriole Records
[1533/2417  63.4% elapsed=30m15s eta=17m27s] id=3hop1__152880_131926_13165 em=0 f1=0.57 n_ops=19 err=False final=Treaty of Guadalupe Hidalgo
[1534/2417  63.5% elapsed=30m16s eta=17m25s] id=3hop2__93066_88342_90766 em=0 f1=0.00 n_ops=19 err=False final=2017
[1535/2417  63.5% elapsed=30m17s eta=17m24s] id=3hop2__90098_79978_10557 em=0 f1=0.67 n_ops=19 err=False final=Latin
[1536/2417  63.5% elapsed=30m17s eta=17m22s] id=3hop2__90098_76623_10557 em=0 f1=0.67 n_ops=19 err=False final=Latin
[1537/2417  63.6% elapsed=30m18s eta=17m21s] id=3hop2__90098_60649_10557 em=0 f1=0.67 n_ops=19 err=False final=Latin
[1538/2417  63.6% elapsed=30m19s eta=17m20s] id=3hop2__60649_90098_10557 em=0 f1=0.67 n_ops=19 err=False final=Latin
[1539/2417  63.7% elapsed=30m20s eta=17m18s] id=3hop2__88342_93066_90766 em=0 f1=0.00 n_ops=19 err=False final=2017
[1540/2417  63.7% elapsed=30m20s eta=17m17s] id=3hop1__103180_214799_259594 em=1 f1=1.00 n_ops=19 err=False final=East Germany
[1541/2417  63.8% elapsed=30m20s eta=17m15s] id=3hop2__76623_90098_10557 em=1 f1=1.00 n_ops=19 err=False final=Medieval Latin
[1542/2417  63.8% elapsed=30m21s eta=17m13s] id=3hop2__90098_91678_10557 em=0 f1=0.67 n_ops=19 err=False final=Latin
[1543/2417  63.8% elapsed=30m22s eta=17m12s] id=3hop2__90098_84553_10557 em=0 f1=0.50 n_ops=19 err=False final=Classical Latin
[1544/2417  63.9% elapsed=30m22s eta=17m10s] id=3hop2__84553_90098_10557 em=1 f1=1.00 n_ops=19 err=False final=Medieval Latin
[1545/2417  63.9% elapsed=30m23s eta=17m09s] id=3hop2__93066_88342_47738 em=0 f1=0.00 n_ops=19 err=False final=2017
[1546/2417  64.0% elapsed=30m23s eta=17m07s] id=3hop2__88342_93066_47738 em=0 f1=0.00 n_ops=19 err=False final=2017
[1547/2417  64.0% elapsed=30m23s eta=17m05s] id=3hop2__90098_19639_10557 em=1 f1=1.00 n_ops=19 err=False final=Medieval Latin
[1548/2417  64.0% elapsed=30m23s eta=17m04s] id=3hop2__79978_90098_10557 em=0 f1=0.67 n_ops=19 err=False final=Latin
[1549/2417  64.1% elapsed=30m26s eta=17m03s] id=3hop2__91678_90098_10557 em=1 f1=1.00 n_ops=19 err=False final=Medieval Latin
[1550/2417  64.1% elapsed=30m27s eta=17m02s] id=3hop2__19639_90098_10557 em=1 f1=1.00 n_ops=19 err=False final=Medieval Latin
[1551/2417  64.2% elapsed=30m37s eta=17m06s] id=3hop1__640171_228453_86925 em=1 f1=1.00 n_ops=19 err=False final=fleur-de-lis
[1552/2417  64.2% elapsed=30m40s eta=17m05s] id=3hop1__398232_326948_78782 em=0 f1=0.00 n_ops=19 err=False final=Admiral Alexander Cochrane
[1553/2417  64.3% elapsed=30m41s eta=17m04s] id=3hop1__390673_228453_86925 em=0 f1=0.00 n_ops=19 err=False final=Sazerac Company
[1554/2417  64.3% elapsed=30m42s eta=17m03s] id=3hop1__768500_730460_78782 em=0 f1=0.00 n_ops=19 err=False final=Unable to determine
[1555/2417  64.3% elapsed=30m44s eta=17m02s] id=3hop1__305282_282081_73772 em=0 f1=0.00 n_ops=19 err=False final=2006
[1556/2417  64.4% elapsed=30m44s eta=17m00s] id=3hop1__532517_214799_259594 em=1 f1=1.00 n_ops=19 err=False final=East Germany
[1557/2417  64.4% elapsed=30m46s eta=16m59s] id=3hop1__109185_720914_41132 em=1 f1=1.00 n_ops=19 err=False final=22
[1558/2417  64.5% elapsed=30m47s eta=16m58s] id=3hop1__765565_326948_86925 em=1 f1=1.00 n_ops=19 err=False final=fleur-de-lis
[1559/2417  64.5% elapsed=30m48s eta=16m57s] id=3hop1__823336_228453_86925 em=1 f1=1.00 n_ops=19 err=False final=fleur-de-lis
[1560/2417  64.5% elapsed=30m49s eta=16m56s] id=3hop1__768500_730460_70315 em=1 f1=1.00 n_ops=19 err=False final=New Orleans
[1561/2417  64.6% elapsed=30m52s eta=16m56s] id=3hop1__28841_547811_80702 em=1 f1=1.00 n_ops=19 err=False final=Rialto Bridge
[1562/2417  64.6% elapsed=30m53s eta=16m54s] id=3hop1__109422_720914_41132 em=0 f1=0.00 n_ops=19 err=False final=0
[1563/2417  64.7% elapsed=30m53s eta=16m53s] id=3hop1__398232_326948_10972 em=1 f1=1.00 n_ops=19 err=False final=1970s
[1564/2417  64.7% elapsed=30m53s eta=16m51s] id=3hop1__108881_720914_41132 em=0 f1=0.00 n_ops=19 err=False final=Unknown
[1565/2417  64.7% elapsed=30m55s eta=16m50s] id=3hop1__108062_720914_41132 em=0 f1=0.00 n_ops=19 err=False final=Unknown
[1566/2417  64.8% elapsed=30m55s eta=16m48s] id=3hop1__109196_720914_41132 em=0 f1=0.00 n_ops=19 err=False final=0
[1567/2417  64.8% elapsed=30m56s eta=16m47s] id=3hop1__108062_720914_27537 em=0 f1=0.00 n_ops=19 err=False final=Venice
[1568/2417  64.9% elapsed=30m56s eta=16m45s] id=3hop1__21282_692112_236857 em=1 f1=1.00 n_ops=19 err=False final=East Germany
[1569/2417  64.9% elapsed=30m56s eta=16m43s] id=3hop1__398232_326948_59893 em=0 f1=0.00 n_ops=19 err=False final=unknown
[1570/2417  65.0% elapsed=30m57s eta=16m42s] id=3hop1__28841_547811_41132 em=1 f1=1.00 n_ops=19 err=False final=22
[1571/2417  65.0% elapsed=30m58s eta=16m41s] id=3hop1__108833_720914_27537 em=0 f1=0.00 n_ops=19 err=False final=Pius XII
[1572/2417  65.0% elapsed=30m58s eta=16m39s] id=3hop1__109196_720914_27537 em=0 f1=0.00 n_ops=19 err=False final=Pope Pius XII
[1573/2417  65.1% elapsed=31m00s eta=16m38s] id=3hop1__109185_720914_27537 em=0 f1=0.00 n_ops=19 err=False final=Venice
[1574/2417  65.1% elapsed=31m01s eta=16m37s] id=3hop1__108833_720914_41132 em=0 f1=0.00 n_ops=19 err=False final=Information not available
[1575/2417  65.2% elapsed=31m01s eta=16m35s] id=3hop1__786067_228453_86925 em=1 f1=1.00 n_ops=19 err=False final=fleur-de-lis
[1576/2417  65.2% elapsed=31m01s eta=16m33s] id=3hop1__109113_720914_41132 em=0 f1=0.00 n_ops=19 err=False final=cannot determine
[1577/2417  65.2% elapsed=31m03s eta=16m33s] id=3hop1__30240_740597_41132 em=0 f1=0.00 n_ops=19 err=False final=unknown
[1578/2417  65.3% elapsed=31m11s eta=16m35s] id=3hop1__765565_326948_78782 em=0 f1=0.00 n_ops=19 err=False final=Admiral Alexander Cochrane
[1579/2417  65.3% elapsed=31m12s eta=16m33s] id=3hop1__109422_720914_27537 em=0 f1=0.00 n_ops=19 err=False final=Not enough information
[1580/2417  65.4% elapsed=31m14s eta=16m33s] id=3hop1__707569_228453_10972 em=0 f1=0.00 n_ops=19 err=False final=1973
[1581/2417  65.4% elapsed=31m15s eta=16m31s] id=3hop1__305282_282081_10972 em=0 f1=0.00 n_ops=19 err=False final=1973
[1582/2417  65.5% elapsed=31m17s eta=16m31s] id=3hop1__801799_547811_80702 em=1 f1=1.00 n_ops=19 err=False final=Rialto Bridge
[1583/2417  65.5% elapsed=31m18s eta=16m29s] id=3hop1__823336_228453_10972 em=0 f1=0.00 n_ops=19 err=False final=1973
[1584/2417  65.5% elapsed=31m19s eta=16m28s] id=3hop1__222497_309482_80702 em=1 f1=1.00 n_ops=19 err=False final=Rialto Bridge
[1585/2417  65.6% elapsed=31m21s eta=16m27s] id=3hop1__390673_228453_10972 em=1 f1=1.00 n_ops=19 err=False final=1970s
[1586/2417  65.6% elapsed=31m22s eta=16m26s] id=3hop1__831499_228453_10972 em=0 f1=0.00 n_ops=19 err=False final=1973
[1587/2417  65.7% elapsed=31m22s eta=16m25s] id=3hop1__786067_228453_10972 em=1 f1=1.00 n_ops=19 err=False final=1970s
[1588/2417  65.7% elapsed=31m23s eta=16m23s] id=3hop1__865037_214799_259594 em=1 f1=1.00 n_ops=19 err=False final=East Germany
[1589/2417  65.7% elapsed=31m25s eta=16m22s] id=3hop1__857_846_7798 em=0 f1=0.67 n_ops=19 err=False final=Han
[1590/2417  65.8% elapsed=31m27s eta=16m22s] id=3hop1__222497_309482_41132 em=0 f1=0.00 n_ops=19 err=False final=0
[1591/2417  65.8% elapsed=31m28s eta=16m20s] id=3hop1__844109_720914_41132 em=0 f1=0.00 n_ops=19 err=False final=Unknown
[1592/2417  65.9% elapsed=31m30s eta=16m19s] id=3hop1__178435_547811_80702 em=1 f1=1.00 n_ops=19 err=False final=Rialto Bridge
[1593/2417  65.9% elapsed=31m30s eta=16m18s] id=3hop1__801799_547811_41132 em=0 f1=0.00 n_ops=19 err=False final=unknown
[1594/2417  65.9% elapsed=31m31s eta=16m16s] id=3hop1__857_846_7795 em=1 f1=1.00 n_ops=19 err=False final=8.11 million
[1595/2417  66.0% elapsed=31m31s eta=16m14s] id=3hop1__857_846_7849 em=0 f1=0.00 n_ops=19 err=False final=Chinese opera varieties
[1596/2417  66.0% elapsed=31m32s eta=16m13s] id=3hop1__208108_547811_41132 em=1 f1=1.00 n_ops=19 err=False final=22
[1597/2417  66.1% elapsed=31m32s eta=16m12s] id=3hop2__326964_7861_7713 em=0 f1=0.80 n_ops=19 err=False final=400 years
[1598/2417  66.1% elapsed=31m32s eta=16m10s] id=3hop1__320697_547811_41132 em=1 f1=1.00 n_ops=19 err=False final=22
[1599/2417  66.2% elapsed=31m33s eta=16m08s] id=3hop1__593288_720914_41132 em=0 f1=0.00 n_ops=19 err=False final=unknown
[1600/2417  66.2% elapsed=31m35s eta=16m07s] id=3hop1__857_846_7713 em=0 f1=0.80 n_ops=19 err=False final=400 years
[1601/2417  66.2% elapsed=31m35s eta=16m06s] id=3hop1__857_846_7846 em=1 f1=1.00 n_ops=19 err=False final=Jiangsu Peking Opera Institute
[1602/2417  66.3% elapsed=31m40s eta=16m06s] id=3hop1__409517_547811_80702 em=1 f1=1.00 n_ops=19 err=False final=Rialto Bridge
[1603/2417  66.3% elapsed=31m42s eta=16m06s] id=3hop2__326964_7719_7713 em=0 f1=0.00 n_ops=19 err=False final=1600
[1604/2417  66.4% elapsed=31m43s eta=16m05s] id=3hop1__857_846_7702 em=1 f1=1.00 n_ops=19 err=False final=Southern Capital
[1605/2417  66.4% elapsed=31m44s eta=16m03s] id=3hop1__796649_720914_41132 em=1 f1=1.00 n_ops=19 err=False final=22
[1606/2417  66.4% elapsed=31m50s eta=16m04s] id=3hop1__843207_755530_88011 em=0 f1=0.00 n_ops=19 err=False final=Venice
[1607/2417  66.5% elapsed=31m52s eta=16m04s] id=3hop1__765565_326948_10972 em=1 f1=1.00 n_ops=19 err=False final=1970s
[1608/2417  66.5% elapsed=31m54s eta=16m03s] id=3hop1__409517_547811_41132 em=0 f1=0.00 n_ops=19 err=False final=unknown
[1609/2417  66.6% elapsed=31m59s eta=16m04s] id=3hop1__857_846_7810 em=0 f1=0.00 n_ops=19 err=False final=Nanjing
[1610/2417  66.6% elapsed=32m00s eta=16m03s] id=3hop1__320697_547811_80702 em=1 f1=1.00 n_ops=19 err=False final=Rialto Bridge
[1611/2417  66.7% elapsed=32m00s eta=16m01s] id=3hop1__857_846_7887 em=1 f1=1.00 n_ops=19 err=False final=thousands
[1612/2417  66.7% elapsed=32m01s eta=15m59s] id=3hop1__857_846_7794 em=1 f1=1.00 n_ops=19 err=False final=8.005 million
[1613/2417  66.7% elapsed=32m01s eta=15m58s] id=3hop1__857_846_7872 em=1 f1=1.00 n_ops=19 err=False final=Jiangsu Sainty
[1614/2417  66.8% elapsed=32m02s eta=15m56s] id=3hop1__857_846_7701 em=0 f1=0.50 n_ops=19 err=False final=Ming dynasty
[1615/2417  66.8% elapsed=32m03s eta=15m55s] id=3hop1__689538_547811_80702 em=1 f1=1.00 n_ops=19 err=False final=Rialto Bridge
[1616/2417  66.9% elapsed=32m03s eta=15m53s] id=3hop2__326964_7707_7713 em=0 f1=0.00 n_ops=19 err=False final=75
[1617/2417  66.9% elapsed=32m04s eta=15m52s] id=3hop2__326964_846_7713 em=0 f1=0.00 n_ops=19 err=False final=Unknown
[1618/2417  66.9% elapsed=32m04s eta=15m50s] id=3hop1__820301_720914_41132 em=1 f1=1.00 n_ops=19 err=False final=22
[1619/2417  67.0% elapsed=32m05s eta=15m49s] id=3hop1__280834_547811_80702 em=1 f1=1.00 n_ops=19 err=False final=Rialto Bridge
[1620/2417  67.0% elapsed=32m05s eta=15m47s] id=3hop1__857_846_7874 em=1 f1=1.00 n_ops=19 err=False final=Jiangsu Nangang Basketball Club
[1621/2417  67.1% elapsed=32m07s eta=15m46s] id=3hop1__857_846_7769 em=0 f1=0.00 n_ops=19 err=False final=2548
[1622/2417  67.1% elapsed=32m07s eta=15m45s] id=3hop1__222497_737465_93723 em=1 f1=1.00 n_ops=19 err=False final=Jason Momoa
[1623/2417  67.1% elapsed=32m08s eta=15m43s] id=3hop1__820301_720914_27537 em=0 f1=0.00 n_ops=19 err=False final=Vatican City
[1624/2417  67.2% elapsed=32m08s eta=15m42s] id=3hop1__857_846_7821 em=0 f1=0.67 n_ops=19 err=False final=140
[1625/2417  67.2% elapsed=32m12s eta=15m41s] id=3hop1__280834_547811_41132 em=1 f1=1.00 n_ops=19 err=False final=22
[1626/2417  67.3% elapsed=32m12s eta=15m40s] id=3hop1__178435_547811_41132 em=1 f1=1.00 n_ops=19 err=False final=22
[1627/2417  67.3% elapsed=32m13s eta=15m39s] id=3hop2__326964_7721_7713 em=0 f1=0.00 n_ops=19 err=False final=more than two and a half centuries
[1628/2417  67.4% elapsed=32m14s eta=15m37s] id=3hop1__857_846_7770 em=0 f1=0.00 n_ops=19 err=False final=Nanjing
[1629/2417  67.4% elapsed=32m14s eta=15m35s] id=3hop1__222497_309482_27537 em=0 f1=0.00 n_ops=19 err=False final=pontiff
[1630/2417  67.4% elapsed=32m14s eta=15m34s] id=3hop1__844109_720914_27537 em=0 f1=0.00 n_ops=19 err=False final=Venice
[1631/2417  67.5% elapsed=32m19s eta=15m34s] id=3hop1__222497_309482_89834 em=0 f1=0.00 n_ops=19 err=False final=4 April 1975
[1632/2417  67.5% elapsed=32m24s eta=15m35s] id=3hop2__326964_36852_7713 em=0 f1=0.80 n_ops=19 err=False final=400 years
[1633/2417  67.6% elapsed=32m28s eta=15m35s] id=3hop2__326964_7845_7713 em=0 f1=0.00 n_ops=19 err=False final=Not applicable
[1634/2417  67.6% elapsed=32m29s eta=15m34s] id=3hop1__108881_720914_27537 em=0 f1=0.00 n_ops=19 err=False final=Vatican City
[1635/2417  67.6% elapsed=32m30s eta=15m33s] id=3hop1__857_846_7791 em=0 f1=0.00 n_ops=19 err=False final=1
[1636/2417  67.7% elapsed=32m31s eta=15m31s] id=3hop2__36852_326964_7713 em=0 f1=0.80 n_ops=19 err=False final=400 years
[1637/2417  67.7% elapsed=32m31s eta=15m30s] id=3hop1__640171_228453_10972 em=1 f1=1.00 n_ops=19 err=False final=1970s
[1638/2417  67.8% elapsed=32m31s eta=15m28s] id=3hop1__857_846_7890 em=1 f1=1.00 n_ops=19 err=False final=75
[1639/2417  67.8% elapsed=32m35s eta=15m28s] id=3hop1__857_846_7870 em=0 f1=0.67 n_ops=19 err=False final=Shanghai Road
[1640/2417  67.9% elapsed=32m35s eta=15m26s] id=3hop2__326964_263934_7713 em=0 f1=0.00 n_ops=19 err=False final=Unknown
[1641/2417  67.9% elapsed=32m36s eta=15m25s] id=3hop1__857_846_7888 em=0 f1=0.55 n_ops=19 err=False final=natural scenic lakes
[1642/2417  67.9% elapsed=32m36s eta=15m23s] id=3hop1__312146_720914_41132 em=0 f1=0.00 n_ops=19 err=False final=The answer cannot be determined from the provided informatio
[1643/2417  68.0% elapsed=32m36s eta=15m22s] id=3hop2__326964_265410_7713 em=0 f1=0.00 n_ops=19 err=False final=The question cannot be answered with the provided informatio
[1644/2417  68.0% elapsed=32m36s eta=15m20s] id=3hop2__326964_7855_7713 em=0 f1=0.00 n_ops=19 err=False final=Information not available
[1645/2417  68.1% elapsed=32m37s eta=15m18s] id=3hop1__796649_720914_27537 em=0 f1=0.00 n_ops=19 err=False final=Venice
[1646/2417  68.1% elapsed=32m37s eta=15m17s] id=3hop2__36852_613770_7713 em=0 f1=0.80 n_ops=19 err=False final=400 years
[1647/2417  68.1% elapsed=32m38s eta=15m15s] id=3hop1__818422_160545_60577 em=0 f1=0.00 n_ops=19 err=False final=Thailand
[1648/2417  68.2% elapsed=32m39s eta=15m14s] id=3hop2__326964_811351_7713 em=0 f1=0.00 n_ops=19 err=False final=Cannot determine
[1649/2417  68.2% elapsed=32m39s eta=15m12s] id=3hop1__465684_160545_60577 em=1 f1=1.00 n_ops=19 err=False final=Ko Phi Phi Leh
[1650/2417  68.3% elapsed=32m40s eta=15m11s] id=3hop2__326964_789654_7713 em=0 f1=0.00 n_ops=19 err=False final=0
[1651/2417  68.3% elapsed=32m40s eta=15m10s] id=3hop1__857_846_7752 em=0 f1=0.00 n_ops=19 err=False final=Qing dynasty
[1652/2417  68.3% elapsed=32m41s eta=15m08s] id=3hop1__107540_720914_27537 em=0 f1=0.00 n_ops=19 err=False final=Titian
[1653/2417  68.4% elapsed=32m42s eta=15m07s] id=3hop2__326964_734214_7713 em=0 f1=0.80 n_ops=19 err=False final=400 years
[1654/2417  68.4% elapsed=32m42s eta=15m05s] id=3hop1__127821_157828_239539 em=1 f1=1.00 n_ops=19 err=False final=Pristina
[1655/2417  68.5% elapsed=32m43s eta=15m04s] id=3hop1__127837_157828_239539 em=0 f1=0.00 n_ops=19 err=False final=Belgrade
[1656/2417  68.5% elapsed=32m45s eta=15m03s] id=3hop2__851134_613770_7713 em=0 f1=0.33 n_ops=19 err=False final=Over 500 years
[1657/2417  68.6% elapsed=32m45s eta=15m01s] id=3hop1__145194_160545_60577 em=0 f1=0.00 n_ops=19 err=False final=Thailand
[1658/2417  68.6% elapsed=32m46s eta=15m00s] id=3hop2__326964_464925_7713 em=0 f1=0.00 n_ops=19 err=False final=Cannot determine
[1659/2417  68.6% elapsed=32m53s eta=15m01s] id=3hop1__818422_160545_62931 em=0 f1=0.00 n_ops=19 err=False final=Thailand
[1660/2417  68.7% elapsed=32m53s eta=15m00s] id=3hop1__446612_160545_62931 em=0 f1=0.86 n_ops=19 err=False final=Koh Phi Phi
[1661/2417  68.7% elapsed=32m53s eta=14m58s] id=3hop1__145194_160545_62931 em=0 f1=0.86 n_ops=19 err=False final=Koh Phi Phi
[1662/2417  68.8% elapsed=32m54s eta=14m57s] id=3hop2__851134_326964_7713 em=0 f1=0.00 n_ops=19 err=False final=The information is not available.
[1663/2417  68.8% elapsed=32m58s eta=14m57s] id=3hop1__462960_160545_62931 em=0 f1=0.00 n_ops=19 err=False final=Thailand
[1664/2417  68.8% elapsed=32m59s eta=14m55s] id=3hop1__109113_720914_27537 em=0 f1=0.00 n_ops=19 err=False final=Venice
[1665/2417  68.9% elapsed=33m00s eta=14m54s] id=3hop2__326964_851134_7713 em=0 f1=0.00 n_ops=19 err=False final=Cannot determine
[1666/2417  68.9% elapsed=33m02s eta=14m53s] id=3hop1__465684_160545_62931 em=0 f1=0.00 n_ops=19 err=False final=Thailand
[1667/2417  69.0% elapsed=33m03s eta=14m52s] id=3hop1__446612_160545_60577 em=1 f1=1.00 n_ops=19 err=False final=Ko Phi Phi Leh
[1668/2417  69.0% elapsed=33m05s eta=14m51s] id=3hop1__462960_160545_60577 em=0 f1=0.00 n_ops=19 err=False final=Thailand
[1669/2417  69.1% elapsed=33m05s eta=14m50s] id=3hop1__462960_160545_34751 em=1 f1=1.00 n_ops=19 err=False final=1941
[1670/2417  69.1% elapsed=33m06s eta=14m48s] id=3hop1__818422_160545_34751 em=1 f1=1.00 n_ops=19 err=False final=1941
[1671/2417  69.1% elapsed=33m06s eta=14m47s] id=3hop1__145194_160545_34751 em=1 f1=1.00 n_ops=19 err=False final=1941
[1672/2417  69.2% elapsed=33m08s eta=14m46s] id=3hop2__573858_326964_7713 em=0 f1=0.80 n_ops=19 err=False final=400 years
[1673/2417  69.2% elapsed=33m08s eta=14m44s] id=3hop1__446612_160545_34751 em=1 f1=1.00 n_ops=19 err=False final=1941
[1674/2417  69.3% elapsed=33m08s eta=14m43s] id=3hop1__841091_339990_54675 em=1 f1=1.00 n_ops=19 err=False final=Tualatin Mountains
[1675/2417  69.3% elapsed=33m11s eta=14m42s] id=3hop1__145194_160545_34754 em=0 f1=0.00 n_ops=19 err=False final=Thailand
[1676/2417  69.3% elapsed=33m12s eta=14m41s] id=3hop2__326964_573858_7713 em=0 f1=0.00 n_ops=19 err=False final=Cannot determine
[1677/2417  69.4% elapsed=33m13s eta=14m39s] id=3hop2__573858_613770_7713 em=0 f1=0.80 n_ops=19 err=False final=400 years
[1678/2417  69.4% elapsed=33m13s eta=14m38s] id=3hop1__847684_339990_54675 em=0 f1=0.00 n_ops=19 err=False final=Mount St. Helens
[1679/2417  69.5% elapsed=33m14s eta=14m36s] id=3hop1__465684_160545_34751 em=1 f1=1.00 n_ops=19 err=False final=1941
[1680/2417  69.5% elapsed=33m15s eta=14m35s] id=3hop2__326964_320101_7713 em=0 f1=0.00 n_ops=19 err=False final=110
[1681/2417  69.5% elapsed=33m17s eta=14m34s] id=3hop1__491648_339990_54675 em=0 f1=0.00 n_ops=19 err=False final=Mount St. Helens
[1682/2417  69.6% elapsed=33m18s eta=14m33s] id=3hop1__462960_160545_34754 em=0 f1=0.67 n_ops=19 err=False final=Japanese blackmail
[1683/2417  69.6% elapsed=33m18s eta=14m31s] id=3hop1__818422_160545_34754 em=0 f1=0.00 n_ops=19 err=False final=1945
[1684/2417  69.7% elapsed=33m18s eta=14m30s] id=3hop1__208108_547811_80702 em=1 f1=1.00 n_ops=19 err=False final=Rialto Bridge
[1685/2417  69.7% elapsed=33m19s eta=14m28s] id=3hop1__465684_160545_34754 em=0 f1=0.00 n_ops=19 err=False final=1945
[1686/2417  69.8% elapsed=33m20s eta=14m27s] id=3hop1__127716_157828_239539 em=0 f1=0.00 n_ops=19 err=False final=Belgrade
[1687/2417  69.8% elapsed=33m23s eta=14m27s] id=3hop2__65854_88342_58657 em=0 f1=0.00 n_ops=19 err=False final=Chicago Cubs
[1688/2417  69.8% elapsed=33m25s eta=14m26s] id=3hop1__586087_339990_54675 em=1 f1=1.00 n_ops=19 err=False final=Tualatin Mountains
[1689/2417  69.9% elapsed=33m25s eta=14m24s] id=3hop2__127483_76623_10557 em=1 f1=1.00 n_ops=19 err=False final=Medieval Latin
[1690/2417  69.9% elapsed=33m29s eta=14m24s] id=3hop1__662618_339990_54675 em=0 f1=0.00 n_ops=19 err=False final=Mount Adams
[1691/2417  70.0% elapsed=33m31s eta=14m23s] id=3hop1__358853_339990_54675 em=1 f1=1.00 n_ops=19 err=False final=Tualatin Mountains
[1692/2417  70.0% elapsed=33m32s eta=14m22s] id=3hop1__527372_339990_54675 em=0 f1=0.00 n_ops=19 err=False final=Mount St. Helens
[1693/2417  70.0% elapsed=33m35s eta=14m22s] id=3hop2__127483_91678_10557 em=1 f1=1.00 n_ops=19 err=False final=Medieval Latin
[1694/2417  70.1% elapsed=33m35s eta=14m20s] id=3hop1__604991_339990_54675 em=1 f1=1.00 n_ops=19 err=False final=Tualatin Mountains
[1695/2417  70.1% elapsed=33m35s eta=14m19s] id=3hop2__125104_127483_10557 em=0 f1=0.67 n_ops=19 err=False final=Latin
[1696/2417  70.2% elapsed=33m36s eta=14m17s] id=3hop1__358853_339990_15538 em=1 f1=1.00 n_ops=19 err=False final=1984
[1697/2417  70.2% elapsed=33m37s eta=14m16s] id=3hop2__127483_125104_10557 em=0 f1=0.00 n_ops=19 err=False final=Old English
[1698/2417  70.3% elapsed=33m39s eta=14m15s] id=3hop2__127483_84553_10557 em=1 f1=1.00 n_ops=19 err=False final=Medieval Latin
[1699/2417  70.3% elapsed=33m40s eta=14m14s] id=3hop2__127483_79978_10557 em=1 f1=1.00 n_ops=19 err=False final=Medieval Latin
[1700/2417  70.3% elapsed=33m41s eta=14m12s] id=3hop1__637555_339990_15538 em=1 f1=1.00 n_ops=19 err=False final=1984
[1701/2417  70.4% elapsed=33m41s eta=14m11s] id=3hop2__127483_60649_10557 em=1 f1=1.00 n_ops=19 err=False final=Medieval Latin
[1702/2417  70.4% elapsed=33m42s eta=14m09s] id=3hop2__127483_156850_10557 em=0 f1=0.67 n_ops=19 err=False final=Latin
[1703/2417  70.5% elapsed=33m44s eta=14m09s] id=3hop1__573244_339990_15538 em=1 f1=1.00 n_ops=19 err=False final=1984
[1704/2417  70.5% elapsed=33m46s eta=14m08s] id=3hop2__57186_89048_66294 em=0 f1=0.00 n_ops=19 err=False final=related musicians
[1705/2417  70.5% elapsed=33m46s eta=14m06s] id=3hop1__491648_339990_15538 em=0 f1=0.00 n_ops=19 err=False final=N/A
[1706/2417  70.6% elapsed=33m48s eta=14m05s] id=3hop1__483634_720378_15538 em=0 f1=0.00 n_ops=19 err=False final=unknown
[1707/2417  70.6% elapsed=33m50s eta=14m04s] id=3hop2__127483_19639_10557 em=0 f1=0.00 n_ops=19 err=False final=Old English
[1708/2417  70.7% elapsed=33m51s eta=14m03s] id=3hop2__209741_89048_66294 em=0 f1=0.00 n_ops=19 err=False final=Wylie Draper
[1709/2417  70.7% elapsed=33m54s eta=14m03s] id=3hop2__809962_89048_66294 em=0 f1=0.00 n_ops=19 err=False final=Michael Jackson
[1710/2417  70.7% elapsed=33m55s eta=14m01s] id=3hop1__847420_720378_15538 em=1 f1=1.00 n_ops=19 err=False final=1984
[1711/2417  70.8% elapsed=33m55s eta=14m00s] id=3hop2__368986_89048_66294 em=0 f1=0.00 n_ops=19 err=False final=Joe Jackson
[1712/2417  70.8% elapsed=33m56s eta=13m58s] id=3hop2__89048_809962_66294 em=0 f1=0.00 n_ops=19 err=False final=Joe Jackson
[1713/2417  70.9% elapsed=33m56s eta=13m57s] id=3hop1__67704_237521_291682 em=1 f1=1.00 n_ops=19 err=False final=Liza Minnelli
[1714/2417  70.9% elapsed=33m57s eta=13m55s] id=3hop1__604991_339990_15538 em=0 f1=0.00 n_ops=19 err=False final=Unknown
[1715/2417  71.0% elapsed=33m58s eta=13m54s] id=3hop1__57186_237521_291682 em=1 f1=1.00 n_ops=19 err=False final=Liza Minnelli
[1716/2417  71.0% elapsed=34m01s eta=13m54s] id=3hop2__230_89048_66294 em=0 f1=0.00 n_ops=19 err=False final=Joe Jackson
[1717/2417  71.0% elapsed=34m01s eta=13m52s] id=3hop1__228_237521_291682 em=1 f1=1.00 n_ops=19 err=False final=Liza Minnelli
[1718/2417  71.1% elapsed=34m01s eta=13m51s] id=3hop2__89048_228_66294 em=0 f1=0.00 n_ops=19 err=False final=Wylie Draper
[1719/2417  71.1% elapsed=34m02s eta=13m49s] id=3hop2__89048_860687_66294 em=0 f1=0.00 n_ops=19 err=False final=Not available
[1720/2417  71.2% elapsed=34m05s eta=13m49s] id=3hop1__312146_720914_27537 em=1 f1=1.00 n_ops=19 err=False final=Rome
[1721/2417  71.2% elapsed=34m09s eta=13m49s] id=3hop1__593288_720914_27537 em=0 f1=0.00 n_ops=19 err=False final=Not enough information
[1722/2417  71.2% elapsed=34m18s eta=13m51s] id=3hop1__559908_42197_18397 em=0 f1=0.00 n_ops=19 err=False final=Korea
[1723/2417  71.3% elapsed=34m25s eta=13m52s] id=3hop1__446612_160545_34754 em=0 f1=0.67 n_ops=19 err=False final=Japanese blackmail
[1724/2417  71.3% elapsed=34m28s eta=13m51s] id=3hop1__135659_87694_64412 em=1 f1=1.00 n_ops=19 err=False final=11 February 1929
[1725/2417  71.4% elapsed=34m31s eta=13m51s] id=3hop1__373866_5189_63702 em=0 f1=0.67 n_ops=19 err=False final=1941
[1726/2417  71.4% elapsed=34m32s eta=13m49s] id=3hop1__539312_744503_34754 em=0 f1=0.67 n_ops=19 err=False final=Japanese blackmail
[1727/2417  71.5% elapsed=34m33s eta=13m48s] id=3hop1__46571_87694_64412 em=0 f1=0.50 n_ops=19 err=False final=1929
[1728/2417  71.5% elapsed=34m36s eta=13m48s] id=3hop1__365934_87694_124169 em=1 f1=1.00 n_ops=19 err=False final=1952
[1729/2417  71.5% elapsed=34m39s eta=13m47s] id=3hop1__33845_42197_18397 em=0 f1=0.00 n_ops=19 err=False final=Mao Zedong
[1730/2417  71.6% elapsed=34m39s eta=13m45s] id=3hop1__857_846_7877 em=0 f1=0.00 n_ops=19 err=False final=2
[1731/2417  71.6% elapsed=34m48s eta=13m48s] id=3hop1__64957_87694_64412 em=0 f1=0.50 n_ops=19 err=False final=1929
[1732/2417  71.7% elapsed=34m54s eta=13m48s] id=3hop1__6379_42197_18397 em=1 f1=1.00 n_ops=19 err=False final=Politburo
[1733/2417  71.7% elapsed=34m55s eta=13m47s] id=3hop1__136129_87694_64412 em=0 f1=0.50 n_ops=19 err=False final=1929
[1734/2417  71.7% elapsed=34m56s eta=13m46s] id=3hop1__136016_87694_124169 em=1 f1=1.00 n_ops=19 err=False final=1952
[1735/2417  71.8% elapsed=34m57s eta=13m44s] id=3hop1__135392_87694_64412 em=0 f1=0.00 n_ops=19 err=False final=360 AD
[1736/2417  71.8% elapsed=34m57s eta=13m43s] id=3hop1__773623_87694_124169 em=1 f1=1.00 n_ops=19 err=False final=1952
[1737/2417  71.9% elapsed=35m02s eta=13m43s] id=3hop1__365934_87694_64412 em=0 f1=0.50 n_ops=19 err=False final=1929
[1738/2417  71.9% elapsed=35m02s eta=13m41s] id=3hop1__135793_87694_64412 em=0 f1=0.50 n_ops=19 err=False final=1929
[1739/2417  71.9% elapsed=35m05s eta=13m41s] id=3hop1__169494_42197_18397 em=0 f1=0.00 n_ops=19 err=False final=Mao Zedong
[1740/2417  72.0% elapsed=35m06s eta=13m39s] id=3hop1__136083_87694_124169 em=1 f1=1.00 n_ops=19 err=False final=1952
[1741/2417  72.0% elapsed=35m10s eta=13m39s] id=3hop1__73796_87694_124169 em=1 f1=1.00 n_ops=19 err=False final=1952
[1742/2417  72.1% elapsed=35m14s eta=13m39s] id=3hop1__603558_87694_124169 em=1 f1=1.00 n_ops=19 err=False final=1952
[1743/2417  72.1% elapsed=35m14s eta=13m37s] id=3hop1__64957_87694_124169 em=1 f1=1.00 n_ops=19 err=False final=1952
[1744/2417  72.2% elapsed=35m19s eta=13m38s] id=3hop1__426806_42197_18397 em=0 f1=0.00 n_ops=19 err=False final=Mao Zedong
[1745/2417  72.2% elapsed=35m19s eta=13m36s] id=3hop1__28527_42197_18397 em=0 f1=0.00 n_ops=19 err=False final=Soviet Union
[1746/2417  72.2% elapsed=35m20s eta=13m35s] id=3hop1__24980_42197_18397 em=0 f1=0.00 n_ops=19 err=False final=Mao Zedong
[1747/2417  72.3% elapsed=35m21s eta=13m33s] id=3hop1__135659_87694_124169 em=1 f1=1.00 n_ops=19 err=False final=1952
[1748/2417  72.3% elapsed=35m21s eta=13m32s] id=3hop1__765388_42197_18397 em=0 f1=0.00 n_ops=19 err=False final=Korea
[1749/2417  72.4% elapsed=35m23s eta=13m31s] id=3hop1__759384_42197_18397 em=0 f1=0.00 n_ops=19 err=False final=Korea
[1750/2417  72.4% elapsed=35m24s eta=13m30s] id=3hop1__135794_87694_64412 em=0 f1=0.50 n_ops=19 err=False final=1929
[1751/2417  72.4% elapsed=35m25s eta=13m28s] id=3hop1__136016_87694_64412 em=1 f1=1.00 n_ops=19 err=False final=11 February 1929
[1752/2417  72.5% elapsed=35m25s eta=13m27s] id=3hop1__136083_87694_64412 em=0 f1=0.50 n_ops=19 err=False final=1929
[1753/2417  72.5% elapsed=35m26s eta=13m25s] id=3hop1__624901_42197_18397 em=0 f1=0.00 n_ops=19 err=False final=Soviet Union
[1754/2417  72.6% elapsed=35m26s eta=13m24s] id=3hop1__351696_42197_18397 em=0 f1=0.00 n_ops=19 err=False final=1960
[1755/2417  72.6% elapsed=35m27s eta=13m22s] id=3hop1__194006_42197_18397 em=0 f1=0.00 n_ops=19 err=False final=Mao Zedong
[1756/2417  72.7% elapsed=35m28s eta=13m21s] id=3hop1__46571_87694_124169 em=1 f1=1.00 n_ops=19 err=False final=1952
[1757/2417  72.7% elapsed=35m29s eta=13m20s] id=3hop1__622145_42197_18397 em=0 f1=0.00 n_ops=19 err=False final=China
[1758/2417  72.7% elapsed=35m29s eta=13m18s] id=3hop1__564628_42197_18397 em=0 f1=0.00 n_ops=19 err=False final=Mao Zedong
[1759/2417  72.8% elapsed=35m32s eta=13m18s] id=3hop1__243276_42197_18397 em=0 f1=0.00 n_ops=19 err=False final=Korea
[1760/2417  72.8% elapsed=35m33s eta=13m16s] id=3hop1__353661_629431_64412 em=0 f1=0.50 n_ops=19 err=False final=1929
[1761/2417  72.9% elapsed=35m34s eta=13m15s] id=3hop1__353661_629431_124169 em=0 f1=0.00 n_ops=19 err=False final=3 June 1963
[1762/2417  72.9% elapsed=35m35s eta=13m14s] id=3hop1__73796_87694_64412 em=0 f1=0.50 n_ops=19 err=False final=1929
[1763/2417  72.9% elapsed=35m35s eta=13m12s] id=3hop1__579562_629431_124169 em=1 f1=1.00 n_ops=19 err=False final=1952
[1764/2417  73.0% elapsed=35m37s eta=13m11s] id=3hop1__241085_42197_18397 em=0 f1=0.00 n_ops=19 err=False final=3
[1765/2417  73.0% elapsed=35m37s eta=13m10s] id=3hop1__773338_42197_18397 em=0 f1=0.00 n_ops=19 err=False final=Mao Zedong
[1766/2417  73.1% elapsed=35m38s eta=13m08s] id=3hop1__641921_42197_18397 em=0 f1=0.00 n_ops=19 err=False final=Mao Zedong
[1767/2417  73.1% elapsed=35m39s eta=13m07s] id=3hop1__603558_87694_64412 em=1 f1=1.00 n_ops=19 err=False final=11 February 1929
[1768/2417  73.1% elapsed=35m39s eta=13m05s] id=3hop1__415141_42197_18397 em=0 f1=0.00 n_ops=19 err=False final=13
[1769/2417  73.2% elapsed=35m39s eta=13m04s] id=3hop1__662413_42197_18397 em=0 f1=0.00 n_ops=19 err=False final=Not specified
[1770/2417  73.2% elapsed=35m41s eta=13m03s] id=3hop1__512574_42197_18397 em=0 f1=0.00 n_ops=19 err=False final=Korean War
[1771/2417  73.3% elapsed=35m43s eta=13m02s] id=3hop1__278222_42197_18397 em=0 f1=0.00 n_ops=15 err=True final=
[1772/2417  73.3% elapsed=35m50s eta=13m02s] id=3hop1__579562_629431_64412 em=0 f1=0.50 n_ops=19 err=False final=1929
[1773/2417  73.4% elapsed=35m50s eta=13m01s] id=3hop1__516535_834494_34053 em=1 f1=1.00 n_ops=19 err=False final=1905
[1774/2417  73.4% elapsed=35m50s eta=12m59s] id=3hop1__497845_629431_64412 em=0 f1=0.50 n_ops=19 err=False final=1929
[1775/2417  73.4% elapsed=35m50s eta=12m58s] id=3hop1__135392_87694_124169 em=1 f1=1.00 n_ops=19 err=False final=1952
[1776/2417  73.5% elapsed=35m51s eta=12m56s] id=3hop1__313670_42197_18397 em=0 f1=0.00 n_ops=19 err=False final=Korea
[1777/2417  73.5% elapsed=35m53s eta=12m55s] id=3hop1__136129_87694_124169 em=1 f1=1.00 n_ops=19 err=False final=1952
[1778/2417  73.6% elapsed=35m57s eta=12m55s] id=3hop1__273571_834494_33939 em=0 f1=0.00 n_ops=19 err=False final=7531
[1779/2417  73.6% elapsed=35m57s eta=12m54s] id=3hop1__639955_834494_34099 em=0 f1=0.00 n_ops=19 err=False final=4 years
[1780/2417  73.6% elapsed=35m59s eta=12m53s] id=3hop1__516535_834494_34088 em=1 f1=1.00 n_ops=19 err=False final=Tucson
[1781/2417  73.7% elapsed=35m59s eta=12m51s] id=3hop1__516535_834494_33939 em=0 f1=0.00 n_ops=19 err=False final=7531
[1782/2417  73.7% elapsed=35m59s eta=12m49s] id=3hop1__813285_774554_124169 em=1 f1=1.00 n_ops=19 err=False final=1952
[1783/2417  73.8% elapsed=35m59s eta=12m48s] id=3hop1__639955_834494_33939 em=0 f1=0.00 n_ops=19 err=False final=7531
[1784/2417  73.8% elapsed=35m59s eta=12m46s] id=3hop1__516535_834494_34109 em=1 f1=1.00 n_ops=19 err=False final=KUAT-TV 6
[1785/2417  73.9% elapsed=35m59s eta=12m45s] id=3hop1__273571_834494_34109 em=1 f1=1.00 n_ops=19 err=False final=KUAT-TV 6
[1786/2417  73.9% elapsed=36m00s eta=12m43s] id=3hop1__639955_834494_34109 em=1 f1=1.00 n_ops=19 err=False final=KUAT-TV 6
[1787/2417  73.9% elapsed=36m00s eta=12m42s] id=3hop1__813285_774554_64412 em=0 f1=0.50 n_ops=19 err=False final=1929
[1788/2417  74.0% elapsed=36m00s eta=12m40s] id=3hop1__516535_834494_34099 em=0 f1=0.00 n_ops=19 err=False final=4 years
[1789/2417  74.0% elapsed=36m01s eta=12m38s] id=3hop1__404541_629431_124169 em=1 f1=1.00 n_ops=19 err=False final=1952
[1790/2417  74.1% elapsed=36m01s eta=12m37s] id=3hop1__404541_629431_64412 em=0 f1=0.00 n_ops=19 err=False final=3 June 1963
[1791/2417  74.1% elapsed=36m02s eta=12m36s] id=3hop1__273571_834494_34053 em=1 f1=1.00 n_ops=19 err=False final=1905
[1792/2417  74.1% elapsed=36m02s eta=12m34s] id=3hop1__315504_629431_64412 em=1 f1=1.00 n_ops=19 err=False final=11 February 1929
[1793/2417  74.2% elapsed=36m02s eta=12m32s] id=3hop1__273571_834494_34099 em=0 f1=0.50 n_ops=19 err=False final=four years
[1794/2417  74.2% elapsed=36m03s eta=12m31s] id=3hop1__497845_629431_124169 em=1 f1=1.00 n_ops=19 err=False final=1952
[1795/2417  74.3% elapsed=36m03s eta=12m29s] id=3hop1__315504_629431_124169 em=1 f1=1.00 n_ops=19 err=False final=1952
[1796/2417  74.3% elapsed=36m09s eta=12m30s] id=3hop1__38426_91850_685675 em=1 f1=1.00 n_ops=19 err=False final=New York Yankees
[1797/2417  74.3% elapsed=36m09s eta=12m28s] id=3hop1__354480_834494_34109 em=0 f1=0.00 n_ops=19 err=False final=Pima County
[1798/2417  74.4% elapsed=36m09s eta=12m27s] id=3hop1__639955_834494_34053 em=1 f1=1.00 n_ops=19 err=False final=1905
[1799/2417  74.4% elapsed=36m09s eta=12m25s] id=3hop1__639955_834494_34088 em=1 f1=1.00 n_ops=19 err=False final=Tucson
[1800/2417  74.5% elapsed=36m09s eta=12m24s] id=3hop1__354480_834494_34053 em=1 f1=1.00 n_ops=19 err=False final=1905
[1801/2417  74.5% elapsed=36m10s eta=12m22s] id=3hop1__764280_834494_34053 em=1 f1=1.00 n_ops=19 err=False final=1905
[1802/2417  74.6% elapsed=36m11s eta=12m21s] id=3hop1__88707_91850_685675 em=1 f1=1.00 n_ops=19 err=False final=New York Yankees
[1803/2417  74.6% elapsed=36m11s eta=12m19s] id=3hop1__79462_91850_685675 em=1 f1=1.00 n_ops=19 err=False final=New York Yankees
[1804/2417  74.6% elapsed=36m19s eta=12m20s] id=3hop1__354480_834494_34099 em=0 f1=0.80 n_ops=19 err=False final=four-year terms
[1805/2417  74.7% elapsed=36m21s eta=12m19s] id=3hop1__354480_834494_33939 em=0 f1=0.00 n_ops=19 err=False final=7531
[1806/2417  74.7% elapsed=36m22s eta=12m18s] id=3hop1__354480_834494_34088 em=1 f1=1.00 n_ops=19 err=False final=Tucson Raceway Park
[1807/2417  74.8% elapsed=36m25s eta=12m18s] id=3hop1__273571_834494_34088 em=1 f1=1.00 n_ops=19 err=False final=Tucson Raceway Park
[1808/2417  74.8% elapsed=36m26s eta=12m16s] id=3hop1__626214_503371_21711 em=1 f1=1.00 n_ops=19 err=False final=15th century
[1809/2417  74.8% elapsed=36m30s eta=12m16s] id=3hop1__609479_503371_21711 em=1 f1=1.00 n_ops=19 err=False final=15th century
[1810/2417  74.9% elapsed=36m31s eta=12m15s] id=3hop1__302383_503371_21711 em=1 f1=1.00 n_ops=19 err=False final=15th century
[1811/2417  74.9% elapsed=36m37s eta=12m15s] id=3hop1__347858_503371_21711 em=1 f1=1.00 n_ops=19 err=False final=15th century
[1812/2417  75.0% elapsed=36m37s eta=12m14s] id=3hop1__840353_503371_21711 em=1 f1=1.00 n_ops=19 err=False final=15th century
[1813/2417  75.0% elapsed=36m37s eta=12m12s] id=3hop1__567955_503371_21711 em=1 f1=1.00 n_ops=19 err=False final=15th century
[1814/2417  75.1% elapsed=36m38s eta=12m11s] id=3hop1__268450_503371_21711 em=1 f1=1.00 n_ops=19 err=False final=15th century
[1815/2417  75.1% elapsed=36m38s eta=12m09s] id=3hop1__558449_503371_21711 em=0 f1=0.00 n_ops=19 err=False final=1410
[1816/2417  75.1% elapsed=36m38s eta=12m07s] id=3hop1__698501_503371_21711 em=0 f1=0.00 n_ops=19 err=False final=1409
[1817/2417  75.2% elapsed=36m38s eta=12m06s] id=4hop1__93963_170667_443779_52195 em=1 f1=1.00 n_ops=19 err=False final=Francisco Guterres
[1818/2417  75.2% elapsed=36m39s eta=12m04s] id=3hop1__680374_503371_21711 em=1 f1=1.00 n_ops=19 err=False final=15th century
[1819/2417  75.3% elapsed=36m39s eta=12m03s] id=3hop1__163654_503371_21711 em=1 f1=1.00 n_ops=19 err=False final=15th century
[1820/2417  75.3% elapsed=36m39s eta=12m01s] id=3hop1__186307_503371_21711 em=1 f1=1.00 n_ops=19 err=False final=15th century
[1821/2417  75.3% elapsed=36m39s eta=12m00s] id=3hop1__857241_503371_21711 em=0 f1=0.00 n_ops=19 err=False final=1410
[1822/2417  75.4% elapsed=36m39s eta=11m58s] id=3hop1__672543_503371_21711 em=1 f1=1.00 n_ops=19 err=False final=15th century
[1823/2417  75.4% elapsed=36m40s eta=11m57s] id=3hop1__783711_503371_21711 em=1 f1=1.00 n_ops=19 err=False final=15th century
[1824/2417  75.5% elapsed=36m40s eta=11m55s] id=3hop1__423001_503371_21711 em=0 f1=0.00 n_ops=19 err=False final=1887-1908
[1825/2417  75.5% elapsed=36m40s eta=11m54s] id=3hop1__395211_503371_21711 em=0 f1=0.00 n_ops=19 err=False final=1410
[1826/2417  75.5% elapsed=36m40s eta=11m52s] id=3hop1__220023_503371_21711 em=1 f1=1.00 n_ops=19 err=False final=15th century
[1827/2417  75.6% elapsed=36m41s eta=11m51s] id=3hop1__849312_503371_21711 em=1 f1=1.00 n_ops=19 err=False final=15th century
[1828/2417  75.6% elapsed=36m45s eta=11m51s] id=4hop3__862_846_326964_7713 em=0 f1=0.00 n_ops=19 err=False final=48 km
[1829/2417  75.7% elapsed=36m48s eta=11m50s] id=4hop3__862_846_613770_7713 em=0 f1=0.00 n_ops=19 err=False final=twenty-two days
[1830/2417  75.7% elapsed=36m49s eta=11m49s] id=4hop1__860115_798482_131926_90707 em=0 f1=0.57 n_ops=19 err=False final=Cairo, Illinois
[1831/2417  75.8% elapsed=36m50s eta=11m47s] id=4hop1__525129_315334_131926_89261 em=0 f1=0.00 n_ops=19 err=False final=Matagorda Bay
[1832/2417  75.8% elapsed=36m51s eta=11m46s] id=4hop3__857_846_613770_7713 em=0 f1=0.00 n_ops=19 err=False final=Nanjing
[1833/2417  75.8% elapsed=36m52s eta=11m45s] id=4hop1__94201_642284_131926_13165 em=0 f1=0.00 n_ops=19 err=False final=1848
[1834/2417  75.9% elapsed=36m53s eta=11m43s] id=4hop1__72247_497223_15840_36002 em=0 f1=0.00 n_ops=19 err=False final=Sega Genesis
[1835/2417  75.9% elapsed=36m55s eta=11m43s] id=4hop1__94201_642284_131926_90707 em=0 f1=0.57 n_ops=19 err=False final=Cairo, Illinois
[1836/2417  76.0% elapsed=36m59s eta=11m42s] id=4hop1__94201_642284_131926_87157 em=0 f1=0.00 n_ops=19 err=False final=unknown
[1837/2417  76.0% elapsed=36m59s eta=11m41s] id=4hop1__46196_497223_15840_36002 em=0 f1=0.00 n_ops=19 err=False final=Nintendo Entertainment System
[1838/2417  76.0% elapsed=37m00s eta=11m39s] id=4hop3__857_846_326964_7713 em=0 f1=0.00 n_ops=19 err=False final=223
[1839/2417  76.1% elapsed=37m02s eta=11m38s] id=4hop1__94201_642284_131926_89261 em=0 f1=0.80 n_ops=19 err=False final=Mississippi River
[1840/2417  76.1% elapsed=37m02s eta=11m37s] id=4hop1__525129_315334_131926_87157 em=0 f1=0.00 n_ops=19 err=False final=southward
[1841/2417  76.2% elapsed=37m05s eta=11m36s] id=4hop1__21282_692112_214799_259594 em=0 f1=0.67 n_ops=19 err=False final=Germany
[1842/2417  76.2% elapsed=37m05s eta=11m35s] id=4hop1__860115_798482_131926_13165 em=0 f1=0.86 n_ops=19 err=False final=Treaty of Paris (1783)
[1843/2417  76.3% elapsed=37m07s eta=11m34s] id=4hop1__860115_798482_131926_89261 em=0 f1=0.00 n_ops=19 err=False final=Gulf of Mexico
[1844/2417  76.3% elapsed=37m10s eta=11m33s] id=4hop1__72247_497223_15840_36014 em=0 f1=0.00 n_ops=19 err=False final=5
[1845/2417  76.3% elapsed=37m11s eta=11m32s] id=4hop2__160585_14670_8987_8974 em=0 f1=0.40 n_ops=19 err=False final=Paraguay
[1846/2417  76.4% elapsed=37m11s eta=11m30s] id=4hop2__103790_14670_8987_8974 em=0 f1=0.40 n_ops=19 err=False final=Paraguay
[1847/2417  76.4% elapsed=37m11s eta=11m29s] id=4hop1__525129_315334_131926_90707 em=0 f1=0.00 n_ops=19 err=False final=Mississippi River
[1848/2417  76.5% elapsed=37m13s eta=11m28s] id=4hop1__860115_798482_131926_87157 em=0 f1=0.00 n_ops=19 err=False final=Mississippi River
[1849/2417  76.5% elapsed=37m13s eta=11m26s] id=4hop2__567956_14670_8987_8974 em=0 f1=0.40 n_ops=19 err=False final=Paraguay
[1850/2417  76.5% elapsed=37m15s eta=11m25s] id=4hop2__103790_39078_8987_8529 em=1 f1=1.00 n_ops=19 err=False final=1943–1992
[1851/2417  76.6% elapsed=37m17s eta=11m24s] id=4hop1__46196_497223_15840_36014 em=0 f1=0.00 n_ops=19 err=False final=5
[1852/2417  76.6% elapsed=37m17s eta=11m22s] id=4hop2__161324_14670_8987_8974 em=0 f1=0.40 n_ops=19 err=False final=Paraguay
[1853/2417  76.7% elapsed=37m20s eta=11m22s] id=4hop1__525129_315334_131926_13165 em=1 f1=1.00 n_ops=19 err=False final=Treaty of Paris
[1854/2417  76.7% elapsed=37m20s eta=11m20s] id=4hop2__160585_39078_8987_8974 em=0 f1=0.00 n_ops=19 err=False final=Yugoslavia
[1855/2417  76.7% elapsed=37m21s eta=11m19s] id=4hop2__161324_14670_8987_8529 em=0 f1=0.67 n_ops=19 err=False final=1943
[1856/2417  76.8% elapsed=37m21s eta=11m17s] id=4hop2__105527_14670_8987_8529 em=1 f1=1.00 n_ops=19 err=False final=1943–1992
[1857/2417  76.8% elapsed=37m23s eta=11m16s] id=4hop2__5206_14670_8987_8529 em=0 f1=0.50 n_ops=19 err=False final=1992–2003
[1858/2417  76.9% elapsed=37m23s eta=11m15s] id=4hop2__567956_39078_8987_8974 em=0 f1=0.40 n_ops=19 err=False final=Paraguay
[1859/2417  76.9% elapsed=37m24s eta=11m14s] id=4hop2__103790_14670_8987_8529 em=1 f1=1.00 n_ops=19 err=False final=1943–1992
[1860/2417  77.0% elapsed=37m27s eta=11m13s] id=4hop1__40316_497223_15840_36002 em=1 f1=1.00 n_ops=19 err=False final=16-bit architecture
[1861/2417  77.0% elapsed=37m28s eta=11m12s] id=4hop2__105527_39078_8987_8974 em=0 f1=0.40 n_ops=19 err=False final=Paraguay
[1862/2417  77.0% elapsed=37m28s eta=11m10s] id=4hop2__5206_39078_8987_8974 em=0 f1=0.00 n_ops=19 err=False final=Yugoslavia
[1863/2417  77.1% elapsed=37m30s eta=11m09s] id=4hop1__93601_46196_497223_15840 em=1 f1=1.00 n_ops=19 err=False final=Nintendo Entertainment System
[1864/2417  77.1% elapsed=37m31s eta=11m08s] id=4hop2__567956_14670_8987_8529 em=0 f1=0.00 n_ops=19 err=False final=1939–1945
[1865/2417  77.2% elapsed=37m35s eta=11m07s] id=4hop2__160585_14670_8987_8529 em=0 f1=0.00 n_ops=19 err=False final=1939–1945
[1866/2417  77.2% elapsed=37m44s eta=11m08s] id=4hop1__88342_49853_128008_89859 em=0 f1=0.80 n_ops=19 err=False final=March 29
[1867/2417  77.2% elapsed=37m50s eta=11m09s] id=4hop1__88342_49853_128008_92225 em=0 f1=0.00 n_ops=19 err=False final=April 1
[1868/2417  77.3% elapsed=37m51s eta=11m07s] id=4hop1__88342_49853_128008_48717 em=1 f1=1.00 n_ops=19 err=False final=Josh Beckett
[1869/2417  77.3% elapsed=37m51s eta=11m06s] id=4hop1__88342_75218_128008_89859 em=0 f1=0.80 n_ops=19 err=False final=March 29
[1870/2417  77.4% elapsed=37m51s eta=11m04s] id=4hop1__88342_75218_128008_48717 em=0 f1=0.50 n_ops=19 err=False final=Josh Girdley
[1871/2417  77.4% elapsed=37m58s eta=11m05s] id=4hop3__275416_24325_156850_10557 em=0 f1=0.00 n_ops=19 err=False final=Walloon
[1872/2417  77.5% elapsed=37m59s eta=11m03s] id=4hop2__797545_14670_8987_8974 em=0 f1=0.40 n_ops=19 err=False final=Paraguay
[1873/2417  77.5% elapsed=38m01s eta=11m02s] id=4hop1__638706_378185_282674_759393 em=0 f1=0.00 n_ops=19 err=False final=Pécs
[1874/2417  77.5% elapsed=38m01s eta=11m01s] id=4hop1__707078_378185_282674_759393 em=0 f1=0.00 n_ops=19 err=False final=Appleton
[1875/2417  77.6% elapsed=38m04s eta=11m00s] id=4hop1__638706_765799_282674_759393 em=0 f1=0.00 n_ops=19 err=False final=Pécs
[1876/2417  77.6% elapsed=38m04s eta=10m59s] id=4hop1__199362_378185_282674_759393 em=0 f1=0.00 n_ops=19 err=False final=Pécs
[1877/2417  77.7% elapsed=38m04s eta=10m57s] id=4hop1__199362_765799_282674_759393 em=0 f1=0.00 n_ops=19 err=False final=Pécs
[1878/2417  77.7% elapsed=38m10s eta=10m57s] id=4hop1__88342_49853_128008_87812 em=0 f1=0.00 n_ops=15 err=True final=
[1879/2417  77.7% elapsed=38m14s eta=10m57s] id=4hop1__88342_75218_128008_92225 em=1 f1=1.00 n_ops=19 err=False final=March 29, 2018
[1880/2417  77.8% elapsed=38m17s eta=10m56s] id=4hop1__690653_378185_282674_759393 em=0 f1=0.00 n_ops=19 err=False final=Waukesha
[1881/2417  77.8% elapsed=38m18s eta=10m55s] id=4hop1__88342_49853_128008_46894 em=0 f1=0.00 n_ops=15 err=True final=
[1882/2417  77.9% elapsed=38m21s eta=10m54s] id=4hop3__275416_24325_125104_10557 em=1 f1=1.00 n_ops=19 err=False final=Medieval Latin
[1883/2417  77.9% elapsed=38m21s eta=10m53s] id=4hop1__324759_378185_282674_759393 em=0 f1=0.00 n_ops=19 err=False final=Appleton
[1884/2417  77.9% elapsed=38m22s eta=10m51s] id=4hop2__105527_14670_8987_8974 em=0 f1=0.40 n_ops=19 err=False final=Paraguay
[1885/2417  78.0% elapsed=38m22s eta=10m50s] id=4hop1__344155_378185_282674_759393 em=0 f1=0.00 n_ops=19 err=False final=Appleton, Minnesota
[1886/2417  78.0% elapsed=38m24s eta=10m49s] id=4hop3__813358_24325_125104_10557 em=1 f1=1.00 n_ops=19 err=False final=Medieval Latin
[1887/2417  78.1% elapsed=38m24s eta=10m47s] id=4hop1__88342_49853_128008_46748 em=1 f1=1.00 n_ops=19 err=False final=26
[1888/2417  78.1% elapsed=38m30s eta=10m47s] id=4hop1__814776_378185_282674_759393 em=0 f1=0.00 n_ops=19 err=False final=Pulaski
[1889/2417  78.2% elapsed=38m30s eta=10m46s] id=4hop1__88342_75218_128008_87812 em=0 f1=0.80 n_ops=19 err=False final=March 29
[1890/2417  78.2% elapsed=38m31s eta=10m44s] id=4hop1__399219_765799_282674_759393 em=0 f1=0.00 n_ops=19 err=False final=Braniewo
[1891/2417  78.2% elapsed=38m31s eta=10m43s] id=4hop1__707078_765799_282674_759393 em=0 f1=0.00 n_ops=19 err=False final=Pulaski
[1892/2417  78.3% elapsed=38m32s eta=10m41s] id=4hop1__814776_765799_282674_759393 em=0 f1=0.00 n_ops=19 err=False final=Appleton
[1893/2417  78.3% elapsed=38m32s eta=10m40s] id=4hop1__436202_765799_282674_759393 em=0 f1=0.00 n_ops=19 err=False final=Pulaski
[1894/2417  78.4% elapsed=38m33s eta=10m39s] id=4hop1__88342_49853_128008_54974 em=0 f1=0.00 n_ops=15 err=True final=
[1895/2417  78.4% elapsed=38m35s eta=10m38s] id=4hop1__324759_765799_282674_759393 em=0 f1=0.00 n_ops=19 err=False final=Pulaski
[1896/2417  78.4% elapsed=38m37s eta=10m37s] id=4hop1__199881_378185_282674_759393 em=0 f1=0.00 n_ops=19 err=False final=Brown County
[1897/2417  78.5% elapsed=38m38s eta=10m35s] id=4hop1__88342_75218_128008_46748 em=1 f1=1.00 n_ops=19 err=False final=26
[1898/2417  78.5% elapsed=38m39s eta=10m34s] id=4hop1__344155_765799_282674_759393 em=0 f1=0.00 n_ops=19 err=False final=Pécs
[1899/2417  78.6% elapsed=38m40s eta=10m33s] id=4hop1__199881_765799_282674_759393 em=0 f1=0.00 n_ops=19 err=False final=Shawano
[1900/2417  78.6% elapsed=38m41s eta=10m32s] id=4hop1__88342_75218_128008_80487 em=1 f1=1.00 n_ops=19 err=False final=July 11, 2017
[1901/2417  78.7% elapsed=38m42s eta=10m30s] id=4hop1__88342_49853_128008_80487 em=0 f1=0.00 n_ops=15 err=True final=
[1902/2417  78.7% elapsed=38m44s eta=10m29s] id=4hop1__668178_765799_282674_759393 em=0 f1=0.00 n_ops=19 err=False final=Shawano
[1903/2417  78.7% elapsed=38m44s eta=10m28s] id=4hop1__833841_378185_282674_759393 em=0 f1=0.00 n_ops=19 err=False final=Shawano
[1904/2417  78.8% elapsed=38m44s eta=10m26s] id=4hop1__88342_75218_128008_46894 em=0 f1=0.00 n_ops=15 err=True final=
[1905/2417  78.8% elapsed=38m45s eta=10m25s] id=4hop1__88342_75218_128008_67954 em=0 f1=0.00 n_ops=15 err=True final=
[1906/2417  78.9% elapsed=38m45s eta=10m23s] id=4hop1__88342_49853_128008_86588 em=0 f1=0.00 n_ops=15 err=True final=
[1907/2417  78.9% elapsed=38m46s eta=10m22s] id=4hop1__88342_49853_128008_67954 em=0 f1=0.00 n_ops=19 err=False final=Mike Trout
[1908/2417  78.9% elapsed=38m46s eta=10m20s] id=4hop1__88342_75218_128008_80286 em=0 f1=0.00 n_ops=15 err=True final=
[1909/2417  79.0% elapsed=38m46s eta=10m19s] id=4hop1__88342_49853_128008_80286 em=0 f1=0.00 n_ops=15 err=True final=
[1910/2417  79.0% elapsed=38m46s eta=10m17s] id=4hop1__88342_75218_128008_54974 em=0 f1=0.00 n_ops=15 err=True final=
[1911/2417  79.1% elapsed=38m47s eta=10m16s] id=4hop1__88342_75218_128008_86588 em=0 f1=0.00 n_ops=15 err=True final=
[1912/2417  79.1% elapsed=38m50s eta=10m15s] id=4hop1__107309_457883_650651_7262 em=1 f1=1.00 n_ops=19 err=False final=Walter Sabo
[1913/2417  79.1% elapsed=38m52s eta=10m14s] id=4hop1__105773_457883_650651_7262 em=0 f1=0.00 n_ops=19 err=False final=Johnny Dare
[1914/2417  79.2% elapsed=38m53s eta=10m13s] id=4hop1__9007_698949_157828_239539 em=0 f1=0.00 n_ops=19 err=False final=Belgrade
[1915/2417  79.2% elapsed=38m54s eta=10m12s] id=4hop1__436202_378185_282674_759393 em=0 f1=0.00 n_ops=19 err=False final=Pulaski, Wisconsin
[1916/2417  79.3% elapsed=38m54s eta=10m10s] id=4hop1__9002_698949_157828_239539 em=0 f1=0.00 n_ops=19 err=False final=Madrid
[1917/2417  79.3% elapsed=38m58s eta=10m10s] id=4hop1__115977_582428_157828_162309 em=0 f1=0.00 n_ops=19 err=False final=1992
[1918/2417  79.4% elapsed=38m58s eta=10m08s] id=4hop1__145494_698949_157828_162309 em=0 f1=0.00 n_ops=19 err=False final=1994
[1919/2417  79.4% elapsed=39m02s eta=10m08s] id=4hop1__668178_378185_282674_759393 em=0 f1=0.00 n_ops=19 err=False final=Pécs
[1920/2417  79.4% elapsed=39m03s eta=10m06s] id=4hop1__146971_698949_157828_162309 em=1 f1=1.00 n_ops=19 err=False final=2016
[1921/2417  79.5% elapsed=39m03s eta=10m05s] id=4hop1__145422_698949_157828_162309 em=0 f1=0.00 n_ops=19 err=False final=1994
[1922/2417  79.5% elapsed=39m05s eta=10m04s] id=4hop1__9007_698949_157828_162309 em=0 f1=0.00 n_ops=19 err=False final=1994
[1923/2417  79.6% elapsed=39m05s eta=10m02s] id=4hop1__749065_698949_157828_162309 em=0 f1=0.00 n_ops=19 err=False final=1994
[1924/2417  79.6% elapsed=39m08s eta=10m02s] id=4hop3__316459_41402_145922_13584 em=0 f1=0.00 n_ops=19 err=False final=Barcelona
[1925/2417  79.6% elapsed=39m12s eta=10m01s] id=4hop3__316459_41402_145282_13584 em=0 f1=0.00 n_ops=19 err=False final=Barcelona and Madrid
[1926/2417  79.7% elapsed=39m13s eta=10m00s] id=4hop3__316459_41402_146223_13584 em=0 f1=0.00 n_ops=19 err=False final=Barcelona and Madrid
[1927/2417  79.7% elapsed=39m14s eta=9m58s] id=4hop1__118068_582428_157828_162309 em=0 f1=0.00 n_ops=19 err=False final=1992
[1928/2417  79.8% elapsed=39m14s eta=9m57s] id=4hop1__749065_698949_157828_239539 em=0 f1=0.00 n_ops=19 err=False final=Radio Television Serbia
[1929/2417  79.8% elapsed=39m16s eta=9m56s] id=4hop3__316459_41402_157761_13584 em=0 f1=0.00 n_ops=19 err=False final=Cannot determine
[1930/2417  79.9% elapsed=39m16s eta=9m55s] id=4hop1__151650_5274_458768_33632 em=1 f1=1.00 n_ops=19 err=False final=May 4
[1931/2417  79.9% elapsed=39m18s eta=9m53s] id=4hop1__567737_141375_458768_33632 em=0 f1=0.00 n_ops=19 err=False final=July 15
[1932/2417  79.9% elapsed=39m21s eta=9m53s] id=4hop1__152562_5274_458768_33633 em=1 f1=1.00 n_ops=19 err=False final=August 3, 1769
[1933/2417  80.0% elapsed=39m23s eta=9m52s] id=4hop1__152562_5274_458768_33632 em=1 f1=1.00 n_ops=19 err=False final=May 4
[1934/2417  80.0% elapsed=39m24s eta=9m50s] id=4hop1__151903_5274_458768_33633 em=1 f1=1.00 n_ops=19 err=False final=August 3, 1769
[1935/2417  80.1% elapsed=39m25s eta=9m49s] id=4hop1__89530_624859_355213_203322 em=0 f1=0.67 n_ops=19 err=False final=Cabarrus
[1936/2417  80.1% elapsed=39m25s eta=9m48s] id=4hop1__767417_624859_355213_203322 em=0 f1=0.50 n_ops=19 err=False final=Rowan County
[1937/2417  80.1% elapsed=39m25s eta=9m46s] id=4hop1__567737_141375_458768_33633 em=0 f1=0.50 n_ops=19 err=False final=1769
[1938/2417  80.2% elapsed=39m26s eta=9m45s] id=4hop1__151650_5274_458768_33633 em=1 f1=1.00 n_ops=19 err=False final=August 3, 1769
[1939/2417  80.2% elapsed=39m26s eta=9m43s] id=4hop3__373866_5189_276146_86687 em=1 f1=1.00 n_ops=19 err=False final=1990
[1940/2417  80.3% elapsed=39m27s eta=9m42s] id=4hop1__76111_624859_355213_203322 em=1 f1=1.00 n_ops=19 err=False final=Cabarrus County
[1941/2417  80.3% elapsed=39m28s eta=9m41s] id=4hop3__373866_5189_31809_86687 em=0 f1=0.00 n_ops=19 err=False final=2003
[1942/2417  80.3% elapsed=39m32s eta=9m40s] id=4hop1__463635_624859_355213_203322 em=1 f1=1.00 n_ops=19 err=False final=Cabarrus County
[1943/2417  80.4% elapsed=39m32s eta=9m39s] id=4hop1__152146_5274_458768_33633 em=1 f1=1.00 n_ops=19 err=False final=August 3, 1769
[1944/2417  80.4% elapsed=39m32s eta=9m37s] id=4hop1__161810_583746_457883_650651 em=1 f1=1.00 n_ops=19 err=False final=NBC
[1945/2417  80.5% elapsed=39m35s eta=9m36s] id=4hop1__3496_5274_458768_33633 em=1 f1=1.00 n_ops=19 err=False final=August 3, 1769
[1946/2417  80.5% elapsed=39m37s eta=9m35s] id=4hop1__814349_624859_355213_203322 em=0 f1=0.67 n_ops=19 err=False final=Cabarrus
[1947/2417  80.6% elapsed=39m37s eta=9m34s] id=4hop1__482815_624859_355213_203322 em=1 f1=1.00 n_ops=19 err=False final=Cabarrus County
[1948/2417  80.6% elapsed=39m40s eta=9m33s] id=4hop1__571599_49925_13759_736921 em=0 f1=0.00 n_ops=19 err=False final=Not specified
[1949/2417  80.6% elapsed=39m40s eta=9m32s] id=4hop1__228808_49925_13759_736921 em=1 f1=1.00 n_ops=19 err=False final=Saxony-Anhalt
[1950/2417  80.7% elapsed=39m42s eta=9m30s] id=4hop1__56635_49925_13759_736921 em=1 f1=1.00 n_ops=19 err=False final=Saxony-Anhalt
[1951/2417  80.7% elapsed=39m49s eta=9m31s] id=4hop1__570103_49925_13759_736921 em=1 f1=1.00 n_ops=19 err=False final=Saxony-Anhalt
[1952/2417  80.8% elapsed=39m50s eta=9m29s] id=4hop1__264443_49925_13759_736921 em=0 f1=0.00 n_ops=19 err=False final=Wittenberg
[1953/2417  80.8% elapsed=39m50s eta=9m28s] id=4hop1__696484_49925_13759_736921 em=0 f1=0.00 n_ops=19 err=False final=Wittenberg
[1954/2417  80.8% elapsed=39m50s eta=9m26s] id=4hop1__562740_49925_13759_736921 em=0 f1=0.00 n_ops=19 err=False final=Wittenberg
[1955/2417  80.9% elapsed=39m52s eta=9m25s] id=4hop1__152146_5274_458768_33632 em=0 f1=0.00 n_ops=19 err=False final=7 October
[1956/2417  80.9% elapsed=39m52s eta=9m24s] id=4hop1__836115_49925_13759_736921 em=1 f1=1.00 n_ops=19 err=False final=Saxony-Anhalt
[1957/2417  81.0% elapsed=39m52s eta=9m22s] id=4hop1__636860_49925_13759_736921 em=1 f1=1.00 n_ops=19 err=False final=Saxony-Anhalt
[1958/2417  81.0% elapsed=39m53s eta=9m21s] id=4hop3__316459_41402_146281_13584 em=0 f1=0.00 n_ops=19 err=False final=Real Madrid
[1959/2417  81.1% elapsed=39m54s eta=9m20s] id=4hop1__341156_49925_13759_736921 em=1 f1=1.00 n_ops=19 err=False final=Saxony-Anhalt
[1960/2417  81.1% elapsed=39m54s eta=9m18s] id=4hop3__316459_41402_599212_13584 em=0 f1=0.00 n_ops=19 err=False final=Real Madrid
[1961/2417  81.1% elapsed=39m55s eta=9m17s] id=4hop1__159467_725495_49925_349426 em=1 f1=1.00 n_ops=19 err=False final=Katharina von Bora
[1962/2417  81.2% elapsed=39m57s eta=9m16s] id=4hop1__711307_49925_13759_736921 em=0 f1=0.00 n_ops=19 err=False final=Luxembourg
[1963/2417  81.2% elapsed=39m57s eta=9m14s] id=4hop1__580153_49925_13759_736921 em=1 f1=1.00 n_ops=19 err=False final=Saxony-Anhalt
[1964/2417  81.3% elapsed=40m00s eta=9m14s] id=4hop1__163763_49925_13759_736921 em=0 f1=0.00 n_ops=19 err=False final=Not provided
[1965/2417  81.3% elapsed=40m00s eta=9m12s] id=4hop1__749363_49925_13759_736921 em=1 f1=1.00 n_ops=19 err=False final=Saxony-Anhalt
[1966/2417  81.3% elapsed=40m02s eta=9m11s] id=4hop2__161602_474028_88460_21034 em=0 f1=0.40 n_ops=19 err=False final=2014
[1967/2417  81.4% elapsed=40m02s eta=9m10s] id=4hop1__31050_725495_49925_267352 em=0 f1=0.00 n_ops=19 err=False final=Reformation
[1968/2417  81.4% elapsed=40m03s eta=9m08s] id=4hop1__473563_309800_355213_203322 em=1 f1=1.00 n_ops=19 err=False final=Cabarrus County
[1969/2417  81.5% elapsed=40m03s eta=9m07s] id=4hop1__629520_49925_13759_736921 em=1 f1=1.00 n_ops=19 err=False final=Saxony-Anhalt
[1970/2417  81.5% elapsed=40m04s eta=9m05s] id=4hop1__277409_49925_13759_736921 em=1 f1=1.00 n_ops=19 err=False final=Saxony-Anhalt
[1971/2417  81.5% elapsed=40m04s eta=9m04s] id=4hop1__391525_49925_13759_736921 em=0 f1=0.00 n_ops=19 err=False final=Wittenberg
[1972/2417  81.6% elapsed=40m06s eta=9m03s] id=4hop2__161602_474028_88460_20988 em=0 f1=0.14 n_ops=19 err=False final=Ethnic strife and civil war
[1973/2417  81.6% elapsed=40m06s eta=9m01s] id=4hop1__166471_49925_13759_736921 em=1 f1=1.00 n_ops=19 err=False final=Saxony-Anhalt
[1974/2417  81.7% elapsed=40m07s eta=9m00s] id=4hop1__159467_725495_49925_267352 em=0 f1=0.00 n_ops=19 err=False final=Protestant Reformation
[1975/2417  81.7% elapsed=40m09s eta=8m59s] id=4hop1__152028_141441_458768_33633 em=1 f1=1.00 n_ops=19 err=False final=August 3, 1769
[1976/2417  81.8% elapsed=40m11s eta=8m58s] id=4hop2__161602_474028_88460_126088 em=0 f1=0.00 n_ops=19 err=False final=River Tamar
[1977/2417  81.8% elapsed=40m14s eta=8m57s] id=4hop2__161602_474028_88460_21057 em=0 f1=0.33 n_ops=19 err=False final=teak
[1978/2417  81.8% elapsed=40m15s eta=8m56s] id=4hop1__31050_725495_49925_349426 em=1 f1=1.00 n_ops=19 err=False final=Katharina von Bora
[1979/2417  81.9% elapsed=40m18s eta=8m55s] id=4hop2__161602_426860_88460_18966 em=0 f1=0.00 n_ops=19 err=False final=Taiwan
[1980/2417  81.9% elapsed=40m18s eta=8m54s] id=4hop2__161602_426860_88460_20988 em=0 f1=0.00 n_ops=19 err=False final=Kashmir
[1981/2417  82.0% elapsed=40m18s eta=8m52s] id=4hop2__161602_426860_88460_21062 em=0 f1=0.00 n_ops=19 err=False final=China
[1982/2417  82.0% elapsed=40m21s eta=8m51s] id=4hop2__161602_474028_88460_20999 em=0 f1=0.00 n_ops=19 err=False final=No information provided
[1983/2417  82.0% elapsed=40m22s eta=8m50s] id=4hop2__161602_426860_88460_21034 em=0 f1=0.40 n_ops=19 err=False final=2014
[1984/2417  82.1% elapsed=40m27s eta=8m50s] id=4hop2__161602_474028_88460_21062 em=0 f1=0.00 n_ops=19 err=False final=No
[1985/2417  82.1% elapsed=40m27s eta=8m48s] id=4hop2__161602_426860_88460_126088 em=0 f1=0.00 n_ops=19 err=False final=China
[1986/2417  82.2% elapsed=40m28s eta=8m47s] id=4hop2__161602_426860_88460_20985 em=0 f1=0.00 n_ops=19 err=False final=Vientiane
[1987/2417  82.2% elapsed=40m30s eta=8m46s] id=4hop2__161602_426860_88460_21074 em=1 f1=1.00 n_ops=19 err=False final=Ministry of Education
[1988/2417  82.3% elapsed=40m30s eta=8m44s] id=4hop2__161602_474028_88460_20985 em=0 f1=0.00 n_ops=19 err=False final=No
[1989/2417  82.3% elapsed=40m31s eta=8m43s] id=4hop2__161602_474028_88460_21063 em=1 f1=1.00 n_ops=19 err=False final=Yangon Stock Exchange Joint Venture Co. Ltd
[1990/2417  82.3% elapsed=40m31s eta=8m42s] id=4hop2__161602_426860_88460_20999 em=0 f1=0.00 n_ops=19 err=False final=China
[1991/2417  82.4% elapsed=40m33s eta=8m41s] id=4hop2__161602_426860_88460_63559 em=0 f1=0.00 n_ops=19 err=False final=1989
[1992/2417  82.4% elapsed=40m33s eta=8m39s] id=4hop2__161602_474028_88460_63559 em=0 f1=0.00 n_ops=19 err=False final=1989
[1993/2417  82.5% elapsed=40m35s eta=8m38s] id=4hop2__161602_474028_88460_21074 em=1 f1=1.00 n_ops=19 err=False final=Ministry of Education
[1994/2417  82.5% elapsed=40m36s eta=8m37s] id=4hop2__161602_426860_88460_21057 em=0 f1=0.33 n_ops=19 err=False final=teak
[1995/2417  82.5% elapsed=40m37s eta=8m36s] id=4hop3__426860_88460_30152_20999 em=0 f1=0.00 n_ops=19 err=False final=Not enough information
[1996/2417  82.6% elapsed=40m38s eta=8m34s] id=4hop2__161602_474028_88460_18966 em=0 f1=0.00 n_ops=19 err=False final=Myanmar
[1997/2417  82.6% elapsed=40m42s eta=8m34s] id=4hop3__270458_88460_30152_20999 em=0 f1=0.00 n_ops=19 err=False final=11
[1998/2417  82.7% elapsed=40m43s eta=8m32s] id=4hop1__43565_624859_355213_203322 em=1 f1=1.00 n_ops=19 err=False final=Cabarrus County
[1999/2417  82.7% elapsed=40m46s eta=8m31s] id=4hop3__474028_88460_30152_20999 em=0 f1=0.00 n_ops=19 err=False final=The question contains an error or inaccuracy.
[2000/2417  82.7% elapsed=40m46s eta=8m30s] id=4hop3__310746_88460_30152_20999 em=0 f1=0.33 n_ops=19 err=False final=Portuguese
[2001/2417  82.8% elapsed=40m47s eta=8m29s] id=4hop3__257340_88460_30152_20999 em=0 f1=0.00 n_ops=19 err=False final=Ottoman Empire
[2002/2417  82.8% elapsed=40m48s eta=8m27s] id=4hop3__860588_88460_30152_20999 em=0 f1=0.00 n_ops=19 err=False final=Not applicable
[2003/2417  82.9% elapsed=40m48s eta=8m26s] id=4hop3__650050_88460_30152_20999 em=0 f1=0.00 n_ops=19 err=False final=Not applicable
[2004/2417  82.9% elapsed=40m49s eta=8m25s] id=4hop3__439878_88460_30152_20999 em=0 f1=0.00 n_ops=19 err=False final=The question contains incorrect information based on the pro
[2005/2417  83.0% elapsed=40m51s eta=8m24s] id=4hop3__754156_88460_30152_20999 em=0 f1=0.33 n_ops=19 err=False final=Portuguese
[2006/2417  83.0% elapsed=40m53s eta=8m23s] id=4hop3__519729_88460_30152_20999 em=0 f1=0.00 n_ops=19 err=False final=Muslim refugees from Russia
[2007/2417  83.0% elapsed=40m53s eta=8m21s] id=4hop3__175072_88460_30152_20999 em=0 f1=0.00 n_ops=19 err=False final=Laos
[2008/2417  83.1% elapsed=40m55s eta=8m20s] id=4hop3__323121_88460_30152_20999 em=0 f1=0.33 n_ops=19 err=False final=Portuguese
[2009/2417  83.1% elapsed=40m56s eta=8m19s] id=4hop3__630723_88460_30152_20999 em=0 f1=0.33 n_ops=19 err=False final=Portuguese
[2010/2417  83.2% elapsed=41m01s eta=8m18s] id=4hop3__220945_88460_30152_20999 em=0 f1=0.33 n_ops=19 err=False final=Portuguese
[2011/2417  83.2% elapsed=41m01s eta=8m17s] id=4hop3__372437_88460_30152_20999 em=0 f1=0.00 n_ops=19 err=False final=Not enough information
[2012/2417  83.2% elapsed=41m02s eta=8m15s] id=4hop3__839787_88460_30152_20999 em=0 f1=0.33 n_ops=19 err=False final=Portuguese
[2013/2417  83.3% elapsed=41m02s eta=8m14s] id=4hop2__161602_474028_88460_86452 em=1 f1=1.00 n_ops=19 err=False final=1989
[2014/2417  83.3% elapsed=41m03s eta=8m13s] id=4hop3__577443_88460_30152_20999 em=0 f1=0.00 n_ops=19 err=False final=Not applicable
[2015/2417  83.4% elapsed=41m05s eta=8m12s] id=4hop3__507819_88460_30152_20999 em=0 f1=0.33 n_ops=19 err=False final=Portuguese
[2016/2417  83.4% elapsed=41m05s eta=8m10s] id=4hop3__700962_88460_30152_20999 em=0 f1=0.33 n_ops=19 err=False final=Portuguese
[2017/2417  83.5% elapsed=41m06s eta=8m09s] id=4hop3__547073_88460_30152_20999 em=0 f1=0.00 n_ops=19 err=False final=Ajuran Empire
[2018/2417  83.5% elapsed=41m06s eta=8m08s] id=4hop2__71753_158985_70784_79935 em=1 f1=1.00 n_ops=19 err=False final=1930
[2019/2417  83.5% elapsed=41m08s eta=8m07s] id=4hop3__405277_88460_30152_20999 em=0 f1=0.00 n_ops=19 err=False final=Burmese people
[2020/2417  83.6% elapsed=41m08s eta=8m05s] id=4hop2__161602_426860_88460_86452 em=1 f1=1.00 n_ops=19 err=False final=1989
[2021/2417  83.6% elapsed=41m09s eta=8m04s] id=4hop2__71753_73205_70784_79935 em=0 f1=0.00 n_ops=19 err=False final=1902-1927
[2022/2417  83.7% elapsed=41m10s eta=8m03s] id=4hop3__638064_88460_30152_20999 em=0 f1=0.00 n_ops=19 err=False final=Not enough information
[2023/2417  83.7% elapsed=41m10s eta=8m01s] id=4hop3__746868_88460_30152_20999 em=0 f1=0.00 n_ops=19 err=False final=Ajuran Empire
[2024/2417  83.7% elapsed=41m11s eta=8m00s] id=4hop2__9988_158279_70784_79935 em=1 f1=1.00 n_ops=19 err=False final=1930
[2025/2417  83.8% elapsed=41m12s eta=7m59s] id=4hop2__71753_623626_70784_79935 em=1 f1=1.00 n_ops=19 err=False final=1930
[2026/2417  83.8% elapsed=41m13s eta=7m57s] id=4hop2__9988_729371_70784_79935 em=1 f1=1.00 n_ops=19 err=False final=1930
[2027/2417  83.9% elapsed=41m16s eta=7m56s] id=4hop2__9988_158985_70784_79935 em=1 f1=1.00 n_ops=19 err=False final=1930
[2028/2417  83.9% elapsed=41m18s eta=7m55s] id=4hop2__71753_729371_70784_79935 em=1 f1=1.00 n_ops=19 err=False final=1930
[2029/2417  83.9% elapsed=41m20s eta=7m54s] id=4hop2__9988_261673_70784_61381 em=1 f1=1.00 n_ops=19 err=False final=1932
[2030/2417  84.0% elapsed=41m22s eta=7m53s] id=4hop2__71753_685934_70784_79935 em=1 f1=1.00 n_ops=19 err=False final=1930
[2031/2417  84.0% elapsed=41m23s eta=7m52s] id=4hop2__71753_623626_70784_61381 em=0 f1=0.00 n_ops=19 err=False final=The answer cannot be determined
[2032/2417  84.1% elapsed=41m25s eta=7m51s] id=4hop2__71753_261673_70784_79935 em=0 f1=0.00 n_ops=19 err=False final=Arabian Peninsula
[2033/2417  84.1% elapsed=41m26s eta=7m50s] id=4hop2__71753_729371_70784_61381 em=0 f1=0.00 n_ops=19 err=False final=Saudi Arabia
[2034/2417  84.2% elapsed=41m26s eta=7m48s] id=4hop2__9988_729371_70784_61381 em=1 f1=1.00 n_ops=19 err=False final=1932
[2035/2417  84.2% elapsed=41m29s eta=7m47s] id=4hop2__9988_685934_70784_61381 em=1 f1=1.00 n_ops=19 err=False final=1932
[2036/2417  84.2% elapsed=41m30s eta=7m46s] id=4hop2__71753_685934_70784_61381 em=1 f1=1.00 n_ops=19 err=False final=1932
[2037/2417  84.3% elapsed=41m32s eta=7m45s] id=4hop2__71753_648517_70784_61381 em=1 f1=1.00 n_ops=19 err=False final=1932
[2038/2417  84.3% elapsed=41m33s eta=7m44s] id=4hop2__71753_158279_70784_61381 em=0 f1=0.00 n_ops=19 err=False final=Shiraz
[2039/2417  84.4% elapsed=41m33s eta=7m42s] id=4hop2__9988_158279_70784_61381 em=0 f1=0.00 n_ops=19 err=False final=1869
[2040/2417  84.4% elapsed=41m36s eta=7m41s] id=4hop1__342858_131850_33952_34088 em=1 f1=1.00 n_ops=19 err=False final=Tucson Raceway Park
[2041/2417  84.4% elapsed=41m37s eta=7m40s] id=4hop2__71753_158279_70784_79935 em=0 f1=0.00 n_ops=19 err=False final=Shiraz
[2042/2417  84.5% elapsed=41m38s eta=7m39s] id=4hop1__151650_5274_458768_33637 em=0 f1=0.00 n_ops=19 err=False final=2
[2043/2417  84.5% elapsed=41m38s eta=7m37s] id=4hop2__9988_158985_70784_61381 em=1 f1=1.00 n_ops=19 err=False final=1932
[2044/2417  84.6% elapsed=41m39s eta=7m36s] id=4hop3__373866_5189_38229_86687 em=1 f1=1.00 n_ops=19 err=False final=1990
[2045/2417  84.6% elapsed=41m40s eta=7m35s] id=4hop1__178366_229349_66759_75165 em=0 f1=0.00 n_ops=19 err=False final=1335907
[2046/2417  84.7% elapsed=41m40s eta=7m33s] id=4hop1__342858_131850_33952_34099 em=0 f1=0.00 n_ops=19 err=False final=4 years
[2047/2417  84.7% elapsed=41m41s eta=7m32s] id=4hop2__71753_261673_70784_61381 em=0 f1=0.00 n_ops=19 err=False final=Unknown
[2048/2417  84.7% elapsed=41m41s eta=7m31s] id=4hop2__71753_158985_70784_61381 em=0 f1=0.00 n_ops=19 err=False final=1876
[2049/2417  84.8% elapsed=41m41s eta=7m29s] id=4hop1__726391_153080_33952_33939 em=0 f1=0.00 n_ops=19 err=False final=7531
[2050/2417  84.8% elapsed=41m42s eta=7m28s] id=4hop1__152146_5274_458768_33637 em=0 f1=0.00 n_ops=19 err=False final=2
[2051/2417  84.9% elapsed=41m46s eta=7m27s] id=4hop3__279362_88460_30152_20999 em=0 f1=0.00 n_ops=19 err=False final=Thais
[2052/2417  84.9% elapsed=41m47s eta=7m26s] id=4hop1__342858_131850_33952_34053 em=1 f1=1.00 n_ops=19 err=False final=1905
[2053/2417  84.9% elapsed=41m48s eta=7m25s] id=4hop1__726391_153080_33952_34109 em=1 f1=1.00 n_ops=19 err=False final=KUAT-TV 6
[2054/2417  85.0% elapsed=41m49s eta=7m23s] id=4hop1__3496_5274_458768_33637 em=0 f1=0.00 n_ops=19 err=False final=中文
[2055/2417  85.0% elapsed=41m53s eta=7m23s] id=4hop1__726391_153080_33952_34053 em=1 f1=1.00 n_ops=19 err=False final=1905
[2056/2417  85.1% elapsed=41m54s eta=7m21s] id=4hop1__152562_5274_458768_33637 em=0 f1=0.00 n_ops=19 err=False final=2
[2057/2417  85.1% elapsed=41m57s eta=7m21s] id=4hop2__71753_648517_70784_79935 em=0 f1=0.00 n_ops=19 err=False final=1927
[2058/2417  85.1% elapsed=41m57s eta=7m19s] id=4hop1__310029_153080_33897_81096 em=1 f1=1.00 n_ops=19 err=False final=Mario Andretti
[2059/2417  85.2% elapsed=41m58s eta=7m18s] id=4hop1__342858_131850_33952_33939 em=0 f1=0.00 n_ops=19 err=False final=7531
[2060/2417  85.2% elapsed=41m59s eta=7m17s] id=4hop1__708184_153080_159767_81096 em=1 f1=1.00 n_ops=19 err=False final=Mario Andretti
[2061/2417  85.3% elapsed=42m00s eta=7m15s] id=4hop1__802394_153080_159767_81096 em=1 f1=1.00 n_ops=19 err=False final=Mario Andretti
[2062/2417  85.3% elapsed=42m00s eta=7m14s] id=4hop1__726152_153080_159767_81096 em=1 f1=1.00 n_ops=19 err=False final=Mario Andretti
[2063/2417  85.4% elapsed=42m04s eta=7m13s] id=4hop1__726391_153080_33897_81096 em=1 f1=1.00 n_ops=19 err=False final=Mario Andretti
[2064/2417  85.4% elapsed=42m04s eta=7m12s] id=4hop1__846600_153080_33897_81096 em=1 f1=1.00 n_ops=19 err=False final=Mario Andretti
[2065/2417  85.4% elapsed=42m06s eta=7m11s] id=4hop1__567737_141375_458768_33637 em=0 f1=0.00 n_ops=19 err=False final=2
[2066/2417  85.5% elapsed=42m07s eta=7m09s] id=4hop1__726391_153080_159767_81096 em=1 f1=1.00 n_ops=19 err=False final=Mario Andretti
[2067/2417  85.5% elapsed=42m07s eta=7m08s] id=4hop2__9988_261673_70784_79935 em=0 f1=0.00 n_ops=19 err=False final=10,000 to 100,000 years ago
[2068/2417  85.6% elapsed=42m08s eta=7m07s] id=4hop1__236903_153080_33897_81096 em=1 f1=1.00 n_ops=19 err=False final=Mario Andretti
[2069/2417  85.6% elapsed=42m09s eta=7m05s] id=4hop1__752321_153080_33897_81096 em=1 f1=1.00 n_ops=19 err=False final=Mario Andretti
[2070/2417  85.6% elapsed=42m10s eta=7m04s] id=4hop1__752321_153080_159767_81096 em=1 f1=1.00 n_ops=19 err=False final=Mario Andretti
[2071/2417  85.7% elapsed=42m12s eta=7m03s] id=4hop1__720201_153080_159767_81096 em=1 f1=1.00 n_ops=19 err=False final=Mario Andretti
[2072/2417  85.7% elapsed=42m12s eta=7m02s] id=4hop1__813171_153080_33897_81096 em=1 f1=1.00 n_ops=19 err=False final=Mario Andretti
[2073/2417  85.8% elapsed=42m13s eta=7m00s] id=4hop1__842143_153080_33897_81096 em=1 f1=1.00 n_ops=19 err=False final=Mario Andretti
[2074/2417  85.8% elapsed=42m13s eta=6m59s] id=4hop1__236903_153080_159767_81096 em=0 f1=0.00 n_ops=19 err=False final=Johnny Rutherford
[2075/2417  85.9% elapsed=42m13s eta=6m57s] id=4hop1__708184_153080_33897_81096 em=1 f1=1.00 n_ops=19 err=False final=Mario Andretti
[2076/2417  85.9% elapsed=42m17s eta=6m57s] id=4hop1__342858_131850_159767_81096 em=1 f1=1.00 n_ops=19 err=False final=Mario Andretti
[2077/2417  85.9% elapsed=42m18s eta=6m56s] id=4hop1__625463_229349_66759_54221 em=1 f1=1.00 n_ops=19 err=False final=5am
[2078/2417  86.0% elapsed=42m20s eta=6m54s] id=4hop1__342858_131850_33897_81096 em=1 f1=1.00 n_ops=19 err=False final=Mario Andretti
[2079/2417  86.0% elapsed=42m21s eta=6m53s] id=4hop1__802394_153080_33897_81096 em=1 f1=1.00 n_ops=19 err=False final=Mario Andretti
[2080/2417  86.1% elapsed=42m23s eta=6m52s] id=4hop1__813171_153080_159767_81096 em=1 f1=1.00 n_ops=19 err=False final=Mario Andretti
[2081/2417  86.1% elapsed=42m29s eta=6m52s] id=4hop1__105401_17130_70784_79935 em=1 f1=1.00 n_ops=19 err=False final=1930
[2082/2417  86.1% elapsed=42m29s eta=6m50s] id=4hop1__726152_153080_33897_81096 em=0 f1=0.00 n_ops=19 err=False final=Denny Hamlin
[2083/2417  86.2% elapsed=42m31s eta=6m49s] id=4hop1__17192_17130_70784_61381 em=0 f1=0.00 n_ops=19 err=False final=1978
[2084/2417  86.2% elapsed=42m34s eta=6m48s] id=4hop1__842143_153080_159767_81096 em=1 f1=1.00 n_ops=19 err=False final=Mario Andretti
[2085/2417  86.3% elapsed=42m34s eta=6m47s] id=4hop1__846600_153080_159767_81096 em=1 f1=1.00 n_ops=19 err=False final=Mario Andretti
[2086/2417  86.3% elapsed=42m35s eta=6m45s] id=4hop1__343844_17130_70784_61381 em=1 f1=1.00 n_ops=19 err=False final=1932
[2087/2417  86.3% elapsed=42m35s eta=6m44s] id=4hop1__17192_17130_70784_79935 em=1 f1=1.00 n_ops=19 err=False final=1930
[2088/2417  86.4% elapsed=42m36s eta=6m43s] id=4hop1__638988_17130_70784_79935 em=1 f1=1.00 n_ops=19 err=False final=1930
[2089/2417  86.4% elapsed=42m36s eta=6m41s] id=4hop1__343844_17130_70784_79935 em=1 f1=1.00 n_ops=19 err=False final=1930
[2090/2417  86.5% elapsed=42m36s eta=6m40s] id=4hop1__105688_17130_70784_79935 em=1 f1=1.00 n_ops=19 err=False final=1930
[2091/2417  86.5% elapsed=42m37s eta=6m39s] id=4hop1__161605_32392_823060_610794 em=1 f1=1.00 n_ops=19 err=False final=Richland County
[2092/2417  86.6% elapsed=42m37s eta=6m37s] id=4hop1__105401_17130_70784_61381 em=1 f1=1.00 n_ops=19 err=False final=1932
[2093/2417  86.6% elapsed=42m37s eta=6m36s] id=4hop1__443274_17130_70784_79935 em=0 f1=0.00 n_ops=19 err=False final=1990
[2094/2417  86.6% elapsed=42m39s eta=6m35s] id=4hop1__129721_32392_823060_610794 em=1 f1=1.00 n_ops=19 err=False final=Richland County
[2095/2417  86.7% elapsed=42m40s eta=6m33s] id=4hop1__131611_32392_823060_610794 em=0 f1=0.67 n_ops=19 err=False final=Richland
[2096/2417  86.7% elapsed=42m42s eta=6m32s] id=4hop1__105002_17130_70784_61381 em=0 f1=0.00 n_ops=19 err=False final=1916
[2097/2417  86.8% elapsed=42m42s eta=6m31s] id=4hop1__145087_32392_823060_610794 em=0 f1=0.67 n_ops=19 err=False final=Richland
[2098/2417  86.8% elapsed=42m42s eta=6m30s] id=4hop1__44149_32392_823060_610794 em=1 f1=1.00 n_ops=19 err=False final=Richland County
[2099/2417  86.8% elapsed=42m43s eta=6m28s] id=4hop1__130623_32392_823060_610794 em=1 f1=1.00 n_ops=19 err=False final=Richland County
[2100/2417  86.9% elapsed=42m43s eta=6m27s] id=4hop1__130508_32392_823060_610794 em=0 f1=0.67 n_ops=19 err=False final=Richland
[2101/2417  86.9% elapsed=42m45s eta=6m26s] id=4hop1__105688_17130_70784_61381 em=1 f1=1.00 n_ops=19 err=False final=1932
[2102/2417  87.0% elapsed=42m45s eta=6m24s] id=4hop1__13170_32392_823060_610794 em=1 f1=1.00 n_ops=19 err=False final=Richland County
[2103/2417  87.0% elapsed=42m46s eta=6m23s] id=4hop1__56226_32392_823060_610794 em=1 f1=1.00 n_ops=19 err=False final=Richland County
[2104/2417  87.1% elapsed=42m46s eta=6m22s] id=4hop3__661103_698586_1926_54362 em=0 f1=0.00 n_ops=19 err=False final=Atlanta
[2105/2417  87.1% elapsed=42m48s eta=6m21s] id=4hop3__152056_698586_1926_54362 em=0 f1=0.00 n_ops=19 err=False final=Atlanta
[2106/2417  87.1% elapsed=42m50s eta=6m20s] id=4hop1__638988_17130_70784_61381 em=0 f1=0.00 n_ops=19 err=False final=1916
[2107/2417  87.2% elapsed=42m51s eta=6m18s] id=4hop1__131632_32392_823060_610794 em=1 f1=1.00 n_ops=19 err=False final=Richland County
[2108/2417  87.2% elapsed=42m53s eta=6m17s] id=4hop3__238811_88460_30152_20999 em=0 f1=0.00 n_ops=19 err=False final=Balkans
[2109/2417  87.3% elapsed=42m54s eta=6m16s] id=4hop1__310029_153080_159767_81096 em=1 f1=1.00 n_ops=19 err=False final=Mario Andretti
[2110/2417  87.3% elapsed=42m56s eta=6m15s] id=4hop1__73810_32392_823060_610794 em=0 f1=0.00 n_ops=15 err=True final=
[2111/2417  87.3% elapsed=43m00s eta=6m14s] id=4hop1__89632_32392_823060_610794 em=0 f1=0.00 n_ops=19 err=False final=United States
[2112/2417  87.4% elapsed=43m00s eta=6m13s] id=4hop1__151903_5274_458768_33637 em=0 f1=0.00 n_ops=19 err=False final=2
[2113/2417  87.4% elapsed=43m01s eta=6m11s] id=4hop1__433767_32392_823060_610794 em=1 f1=1.00 n_ops=19 err=False final=Richland County
[2114/2417  87.5% elapsed=43m01s eta=6m10s] id=4hop1__444892_32392_823060_610794 em=1 f1=1.00 n_ops=19 err=False final=Richland County
[2115/2417  87.5% elapsed=43m01s eta=6m09s] id=4hop1__429751_32392_823060_610794 em=1 f1=1.00 n_ops=19 err=False final=Richland County
[2116/2417  87.5% elapsed=43m02s eta=6m07s] id=4hop1__37608_32392_823060_610794 em=1 f1=1.00 n_ops=19 err=False final=Richland County
[2117/2417  87.6% elapsed=43m02s eta=6m06s] id=4hop1__788226_32392_823060_610794 em=0 f1=0.67 n_ops=19 err=False final=Richland
[2118/2417  87.6% elapsed=43m02s eta=6m05s] id=4hop1__777217_32392_823060_610794 em=1 f1=1.00 n_ops=19 err=False final=Richland County
[2119/2417  87.7% elapsed=43m02s eta=6m03s] id=4hop1__408432_32392_823060_610794 em=1 f1=1.00 n_ops=19 err=False final=Richland County
[2120/2417  87.7% elapsed=43m03s eta=6m02s] id=4hop1__443274_17130_70784_61381 em=0 f1=0.00 n_ops=19 err=False final=2500 BCE
[2121/2417  87.8% elapsed=43m08s eta=6m01s] id=4hop3__129456_29339_508306_70744 em=1 f1=1.00 n_ops=19 err=False final=University of South Carolina
[2122/2417  87.8% elapsed=43m10s eta=6m00s] id=4hop3__39836_29339_508306_70744 em=1 f1=1.00 n_ops=19 err=False final=University of South Carolina
[2123/2417  87.8% elapsed=43m10s eta=5m59s] id=4hop3__130404_29339_508306_70744 em=1 f1=1.00 n_ops=19 err=False final=University of South Carolina
[2124/2417  87.9% elapsed=43m10s eta=5m57s] id=4hop3__129682_29339_508306_70744 em=1 f1=1.00 n_ops=19 err=False final=University of South Carolina
[2125/2417  87.9% elapsed=43m11s eta=5m56s] id=4hop1__131113_59747_211319_557671 em=0 f1=0.40 n_ops=19 err=False final=Washington County
[2126/2417  88.0% elapsed=43m13s eta=5m55s] id=4hop3__130276_29339_508306_70744 em=1 f1=1.00 n_ops=19 err=False final=University of South Carolina
[2127/2417  88.0% elapsed=43m14s eta=5m54s] id=4hop3__131820_29339_508306_70744 em=1 f1=1.00 n_ops=19 err=False final=University of South Carolina
[2128/2417  88.0% elapsed=43m14s eta=5m52s] id=4hop1__130404_59747_211319_557671 em=0 f1=0.00 n_ops=19 err=False final=Gwinnett
[2129/2417  88.1% elapsed=43m15s eta=5m51s] id=4hop3__129754_29339_508306_70744 em=1 f1=1.00 n_ops=19 err=False final=University of South Carolina
[2130/2417  88.1% elapsed=43m15s eta=5m50s] id=4hop1__71715_59747_211319_557671 em=0 f1=0.40 n_ops=19 err=False final=Fulton County
[2131/2417  88.2% elapsed=43m15s eta=5m48s] id=4hop3__129318_29339_508306_70744 em=0 f1=0.33 n_ops=19 err=False final=Clemson University
[2132/2417  88.2% elapsed=43m19s eta=5m47s] id=4hop3__15567_29339_508306_70744 em=0 f1=0.33 n_ops=19 err=False final=Clemson University
[2133/2417  88.2% elapsed=43m20s eta=5m46s] id=4hop3__152056_698586_57596_54362 em=0 f1=0.00 n_ops=19 err=False final=Atlanta
[2134/2417  88.3% elapsed=43m21s eta=5m45s] id=4hop1__342858_131850_33952_34109 em=1 f1=1.00 n_ops=19 err=False final=KUAT-TV 6
[2135/2417  88.3% elapsed=43m25s eta=5m44s] id=4hop1__129682_59747_211319_557671 em=0 f1=0.00 n_ops=19 err=False final=Gwinnett
[2136/2417  88.4% elapsed=43m25s eta=5m43s] id=4hop1__15567_59747_211319_557671 em=0 f1=0.40 n_ops=19 err=False final=Fulton County
[2137/2417  88.4% elapsed=43m27s eta=5m42s] id=4hop1__130276_59747_211319_557671 em=0 f1=0.40 n_ops=19 err=False final=DeKalb County
[2138/2417  88.5% elapsed=43m30s eta=5m41s] id=4hop3__152056_698586_89595_54362 em=0 f1=0.00 n_ops=19 err=False final=Atlanta
[2139/2417  88.5% elapsed=43m34s eta=5m40s] id=4hop1__151650_5274_458768_33677 em=1 f1=1.00 n_ops=19 err=False final=2013
[2140/2417  88.5% elapsed=43m35s eta=5m38s] id=4hop3__661103_698586_91248_54362 em=0 f1=0.00 n_ops=19 err=False final=Atlanta
[2141/2417  88.6% elapsed=43m37s eta=5m37s] id=4hop1__152562_5274_458768_33677 em=1 f1=1.00 n_ops=19 err=False final=2013
[2142/2417  88.6% elapsed=43m37s eta=5m36s] id=4hop3__524186_219173_128875_72134 em=1 f1=1.00 n_ops=19 err=False final=1839
[2143/2417  88.7% elapsed=43m37s eta=5m35s] id=4hop1__15607_59747_211319_557671 em=0 f1=0.40 n_ops=19 err=False final=Gwinnett County
[2144/2417  88.7% elapsed=43m38s eta=5m33s] id=4hop1__567737_141375_458768_33677 em=1 f1=1.00 n_ops=19 err=False final=2013
[2145/2417  88.7% elapsed=43m39s eta=5m32s] id=4hop1__31333_59747_211319_557671 em=0 f1=0.40 n_ops=19 err=False final=Wayne County
[2146/2417  88.8% elapsed=43m39s eta=5m31s] id=4hop3__661103_698586_57596_54362 em=0 f1=0.00 n_ops=19 err=False final=Atlanta
[2147/2417  88.8% elapsed=43m40s eta=5m29s] id=4hop1__3496_5274_458768_33677 em=1 f1=1.00 n_ops=19 err=False final=2013
[2148/2417  88.9% elapsed=43m41s eta=5m28s] id=4hop3__524186_219173_638950_72134 em=1 f1=1.00 n_ops=19 err=False final=1839
[2149/2417  88.9% elapsed=43m43s eta=5m27s] id=4hop1__151903_5274_458768_33677 em=1 f1=1.00 n_ops=19 err=False final=2013
[2150/2417  89.0% elapsed=43m43s eta=5m26s] id=4hop3__524186_219173_548463_72134 em=1 f1=1.00 n_ops=19 err=False final=1839
[2151/2417  89.0% elapsed=43m43s eta=5m24s] id=4hop3__160230_470287_862998_72134 em=1 f1=1.00 n_ops=19 err=False final=1839
[2152/2417  89.0% elapsed=43m47s eta=5m23s] id=4hop3__193820_466199_128875_72134 em=1 f1=1.00 n_ops=19 err=False final=1839
[2153/2417  89.1% elapsed=43m49s eta=5m22s] id=4hop3__160230_470287_345497_72134 em=1 f1=1.00 n_ops=19 err=False final=1839
[2154/2417  89.1% elapsed=43m50s eta=5m21s] id=4hop1__819901_32392_823060_610794 em=1 f1=1.00 n_ops=19 err=False final=Richland County
[2155/2417  89.2% elapsed=43m51s eta=5m20s] id=4hop1__60000_59747_211319_557671 em=0 f1=0.40 n_ops=19 err=False final=Fulton County
[2156/2417  89.2% elapsed=43m52s eta=5m19s] id=4hop3__524186_219173_862998_72134 em=1 f1=1.00 n_ops=19 err=False final=1839
[2157/2417  89.2% elapsed=43m57s eta=5m18s] id=4hop3__771862_466199_695123_72134 em=0 f1=0.00 n_ops=19 err=False final=Unable to determine
[2158/2417  89.3% elapsed=43m58s eta=5m17s] id=4hop3__794915_466199_695123_72134 em=0 f1=0.00 n_ops=19 err=False final=Not enough information
[2159/2417  89.3% elapsed=44m02s eta=5m16s] id=4hop3__601548_836463_161616_77103 em=1 f1=1.00 n_ops=19 err=False final=1839
[2160/2417  89.4% elapsed=44m02s eta=5m14s] id=4hop3__678814_466199_695123_72134 em=1 f1=1.00 n_ops=19 err=False final=1839
[2161/2417  89.4% elapsed=44m03s eta=5m13s] id=4hop1__57467_53706_795904_580996 em=1 f1=1.00 n_ops=19 err=False final=Rio Linda
[2162/2417  89.4% elapsed=44m04s eta=5m12s] id=4hop3__773800_152874_161616_77103 em=1 f1=1.00 n_ops=19 err=False final=1839
[2163/2417  89.5% elapsed=44m07s eta=5m11s] id=4hop1__152146_5274_458768_33677 em=1 f1=1.00 n_ops=19 err=False final=2013
[2164/2417  89.5% elapsed=44m08s eta=5m10s] id=4hop3__152056_698586_91248_54362 em=0 f1=0.00 n_ops=19 err=False final=Atlanta
[2165/2417  89.6% elapsed=44m08s eta=5m08s] id=4hop3__531933_836463_161616_77103 em=1 f1=1.00 n_ops=19 err=False final=1839
[2166/2417  89.6% elapsed=44m08s eta=5m07s] id=4hop3__160230_470287_128875_72134 em=1 f1=1.00 n_ops=19 err=False final=1839
[2167/2417  89.7% elapsed=44m09s eta=5m06s] id=4hop1__131002_53706_795904_580996 em=0 f1=0.00 n_ops=19 err=False final=Los Angeles
[2168/2417  89.7% elapsed=44m09s eta=5m04s] id=4hop1__131820_59747_211319_557671 em=0 f1=0.40 n_ops=19 err=False final=Wayne County
[2169/2417  89.7% elapsed=44m09s eta=5m03s] id=4hop3__800262_466199_695123_72134 em=1 f1=1.00 n_ops=19 err=False final=1839
[2170/2417  89.8% elapsed=44m12s eta=5m02s] id=4hop3__661103_698586_89595_54362 em=0 f1=0.00 n_ops=19 err=False final=Atlanta
[2171/2417  89.8% elapsed=44m12s eta=5m01s] id=4hop1__28352_53706_795904_580996 em=0 f1=0.00 n_ops=19 err=False final=Nevada
[2172/2417  89.9% elapsed=44m14s eta=4m59s] id=4hop1__130480_53706_795904_580996 em=0 f1=0.00 n_ops=19 err=False final=Oakland
[2173/2417  89.9% elapsed=44m17s eta=4m58s] id=4hop1__33012_53706_795904_580996 em=0 f1=0.00 n_ops=19 err=False final=San Francisco
[2174/2417  89.9% elapsed=44m17s eta=4m57s] id=4hop1__47210_53706_795904_580996 em=0 f1=0.00 n_ops=19 err=False final=California
[2175/2417  90.0% elapsed=44m18s eta=4m56s] id=4hop1__83058_53706_795904_580996 em=0 f1=0.00 n_ops=19 err=False final=Oakland
[2176/2417  90.0% elapsed=44m18s eta=4m54s] id=4hop1__93316_53706_795904_580996 em=0 f1=0.00 n_ops=19 err=False final=Oak Lawn
[2177/2417  90.1% elapsed=44m19s eta=4m53s] id=4hop1__158877_53706_795904_580996 em=0 f1=0.00 n_ops=19 err=False final=Oak Lawn
[2178/2417  90.1% elapsed=44m20s eta=4m52s] id=4hop1__51465_53706_795904_580996 em=0 f1=0.00 n_ops=19 err=False final=Nevada
[2179/2417  90.2% elapsed=44m22s eta=4m51s] id=4hop3__312119_132409_146285_35031 em=0 f1=0.00 n_ops=19 err=False final=3
[2180/2417  90.2% elapsed=44m25s eta=4m50s] id=4hop3__668721_132409_146285_35031 em=0 f1=0.67 n_ops=19 err=False final=third
[2181/2417  90.2% elapsed=44m31s eta=4m49s] id=4hop3__322354_466199_695123_72134 em=1 f1=1.00 n_ops=19 err=False final=1839
[2182/2417  90.3% elapsed=44m34s eta=4m48s] id=4hop3__719125_132409_371500_35031 em=0 f1=0.67 n_ops=19 err=False final=third
[2183/2417  90.3% elapsed=44m36s eta=4m47s] id=4hop3__673447_132409_145082_35031 em=0 f1=0.67 n_ops=19 err=False final=third
[2184/2417  90.4% elapsed=44m37s eta=4m46s] id=4hop3__673447_132409_371500_35031 em=0 f1=0.67 n_ops=19 err=False final=third
[2185/2417  90.4% elapsed=44m37s eta=4m44s] id=4hop3__387712_132409_146285_35031 em=0 f1=0.00 n_ops=19 err=False final=3
[2186/2417  90.4% elapsed=44m38s eta=4m43s] id=4hop3__373573_132409_146285_35031 em=0 f1=0.00 n_ops=19 err=False final=3
[2187/2417  90.5% elapsed=44m39s eta=4m42s] id=4hop1__608132_508773_85832_745702 em=1 f1=1.00 n_ops=19 err=False final=Sebastian Cabot
[2188/2417  90.5% elapsed=44m40s eta=4m41s] id=4hop3__827497_354093_254885_76356 em=1 f1=1.00 n_ops=19 err=False final=Ferdinand de Lesseps
[2189/2417  90.6% elapsed=44m40s eta=4m39s] id=4hop1__360072_508773_85832_745702 em=0 f1=0.00 n_ops=19 err=False final=Guadalajara
[2190/2417  90.6% elapsed=44m41s eta=4m38s] id=4hop1__58323_375563_161848_83118 em=0 f1=0.25 n_ops=19 err=False final=last Sunday of October
[2191/2417  90.6% elapsed=44m43s eta=4m37s] id=4hop1__161765_53706_795904_580996 em=0 f1=0.00 n_ops=19 err=False final=Sacramento
[2192/2417  90.7% elapsed=44m43s eta=4m35s] id=4hop1__58323_375563_161848_53331 em=1 f1=1.00 n_ops=19 err=False final=1989
[2193/2417  90.7% elapsed=44m44s eta=4m34s] id=4hop3__31333_29339_508306_70744 em=1 f1=1.00 n_ops=19 err=False final=University of South Carolina
[2194/2417  90.8% elapsed=44m46s eta=4m33s] id=4hop3__387712_132409_371500_35031 em=0 f1=0.67 n_ops=19 err=False final=third
[2195/2417  90.8% elapsed=44m47s eta=4m32s] id=4hop3__668721_132409_371500_35031 em=0 f1=0.00 n_ops=19 err=False final=San Diego
[2196/2417  90.9% elapsed=44m48s eta=4m31s] id=4hop1__58323_375563_161848_61344 em=0 f1=0.00 n_ops=19 err=False final=Europe
[2197/2417  90.9% elapsed=44m49s eta=4m29s] id=4hop1__370129_621192_10659_42311 em=1 f1=1.00 n_ops=19 err=False final=Medical University of Warsaw
[2198/2417  90.9% elapsed=44m50s eta=4m28s] id=4hop1__711773_508773_85832_745702 em=1 f1=1.00 n_ops=19 err=False final=Sebastian Cabot
[2199/2417  91.0% elapsed=44m52s eta=4m27s] id=4hop1__93661_59747_211319_557671 em=0 f1=0.40 n_ops=19 err=False final=Montmorency County
[2200/2417  91.0% elapsed=44m52s eta=4m26s] id=4hop3__373573_132409_223216_35031 em=0 f1=0.67 n_ops=19 err=False final=third
[2201/2417  91.1% elapsed=44m53s eta=4m24s] id=4hop1__606685_508773_85832_745702 em=1 f1=1.00 n_ops=19 err=False final=Sebastian Cabot
[2202/2417  91.1% elapsed=45m02s eta=4m24s] id=4hop3__673447_132409_223216_35031 em=0 f1=0.00 n_ops=19 err=False final=3
[2203/2417  91.1% elapsed=45m02s eta=4m22s] id=4hop1__39871_314549_131976_90181 em=0 f1=0.00 n_ops=19 err=False final=Puerto Rico Trench
[2204/2417  91.2% elapsed=45m05s eta=4m21s] id=4hop1__61681_53706_795904_580996 em=0 f1=0.00 n_ops=19 err=False final=Sacramento
[2205/2417  91.2% elapsed=45m07s eta=4m20s] id=4hop1__726675_508773_85832_745702 em=1 f1=1.00 n_ops=19 err=False final=Sebastian Cabot
[2206/2417  91.3% elapsed=45m08s eta=4m19s] id=4hop1__512794_508773_85832_745702 em=1 f1=1.00 n_ops=19 err=False final=Sebastian Cabot
[2207/2417  91.3% elapsed=45m10s eta=4m18s] id=4hop3__312119_132409_371500_35031 em=0 f1=0.00 n_ops=19 err=False final=3
[2208/2417  91.4% elapsed=45m11s eta=4m17s] id=4hop1__58323_375563_161848_20546 em=1 f1=1.00 n_ops=19 err=False final=Abel Tasman
[2209/2417  91.4% elapsed=45m11s eta=4m15s] id=4hop1__364476_439408_131976_90181 em=0 f1=0.00 n_ops=19 err=False final=Puerto Rico Trench
[2210/2417  91.4% elapsed=45m11s eta=4m14s] id=4hop1__320457_508773_85832_745702 em=1 f1=1.00 n_ops=19 err=False final=Sebastian Cabot
[2211/2417  91.5% elapsed=45m12s eta=4m13s] id=4hop1__58323_375563_161848_28750 em=0 f1=0.40 n_ops=19 err=False final=New Zealand
[2212/2417  91.5% elapsed=45m12s eta=4m11s] id=4hop1__483807_508773_85832_745702 em=1 f1=1.00 n_ops=19 err=False final=Sebastian Cabot
[2213/2417  91.6% elapsed=45m13s eta=4m10s] id=4hop1__39871_314549_131976_56103 em=0 f1=0.00 n_ops=19 err=False final=Atlantic Ocean
[2214/2417  91.6% elapsed=45m15s eta=4m09s] id=4hop1__271272_508773_85832_745702 em=1 f1=1.00 n_ops=19 err=False final=Sebastian Cabot
[2215/2417  91.6% elapsed=45m16s eta=4m08s] id=4hop1__39871_314549_131976_44528 em=1 f1=1.00 n_ops=19 err=False final=Florida Straits
[2216/2417  91.7% elapsed=45m16s eta=4m06s] id=4hop1__58323_375563_161848_84681 em=1 f1=1.00 n_ops=19 err=False final=13 December 1642
[2217/2417  91.7% elapsed=45m17s eta=4m05s] id=4hop1__39871_314549_131976_44892 em=0 f1=0.89 n_ops=19 err=False final=140 million years ago
[2218/2417  91.8% elapsed=45m18s eta=4m04s] id=4hop1__58323_375563_161848_44231 em=0 f1=0.00 n_ops=19 err=False final=Franklin D. Roosevelt
[2219/2417  91.8% elapsed=45m19s eta=4m03s] id=2hop__106864_80460 em=0 f1=0.86 n_ops=19 err=False final=207.77 million
[2220/2417  91.8% elapsed=45m20s eta=4m01s] id=4hop1__370129_621192_10659_59955 em=0 f1=0.00 n_ops=19 err=False final=Russia
[2221/2417  91.9% elapsed=45m21s eta=4m00s] id=2hop__145203_34088 em=1 f1=1.00 n_ops=19 err=False final=Tucson
[2222/2417  91.9% elapsed=45m24s eta=3m59s] id=4hop1__373866_5186_10659_23296 em=0 f1=0.00 n_ops=19 err=False final=France
[2223/2417  92.0% elapsed=45m27s eta=3m58s] id=4hop3__710473_354093_254885_76356 em=1 f1=1.00 n_ops=19 err=False final=Ferdinand de Lesseps
[2224/2417  92.0% elapsed=45m29s eta=3m57s] id=4hop1__58323_375563_161848_67585 em=0 f1=0.00 n_ops=19 err=False final=4
[2225/2417  92.1% elapsed=45m32s eta=3m56s] id=4hop1__455862_508773_85832_745702 em=0 f1=0.50 n_ops=19 err=False final=John Cabot
[2226/2417  92.1% elapsed=45m33s eta=3m54s] id=2hop__130508_32379 em=0 f1=0.57 n_ops=19 err=False final=College of Charleston
[2227/2417  92.1% elapsed=45m34s eta=3m53s] id=2hop__89632_40480 em=0 f1=0.50 n_ops=19 err=False final=Charleston
[2228/2417  92.2% elapsed=45m35s eta=3m52s] id=2hop__40970_90367 em=0 f1=0.00 n_ops=19 err=False final=Exodus
[2229/2417  92.2% elapsed=45m36s eta=3m51s] id=2hop__131275_72870 em=1 f1=1.00 n_ops=19 err=False final=Hillary Clinton
[2230/2417  92.3% elapsed=45m37s eta=3m50s] id=2hop__71715_50429 em=0 f1=0.00 n_ops=19 err=False final=10310371
[2231/2417  92.3% elapsed=45m40s eta=3m48s] id=4hop1__56270_53706_795904_580996 em=0 f1=0.00 n_ops=19 err=False final=Sacramento
[2232/2417  92.3% elapsed=45m40s eta=3m47s] id=2hop__176_51164 em=1 f1=1.00 n_ops=19 err=False final=September 3, 1783
[2233/2417  92.4% elapsed=45m41s eta=3m46s] id=2hop__82378_158266 em=1 f1=1.00 n_ops=19 err=False final=The Australian Ballet
[2234/2417  92.4% elapsed=45m42s eta=3m45s] id=2hop__23297_23366 em=0 f1=0.33 n_ops=19 err=False final=maintain peaceful relations with Germany
[2235/2417  92.5% elapsed=45m42s eta=3m43s] id=4hop3__324979_836463_161616_77103 em=1 f1=1.00 n_ops=19 err=False final=1839
[2236/2417  92.5% elapsed=45m45s eta=3m42s] id=2hop__146919_29244 em=0 f1=0.75 n_ops=19 err=False final=Paris-Charles de Gaulle
[2237/2417  92.6% elapsed=45m45s eta=3m41s] id=2hop__43283_86694 em=0 f1=0.00 n_ops=19 err=False final=American League
[2238/2417  92.6% elapsed=45m46s eta=3m40s] id=2hop__33288_157788 em=0 f1=0.00 n_ops=19 err=False final=Japan
[2239/2417  92.6% elapsed=45m49s eta=3m39s] id=2hop__56270_68396 em=0 f1=0.00 n_ops=19 err=False final=39144818
[2240/2417  92.7% elapsed=45m50s eta=3m37s] id=2hop__131455_11960 em=1 f1=1.00 n_ops=19 err=False final=JPMorgan Chase Tower
[2241/2417  92.7% elapsed=45m50s eta=3m36s] id=2hop__24441_36630 em=0 f1=0.25 n_ops=19 err=False final=Botswana, Armenia, and Estonia
[2242/2417  92.8% elapsed=45m51s eta=3m35s] id=2hop__68981_39234 em=0 f1=0.00 n_ops=15 err=True final=
[2243/2417  92.8% elapsed=45m51s eta=3m33s] id=2hop__81268_85407 em=0 f1=0.00 n_ops=19 err=False final=260897
[2244/2417  92.8% elapsed=45m55s eta=3m32s] id=2hop__160092_80144 em=0 f1=0.00 n_ops=19 err=False final=Mátyás Szűrös
[2245/2417  92.9% elapsed=45m55s eta=3m31s] id=2hop__55129_80460 em=0 f1=0.86 n_ops=19 err=False final=207.77 million
[2246/2417  92.9% elapsed=45m56s eta=3m30s] id=2hop__62311_62279 em=0 f1=0.00 n_ops=19 err=False final=1941
[2247/2417  93.0% elapsed=46m02s eta=3m29s] id=2hop__80375_90181 em=1 f1=1.00 n_ops=19 err=False final=Milwaukee Deep
[2248/2417  93.0% elapsed=46m03s eta=3m28s] id=4hop1__341777_508773_85832_745702 em=1 f1=1.00 n_ops=19 err=False final=Sebastian Cabot
[2249/2417  93.0% elapsed=46m04s eta=3m26s] id=2hop__130984_55721 em=0 f1=0.00 n_ops=19 err=False final=Coastal Mountains
[2250/2417  93.1% elapsed=46m04s eta=3m25s] id=2hop__80070_89752 em=1 f1=1.00 n_ops=19 err=False final=Maine
[2251/2417  93.1% elapsed=46m06s eta=3m24s] id=2hop__129499_85379 em=1 f1=1.00 n_ops=19 err=False final=February 14, 1912
[2252/2417  93.2% elapsed=46m08s eta=3m23s] id=4hop3__131775_29339_508306_70744 em=1 f1=1.00 n_ops=19 err=False final=University of South Carolina
[2253/2417  93.2% elapsed=46m09s eta=3m22s] id=2hop__129721_40482 em=1 f1=1.00 n_ops=19 err=False final=Edmund Bellinger
[2254/2417  93.3% elapsed=46m09s eta=3m20s] id=2hop__15368_17873 em=0 f1=0.67 n_ops=19 err=False final=Buckingham Palace
[2255/2417  93.3% elapsed=46m09s eta=3m19s] id=2hop__91248_84207 em=1 f1=1.00 n_ops=19 err=False final=Albert Henry Woolson
[2256/2417  93.3% elapsed=46m10s eta=3m18s] id=2hop__13574_13498 em=0 f1=0.00 n_ops=19 err=False final=5
[2257/2417  93.4% elapsed=46m10s eta=3m16s] id=2hop__158247_71142 em=0 f1=0.00 n_ops=19 err=False final=none
[2258/2417  93.4% elapsed=46m11s eta=3m15s] id=2hop__34734_92852 em=0 f1=0.00 n_ops=19 err=False final=1938
[2259/2417  93.5% elapsed=46m12s eta=3m14s] id=2hop__161507_77849 em=1 f1=1.00 n_ops=19 err=False final=Mian Saqib Nisar
[2260/2417  93.5% elapsed=46m16s eta=3m13s] id=2hop__29191_59955 em=0 f1=0.00 n_ops=19 err=False final=Russia
[2261/2417  93.5% elapsed=46m18s eta=3m12s] id=2hop__77233_33207 em=0 f1=0.00 n_ops=19 err=False final=Queen Victoria
[2262/2417  93.6% elapsed=46m18s eta=3m10s] id=2hop__30390_92972 em=0 f1=0.00 n_ops=19 err=False final=Marshall Plan
[2263/2417  93.6% elapsed=46m19s eta=3m09s] id=2hop__130404_59180 em=1 f1=1.00 n_ops=19 err=False final=May 21, 1979
[2264/2417  93.7% elapsed=46m19s eta=3m08s] id=2hop__9512_36630 em=0 f1=0.00 n_ops=19 err=False final=Switzerland
[2265/2417  93.7% elapsed=46m21s eta=3m07s] id=2hop__51881_20590 em=0 f1=0.00 n_ops=19 err=False final=1901
[2266/2417  93.8% elapsed=46m21s eta=3m05s] id=2hop__19007_60935 em=0 f1=0.00 n_ops=19 err=False final=Presbyterian missionaries in China
[2267/2417  93.8% elapsed=46m22s eta=3m04s] id=2hop__107238_64918 em=0 f1=0.50 n_ops=19 err=False final=William McKinley
[2268/2417  93.8% elapsed=46m22s eta=3m03s] id=2hop__35566_17873 em=0 f1=0.67 n_ops=19 err=False final=Buckingham Palace
[2269/2417  93.9% elapsed=46m23s eta=3m02s] id=2hop__30390_36634 em=0 f1=0.00 n_ops=19 err=False final=3
[2270/2417  93.9% elapsed=46m23s eta=3m00s] id=2hop__12039_11957 em=1 f1=1.00 n_ops=19 err=False final=Rocky Mountains
[2271/2417  94.0% elapsed=46m27s eta=2m59s] id=2hop__9285_42311 em=1 f1=1.00 n_ops=19 err=False final=Medical University of Warsaw
[2272/2417  94.0% elapsed=46m27s eta=2m58s] id=2hop__147171_27537 em=0 f1=0.00 n_ops=19 err=False final=Not enough information
[2273/2417  94.0% elapsed=46m28s eta=2m57s] id=4hop3__193820_466199_695123_72134 em=1 f1=1.00 n_ops=19 err=False final=1839
[2274/2417  94.1% elapsed=46m31s eta=2m55s] id=2hop__145220_58439 em=1 f1=1.00 n_ops=19 err=False final=Île de la Cité
[2275/2417  94.1% elapsed=46m31s eta=2m54s] id=2hop__145282_21711 em=1 f1=1.00 n_ops=19 err=False final=15th century
[2276/2417  94.2% elapsed=46m32s eta=2m53s] id=2hop__53433_59035 em=1 f1=1.00 n_ops=19 err=False final=6 February 1840
[2277/2417  94.2% elapsed=46m32s eta=2m52s] id=2hop__103889_86452 em=1 f1=1.00 n_ops=19 err=False final=1989
[2278/2417  94.2% elapsed=46m33s eta=2m50s] id=2hop__31995_8583 em=0 f1=0.75 n_ops=19 err=False final=Sarmatians and Goths
[2279/2417  94.3% elapsed=46m37s eta=2m49s] id=2hop__15650_77173 em=1 f1=1.00 n_ops=19 err=False final=Oklahoma
[2280/2417  94.3% elapsed=46m37s eta=2m48s] id=2hop__130867_54221 em=0 f1=0.00 n_ops=19 err=False final=5 am
[2281/2417  94.4% elapsed=46m38s eta=2m47s] id=2hop__46862_68042 em=0 f1=0.00 n_ops=19 err=False final=1866
[2282/2417  94.4% elapsed=46m40s eta=2m46s] id=2hop__15416_58040 em=1 f1=1.00 n_ops=19 err=False final=Fort Davis
[2283/2417  94.5% elapsed=46m43s eta=2m45s] id=2hop__131061_54221 em=0 f1=0.00 n_ops=19 err=False final=5 a.m.
[2284/2417  94.5% elapsed=46m43s eta=2m43s] id=4hop3__719125_132409_223216_35031 em=0 f1=0.00 n_ops=19 err=False final=5
[2285/2417  94.5% elapsed=46m44s eta=2m42s] id=2hop__67057_52871 em=1 f1=1.00 n_ops=19 err=False final=April 28, 1952
[2286/2417  94.6% elapsed=46m44s eta=2m41s] id=2hop__17192_77606 em=0 f1=0.53 n_ops=19 err=False final=Strategic early warning system
[2287/2417  94.6% elapsed=46m45s eta=2m39s] id=2hop__32541_85460 em=0 f1=0.00 n_ops=19 err=False final=59039
[2288/2417  94.7% elapsed=46m47s eta=2m38s] id=2hop__29339_40482 em=0 f1=0.00 n_ops=19 err=False final=James De Lancey
[2289/2417  94.7% elapsed=46m48s eta=2m37s] id=2hop__145082_35034 em=0 f1=0.15 n_ops=19 err=False final=3771.9
[2290/2417  94.7% elapsed=46m50s eta=2m36s] id=2hop__13539_13493 em=0 f1=0.00 n_ops=19 err=False final=Real Madrid
[2291/2417  94.8% elapsed=46m51s eta=2m35s] id=2hop__15258_54866 em=1 f1=1.00 n_ops=19 err=False final=Jodie Comer
[2292/2417  94.8% elapsed=46m52s eta=2m33s] id=2hop__153009_44880 em=1 f1=1.00 n_ops=19 err=False final=Lance Bottoms
[2293/2417  94.9% elapsed=46m54s eta=2m32s] id=2hop__29191_80144 em=1 f1=1.00 n_ops=19 err=False final=Lech Wałęsa
[2294/2417  94.9% elapsed=46m54s eta=2m31s] id=2hop__85753_64503 em=0 f1=0.00 n_ops=19 err=False final=Not enough information
[2295/2417  95.0% elapsed=46m55s eta=2m30s] id=2hop__38229_84500 em=0 f1=0.00 n_ops=19 err=False final=1990
[2296/2417  95.0% elapsed=46m56s eta=2m28s] id=2hop__17854_17873 em=0 f1=0.00 n_ops=19 err=False final=Windsor Castle
[2297/2417  95.0% elapsed=46m57s eta=2m27s] id=2hop__228_90265 em=0 f1=0.44 n_ops=19 err=False final=Alex Burrall, Jason Weaver, and Wylie Draper
[2298/2417  95.1% elapsed=46m58s eta=2m26s] id=2hop__128945_47686 em=1 f1=1.00 n_ops=19 err=False final=Toronto Coach Terminal
[2299/2417  95.1% elapsed=46m59s eta=2m25s] id=2hop__159737_27110 em=0 f1=0.00 n_ops=19 err=False final=10948
[2300/2417  95.2% elapsed=47m05s eta=2m24s] id=3hop1__160324_131905_41948 em=1 f1=1.00 n_ops=19 err=False final=English Channel
[2301/2417  95.2% elapsed=47m05s eta=2m22s] id=3hop1__131820_59747_43101 em=1 f1=1.00 n_ops=19 err=False final=October 7, 2008
[2302/2417  95.2% elapsed=47m05s eta=2m21s] id=3hop2__69814_76873_64554 em=1 f1=1.00 n_ops=19 err=False final=Soviet Union
[2303/2417  95.3% elapsed=47m06s eta=2m20s] id=3hop2__9988_73205_70784 em=0 f1=0.00 n_ops=19 err=False final=Middle East
[2304/2417  95.3% elapsed=47m09s eta=2m19s] id=2hop__1845_38366 em=0 f1=0.00 n_ops=19 err=False final=1438159
[2305/2417  95.4% elapsed=47m09s eta=2m17s] id=4hop3__312119_132409_223216_35031 em=0 f1=0.00 n_ops=19 err=False final=3
[2306/2417  95.4% elapsed=47m09s eta=2m16s] id=3hop1__131102_39743_24526 em=0 f1=0.00 n_ops=15 err=True final=
[2307/2417  95.4% elapsed=47m09s eta=2m15s] id=3hop1__68802_89752_49923 em=0 f1=0.00 n_ops=19 err=False final=16
[2308/2417  95.5% elapsed=47m10s eta=2m14s] id=2hop__7855_7794 em=0 f1=0.00 n_ops=19 err=False final=3718
[2309/2417  95.5% elapsed=47m11s eta=2m12s] id=3hop1__19768_19788_19761 em=1 f1=1.00 n_ops=19 err=False final=Sufi missionaries
[2310/2417  95.6% elapsed=47m13s eta=2m11s] id=3hop1__106042_64399_59680 em=0 f1=0.00 n_ops=19 err=False final=14
[2311/2417  95.6% elapsed=47m17s eta=2m10s] id=3hop2__6989_37759_74563 em=0 f1=0.00 n_ops=19 err=False final=1628
[2312/2417  95.7% elapsed=47m18s eta=2m09s] id=2hop__137061_45752 em=0 f1=0.00 n_ops=19 err=False final=Step Up Revolution
[2313/2417  95.7% elapsed=47m19s eta=2m08s] id=3hop1__139773_88110_21193 em=1 f1=1.00 n_ops=19 err=False final=LZX
[2314/2417  95.7% elapsed=47m20s eta=2m06s] id=3hop1__145427_106426_77199 em=0 f1=0.50 n_ops=19 err=False final=1941
[2315/2417  95.8% elapsed=47m21s eta=2m05s] id=3hop2__101905_30152_20999 em=0 f1=0.00 n_ops=19 err=False final=Germans
[2316/2417  95.8% elapsed=47m27s eta=2m04s] id=3hop1__145924_131905_41948 em=0 f1=0.00 n_ops=19 err=False final=sea level
[2317/2417  95.9% elapsed=47m28s eta=2m03s] id=3hop1__127821_157828_162309 em=0 f1=0.00 n_ops=19 err=False final=1912
[2318/2417  95.9% elapsed=47m29s eta=2m02s] id=3hop2__57238_1926_54362 em=0 f1=0.00 n_ops=19 err=False final=Atlanta
[2319/2417  95.9% elapsed=47m36s eta=2m01s] id=3hop1__158139_19788_15107 em=0 f1=0.00 n_ops=19 err=False final=98%
[2320/2417  96.0% elapsed=47m37s eta=1m59s] id=3hop2__49541_121067_51068 em=0 f1=0.00 n_ops=19 err=False final=KCTS-TV
[2321/2417  96.0% elapsed=47m37s eta=1m58s] id=3hop2__11282_57233_56883 em=1 f1=1.00 n_ops=19 err=False final=1964
[2322/2417  96.1% elapsed=47m37s eta=1m57s] id=3hop1__9285_5188_23307 em=0 f1=0.67 n_ops=19 err=False final=June
[2323/2417  96.1% elapsed=47m37s eta=1m56s] id=3hop1__23058_20608_36327 em=0 f1=0.00 n_ops=19 err=False final=Namibia
[2324/2417  96.2% elapsed=47m38s eta=1m54s] id=3hop1__146155_131905_41948 em=0 f1=0.00 n_ops=19 err=False final=North Sea
[2325/2417  96.2% elapsed=47m39s eta=1m53s] id=3hop1__64694_34179_23375 em=1 f1=1.00 n_ops=19 err=False final=1948
[2326/2417  96.2% elapsed=47m39s eta=1m52s] id=4hop3__387712_132409_223216_35031 em=0 f1=0.00 n_ops=19 err=False final=3
[2327/2417  96.3% elapsed=47m40s eta=1m51s] id=3hop2__49541_140712_51068 em=1 f1=1.00 n_ops=19 err=False final=Jenna Coleman
[2328/2417  96.3% elapsed=47m41s eta=1m49s] id=3hop1__68981_91191_16530 em=0 f1=0.00 n_ops=15 err=True final=
[2329/2417  96.4% elapsed=47m42s eta=1m48s] id=3hop1__68981_91191_156667 em=0 f1=0.00 n_ops=15 err=True final=
[2330/2417  96.4% elapsed=47m42s eta=1m47s] id=3hop1__68802_89752_75165 em=0 f1=0.00 n_ops=19 err=False final=1335907
[2331/2417  96.4% elapsed=47m42s eta=1m46s] id=3hop2__140194_16797_51068 em=1 f1=1.00 n_ops=19 err=False final=Jenna Coleman
[2332/2417  96.5% elapsed=47m46s eta=1m44s] id=3hop1__49236_89752_49923 em=0 f1=0.00 n_ops=19 err=False final=16
[2333/2417  96.5% elapsed=47m47s eta=1m43s] id=3hop1__157807_19788_15107 em=1 f1=1.00 n_ops=19 err=False final=48%
[2334/2417  96.6% elapsed=47m48s eta=1m42s] id=3hop1__129499_33897_81096 em=1 f1=1.00 n_ops=19 err=False final=Mario Andretti
[2335/2417  96.6% elapsed=47m48s eta=1m41s] id=3hop2__14253_76873_64554 em=1 f1=1.00 n_ops=19 err=False final=Soviet Union
[2336/2417  96.6% elapsed=47m55s eta=1m40s] id=3hop1__30390_36635_87083 em=0 f1=0.33 n_ops=19 err=False final=United States
[2337/2417  96.7% elapsed=47m55s eta=1m38s] id=3hop2__20335_82856_9331 em=0 f1=0.75 n_ops=19 err=False final=March Constitution of 1921
[2338/2417  96.7% elapsed=47m56s eta=1m37s] id=3hop2__28476_14777_9331 em=0 f1=0.00 n_ops=19 err=False final=1921
[2339/2417  96.8% elapsed=47m56s eta=1m36s] id=3hop2__43283_12039_93690 em=0 f1=0.00 n_ops=19 err=False final=2018
[2340/2417  96.8% elapsed=47m58s eta=1m35s] id=3hop1__103890_10659_83548 em=1 f1=1.00 n_ops=19 err=False final=Lech Wałęsa
[2341/2417  96.9% elapsed=48m01s eta=1m34s] id=3hop2__30956_65244_84681 em=0 f1=0.00 n_ops=19 err=False final=early 17th century
[2342/2417  96.9% elapsed=48m04s eta=1m32s] id=3hop1__159728_91191_156667 em=0 f1=0.00 n_ops=19 err=False final=Unknown
[2343/2417  96.9% elapsed=48m04s eta=1m31s] id=3hop1__128554_39743_24526 em=0 f1=0.00 n_ops=15 err=True final=
[2344/2417  97.0% elapsed=48m04s eta=1m30s] id=3hop1__145427_106426_157788 em=0 f1=0.00 n_ops=19 err=False final=Shanghai–Hangzhou high-speed railway
[2345/2417  97.0% elapsed=48m06s eta=1m29s] id=3hop1__68732_39743_24526 em=0 f1=0.00 n_ops=15 err=True final=
[2346/2417  97.1% elapsed=48m09s eta=1m27s] id=3hop2__106842_30645_84681 em=0 f1=0.00 n_ops=19 err=False final=17th century
[2347/2417  97.1% elapsed=48m09s eta=1m26s] id=3hop2__20335_8533_9331 em=0 f1=0.00 n_ops=19 err=False final=Habsburg Monarchy
[2348/2417  97.1% elapsed=48m09s eta=1m25s] id=3hop2__76873_69814_64554 em=1 f1=1.00 n_ops=19 err=False final=Soviet Union
[2349/2417  97.2% elapsed=48m10s eta=1m24s] id=3hop1__104762_24918_24991 em=0 f1=0.00 n_ops=19 err=False final=1991
[2350/2417  97.2% elapsed=48m13s eta=1m22s] id=3hop2__104979_23308_28343 em=0 f1=0.67 n_ops=19 err=False final=1989
[2351/2417  97.3% elapsed=48m13s eta=1m21s] id=3hop1__131820_59747_90139 em=0 f1=0.00 n_ops=19 err=False final=Kroy Biermann
[2352/2417  97.3% elapsed=48m18s eta=1m20s] id=3hop1__77966_91191_156667 em=0 f1=0.00 n_ops=19 err=False final=Unknown
[2353/2417  97.4% elapsed=48m19s eta=1m19s] id=3hop2__30152_101802_20999 em=0 f1=0.33 n_ops=19 err=False final=Portuguese
[2354/2417  97.4% elapsed=48m19s eta=1m18s] id=3hop1__8148_24918_24939 em=1 f1=1.00 n_ops=19 err=False final=Pope John Paul II
[2355/2417  97.4% elapsed=48m20s eta=1m16s] id=3hop1__103751_24918_24991 em=0 f1=0.00 n_ops=19 err=False final=Russian tricolor
[2356/2417  97.5% elapsed=48m20s eta=1m15s] id=3hop1__49236_89752_54221 em=1 f1=1.00 n_ops=19 err=False final=5am
[2357/2417  97.5% elapsed=48m20s eta=1m14s] id=3hop1__5544_34179_23375 em=0 f1=0.00 n_ops=19 err=False final=1939
[2358/2417  97.6% elapsed=48m25s eta=1m13s] id=3hop1__31995_24918_24939 em=1 f1=1.00 n_ops=19 err=False final=Pope John Paul II
[2359/2417  97.6% elapsed=48m26s eta=1m11s] id=3hop1__119402_102039_158266 em=0 f1=0.33 n_ops=19 err=False final=Ballet Theatre of Queensland
[2360/2417  97.6% elapsed=48m27s eta=1m10s] id=3hop1__92251_34179_23375 em=1 f1=1.00 n_ops=19 err=False final=1948
[2361/2417  97.7% elapsed=48m27s eta=1m09s] id=3hop2__49541_140875_51068 em=1 f1=1.00 n_ops=19 err=False final=Jenna Coleman
[2362/2417  97.7% elapsed=48m27s eta=1m08s] id=3hop2__140194_49541_51068 em=1 f1=1.00 n_ops=19 err=False final=Jenna Coleman
[2363/2417  97.8% elapsed=48m32s eta=1m07s] id=3hop1__19768_19788_10117 em=0 f1=0.00 n_ops=19 err=False final=1400
[2364/2417  97.8% elapsed=48m32s eta=1m05s] id=3hop1__103890_10659_23296 em=0 f1=0.00 n_ops=19 err=False final=Poland
[2365/2417  97.8% elapsed=48m34s eta=1m04s] id=3hop1__17192_78396_157843 em=0 f1=0.00 n_ops=19 err=False final=1852
[2366/2417  97.9% elapsed=48m36s eta=1m03s] id=3hop2__43892_23308_28343 em=0 f1=0.00 n_ops=19 err=False final=March 1957
[2367/2417  97.9% elapsed=48m36s eta=1m02s] id=3hop2__9951_20335_9331 em=0 f1=0.75 n_ops=19 err=False final=March Constitution of 1921
[2368/2417  98.0% elapsed=48m36s eta=1m00s] id=3hop1__9285_5188_63702 em=0 f1=0.00 n_ops=19 err=False final=1991
[2369/2417  98.0% elapsed=48m37s eta=59.1s] id=3hop1__131110_39743_24526 em=0 f1=0.00 n_ops=15 err=True final=
[2370/2417  98.1% elapsed=48m37s eta=57.8s] id=3hop1__131829_39743_24526 em=0 f1=0.00 n_ops=15 err=True final=
[2371/2417  98.1% elapsed=48m41s eta=56.7s] id=3hop1__19768_19788_15107 em=1 f1=1.00 n_ops=19 err=False final=48%
[2372/2417  98.1% elapsed=48m43s eta=55.5s] id=3hop1__161433_33952_33939 em=0 f1=0.00 n_ops=19 err=False final=7531
[2373/2417  98.2% elapsed=48m46s eta=54.3s] id=3hop1__147225_30587_83479 em=0 f1=0.00 n_ops=19 err=False final=Blockade
[2374/2417  98.2% elapsed=48m47s eta=53.0s] id=3hop1__158848_66089_86107 em=1 f1=1.00 n_ops=19 err=False final=Adulis
[2375/2417  98.3% elapsed=48m48s eta=51.8s] id=3hop2__25177_19506_23299 em=0 f1=0.00 n_ops=19 err=False final=Poland
[2376/2417  98.3% elapsed=48m48s eta=50.5s] id=3hop1__17192_78396_54865 em=1 f1=1.00 n_ops=19 err=False final=1776
[2377/2417  98.3% elapsed=48m49s eta=49.3s] id=3hop2__57233_106716_56883 em=1 f1=1.00 n_ops=19 err=False final=1964
[2378/2417  98.4% elapsed=48m49s eta=48.0s] id=3hop1__49610_89752_75165 em=0 f1=0.00 n_ops=19 err=False final=1335907
[2379/2417  98.4% elapsed=48m49s eta=46.8s] id=3hop2__145209_20335_9331 em=0 f1=0.00 n_ops=19 err=False final=Habsburg Monarchy
[2380/2417  98.5% elapsed=48m50s eta=45.6s] id=3hop1__106042_64399_53006 em=0 f1=0.00 n_ops=19 err=False final=Pantheon
[2381/2417  98.5% elapsed=48m51s eta=44.3s] id=3hop1__128865_30587_83479 em=0 f1=0.00 n_ops=19 err=False final=Blockade
[2382/2417  98.6% elapsed=48m55s eta=43.1s] id=3hop1__129675_39743_24526 em=0 f1=0.00 n_ops=15 err=True final=
[2383/2417  98.6% elapsed=48m57s eta=41.9s] id=3hop2__67618_30587_44003 em=0 f1=0.80 n_ops=19 err=False final=Florida Straits
[2384/2417  98.6% elapsed=48m58s eta=40.7s] id=3hop1__106042_64399_52278 em=0 f1=0.40 n_ops=19 err=False final=Byzantine Empire
[2385/2417  98.7% elapsed=48m58s eta=39.4s] id=3hop1__106845_5188_86687 em=1 f1=1.00 n_ops=19 err=False final=1990
[2386/2417  98.7% elapsed=48m58s eta=38.2s] id=3hop1__139773_88110_77129 em=0 f1=0.00 n_ops=19 err=False final=Xbox One system software
[2387/2417  98.8% elapsed=48m58s eta=36.9s] id=3hop1__136852_30587_83479 em=0 f1=0.00 n_ops=19 err=False final=blockade
[2388/2417  98.8% elapsed=48m59s eta=35.7s] id=3hop1__102461_24918_24991 em=0 f1=0.00 n_ops=19 err=False final=1991
[2389/2417  98.8% elapsed=48m59s eta=34.4s] id=3hop2__57233_105140_56883 em=1 f1=1.00 n_ops=19 err=False final=1964
[2390/2417  98.9% elapsed=48m59s eta=33.2s] id=3hop2__57233_11282_56883 em=1 f1=1.00 n_ops=19 err=False final=1964
[2391/2417  98.9% elapsed=48m59s eta=32.0s] id=3hop1__131820_59747_60748 em=1 f1=1.00 n_ops=19 err=False final=July 22, 1864
[2392/2417  99.0% elapsed=48m59s eta=30.7s] id=3hop2__14777_8533_9331 em=0 f1=0.22 n_ops=19 err=False final=King Wilhelm I of Prussia
[2393/2417  99.0% elapsed=49m02s eta=29.5s] id=3hop2__103889_30152_20999 em=0 f1=0.33 n_ops=19 err=False final=Portuguese
[2394/2417  99.0% elapsed=49m05s eta=28.3s] id=3hop1__106042_64399_62676 em=0 f1=0.80 n_ops=19 err=False final=1000 BCE
[2395/2417  99.1% elapsed=49m06s eta=27.1s] id=3hop1__131820_59747_48534 em=0 f1=0.60 n_ops=19 err=False final=Lemuel P. Grant
[2396/2417  99.1% elapsed=49m10s eta=25.9s] id=3hop2__159979_30587_44003 em=0 f1=0.80 n_ops=19 err=False final=Florida Straits
[2397/2417  99.2% elapsed=49m13s eta=24.6s] id=3hop2__131820_132454_61019 em=0 f1=0.00 n_ops=19 err=False final=Augusta
[2398/2417  99.2% elapsed=49m15s eta=23.4s] id=3hop1__17192_78396_42428 em=0 f1=0.00 n_ops=19 err=False final=Roman Catholic tradition
[2399/2417  99.3% elapsed=49m16s eta=22.2s] id=3hop1__6362_14336_21111 em=0 f1=0.00 n_ops=19 err=False final=United States
[2400/2417  99.3% elapsed=49m17s eta=20.9s] id=3hop2__103871_20335_9331 em=0 f1=0.00 n_ops=19 err=False final=Habsburg Monarchy
[2401/2417  99.3% elapsed=49m20s eta=19.7s] id=3hop1__147135_159767_81096 em=0 f1=0.00 n_ops=19 err=False final=Not specified
[2402/2417  99.4% elapsed=49m20s eta=18.5s] id=3hop1__147162_131905_41948 em=1 f1=1.00 n_ops=19 err=False final=English Channel
[2403/2417  99.4% elapsed=49m21s eta=17.2s] id=3hop1__128516_30587_83479 em=0 f1=0.00 n_ops=19 err=False final=Blockade
[2404/2417  99.5% elapsed=49m21s eta=16.0s] id=3hop1__139787_88110_77129 em=0 f1=0.40 n_ops=19 err=False final=Windows Server 2012
[2405/2417  99.5% elapsed=49m22s eta=14.8s] id=3hop1__9285_5188_6375 em=1 f1=1.00 n_ops=19 err=False final=Gherman Titov
[2406/2417  99.5% elapsed=49m22s eta=13.5s] id=3hop1__159803_89752_75165 em=0 f1=0.00 n_ops=19 err=False final=1335907
[2407/2417  99.6% elapsed=49m23s eta=12.3s] id=3hop2__79512_16214_84681 em=0 f1=0.00 n_ops=19 err=False final=17th century
[2408/2417  99.6% elapsed=49m23s eta=11.1s] id=3hop1__161433_33952_34099 em=0 f1=0.50 n_ops=19 err=False final=four years
[2409/2417  99.7% elapsed=49m24s eta=9.8s] id=3hop2__30152_105895_20999 em=0 f1=0.33 n_ops=19 err=False final=Portuguese
[2410/2417  99.7% elapsed=49m25s eta=8.6s] id=3hop1__159802_39743_24526 em=0 f1=0.00 n_ops=15 err=True final=
[2411/2417  99.8% elapsed=49m25s eta=7.4s] id=3hop2__30152_105395_20999 em=0 f1=0.33 n_ops=19 err=False final=Portuguese
[2412/2417  99.8% elapsed=49m29s eta=6.2s] id=3hop1__41865_55331_34700 em=0 f1=0.00 n_ops=19 err=False final=North Sea
[2413/2417  99.8% elapsed=49m30s eta=4.9s] id=3hop2__30152_107291_20999 em=0 f1=0.00 n_ops=19 err=False final=Moors
[2414/2417  99.9% elapsed=49m30s eta=3.7s] id=3hop1__103890_10659_67187 em=1 f1=1.00 n_ops=19 err=False final=Gabriel Narutowicz
[2415/2417  99.9% elapsed=49m32s eta=2.5s] id=3hop1__9285_5188_86687 em=1 f1=1.00 n_ops=19 err=False final=1990
[2416/2417 100.0% elapsed=49m33s eta=1.2s] id=3hop2__101809_30152_20999 em=0 f1=0.00 n_ops=19 err=False final=Ottoman
[2417/2417 100.0% elapsed=49m44s eta=0.0s] id=3hop2__158279_71753_70784 em=0 f1=0.00 n_ops=19 err=False final=Persian Gulf

Done.
  accuracy_em:  0.418
  avg_f1:       0.504
  avg_ops/prob: 18.91
  errors:       54/2417
  output: /data/wangyuheng/jca/logs/baseline_queue/rq09110842/070_musique_aflow_repeat5/runs/run_01_20260911_170029/results.jsonl
  total_time: 49m44s

---------------- Completed ----------------
time: 2026-09-11 17:51:01 CST
Summary written to /data/wangyuheng/jca/logs/baseline_queue/rq09110842/070_musique_aflow_repeat5/runs/run_01_20260911_170029/summary.txt
Stopping vLLM server process groups: 2025194 2025198 2025202

---------------- nvidia-smi after cleanup ----------------
Fri Sep 11 17:51:06 2026       
+-----------------------------------------------------------------------------------------+
| NVIDIA-SMI 580.105.08             Driver Version: 580.105.08     CUDA Version: 13.0     |
+-----------------------------------------+------------------------+----------------------+
| GPU  Name                 Persistence-M | Bus-Id          Disp.A | Volatile Uncorr. ECC |
| Fan  Temp   Perf          Pwr:Usage/Cap |           Memory-Usage | GPU-Util  Compute M. |
|                                         |                        |               MIG M. |
|=========================================+========================+======================|
|   0  NVIDIA A800-SXM4-80GB          On  |   00000000:10:00.0 Off |                    0 |
| N/A   30C    P0             78W /  400W |       0MiB /  81920MiB |      0%      Default |
|                                         |                        |             Disabled |
+-----------------------------------------+------------------------+----------------------+
|   1  NVIDIA A800-SXM4-80GB          On  |   00000000:16:00.0 Off |                    0 |
| N/A   28C    P0             79W /  400W |       0MiB /  81920MiB |      0%      Default |
|                                         |                        |             Disabled |
+-----------------------------------------+------------------------+----------------------+
|   2  NVIDIA A800-SXM4-80GB          On  |   00000000:49:00.0 Off |                    0 |
| N/A   29C    P0             77W /  400W |       0MiB /  81920MiB |     24%      Default |
|                                         |                        |             Disabled |
+-----------------------------------------+------------------------+----------------------+
|   3  NVIDIA A800-SXM4-80GB          On  |   00000000:4D:00.0 Off |                    0 |
| N/A   31C    P0             82W /  400W |       0MiB /  81920MiB |      0%      Default |
|                                         |                        |             Disabled |
+-----------------------------------------+------------------------+----------------------+
|   4  NVIDIA A800-SXM4-80GB          On  |   00000000:8A:00.0 Off |                    0 |
| N/A   31C    P0             78W /  400W |       0MiB /  81920MiB |      0%      Default |
|                                         |                        |             Disabled |
+-----------------------------------------+------------------------+----------------------+
|   5  NVIDIA A800-SXM4-80GB          On  |   00000000:8F:00.0 Off |                    0 |
| N/A   31C    P0             82W /  400W |       0MiB /  81920MiB |     89%      Default |
|                                         |                        |             Disabled |
+-----------------------------------------+------------------------+----------------------+
|   6  NVIDIA A800-SXM4-80GB          On  |   00000000:C6:00.0 Off |                    0 |
| N/A   26C    P0             56W /  400W |       0MiB /  81920MiB |      0%      Default |
|                                         |                        |             Disabled |
+-----------------------------------------+------------------------+----------------------+
|   7  NVIDIA A800-SXM4-80GB          On  |   00000000:CA:00.0 Off |                    0 |
| N/A   27C    P0             56W /  400W |       0MiB /  81920MiB |      0%      Default |
|                                         |                        |             Disabled |
+-----------------------------------------+------------------------+----------------------+

+-----------------------------------------------------------------------------------------+
| Processes:                                                                              |
|  GPU   GI   CI              PID   Type   Process name                        GPU Memory |
|        ID   ID                                                               Usage      |
|=========================================================================================|
|  No running processes found                                                             |
+-----------------------------------------------------------------------------------------+
