2026-09-19 20:18:27 [INFO] Agent: A2
2026-09-19 20:18:27 [INFO] Base model: /data/wangyuheng/models/Qwen3-4B
2026-09-19 20:18:27 [INFO] Data: /data/wangyuheng/jca/sft_data/multipl_e_8lang_v5_diverse/A2.jsonl
2026-09-19 20:18:27 [INFO] Output: /data/wangyuheng/jca/sft_runs/multipl_e_3x4b_v1/A2
2026-09-19 20:18:27 [INFO] Loaded 3857 examples from /data/wangyuheng/jca/sft_data/multipl_e_8lang_v5_diverse/A2.jsonl
2026-09-19 20:18:27 [INFO] Split by problem_id: train=3472 rows/317 groups, eval=385 rows/33 groups
2026-09-19 20:18:35 [INFO] Loading tokenizer...
2026-09-19 20:18:35 [INFO] Tokenizing train set...
2026-09-19 20:18:42 [INFO] Encoded 3472 examples; skipped 0 (too long or empty label).
2026-09-19 20:18:43 [INFO] Tokenizing eval set...
2026-09-19 20:18:44 [INFO] Encoded 385 examples; skipped 0 (too long or empty label).
2026-09-19 20:18:44 [INFO] Tokenization retained 3857/3857 examples (drop_ratio=0.0000)
2026-09-19 20:18:44 [INFO] Loading model...
2026-09-19 20:19:08 [INFO] Dropped unsupported TrainingArguments for this transformers version: overwrite_output_dir
2026-09-19 20:19:10 [INFO] ======================================================================
2026-09-19 20:19:10 [INFO] Starting training
2026-09-19 20:19:10 [INFO] ======================================================================
2026-09-19 20:19:14 [INFO] step 5  loss=0.4938  grad_norm=1.3112  learning_rate=0.0000  epoch=0.0058
2026-09-19 20:19:16 [INFO] step 10  loss=0.4544  grad_norm=0.8876  learning_rate=0.0000  epoch=0.0115
2026-09-19 20:19:18 [INFO] step 15  loss=0.5353  grad_norm=1.3236  learning_rate=0.0000  epoch=0.0173
2026-09-19 20:19:20 [INFO] step 20  loss=0.4783  grad_norm=1.5592  learning_rate=0.0000  epoch=0.0230
2026-09-19 20:19:35 [INFO] [eval-sample 0] step=20
  expected: {"reasoning":"The candidate code correctly implements the algorithm by using a frequency map to count occurrences and then filtering the array to include only elements with a frequency of 1. The order
  generated: {
  "reasoning": "The code correctly uses a frequency map to track occurrences of each element and constructs a result array with elements that appear exactly once, preserving order. It handles edge cases like empty arrays and arrays with all elements duplicated.",
  "tentative_completion": "",
  "a
2026-09-19 20:19:41 [INFO] [eval-sample 1] step=20
  expected: {"reasoning":"The candidate code uses a set to efficiently check for the complement of each element. This ensures that the solution runs in O(n) time complexity. I will confirm the correctness of this
  generated: {
  "reasoning": "The candidate code uses a set to track seen elements and checks for the complement of the current element. This approach is efficient and handles the problem correctly.",
  "tentative_completion": "",
  "action": "confirm_stop",
  "handoff_target": null,
  "handoff_note": null,
  "
2026-09-19 20:19:48 [INFO] [eval-sample 2] step=20
  expected: {"reasoning":"The algorithm correctly maps human age to dog's age using the standard conversion formula. It handles edge cases like h_age <= 0 and h_age <= 2, and the formula for h_age > 2 is accurate
  generated: {
  "reasoning": "The candidate code correctly implements the logic for converting human age to dog's age. It handles edge cases (age <= 0 and age <= 2) and applies the standard conversion formula for dog years. The code is concise and directly addresses the problem statement.",
  "tentative_complet
2026-09-19 20:19:54 [INFO] [eval-sample 3] step=20
  expected: {"reasoning":"I need to verify the logic for edge cases such as when the input is 0 or has leading zeros. Also, I should ensure the code handles all digits correctly and returns the expected boolean v
  generated: {
  "reasoning": "The previous candidate did not handle edge cases correctly, such as when the input is 0 or has leading zeros. The code also does not validate that the input is a non-negative integer.",
  "tentative_completion": "",
  "action": "handoff",
  "handoff_target": "A1",
  "handoff_note":
2026-09-19 20:19:54 [INFO] step 20  eval_loss=0.4939  eval_runtime=33.8601  eval_samples_per_second=11.3700  eval_steps_per_second=2.8650  epoch=0.0230
2026-09-19 20:19:56 [INFO] step 25  loss=0.4383  grad_norm=1.2783  learning_rate=0.0000  epoch=0.0288
2026-09-19 20:19:58 [INFO] step 30  loss=0.5602  grad_norm=1.7403  learning_rate=0.0000  epoch=0.0346
2026-09-19 20:20:00 [INFO] step 35  loss=0.3468  grad_norm=1.0674  learning_rate=0.0000  epoch=0.0403
2026-09-19 20:20:02 [INFO] step 40  loss=0.4897  grad_norm=1.8693  learning_rate=0.0000  epoch=0.0461
2026-09-19 20:20:19 [INFO] [eval-sample 0] step=40
  expected: {"reasoning":"The candidate code correctly implements the algorithm by using a frequency map to count occurrences and then filtering the array to include only elements with a frequency of 1. The order
  generated: {
  "reasoning": "The code correctly tracks the frequency of each element and constructs a new array with elements that appear exactly once, preserving their order. It handles the example case and should work for other cases as well.",
  "tentative_completion": "const frequency = {}; numbers.forEach
2026-09-19 20:20:26 [INFO] [eval-sample 1] step=40
  expected: {"reasoning":"The candidate code uses a set to efficiently check for the complement of each element. This ensures that the solution runs in O(n) time complexity. I will confirm the correctness of this
  generated: {
  "reasoning": "The candidate code uses a set to track seen elements and checks for the complement of the current element. This approach is efficient and handles the problem correctly. However, it should be verified for edge cases, such as when the array contains a zero and another element that is
2026-09-19 20:20:33 [INFO] [eval-sample 2] step=40
  expected: {"reasoning":"The algorithm correctly maps human age to dog's age using the standard conversion formula. It handles edge cases like h_age <= 0 and h_age <= 2, and the formula for h_age > 2 is accurate
  generated: {
  "reasoning": "The candidate code correctly implements the logic for converting human age to dog's age. It handles edge cases (age <= 0 and age <= 2) and applies the standard conversion formula for dog years. The code is concise and directly addresses the problem statement.",
  "tentative_complet
2026-09-19 20:20:39 [INFO] [eval-sample 3] step=40
  expected: {"reasoning":"I need to verify the logic for edge cases such as when the input is 0 or has leading zeros. Also, I should ensure the code handles all digits correctly and returns the expected boolean v
  generated: {
  "reasoning": "The previous candidate did not handle edge cases correctly, such as when the input is 0 or has leading zeros. The code also does not validate that the input is a non-negative integer.",
  "tentative_completion": "",
  "action": "handoff",
  "handoff_target": "A1",
  "handoff_note":
2026-09-19 20:20:39 [INFO] step 40  eval_loss=0.4552  eval_runtime=37.1559  eval_samples_per_second=10.3620  eval_steps_per_second=2.6110  epoch=0.0461
2026-09-19 20:20:41 [INFO] step 45  loss=0.3613  grad_norm=1.2795  learning_rate=0.0000  epoch=0.0518
2026-09-19 20:20:43 [INFO] step 50  loss=0.3786  grad_norm=0.9302  learning_rate=0.0000  epoch=0.0576
2026-09-19 20:20:45 [INFO] step 55  loss=0.4566  grad_norm=1.5484  learning_rate=0.0000  epoch=0.0634
2026-09-19 20:20:47 [INFO] step 60  loss=0.3327  grad_norm=0.8104  learning_rate=0.0000  epoch=0.0691
2026-09-19 20:21:04 [INFO] [eval-sample 0] step=60
  expected: {"reasoning":"The candidate code correctly implements the algorithm by using a frequency map to count occurrences and then filtering the array to include only elements with a frequency of 1. The order
  generated: {"reasoning": "The code correctly tracks the frequency of each element and constructs a new array with elements that appear exactly once, preserving their order. It handles the basic case described in the problem statement.", "tentative_completion": "const frequency = {}; numbers.forEach(num => freq
2026-09-19 20:21:11 [INFO] [eval-sample 1] step=60
  expected: {"reasoning":"The candidate code uses a set to efficiently check for the complement of each element. This ensures that the solution runs in O(n) time complexity. I will confirm the correctness of this
  generated: {"reasoning": "The candidate code uses a set to track seen elements and checks for the complement of the current element. This is an efficient approach for the problem. However, it needs to be verified for edge cases such as duplicate elements and empty arrays.", "tentative_completion": "  const see
2026-09-19 20:21:18 [INFO] [eval-sample 2] step=60
  expected: {"reasoning":"The algorithm correctly maps human age to dog's age using the standard conversion formula. It handles edge cases like h_age <= 0 and h_age <= 2, and the formula for h_age > 2 is accurate
  generated: {"reasoning": "The candidate code correctly implements the logic for converting human age to dog's age, including edge cases. The formula accounts for the first two years as 10.5 years each and subsequent years as 4 years each. The code is concise and directly addresses the problem statement.", "ten
2026-09-19 20:21:23 [INFO] [eval-sample 3] step=60
  expected: {"reasoning":"I need to verify the logic for edge cases such as when the input is 0 or has leading zeros. Also, I should ensure the code handles all digits correctly and returns the expected boolean v
  generated: {
  "reasoning": "The previous candidate did not handle edge cases like when the input is 0 or has leading zeros. Also, the code should ensure that the function returns a boolean value.",
  "tentative_completion": "",
  "action": "handoff",
  "handoff_target": "A1",
  "handoff_note": "Verify the log
2026-09-19 20:21:23 [INFO] step 60  eval_loss=0.3406  eval_runtime=36.4006  eval_samples_per_second=10.5770  eval_steps_per_second=2.6650  epoch=0.0691
2026-09-19 20:21:26 [INFO] step 65  loss=0.4149  grad_norm=1.2712  learning_rate=0.0000  epoch=0.0749
2026-09-19 20:21:28 [INFO] step 70  loss=0.3041  grad_norm=1.1328  learning_rate=0.0000  epoch=0.0806
2026-09-19 20:21:29 [INFO] step 75  loss=0.2872  grad_norm=1.4954  learning_rate=0.0000  epoch=0.0864
2026-09-19 20:21:31 [INFO] step 80  loss=0.3291  grad_norm=0.9026  learning_rate=0.0000  epoch=0.0922
2026-09-19 20:21:45 [INFO] [eval-sample 0] step=80
  expected: {"reasoning":"The candidate code correctly implements the algorithm by using a frequency map to count occurrences and then filtering the array to include only elements with a frequency of 1. The order
  generated: {"reasoning":"The code correctly tracks the frequency of each element and constructs a new array with elements that appear exactly once, preserving the original order. It handles edge cases like empty arrays and arrays with all elements duplicated. The function is complete and should be confirmed.",
2026-09-19 20:21:51 [INFO] [eval-sample 1] step=80
  expected: {"reasoning":"The candidate code uses a set to efficiently check for the complement of each element. This ensures that the solution runs in O(n) time complexity. I will confirm the correctness of this
  generated: {"reasoning":"The candidate code uses a set to track seen elements and checks for the complement of the current element. This is an efficient approach for the problem. However, it needs to be verified for edge cases such as duplicate elements and empty arrays.","tentative_completion":"","action":"co
2026-09-19 20:21:58 [INFO] [eval-sample 2] step=80
  expected: {"reasoning":"The algorithm correctly maps human age to dog's age using the standard conversion formula. It handles edge cases like h_age <= 0 and h_age <= 2, and the formula for h_age > 2 is accurate
  generated: {"reasoning":"The candidate code correctly implements the logic for converting human age to dog's age. It handles edge cases like h_age <= 0 and h_age <= 2, and applies the standard conversion formula for ages greater than 2. The code is concise and accurate.","tentative_completion":"","action":"con
2026-09-19 20:22:02 [INFO] [eval-sample 3] step=80
  expected: {"reasoning":"I need to verify the logic for edge cases such as when the input is 0 or has leading zeros. Also, I should ensure the code handles all digits correctly and returns the expected boolean v
  generated: {"reasoning": "The previous candidate did not handle edge cases like input 0 or leading zeros correctly. The code also does not validate that the input is a non-negative integer.", "tentative_completion": "", "action": "handoff", "handoff_target": "A1", "handoff_note": "Verify the code for edge case
2026-09-19 20:22:02 [INFO] step 80  eval_loss=0.2594  eval_runtime=31.3995  eval_samples_per_second=12.2610  eval_steps_per_second=3.0890  epoch=0.0922
2026-09-19 20:22:05 [INFO] step 85  loss=0.2389  grad_norm=0.4289  learning_rate=0.0000  epoch=0.0979
2026-09-19 20:22:07 [INFO] step 90  loss=0.2004  grad_norm=0.4489  learning_rate=0.0000  epoch=0.1037
2026-09-19 20:22:09 [INFO] step 95  loss=0.2662  grad_norm=0.7869  learning_rate=0.0000  epoch=0.1094
2026-09-19 20:22:11 [INFO] step 100  loss=0.2531  grad_norm=0.5301  learning_rate=0.0000  epoch=0.1152
2026-09-19 20:22:25 [INFO] [eval-sample 0] step=100
  expected: {"reasoning":"The candidate code correctly implements the algorithm by using a frequency map to count occurrences and then filtering the array to include only elements with a frequency of 1. The order
  generated: {"reasoning":"The code correctly tracks the frequency of each element and constructs a new array with elements that appear exactly once, preserving the original order. It handles edge cases like empty arrays and arrays with all elements duplicated. The function is complete and should be confirmed.",
2026-09-19 20:22:32 [INFO] [eval-sample 1] step=100
  expected: {"reasoning":"The candidate code uses a set to efficiently check for the complement of each element. This ensures that the solution runs in O(n) time complexity. I will confirm the correctness of this
  generated: {"reasoning":"The candidate code uses a set to track seen elements and checks for the complement of the current element. This is an efficient approach for the problem. However, it needs to be verified for edge cases such as duplicate elements and the case where the array has only one element.","tent
2026-09-19 20:22:38 [INFO] [eval-sample 2] step=100
  expected: {"reasoning":"The algorithm correctly maps human age to dog's age using the standard conversion formula. It handles edge cases like h_age <= 0 and h_age <= 2, and the formula for h_age > 2 is accurate
  generated: {"reasoning":"The candidate code correctly implements the logic for converting human age to dog's age. It handles edge cases like h_age <= 0 and h_age <= 2, and applies the standard conversion formula for ages greater than 2. The code is concise and accurate.","tentative_completion":"","action":"con
2026-09-19 20:22:43 [INFO] [eval-sample 3] step=100
  expected: {"reasoning":"I need to verify the logic for edge cases such as when the input is 0 or has leading zeros. Also, I should ensure the code handles all digits correctly and returns the expected boolean v
  generated: {"reasoning":"The previous candidate failed to handle edge cases like input 0 or leading zeros, and the logic for comparing frequency with digit is incomplete. The code should also ensure that the input is a non-negative integer and handle digits correctly.","tentative_completion":"","action":"hando
2026-09-19 20:22:43 [INFO] step 100  eval_loss=0.2439  eval_runtime=32.3137  eval_samples_per_second=11.9140  eval_steps_per_second=3.0020  epoch=0.1152
2026-09-19 20:22:45 [INFO] step 105  loss=0.2101  grad_norm=0.3714  learning_rate=0.0000  epoch=0.1210
2026-09-19 20:22:47 [INFO] step 110  loss=0.2036  grad_norm=0.4880  learning_rate=0.0000  epoch=0.1267
2026-09-19 20:22:49 [INFO] step 115  loss=0.2033  grad_norm=0.3118  learning_rate=0.0000  epoch=0.1325
2026-09-19 20:22:51 [INFO] step 120  loss=0.2307  grad_norm=0.4380  learning_rate=0.0000  epoch=0.1382
2026-09-19 20:23:05 [INFO] [eval-sample 0] step=120
  expected: {"reasoning":"The candidate code correctly implements the algorithm by using a frequency map to count occurrences and then filtering the array to include only elements with a frequency of 1. The order
  generated: {"reasoning":"The code correctly tracks the frequency of each element and constructs a new array with elements that appear exactly once, preserving their order. It handles edge cases like empty arrays and arrays with all elements duplicated. The function is complete and should be confirmed.","tentat
2026-09-19 20:23:12 [INFO] [eval-sample 1] step=120
  expected: {"reasoning":"The candidate code uses a set to efficiently check for the complement of each element. This ensures that the solution runs in O(n) time complexity. I will confirm the correctness of this
  generated: {"reasoning":"The candidate code uses a set to track seen elements and checks for the complement of the current element. This is an efficient approach for the problem. However, it needs to be verified for edge cases such as duplicate elements and the case where the array has only one element.","tent
2026-09-19 20:23:18 [INFO] [eval-sample 2] step=120
  expected: {"reasoning":"The algorithm correctly maps human age to dog's age using the standard conversion formula. It handles edge cases like h_age <= 0 and h_age <= 2, and the formula for h_age > 2 is accurate
  generated: {"reasoning":"The candidate code correctly implements the logic for converting human age to dog's age. It handles edge cases like h_age <= 0 and h_age <= 2, and applies the standard conversion formula for ages greater than 2. The code is concise and accurate.","tentative_completion":"","action":"con
2026-09-19 20:23:25 [INFO] [eval-sample 3] step=120
  expected: {"reasoning":"I need to verify the logic for edge cases such as when the input is 0 or has leading zeros. Also, I should ensure the code handles all digits correctly and returns the expected boolean v
  generated: {"reasoning":"The previous candidate had a logic error in handling the digit comparison. The code should compare the frequency of each digit with the digit itself, not the string representation. The code also needs to handle edge cases like 0 and negative numbers.","tentative_completion":"$digits = 
2026-09-19 20:23:25 [INFO] step 120  eval_loss=0.2367  eval_runtime=34.3972  eval_samples_per_second=11.1930  eval_steps_per_second=2.8200  epoch=0.1382
2026-09-19 20:23:28 [INFO] step 125  loss=0.2327  grad_norm=0.4548  learning_rate=0.0000  epoch=0.1440
2026-09-19 20:23:30 [INFO] step 130  loss=0.2674  grad_norm=0.6105  learning_rate=0.0000  epoch=0.1498
2026-09-19 20:23:31 [INFO] step 135  loss=0.2117  grad_norm=0.3750  learning_rate=0.0000  epoch=0.1555
2026-09-19 20:23:33 [INFO] step 140  loss=0.2425  grad_norm=0.6951  learning_rate=0.0000  epoch=0.1613
2026-09-19 20:23:48 [INFO] [eval-sample 0] step=140
  expected: {"reasoning":"The candidate code correctly implements the algorithm by using a frequency map to count occurrences and then filtering the array to include only elements with a frequency of 1. The order
  generated: {"reasoning":"The code correctly tracks the frequency of each element and constructs a new array with elements that appear exactly once, preserving their order. It handles edge cases like empty arrays and arrays with all elements duplicated. The function is complete with the closing delimiter.","ten
2026-09-19 20:23:54 [INFO] [eval-sample 1] step=140
  expected: {"reasoning":"The candidate code uses a set to efficiently check for the complement of each element. This ensures that the solution runs in O(n) time complexity. I will confirm the correctness of this
  generated: {"reasoning":"The candidate code uses a set to track seen elements and checks for the complement of the current element. This is an efficient approach for the problem. However, it needs to be verified for edge cases such as duplicate elements and the case where the array has only one element.","tent
2026-09-19 20:24:00 [INFO] [eval-sample 2] step=140
  expected: {"reasoning":"The algorithm correctly maps human age to dog's age using the standard conversion formula. It handles edge cases like h_age <= 0 and h_age <= 2, and the formula for h_age > 2 is accurate
  generated: {"reasoning":"The candidate code correctly implements the logic for converting human age to dog's age. It handles edge cases like h_age <= 0 and h_age <= 2, and applies the standard conversion formula for ages greater than 2. The code is concise and accurate.","tentative_completion":"","action":"con
2026-09-19 20:24:08 [INFO] [eval-sample 3] step=140
  expected: {"reasoning":"I need to verify the logic for edge cases such as when the input is 0 or has leading zeros. Also, I should ensure the code handles all digits correctly and returns the expected boolean v
  generated: {"reasoning":"The previous candidate had a logic error in handling the digit comparison. The code should compare the frequency of each digit with the digit itself, not the string representation. The code also needs to handle edge cases like 0 and negative numbers.","tentative_completion":"$digits = 
2026-09-19 20:24:08 [INFO] step 140  eval_loss=0.2317  eval_runtime=34.8728  eval_samples_per_second=11.0400  eval_steps_per_second=2.7820  epoch=0.1613
2026-09-19 20:24:11 [INFO] step 145  loss=0.2381  grad_norm=0.5350  learning_rate=0.0000  epoch=0.1671
2026-09-19 20:24:12 [INFO] step 150  loss=0.2272  grad_norm=0.4663  learning_rate=0.0000  epoch=0.1728
2026-09-19 20:24:14 [INFO] step 155  loss=0.2127  grad_norm=0.5340  learning_rate=0.0000  epoch=0.1786
2026-09-19 20:24:16 [INFO] step 160  loss=0.2216  grad_norm=0.4104  learning_rate=0.0000  epoch=0.1843
2026-09-19 20:24:31 [INFO] [eval-sample 0] step=160
  expected: {"reasoning":"The candidate code correctly implements the algorithm by using a frequency map to count occurrences and then filtering the array to include only elements with a frequency of 1. The order
  generated: {"reasoning":"The code correctly tracks the frequency of each element and constructs a new array with elements that appear exactly once, preserving their order. It handles edge cases like empty arrays and arrays with all elements duplicated. The function is complete with the closing delimiter.","ten
2026-09-19 20:24:37 [INFO] [eval-sample 1] step=160
  expected: {"reasoning":"The candidate code uses a set to efficiently check for the complement of each element. This ensures that the solution runs in O(n) time complexity. I will confirm the correctness of this
  generated: {"reasoning":"The candidate code uses a set to track seen elements and checks for the complement of the current element. This is an efficient approach for the problem. However, it needs to be verified for edge cases such as duplicate elements and the case where the array has only one element.","tent
2026-09-19 20:24:43 [INFO] [eval-sample 2] step=160
  expected: {"reasoning":"The algorithm correctly maps human age to dog's age using the standard conversion formula. It handles edge cases like h_age <= 0 and h_age <= 2, and the formula for h_age > 2 is accurate
  generated: {"reasoning":"The candidate code correctly implements the logic for converting human age to dog's age. It handles edge cases like h_age <= 0 and h_age <= 2, and applies the standard conversion formula for ages greater than 2. The code is concise and accurate.","tentative_completion":"","action":"con
2026-09-19 20:24:51 [INFO] [eval-sample 3] step=160
  expected: {"reasoning":"I need to verify the logic for edge cases such as when the input is 0 or has leading zeros. Also, I should ensure the code handles all digits correctly and returns the expected boolean v
  generated: {"reasoning":"The previous candidate had a logic error in handling the digit comparison. The code should compare the frequency of each digit with the digit itself, not the string representation. The code also needs to handle edge cases like 0 and negative numbers.","tentative_completion":"$digits = 
2026-09-19 20:24:51 [INFO] step 160  eval_loss=0.2266  eval_runtime=35.0085  eval_samples_per_second=10.9970  eval_steps_per_second=2.7710  epoch=0.1843
2026-09-19 20:24:54 [INFO] step 165  loss=0.2199  grad_norm=0.5936  learning_rate=0.0000  epoch=0.1901
2026-09-19 20:24:56 [INFO] step 170  loss=0.1854  grad_norm=0.3326  learning_rate=0.0000  epoch=0.1959
2026-09-19 20:24:57 [INFO] step 175  loss=0.2047  grad_norm=0.3218  learning_rate=0.0000  epoch=0.2016
2026-09-19 20:24:59 [INFO] step 180  loss=0.2241  grad_norm=0.3575  learning_rate=0.0000  epoch=0.2074
2026-09-19 20:25:14 [INFO] [eval-sample 0] step=180
  expected: {"reasoning":"The candidate code correctly implements the algorithm by using a frequency map to count occurrences and then filtering the array to include only elements with a frequency of 1. The order
  generated: {"reasoning":"The code correctly tracks the frequency of each element and constructs a new array with elements that appear exactly once, preserving their order. It handles edge cases like empty arrays and arrays with all elements duplicated. The function is complete with the closing delimiter.","ten
2026-09-19 20:25:20 [INFO] [eval-sample 1] step=180
  expected: {"reasoning":"The candidate code uses a set to efficiently check for the complement of each element. This ensures that the solution runs in O(n) time complexity. I will confirm the correctness of this
  generated: {"reasoning":"The candidate code uses a set to track seen elements and checks for the complement of the current element. This is an efficient approach for the problem. However, it needs to be verified for edge cases such as duplicate elements and the case where the array has only one element.","tent
2026-09-19 20:25:26 [INFO] [eval-sample 2] step=180
  expected: {"reasoning":"The algorithm correctly maps human age to dog's age using the standard conversion formula. It handles edge cases like h_age <= 0 and h_age <= 2, and the formula for h_age > 2 is accurate
  generated: {"reasoning":"The candidate code correctly implements the logic for converting human age to dog's age. It handles edge cases like h_age <= 0 and h_age <= 2, and applies the standard conversion formula for ages greater than 2. The code is concise and accurate.","tentative_completion":"","action":"con
2026-09-19 20:25:34 [INFO] [eval-sample 3] step=180
  expected: {"reasoning":"I need to verify the logic for edge cases such as when the input is 0 or has leading zeros. Also, I should ensure the code handles all digits correctly and returns the expected boolean v
  generated: {"reasoning":"The previous candidate had a logic error in handling the digit comparison. The code should compare the frequency of each digit with the digit itself, not the string representation. The code also needs to handle edge cases like 0 and negative numbers.","tentative_completion":"$digits = 
2026-09-19 20:25:34 [INFO] step 180  eval_loss=0.2226  eval_runtime=34.7319  eval_samples_per_second=11.0850  eval_steps_per_second=2.7930  epoch=0.2074
2026-09-19 20:25:36 [INFO] step 185  loss=0.2040  grad_norm=0.5530  learning_rate=0.0000  epoch=0.2131
2026-09-19 20:25:38 [INFO] step 190  loss=0.2193  grad_norm=0.2591  learning_rate=0.0000  epoch=0.2189
2026-09-19 20:25:40 [INFO] step 195  loss=0.1754  grad_norm=0.3247  learning_rate=0.0000  epoch=0.2247
2026-09-19 20:25:42 [INFO] step 200  loss=0.1962  grad_norm=0.2848  learning_rate=0.0000  epoch=0.2304
2026-09-19 20:25:56 [INFO] [eval-sample 0] step=200
  expected: {"reasoning":"The candidate code correctly implements the algorithm by using a frequency map to count occurrences and then filtering the array to include only elements with a frequency of 1. The order
  generated: {"reasoning":"The code correctly tracks the frequency of each element and constructs a new array with elements that appear exactly once, preserving their order. It handles edge cases like empty arrays and arrays with all elements duplicated. The function is complete with the closing delimiter.","ten
2026-09-19 20:26:07 [INFO] [eval-sample 1] step=200
  expected: {"reasoning":"The candidate code uses a set to efficiently check for the complement of each element. This ensures that the solution runs in O(n) time complexity. I will confirm the correctness of this
  generated: {"reasoning":"The candidate code uses a set to track seen elements and checks for the complement of the current element. This is an efficient approach for the problem. However, the code should handle the case where the same element appears twice (e.g., [0, 0]) and ensure that the function returns tr
2026-09-19 20:26:13 [INFO] [eval-sample 2] step=200
  expected: {"reasoning":"The algorithm correctly maps human age to dog's age using the standard conversion formula. It handles edge cases like h_age <= 0 and h_age <= 2, and the formula for h_age > 2 is accurate
  generated: {"reasoning":"The candidate code correctly implements the logic for converting human age to dog's age. It handles edge cases like h_age <= 0 and h_age <= 2, and applies the standard conversion formula for ages greater than 2. The code is concise and accurate.","tentative_completion":"","action":"con
2026-09-19 20:26:21 [INFO] [eval-sample 3] step=200
  expected: {"reasoning":"I need to verify the logic for edge cases such as when the input is 0 or has leading zeros. Also, I should ensure the code handles all digits correctly and returns the expected boolean v
  generated: {"reasoning":"The previous candidate had a logic error in handling the digit comparison. The code should compare the frequency of each digit with the digit itself, not the string representation. The code also needs to handle edge cases like 0 and negative numbers.","tentative_completion":"$digits = 
2026-09-19 20:26:21 [INFO] step 200  eval_loss=0.2190  eval_runtime=39.5240  eval_samples_per_second=9.7410  eval_steps_per_second=2.4540  epoch=0.2304
2026-09-19 20:26:24 [INFO] step 205  loss=0.1945  grad_norm=0.4447  learning_rate=0.0000  epoch=0.2362
2026-09-19 20:26:26 [INFO] step 210  loss=0.2506  grad_norm=0.4628  learning_rate=0.0000  epoch=0.2419
2026-09-19 20:26:28 [INFO] step 215  loss=0.2191  grad_norm=0.4980  learning_rate=0.0000  epoch=0.2477
2026-09-19 20:26:29 [INFO] step 220  loss=0.2275  grad_norm=0.4385  learning_rate=0.0000  epoch=0.2535
2026-09-19 20:26:44 [INFO] [eval-sample 0] step=220
  expected: {"reasoning":"The candidate code correctly implements the algorithm by using a frequency map to count occurrences and then filtering the array to include only elements with a frequency of 1. The order
  generated: {"reasoning":"The code correctly tracks the frequency of each element and constructs a new array with elements that appear exactly once, preserving their order. It handles edge cases like empty arrays and arrays with all elements duplicated. The function is complete with the closing delimiter.","ten
2026-09-19 20:26:50 [INFO] [eval-sample 1] step=220
  expected: {"reasoning":"The candidate code uses a set to efficiently check for the complement of each element. This ensures that the solution runs in O(n) time complexity. I will confirm the correctness of this
  generated: {"reasoning":"The candidate code uses a set to track seen elements and checks for the complement of the current element. This is efficient and correct for the problem. The logic handles duplicates by ensuring the same element is not used twice. The function returns true if any two distinct elements 
2026-09-19 20:26:57 [INFO] [eval-sample 2] step=220
  expected: {"reasoning":"The algorithm correctly maps human age to dog's age using the standard conversion formula. It handles edge cases like h_age <= 0 and h_age <= 2, and the formula for h_age > 2 is accurate
  generated: {"reasoning":"The candidate code correctly implements the logic for converting human age to dog's age. It handles edge cases like h_age <= 0 and h_age <= 2, and applies the standard conversion formula for ages greater than 2. The code is concise and follows the required format.","tentative_completio
2026-09-19 20:27:05 [INFO] [eval-sample 3] step=220
  expected: {"reasoning":"I need to verify the logic for edge cases such as when the input is 0 or has leading zeros. Also, I should ensure the code handles all digits correctly and returns the expected boolean v
  generated: {"reasoning":"The previous candidate had a logical error in handling the digit comparison. The code should compare the frequency of each digit with the digit itself, not the string representation. The code also needs to handle edge cases like zero and ensure the function is complete.","tentative_com
2026-09-19 20:27:05 [INFO] step 220  eval_loss=0.2151  eval_runtime=35.7721  eval_samples_per_second=10.7630  eval_steps_per_second=2.7120  epoch=0.2535
2026-09-19 20:27:08 [INFO] step 225  loss=0.1894  grad_norm=0.3565  learning_rate=0.0000  epoch=0.2592
2026-09-19 20:27:09 [INFO] step 230  loss=0.2208  grad_norm=0.4798  learning_rate=0.0000  epoch=0.2650
2026-09-19 20:27:11 [INFO] step 235  loss=0.2240  grad_norm=0.7011  learning_rate=0.0000  epoch=0.2707
2026-09-19 20:27:13 [INFO] step 240  loss=0.1759  grad_norm=0.4195  learning_rate=0.0000  epoch=0.2765
2026-09-19 20:27:27 [INFO] [eval-sample 0] step=240
  expected: {"reasoning":"The candidate code correctly implements the algorithm by using a frequency map to count occurrences and then filtering the array to include only elements with a frequency of 1. The order
  generated: {"reasoning":"The code correctly tracks the frequency of each element and constructs a new array with elements that appear exactly once, preserving their order. It handles edge cases like empty arrays and arrays with all elements duplicated. The function is complete with the closing delimiter.","ten
2026-09-19 20:27:36 [INFO] [eval-sample 1] step=240
  expected: {"reasoning":"The candidate code uses a set to efficiently check for the complement of each element. This ensures that the solution runs in O(n) time complexity. I will confirm the correctness of this
  generated: {"reasoning":"The candidate code uses a set to track seen elements and checks for the complement of the current element. This is an efficient approach for the problem. However, the code needs to be enclosed in a function block and the final closing delimiter must be added.","tentative_completion":" 
2026-09-19 20:27:42 [INFO] [eval-sample 2] step=240
  expected: {"reasoning":"The algorithm correctly maps human age to dog's age using the standard conversion formula. It handles edge cases like h_age <= 0 and h_age <= 2, and the formula for h_age > 2 is accurate
  generated: {"reasoning":"The candidate code correctly implements the logic for converting human age to dog's age. It handles edge cases like h_age <= 0 and h_age <= 2, and applies the standard conversion formula for ages greater than 2. The code is concise and follows the required format.","tentative_completio
2026-09-19 20:27:49 [INFO] [eval-sample 3] step=240
  expected: {"reasoning":"I need to verify the logic for edge cases such as when the input is 0 or has leading zeros. Also, I should ensure the code handles all digits correctly and returns the expected boolean v
  generated: {"reasoning":"The previous candidate had a logic error in handling the digit comparison. The code should compare the frequency of each digit with the digit itself, not the string representation. I will correct this and hand off to A3 for further verification.","tentative_completion":"$digits = str_s
2026-09-19 20:27:49 [INFO] step 240  eval_loss=0.2122  eval_runtime=36.5338  eval_samples_per_second=10.5380  eval_steps_per_second=2.6550  epoch=0.2765
2026-09-19 20:27:52 [INFO] step 245  loss=0.1849  grad_norm=0.3366  learning_rate=0.0000  epoch=0.2823
2026-09-19 20:27:54 [INFO] step 250  loss=0.1950  grad_norm=0.5426  learning_rate=0.0000  epoch=0.2880
2026-09-19 20:27:56 [INFO] step 255  loss=0.2412  grad_norm=0.7300  learning_rate=0.0000  epoch=0.2938
2026-09-19 20:27:58 [INFO] step 260  loss=0.1659  grad_norm=0.2955  learning_rate=0.0000  epoch=0.2995
2026-09-19 20:28:12 [INFO] [eval-sample 0] step=260
  expected: {"reasoning":"The candidate code correctly implements the algorithm by using a frequency map to count occurrences and then filtering the array to include only elements with a frequency of 1. The order
  generated: {"reasoning":"The code correctly tracks the frequency of each element and constructs a new array with elements that appear exactly once, preserving their order. It handles edge cases like empty arrays and arrays with all elements duplicated. The function is complete with the closing delimiter.","ten
2026-09-19 20:28:18 [INFO] [eval-sample 1] step=260
  expected: {"reasoning":"The candidate code uses a set to efficiently check for the complement of each element. This ensures that the solution runs in O(n) time complexity. I will confirm the correctness of this
  generated: {"reasoning":"The candidate code uses a set to track seen elements and checks for the complement of the current element. This is efficient and handles the problem correctly. The logic is sound and should work for all test cases.","tentative_completion":"","action":"confirm_stop","handoff_target":nul
2026-09-19 20:28:24 [INFO] [eval-sample 2] step=260
  expected: {"reasoning":"The algorithm correctly maps human age to dog's age using the standard conversion formula. It handles edge cases like h_age <= 0 and h_age <= 2, and the formula for h_age > 2 is accurate
  generated: {"reasoning":"The candidate code correctly implements the logic for converting human age to dog's age. It handles edge cases like h_age <= 0 and h_age <= 2, and applies the standard conversion formula for ages greater than 2. The code is syntactically correct and completes the function as required."
2026-09-19 20:28:31 [INFO] [eval-sample 3] step=260
  expected: {"reasoning":"I need to verify the logic for edge cases such as when the input is 0 or has leading zeros. Also, I should ensure the code handles all digits correctly and returns the expected boolean v
  generated: {"reasoning":"The previous candidate had a logic error in handling the digit comparison. The code should compare the frequency of each digit with the digit itself, not the string representation. I will correct this and hand off to A3 for further verification.","tentative_completion":"$digits = str_s
2026-09-19 20:28:31 [INFO] step 260  eval_loss=0.2088  eval_runtime=33.5082  eval_samples_per_second=11.4900  eval_steps_per_second=2.8950  epoch=0.2995
2026-09-19 20:28:34 [INFO] step 265  loss=0.2263  grad_norm=0.3764  learning_rate=0.0000  epoch=0.3053
2026-09-19 20:28:35 [INFO] step 270  loss=0.2024  grad_norm=0.3530  learning_rate=0.0000  epoch=0.3111
2026-09-19 20:28:37 [INFO] step 275  loss=0.1868  grad_norm=0.3632  learning_rate=0.0000  epoch=0.3168
2026-09-19 20:28:39 [INFO] step 280  loss=0.2282  grad_norm=0.4525  learning_rate=0.0000  epoch=0.3226
2026-09-19 20:28:53 [INFO] [eval-sample 0] step=280
  expected: {"reasoning":"The candidate code correctly implements the algorithm by using a frequency map to count occurrences and then filtering the array to include only elements with a frequency of 1. The order
  generated: {"reasoning":"The code correctly tracks the frequency of each element and constructs a new array with elements that appear exactly once, preserving their order. It handles edge cases like empty arrays and arrays with all elements duplicated. The function is complete with the closing delimiter.","ten
2026-09-19 20:29:02 [INFO] [eval-sample 1] step=280
  expected: {"reasoning":"The candidate code uses a set to efficiently check for the complement of each element. This ensures that the solution runs in O(n) time complexity. I will confirm the correctness of this
  generated: {"reasoning":"The candidate code uses a set to track seen elements and checks for the complement of the current element. This is an efficient approach for the problem. However, I need to verify that the code correctly handles edge cases, such as duplicate elements and the case where the array has on
2026-09-19 20:29:09 [INFO] [eval-sample 2] step=280
  expected: {"reasoning":"The algorithm correctly maps human age to dog's age using the standard conversion formula. It handles edge cases like h_age <= 0 and h_age <= 2, and the formula for h_age > 2 is accurate
  generated: {"reasoning":"The candidate code correctly implements the logic for converting human age to dog's age, including edge cases. The formula accounts for the first two years as 10.5 years each and subsequent years as 4 years each. The code is syntactically correct and completes the function as required.
2026-09-19 20:29:16 [INFO] [eval-sample 3] step=280
  expected: {"reasoning":"I need to verify the logic for edge cases such as when the input is 0 or has leading zeros. Also, I should ensure the code handles all digits correctly and returns the expected boolean v
  generated: {"reasoning":"The previous candidate had a logical error in handling the digit comparison. The code should compare the frequency of each digit with the digit itself, not the string representation. I will correct this and hand off to A3 for further verification.","tentative_completion":"$digits = str
2026-09-19 20:29:16 [INFO] step 280  eval_loss=0.2058  eval_runtime=36.6990  eval_samples_per_second=10.4910  eval_steps_per_second=2.6430  epoch=0.3226
2026-09-19 20:29:18 [INFO] step 285  loss=0.1999  grad_norm=0.3304  learning_rate=0.0000  epoch=0.3283
2026-09-19 20:29:20 [INFO] step 290  loss=0.2199  grad_norm=0.4692  learning_rate=0.0000  epoch=0.3341
2026-09-19 20:29:22 [INFO] step 295  loss=0.1945  grad_norm=0.3354  learning_rate=0.0000  epoch=0.3399
2026-09-19 20:29:23 [INFO] step 300  loss=0.1816  grad_norm=0.3815  learning_rate=0.0000  epoch=0.3456
2026-09-19 20:29:38 [INFO] [eval-sample 0] step=300
  expected: {"reasoning":"The candidate code correctly implements the algorithm by using a frequency map to count occurrences and then filtering the array to include only elements with a frequency of 1. The order
  generated: {"reasoning":"The code correctly tracks the frequency of each element and constructs a new array with elements that appear exactly once, preserving their order. It handles edge cases like empty arrays and arrays with all elements duplicated. The function is complete with the closing delimiter.","ten
2026-09-19 20:29:47 [INFO] [eval-sample 1] step=300
  expected: {"reasoning":"The candidate code uses a set to efficiently check for the complement of each element. This ensures that the solution runs in O(n) time complexity. I will confirm the correctness of this
  generated: {"reasoning":"The candidate code uses a set to track seen elements and checks for the complement of the current element. This is an efficient approach for the problem. However, I need to verify that the code correctly handles edge cases, such as duplicate elements and the case where the array has on
2026-09-19 20:29:53 [INFO] [eval-sample 2] step=300
  expected: {"reasoning":"The algorithm correctly maps human age to dog's age using the standard conversion formula. It handles edge cases like h_age <= 0 and h_age <= 2, and the formula for h_age > 2 is accurate
  generated: {"reasoning":"The candidate code correctly implements the logic for converting human age to dog's age. It handles edge cases like h_age <= 0 and h_age <= 2, and applies the standard conversion formula for ages greater than 2. The code is syntactically correct and completes the function as required."
2026-09-19 20:30:01 [INFO] [eval-sample 3] step=300
  expected: {"reasoning":"I need to verify the logic for edge cases such as when the input is 0 or has leading zeros. Also, I should ensure the code handles all digits correctly and returns the expected boolean v
  generated: {"reasoning":"The candidate code needs to be corrected to handle edge cases such as when the input is 0 or has leading zeros. The code should also ensure that the frequency of each digit is checked correctly.","tentative_completion":"$n = (int)$n;\n$digits = str_split(strval($n));\n$freq = array_cou
2026-09-19 20:30:01 [INFO] step 300  eval_loss=0.2032  eval_runtime=37.5964  eval_samples_per_second=10.2400  eval_steps_per_second=2.5800  epoch=0.3456
2026-09-19 20:30:04 [INFO] step 305  loss=0.2063  grad_norm=0.4466  learning_rate=0.0000  epoch=0.3514
2026-09-19 20:30:05 [INFO] step 310  loss=0.1536  grad_norm=0.3791  learning_rate=0.0000  epoch=0.3571
2026-09-19 20:30:08 [INFO] step 315  loss=0.1611  grad_norm=0.3910  learning_rate=0.0000  epoch=0.3629
2026-09-19 20:30:09 [INFO] step 320  loss=0.2097  grad_norm=0.5975  learning_rate=0.0000  epoch=0.3687
2026-09-19 20:30:24 [INFO] [eval-sample 0] step=320
  expected: {"reasoning":"The candidate code correctly implements the algorithm by using a frequency map to count occurrences and then filtering the array to include only elements with a frequency of 1. The order
  generated: {"reasoning":"The code correctly tracks the frequency of each element and constructs a new array with elements that appear exactly once, preserving their order. It handles edge cases like empty arrays and arrays with all elements duplicated. The function is complete with the closing delimiter.","ten
2026-09-19 20:30:33 [INFO] [eval-sample 1] step=320
  expected: {"reasoning":"The candidate code uses a set to efficiently check for the complement of each element. This ensures that the solution runs in O(n) time complexity. I will confirm the correctness of this
  generated: {"reasoning":"The candidate code uses a set to track seen elements and checks for the complement of the current element. This is an efficient approach for the problem. However, I need to verify that the code correctly handles edge cases, such as duplicate elements and the case where the array has on
2026-09-19 20:30:39 [INFO] [eval-sample 2] step=320
  expected: {"reasoning":"The algorithm correctly maps human age to dog's age using the standard conversion formula. It handles edge cases like h_age <= 0 and h_age <= 2, and the formula for h_age > 2 is accurate
  generated: {"reasoning":"The candidate code correctly implements the logic for converting human age to dog's age, including edge cases. The formula accounts for the first two years as 10.5 years each and subsequent years as 4 years each. The code is syntactically correct and completes the function as required.
2026-09-19 20:30:44 [INFO] [eval-sample 3] step=320
  expected: {"reasoning":"I need to verify the logic for edge cases such as when the input is 0 or has leading zeros. Also, I should ensure the code handles all digits correctly and returns the expected boolean v
  generated: {"reasoning":"The code needs to handle edge cases like when the input is 0 or has leading zeros. Also, the code should ensure that the frequency of each digit is checked correctly and that the function returns the expected boolean value.","tentative_completion":"","action":"handoff","handoff_target"
2026-09-19 20:30:44 [INFO] step 320  eval_loss=0.2008  eval_runtime=35.0039  eval_samples_per_second=10.9990  eval_steps_per_second=2.7710  epoch=0.3687
2026-09-19 20:30:47 [INFO] step 325  loss=0.1625  grad_norm=0.3725  learning_rate=0.0000  epoch=0.3744
2026-09-19 20:30:49 [INFO] step 330  loss=0.1948  grad_norm=0.4345  learning_rate=0.0000  epoch=0.3802
2026-09-19 20:30:51 [INFO] step 335  loss=0.2035  grad_norm=0.4505  learning_rate=0.0000  epoch=0.3859
2026-09-19 20:30:53 [INFO] step 340  loss=0.1934  grad_norm=0.3740  learning_rate=0.0000  epoch=0.3917
2026-09-19 20:31:07 [INFO] [eval-sample 0] step=340
  expected: {"reasoning":"The candidate code correctly implements the algorithm by using a frequency map to count occurrences and then filtering the array to include only elements with a frequency of 1. The order
  generated: {"reasoning":"The code correctly tracks the frequency of each element and constructs a new array with elements that appear exactly once, preserving their order. It handles edge cases like empty arrays and arrays with all elements duplicated. The function is complete with the closing delimiter.","ten
2026-09-19 20:31:13 [INFO] [eval-sample 1] step=340
  expected: {"reasoning":"The candidate code uses a set to efficiently check for the complement of each element. This ensures that the solution runs in O(n) time complexity. I will confirm the correctness of this
  generated: {"reasoning":"The candidate code uses a set to track seen elements and checks for the complement of the current element. This is efficient and handles the problem correctly. The logic is sound and should work for all test cases.","tentative_completion":"","action":"confirm_stop","handoff_target":nul
2026-09-19 20:31:19 [INFO] [eval-sample 2] step=340
  expected: {"reasoning":"The algorithm correctly maps human age to dog's age using the standard conversion formula. It handles edge cases like h_age <= 0 and h_age <= 2, and the formula for h_age > 2 is accurate
  generated: {"reasoning":"The candidate code correctly implements the logic for converting human age to dog's age, including edge cases. The formula accounts for the first two years as 10.5 years each and subsequent years as 4 years each. The code is syntactically correct and completes the function as required.
2026-09-19 20:31:27 [INFO] [eval-sample 3] step=340
  expected: {"reasoning":"I need to verify the logic for edge cases such as when the input is 0 or has leading zeros. Also, I should ensure the code handles all digits correctly and returns the expected boolean v
  generated: {"reasoning":"The candidate code needs to be corrected to handle edge cases such as when the input is 0 or has leading zeros. The code should also ensure that the frequency of each digit is checked correctly.","tentative_completion":"$n = (int)$n;\n$digits = str_split(strval($n));\n$freq = array_cou
2026-09-19 20:31:27 [INFO] step 340  eval_loss=0.1985  eval_runtime=34.4203  eval_samples_per_second=11.1850  eval_steps_per_second=2.8180  epoch=0.3917
2026-09-19 20:31:29 [INFO] step 345  loss=0.1790  grad_norm=0.4234  learning_rate=0.0000  epoch=0.3975
2026-09-19 20:31:31 [INFO] step 350  loss=0.1649  grad_norm=0.4037  learning_rate=0.0000  epoch=0.4032
2026-09-19 20:31:33 [INFO] step 355  loss=0.2257  grad_norm=0.3933  learning_rate=0.0000  epoch=0.4090
2026-09-19 20:31:35 [INFO] step 360  loss=0.1825  grad_norm=0.5000  learning_rate=0.0000  epoch=0.4147
2026-09-19 20:31:49 [INFO] [eval-sample 0] step=360
  expected: {"reasoning":"The candidate code correctly implements the algorithm by using a frequency map to count occurrences and then filtering the array to include only elements with a frequency of 1. The order
  generated: {"reasoning":"The code correctly tracks the frequency of each element and constructs a new array with elements that appear exactly once, preserving their order. It handles edge cases like empty arrays and arrays with all elements duplicated. The function is complete with the closing delimiter.","ten
2026-09-19 20:31:55 [INFO] [eval-sample 1] step=360
  expected: {"reasoning":"The candidate code uses a set to efficiently check for the complement of each element. This ensures that the solution runs in O(n) time complexity. I will confirm the correctness of this
  generated: {"reasoning":"The candidate code uses a set to track seen elements and checks for the complement of the current element. This approach is efficient and handles the problem correctly. The logic ensures that two distinct elements are found if they sum to zero.","tentative_completion":"","action":"conf
2026-09-19 20:32:01 [INFO] [eval-sample 2] step=360
  expected: {"reasoning":"The algorithm correctly maps human age to dog's age using the standard conversion formula. It handles edge cases like h_age <= 0 and h_age <= 2, and the formula for h_age > 2 is accurate
  generated: {"reasoning":"The candidate code correctly implements the logic for converting human age to dog's age using the standard formula. It handles edge cases like h_age <= 0 and h_age <= 2, and applies the correct calculation for ages greater than 2. The code is syntactically correct and completes the fun
2026-09-19 20:32:10 [INFO] [eval-sample 3] step=360
  expected: {"reasoning":"I need to verify the logic for edge cases such as when the input is 0 or has leading zeros. Also, I should ensure the code handles all digits correctly and returns the expected boolean v
  generated: {"reasoning":"The candidate code needs to be corrected to handle edge cases such as when the input is 0 or has leading zeros. The code should also ensure that the frequency of each digit is compared correctly with the digit itself.","tentative_completion":"$n = (int)$n;\n$digits = str_split(strval($
2026-09-19 20:32:10 [INFO] step 360  eval_loss=0.1967  eval_runtime=34.8389  eval_samples_per_second=11.0510  eval_steps_per_second=2.7840  epoch=0.4147
2026-09-19 20:32:12 [INFO] step 365  loss=0.1876  grad_norm=0.4335  learning_rate=0.0000  epoch=0.4205
2026-09-19 20:32:14 [INFO] step 370  loss=0.2016  grad_norm=0.6539  learning_rate=0.0000  epoch=0.4263
2026-09-19 20:32:15 [INFO] step 375  loss=0.2168  grad_norm=0.4352  learning_rate=0.0000  epoch=0.4320
2026-09-19 20:32:17 [INFO] step 380  loss=0.1782  grad_norm=0.3645  learning_rate=0.0000  epoch=0.4378
2026-09-19 20:32:32 [INFO] [eval-sample 0] step=380
  expected: {"reasoning":"The candidate code correctly implements the algorithm by using a frequency map to count occurrences and then filtering the array to include only elements with a frequency of 1. The order
  generated: {"reasoning":"The code correctly tracks the frequency of each element and constructs a new array with elements that appear exactly once, preserving their order. It handles edge cases like empty arrays and arrays with all elements duplicated. The function is complete with the closing delimiter.","ten
2026-09-19 20:32:38 [INFO] [eval-sample 1] step=380
  expected: {"reasoning":"The candidate code uses a set to efficiently check for the complement of each element. This ensures that the solution runs in O(n) time complexity. I will confirm the correctness of this
  generated: {"reasoning":"The candidate code uses a set to track seen elements and checks for the complement of the current element. This ensures that we find two distinct elements that sum to zero in linear time. The logic is correct, but I need to verify that it handles edge cases like duplicate elements and 
2026-09-19 20:32:45 [INFO] [eval-sample 2] step=380
  expected: {"reasoning":"The algorithm correctly maps human age to dog's age using the standard conversion formula. It handles edge cases like h_age <= 0 and h_age <= 2, and the formula for h_age > 2 is accurate
  generated: {"reasoning":"The candidate code correctly implements the logic for converting human age to dog's age using the standard formula. It handles edge cases like zero or negative input by returning 0, and correctly applies the 10.5 years for the first two years and 4 years for each subsequent year. The c
2026-09-19 20:32:53 [INFO] [eval-sample 3] step=380
  expected: {"reasoning":"I need to verify the logic for edge cases such as when the input is 0 or has leading zeros. Also, I should ensure the code handles all digits correctly and returns the expected boolean v
  generated: {"reasoning":"The candidate code needs to be verified for edge cases, such as when the input is 0 or has leading zeros. The code should also handle all digits correctly and return the expected boolean value.","tentative_completion":"$digits = str_split(strval($n));\n$freq = array_count_values($digit
2026-09-19 20:32:53 [INFO] step 380  eval_loss=0.1948  eval_runtime=35.4466  eval_samples_per_second=10.8610  eval_steps_per_second=2.7370  epoch=0.4378
2026-09-19 20:32:55 [INFO] step 385  loss=0.1730  grad_norm=0.5984  learning_rate=0.0000  epoch=0.4435
2026-09-19 20:32:57 [INFO] step 390  loss=0.1894  grad_norm=0.4962  learning_rate=0.0000  epoch=0.4493
2026-09-19 20:32:59 [INFO] step 395  loss=0.2128  grad_norm=0.4195  learning_rate=0.0000  epoch=0.4551
2026-09-19 20:33:01 [INFO] step 400  loss=0.1885  grad_norm=0.5382  learning_rate=0.0000  epoch=0.4608
2026-09-19 20:33:15 [INFO] [eval-sample 0] step=400
  expected: {"reasoning":"The candidate code correctly implements the algorithm by using a frequency map to count occurrences and then filtering the array to include only elements with a frequency of 1. The order
  generated: {"reasoning":"The code correctly tracks the frequency of each element and constructs a new array with elements that appear exactly once, preserving their order. It handles edge cases like empty arrays and arrays with all elements duplicated. The function is complete with the closing delimiter.","ten
2026-09-19 20:33:21 [INFO] [eval-sample 1] step=400
  expected: {"reasoning":"The candidate code uses a set to efficiently check for the complement of each element. This ensures that the solution runs in O(n) time complexity. I will confirm the correctness of this
  generated: {"reasoning":"The candidate code uses a set to track seen elements and checks for the complement of the current element. This approach is efficient and handles the problem correctly. The logic ensures that two distinct elements are found if they sum to zero.","tentative_completion":"","action":"conf
2026-09-19 20:33:27 [INFO] [eval-sample 2] step=400
  expected: {"reasoning":"The algorithm correctly maps human age to dog's age using the standard conversion formula. It handles edge cases like h_age <= 0 and h_age <= 2, and the formula for h_age > 2 is accurate
  generated: {"reasoning":"The candidate code correctly implements the logic for converting human age to dog's age using the standard formula. It handles edge cases like h_age <= 0 and h_age <= 2, and applies the correct multipliers for the first two years and subsequent years. The code is syntactically correct 
2026-09-19 20:33:35 [INFO] [eval-sample 3] step=400
  expected: {"reasoning":"I need to verify the logic for edge cases such as when the input is 0 or has leading zeros. Also, I should ensure the code handles all digits correctly and returns the expected boolean v
  generated: {"reasoning":"The candidate code needs to be verified for edge cases, such as when the input is 0 or has leading zeros. Also, the code should handle all digits correctly and return the expected boolean value.","tentative_completion":"$digits = str_split(strval($n));\n$freq = array_count_values($digi
2026-09-19 20:33:35 [INFO] step 400  eval_loss=0.1935  eval_runtime=34.6152  eval_samples_per_second=11.1220  eval_steps_per_second=2.8020  epoch=0.4608
2026-09-19 20:33:38 [INFO] step 405  loss=0.1760  grad_norm=0.5274  learning_rate=0.0000  epoch=0.4666
2026-09-19 20:33:40 [INFO] step 410  loss=0.1952  grad_norm=0.4059  learning_rate=0.0000  epoch=0.4724
2026-09-19 20:33:41 [INFO] step 415  loss=0.1847  grad_norm=0.5567  learning_rate=0.0000  epoch=0.4781
2026-09-19 20:33:43 [INFO] step 420  loss=0.2118  grad_norm=0.4190  learning_rate=0.0000  epoch=0.4839
2026-09-19 20:33:57 [INFO] [eval-sample 0] step=420
  expected: {"reasoning":"The candidate code correctly implements the algorithm by using a frequency map to count occurrences and then filtering the array to include only elements with a frequency of 1. The order
  generated: {"reasoning":"The code correctly tracks the frequency of each element and constructs a new array with elements that appear exactly once, preserving their order. It handles edge cases like empty arrays and arrays with all elements duplicated. The function is complete with the closing delimiter.","ten
2026-09-19 20:34:03 [INFO] [eval-sample 1] step=420
  expected: {"reasoning":"The candidate code uses a set to efficiently check for the complement of each element. This ensures that the solution runs in O(n) time complexity. I will confirm the correctness of this
  generated: {"reasoning":"The candidate code uses a set to track seen elements and checks for the complement of the current element. This approach is efficient and handles the problem correctly. The logic ensures that two distinct elements are found if they sum to zero.","tentative_completion":"","action":"conf
2026-09-19 20:34:10 [INFO] [eval-sample 2] step=420
  expected: {"reasoning":"The algorithm correctly maps human age to dog's age using the standard conversion formula. It handles edge cases like h_age <= 0 and h_age <= 2, and the formula for h_age > 2 is accurate
  generated: {"reasoning":"The candidate code correctly implements the logic for converting human age to dog's age, including edge cases. The formula accounts for the first two years as 10.5 years each and subsequent years as 4 years each. The code is syntactically correct and handles all specified scenarios.","
2026-09-19 20:34:17 [INFO] [eval-sample 3] step=420
  expected: {"reasoning":"I need to verify the logic for edge cases such as when the input is 0 or has leading zeros. Also, I should ensure the code handles all digits correctly and returns the expected boolean v
  generated: {"reasoning":"The candidate code needs to be verified for edge cases, such as when the input is 0 or has leading zeros. Also, the code should handle all digits correctly and return the expected boolean value.","tentative_completion":"$digits = str_split(strval($n));\n$freq = array_count_values($digi
2026-09-19 20:34:17 [INFO] step 420  eval_loss=0.1921  eval_runtime=34.2607  eval_samples_per_second=11.2370  eval_steps_per_second=2.8310  epoch=0.4839
2026-09-19 20:34:20 [INFO] step 425  loss=0.1813  grad_norm=0.3447  learning_rate=0.0000  epoch=0.4896
2026-09-19 20:34:22 [INFO] step 430  loss=0.2060  grad_norm=0.4888  learning_rate=0.0000  epoch=0.4954
2026-09-19 20:34:23 [INFO] step 435  loss=0.2035  grad_norm=0.4173  learning_rate=0.0000  epoch=0.5012
2026-09-19 20:34:25 [INFO] step 440  loss=0.1858  grad_norm=0.4189  learning_rate=0.0000  epoch=0.5069
2026-09-19 20:34:40 [INFO] [eval-sample 0] step=440
  expected: {"reasoning":"The candidate code correctly implements the algorithm by using a frequency map to count occurrences and then filtering the array to include only elements with a frequency of 1. The order
  generated: {"reasoning":"The code correctly tracks the frequency of each element and constructs a new array with elements that appear exactly once, preserving their order. It handles edge cases like empty arrays and arrays with all elements duplicated. The function is complete and ready for the evaluator to te
2026-09-19 20:34:46 [INFO] [eval-sample 1] step=440
  expected: {"reasoning":"The candidate code uses a set to efficiently check for the complement of each element. This ensures that the solution runs in O(n) time complexity. I will confirm the correctness of this
  generated: {"reasoning":"The candidate code uses a set to track seen elements and checks for the complement of the current element. This approach is efficient and handles the problem correctly. However, I need to verify that the code correctly handles edge cases, such as duplicate elements and the case where t
2026-09-19 20:34:53 [INFO] [eval-sample 2] step=440
  expected: {"reasoning":"The algorithm correctly maps human age to dog's age using the standard conversion formula. It handles edge cases like h_age <= 0 and h_age <= 2, and the formula for h_age > 2 is accurate
  generated: {"reasoning":"The candidate code correctly implements the logic for converting human age to dog's age using the standard formula. It handles edge cases like h_age <= 0 and h_age <= 2, and applies the correct multipliers for the first two years and subsequent years. The code is syntactically correct 
2026-09-19 20:35:01 [INFO] [eval-sample 3] step=440
  expected: {"reasoning":"I need to verify the logic for edge cases such as when the input is 0 or has leading zeros. Also, I should ensure the code handles all digits correctly and returns the expected boolean v
  generated: {"reasoning":"The candidate code needs to be verified for edge cases, such as when the input is 0 or has leading zeros. Also, the code should handle all digits correctly and return the expected boolean value.","tentative_completion":"$digits = str_split(strval($n));\n$freq = array_count_values($digi
2026-09-19 20:35:01 [INFO] step 440  eval_loss=0.1911  eval_runtime=35.6311  eval_samples_per_second=10.8050  eval_steps_per_second=2.7220  epoch=0.5069
2026-09-19 20:35:03 [INFO] step 445  loss=0.1674  grad_norm=0.5044  learning_rate=0.0000  epoch=0.5127
2026-09-19 20:35:05 [INFO] step 450  loss=0.1697  grad_norm=0.4688  learning_rate=0.0000  epoch=0.5184
2026-09-19 20:35:07 [INFO] step 455  loss=0.1651  grad_norm=0.5787  learning_rate=0.0000  epoch=0.5242
2026-09-19 20:35:09 [INFO] step 460  loss=0.1600  grad_norm=0.2256  learning_rate=0.0000  epoch=0.5300
2026-09-19 20:35:23 [INFO] [eval-sample 0] step=460
  expected: {"reasoning":"The candidate code correctly implements the algorithm by using a frequency map to count occurrences and then filtering the array to include only elements with a frequency of 1. The order
  generated: {"reasoning":"The code correctly tracks the frequency of each element and constructs a new array with elements that appear exactly once, preserving their order. It handles edge cases like empty arrays and arrays with all elements duplicated. The function is complete and ready for the evaluator to te
2026-09-19 20:35:30 [INFO] [eval-sample 1] step=460
  expected: {"reasoning":"The candidate code uses a set to efficiently check for the complement of each element. This ensures that the solution runs in O(n) time complexity. I will confirm the correctness of this
  generated: {"reasoning":"The candidate code uses a set to track seen elements and checks for the complement of the current element. This approach is efficient and handles the problem correctly. However, I need to verify that the code correctly handles edge cases, such as duplicate elements and the case where t
2026-09-19 20:35:37 [INFO] [eval-sample 2] step=460
  expected: {"reasoning":"The algorithm correctly maps human age to dog's age using the standard conversion formula. It handles edge cases like h_age <= 0 and h_age <= 2, and the formula for h_age > 2 is accurate
  generated: {"reasoning":"The candidate code correctly implements the logic for converting human age to dog's age using the standard formula. It handles edge cases like zero or negative input by returning 0, and correctly applies the 10.5 years for the first two years and 4 years for each subsequent year. The c
2026-09-19 20:35:44 [INFO] [eval-sample 3] step=460
  expected: {"reasoning":"I need to verify the logic for edge cases such as when the input is 0 or has leading zeros. Also, I should ensure the code handles all digits correctly and returns the expected boolean v
  generated: {"reasoning":"The candidate code needs to be verified for edge cases, such as when the input is 0 or has leading zeros. The code should also handle all digits correctly and return the expected boolean value.","tentative_completion":"$digits = str_split(strval($n));\n$freq = array_count_values($digit
2026-09-19 20:35:44 [INFO] step 460  eval_loss=0.1901  eval_runtime=35.7635  eval_samples_per_second=10.7650  eval_steps_per_second=2.7120  epoch=0.5300
2026-09-19 20:35:47 [INFO] step 465  loss=0.1701  grad_norm=0.3761  learning_rate=0.0000  epoch=0.5357
2026-09-19 20:35:49 [INFO] step 470  loss=0.1731  grad_norm=0.4903  learning_rate=0.0000  epoch=0.5415
2026-09-19 20:35:51 [INFO] step 475  loss=0.1668  grad_norm=0.6729  learning_rate=0.0000  epoch=0.5472
2026-09-19 20:35:52 [INFO] step 480  loss=0.1732  grad_norm=0.4801  learning_rate=0.0000  epoch=0.5530
2026-09-19 20:36:07 [INFO] [eval-sample 0] step=480
  expected: {"reasoning":"The candidate code correctly implements the algorithm by using a frequency map to count occurrences and then filtering the array to include only elements with a frequency of 1. The order
  generated: {"reasoning":"The code correctly tracks the frequency of each element and constructs a new array with elements that appear exactly once, preserving their order. It handles edge cases like empty arrays and arrays with all elements duplicated. The function is complete and ready for the evaluator to te
2026-09-19 20:36:14 [INFO] [eval-sample 1] step=480
  expected: {"reasoning":"The candidate code uses a set to efficiently check for the complement of each element. This ensures that the solution runs in O(n) time complexity. I will confirm the correctness of this
  generated: {"reasoning":"The candidate code uses a set to track seen elements and checks for the complement of the current element. This approach is efficient and handles the problem correctly. However, I need to verify that the code correctly handles edge cases, such as duplicate elements and the case where t
2026-09-19 20:36:20 [INFO] [eval-sample 2] step=480
  expected: {"reasoning":"The algorithm correctly maps human age to dog's age using the standard conversion formula. It handles edge cases like h_age <= 0 and h_age <= 2, and the formula for h_age > 2 is accurate
  generated: {"reasoning":"The candidate code correctly implements the logic for converting human age to dog's age, including edge cases. The formula accounts for the first two years as 10.5 years each and subsequent years as 4 years each. The code is syntactically correct and handles all specified scenarios.","
2026-09-19 20:36:28 [INFO] [eval-sample 3] step=480
  expected: {"reasoning":"I need to verify the logic for edge cases such as when the input is 0 or has leading zeros. Also, I should ensure the code handles all digits correctly and returns the expected boolean v
  generated: {"reasoning":"The candidate code needs to be verified for edge cases, such as when the input is 0 or has leading zeros. The code should also handle all digits correctly and return the expected boolean value.","tentative_completion":"$digits = str_split(strval($n));\n$freq = array_count_values($digit
2026-09-19 20:36:28 [INFO] step 480  eval_loss=0.1892  eval_runtime=35.2107  eval_samples_per_second=10.9340  eval_steps_per_second=2.7550  epoch=0.5530
2026-09-19 20:36:30 [INFO] step 485  loss=0.1749  grad_norm=0.5037  learning_rate=0.0000  epoch=0.5588
2026-09-19 20:36:32 [INFO] step 490  loss=0.1748  grad_norm=0.3741  learning_rate=0.0000  epoch=0.5645
2026-09-19 20:36:34 [INFO] step 495  loss=0.1852  grad_norm=0.4714  learning_rate=0.0000  epoch=0.5703
2026-09-19 20:36:36 [INFO] step 500  loss=0.1661  grad_norm=0.5169  learning_rate=0.0000  epoch=0.5760
2026-09-19 20:36:50 [INFO] [eval-sample 0] step=500
  expected: {"reasoning":"The candidate code correctly implements the algorithm by using a frequency map to count occurrences and then filtering the array to include only elements with a frequency of 1. The order
  generated: {"reasoning":"The code correctly tracks the frequency of each element and constructs a new array with elements that appear exactly once, preserving their order. It handles edge cases like empty arrays and arrays with all elements duplicated. The function is complete and ready for the evaluator to te
2026-09-19 20:36:57 [INFO] [eval-sample 1] step=500
  expected: {"reasoning":"The candidate code uses a set to efficiently check for the complement of each element. This ensures that the solution runs in O(n) time complexity. I will confirm the correctness of this
  generated: {"reasoning":"The candidate code uses a set to track seen elements and checks for the complement of the current element. This approach is efficient and handles the problem correctly. However, I need to verify that the code correctly handles edge cases, such as duplicate elements and the case where t
2026-09-19 20:37:04 [INFO] [eval-sample 2] step=500
  expected: {"reasoning":"The algorithm correctly maps human age to dog's age using the standard conversion formula. It handles edge cases like h_age <= 0 and h_age <= 2, and the formula for h_age > 2 is accurate
  generated: {"reasoning":"The candidate code correctly implements the logic for converting human age to dog's age using the standard formula. It handles edge cases like ages less than or equal to 0 and less than or equal to 2, and applies the correct calculation for ages greater than 2. The code is syntacticall
2026-09-19 20:37:12 [INFO] [eval-sample 3] step=500
  expected: {"reasoning":"I need to verify the logic for edge cases such as when the input is 0 or has leading zeros. Also, I should ensure the code handles all digits correctly and returns the expected boolean v
  generated: {"reasoning":"The candidate code needs to be verified for edge cases, such as when the input is 0 or has leading zeros. The code should also handle all digits correctly and return the expected boolean value.","tentative_completion":"$digits = str_split(strval($n));\n$freq = array_count_values($digit
2026-09-19 20:37:12 [INFO] step 500  eval_loss=0.1886  eval_runtime=36.2174  eval_samples_per_second=10.6300  eval_steps_per_second=2.6780  epoch=0.5760
2026-09-19 20:37:14 [INFO] step 505  loss=0.2261  grad_norm=0.8066  learning_rate=0.0000  epoch=0.5818
2026-09-19 20:37:16 [INFO] step 510  loss=0.1871  grad_norm=0.4014  learning_rate=0.0000  epoch=0.5876
2026-09-19 20:37:18 [INFO] step 515  loss=0.2015  grad_norm=0.5938  learning_rate=0.0000  epoch=0.5933
2026-09-19 20:37:19 [INFO] step 520  loss=0.1963  grad_norm=0.5409  learning_rate=0.0000  epoch=0.5991
2026-09-19 20:37:34 [INFO] [eval-sample 0] step=520
  expected: {"reasoning":"The candidate code correctly implements the algorithm by using a frequency map to count occurrences and then filtering the array to include only elements with a frequency of 1. The order
  generated: {"reasoning":"The code correctly tracks the frequency of each element and constructs a new array with elements that appear exactly once, preserving their order. It handles edge cases like empty arrays and arrays with all elements duplicated. The function is complete and ready for the evaluator to te
2026-09-19 20:37:40 [INFO] [eval-sample 1] step=520
  expected: {"reasoning":"The candidate code uses a set to efficiently check for the complement of each element. This ensures that the solution runs in O(n) time complexity. I will confirm the correctness of this
  generated: {"reasoning":"The candidate code uses a set to track seen elements and checks for the complement of the current element. This approach is efficient and handles the problem correctly. The logic ensures that two distinct elements are found if they sum to zero.","tentative_completion":"","action":"conf
2026-09-19 20:37:46 [INFO] [eval-sample 2] step=520
  expected: {"reasoning":"The algorithm correctly maps human age to dog's age using the standard conversion formula. It handles edge cases like h_age <= 0 and h_age <= 2, and the formula for h_age > 2 is accurate
  generated: {"reasoning":"The candidate code correctly implements the logic for converting human age to dog's age using the standard formula. It handles edge cases like ages less than or equal to 0 and less than or equal to 2, and applies the correct conversion for ages greater than 2. The code is syntactically
2026-09-19 20:37:54 [INFO] [eval-sample 3] step=520
  expected: {"reasoning":"I need to verify the logic for edge cases such as when the input is 0 or has leading zeros. Also, I should ensure the code handles all digits correctly and returns the expected boolean v
  generated: {"reasoning":"The candidate code needs to be verified for edge cases, such as when the input is 0 or has leading zeros. Also, the code should handle all digits correctly and return the expected boolean value.","tentative_completion":"$digits = str_split(strval($n));\n$freq = array_count_values($digi
2026-09-19 20:37:54 [INFO] step 520  eval_loss=0.1880  eval_runtime=34.4007  eval_samples_per_second=11.1920  eval_steps_per_second=2.8200  epoch=0.5991
2026-09-19 20:37:56 [INFO] step 525  loss=0.1689  grad_norm=0.5510  learning_rate=0.0000  epoch=0.6048
2026-09-19 20:37:58 [INFO] step 530  loss=0.1895  grad_norm=0.5345  learning_rate=0.0000  epoch=0.6106
2026-09-19 20:38:00 [INFO] step 535  loss=0.1759  grad_norm=0.3920  learning_rate=0.0000  epoch=0.6164
2026-09-19 20:38:02 [INFO] step 540  loss=0.1635  grad_norm=0.4888  learning_rate=0.0000  epoch=0.6221
2026-09-19 20:38:17 [INFO] [eval-sample 0] step=540
  expected: {"reasoning":"The candidate code correctly implements the algorithm by using a frequency map to count occurrences and then filtering the array to include only elements with a frequency of 1. The order
  generated: {"reasoning":"The code correctly tracks the frequency of each element and constructs a new array with elements that appear exactly once, preserving their order. It handles edge cases like empty arrays and arrays with all elements duplicated. The function is complete and ready for the evaluator to te
2026-09-19 20:38:23 [INFO] [eval-sample 1] step=540
  expected: {"reasoning":"The candidate code uses a set to efficiently check for the complement of each element. This ensures that the solution runs in O(n) time complexity. I will confirm the correctness of this
  generated: {"reasoning":"The candidate code uses a set to track seen elements and checks for the complement of the current element. This approach is efficient and handles the problem correctly. The logic ensures that two distinct elements are found if they sum to zero.","tentative_completion":"","action":"conf
2026-09-19 20:38:29 [INFO] [eval-sample 2] step=540
  expected: {"reasoning":"The algorithm correctly maps human age to dog's age using the standard conversion formula. It handles edge cases like h_age <= 0 and h_age <= 2, and the formula for h_age > 2 is accurate
  generated: {"reasoning":"The candidate code correctly implements the logic for converting human age to dog's age, including edge cases. The formula accounts for the first two years as 10.5 years each and subsequent years as 4 years each. The code is syntactically correct and handles all specified scenarios.","
2026-09-19 20:38:37 [INFO] [eval-sample 3] step=540
  expected: {"reasoning":"I need to verify the logic for edge cases such as when the input is 0 or has leading zeros. Also, I should ensure the code handles all digits correctly and returns the expected boolean v
  generated: {"reasoning":"The code needs to handle edge cases like when the input is 0 or has leading zeros. Also, the code should ensure that the frequency of each digit is correctly compared to the digit itself. The current code may not handle these cases properly.","tentative_completion":"$n = (int)$n;\n$dig
2026-09-19 20:38:37 [INFO] step 540  eval_loss=0.1876  eval_runtime=34.9828  eval_samples_per_second=11.0050  eval_steps_per_second=2.7730  epoch=0.6221
2026-09-19 20:38:39 [INFO] step 545  loss=0.1416  grad_norm=0.3873  learning_rate=0.0000  epoch=0.6279
2026-09-19 20:38:41 [INFO] step 550  loss=0.1626  grad_norm=0.3815  learning_rate=0.0000  epoch=0.6336
2026-09-19 20:38:43 [INFO] step 555  loss=0.1605  grad_norm=0.3842  learning_rate=0.0000  epoch=0.6394
2026-09-19 20:38:45 [INFO] step 560  loss=0.1471  grad_norm=0.3981  learning_rate=0.0000  epoch=0.6452
2026-09-19 20:39:00 [INFO] [eval-sample 0] step=560
  expected: {"reasoning":"The candidate code correctly implements the algorithm by using a frequency map to count occurrences and then filtering the array to include only elements with a frequency of 1. The order
  generated: {"reasoning":"The code correctly tracks the frequency of each element and constructs a new array with elements that appear exactly once, preserving their order. It handles edge cases like empty arrays and arrays with all elements duplicated. The function is complete and ready for the evaluator to te
2026-09-19 20:39:06 [INFO] [eval-sample 1] step=560
  expected: {"reasoning":"The candidate code uses a set to efficiently check for the complement of each element. This ensures that the solution runs in O(n) time complexity. I will confirm the correctness of this
  generated: {"reasoning":"The candidate code uses a set to track seen elements and checks for the complement of the current element. This approach is efficient and handles the problem correctly. However, I need to verify that the code correctly handles edge cases, such as duplicate elements and the case where t
2026-09-19 20:39:13 [INFO] [eval-sample 2] step=560
  expected: {"reasoning":"The algorithm correctly maps human age to dog's age using the standard conversion formula. It handles edge cases like h_age <= 0 and h_age <= 2, and the formula for h_age > 2 is accurate
  generated: {"reasoning":"The candidate code correctly implements the logic for converting human age to dog's age using the standard formula. It handles edge cases like ages less than or equal to 0 and less than or equal to 2, and applies the correct calculation for ages greater than 2. The code is syntacticall
2026-09-19 20:39:21 [INFO] [eval-sample 3] step=560
  expected: {"reasoning":"I need to verify the logic for edge cases such as when the input is 0 or has leading zeros. Also, I should ensure the code handles all digits correctly and returns the expected boolean v
  generated: {"reasoning":"The code needs to handle edge cases like when the input is 0 or has leading zeros. Also, the code should ensure that the frequency of each digit is correctly compared to the digit itself. The current code may not handle these cases properly.","tentative_completion":"$n = (int)$n;\n$dig
2026-09-19 20:39:21 [INFO] step 560  eval_loss=0.1872  eval_runtime=36.1500  eval_samples_per_second=10.6500  eval_steps_per_second=2.6830  epoch=0.6452
2026-09-19 20:39:24 [INFO] step 565  loss=0.1540  grad_norm=0.6235  learning_rate=0.0000  epoch=0.6509
2026-09-19 20:39:26 [INFO] step 570  loss=0.2297  grad_norm=0.6300  learning_rate=0.0000  epoch=0.6567
2026-09-19 20:39:27 [INFO] step 575  loss=0.2136  grad_norm=0.4138  learning_rate=0.0000  epoch=0.6624
2026-09-19 20:39:29 [INFO] step 580  loss=0.1752  grad_norm=0.3278  learning_rate=0.0000  epoch=0.6682
2026-09-19 20:39:44 [INFO] [eval-sample 0] step=580
  expected: {"reasoning":"The candidate code correctly implements the algorithm by using a frequency map to count occurrences and then filtering the array to include only elements with a frequency of 1. The order
  generated: {"reasoning":"The code correctly tracks the frequency of each element and constructs a new array with elements that appear exactly once, preserving their order. It handles edge cases like empty arrays and arrays with all elements duplicated. The function is complete and ready for the evaluator to te
2026-09-19 20:39:50 [INFO] [eval-sample 1] step=580
  expected: {"reasoning":"The candidate code uses a set to efficiently check for the complement of each element. This ensures that the solution runs in O(n) time complexity. I will confirm the correctness of this
  generated: {"reasoning":"The candidate code uses a set to track seen elements and checks for the complement of the current element. This approach is efficient and handles the problem correctly. However, I need to verify that the code correctly handles edge cases, such as duplicate elements and the case where t
2026-09-19 20:39:57 [INFO] [eval-sample 2] step=580
  expected: {"reasoning":"The algorithm correctly maps human age to dog's age using the standard conversion formula. It handles edge cases like h_age <= 0 and h_age <= 2, and the formula for h_age > 2 is accurate
  generated: {"reasoning":"The candidate code correctly implements the logic for converting human age to dog's age using the standard formula. It handles edge cases like ages less than or equal to 0 and less than or equal to 2, and applies the correct calculation for ages greater than 2. The code is syntacticall
2026-09-19 20:40:05 [INFO] [eval-sample 3] step=580
  expected: {"reasoning":"I need to verify the logic for edge cases such as when the input is 0 or has leading zeros. Also, I should ensure the code handles all digits correctly and returns the expected boolean v
  generated: {"reasoning":"The code needs to handle edge cases like when the input is 0 or has leading zeros. Also, the code should ensure that the frequency of each digit is correctly compared to the digit itself. The current code may not handle these cases properly.","tentative_completion":"$n = (int)$n;\n$dig
2026-09-19 20:40:05 [INFO] step 580  eval_loss=0.1867  eval_runtime=36.1822  eval_samples_per_second=10.6410  eval_steps_per_second=2.6810  epoch=0.6682
2026-09-19 20:40:08 [INFO] step 585  loss=0.1882  grad_norm=0.4673  learning_rate=0.0000  epoch=0.6740
2026-09-19 20:40:10 [INFO] step 590  loss=0.1715  grad_norm=0.4140  learning_rate=0.0000  epoch=0.6797
2026-09-19 20:40:11 [INFO] step 595  loss=0.1698  grad_norm=0.5856  learning_rate=0.0000  epoch=0.6855
2026-09-19 20:40:13 [INFO] step 600  loss=0.1787  grad_norm=0.4246  learning_rate=0.0000  epoch=0.6912
2026-09-19 20:40:28 [INFO] [eval-sample 0] step=600
  expected: {"reasoning":"The candidate code correctly implements the algorithm by using a frequency map to count occurrences and then filtering the array to include only elements with a frequency of 1. The order
  generated: {"reasoning":"The code correctly tracks the frequency of each element and constructs a new array with elements that appear exactly once, preserving their order. It handles edge cases like empty arrays and arrays with all elements duplicated. The function is complete and ready for the evaluator to te
2026-09-19 20:40:34 [INFO] [eval-sample 1] step=600
  expected: {"reasoning":"The candidate code uses a set to efficiently check for the complement of each element. This ensures that the solution runs in O(n) time complexity. I will confirm the correctness of this
  generated: {"reasoning":"The candidate code uses a set to track seen elements and checks for the complement of the current element. This approach is efficient and handles the problem correctly. The logic ensures that two distinct elements are found if they sum to zero.","tentative_completion":"","action":"conf
2026-09-19 20:40:40 [INFO] [eval-sample 2] step=600
  expected: {"reasoning":"The algorithm correctly maps human age to dog's age using the standard conversion formula. It handles edge cases like h_age <= 0 and h_age <= 2, and the formula for h_age > 2 is accurate
  generated: {"reasoning":"The candidate code correctly implements the logic for converting human age to dog's age using the standard formula. It handles edge cases like ages less than or equal to 0 and less than or equal to 2, and applies the correct calculation for ages greater than 2. The code is syntacticall
2026-09-19 20:40:49 [INFO] [eval-sample 3] step=600
  expected: {"reasoning":"I need to verify the logic for edge cases such as when the input is 0 or has leading zeros. Also, I should ensure the code handles all digits correctly and returns the expected boolean v
  generated: {"reasoning":"The code needs to handle edge cases like when the input is 0 or has leading zeros. Also, the code should ensure that the frequency of each digit is correctly compared to the digit itself. The current code may not handle these cases properly.","tentative_completion":"$n = (int)$n;\n$dig
2026-09-19 20:40:49 [INFO] step 600  eval_loss=0.1865  eval_runtime=35.6923  eval_samples_per_second=10.7870  eval_steps_per_second=2.7180  epoch=0.6912
2026-09-19 20:40:51 [INFO] step 605  loss=0.1762  grad_norm=0.5241  learning_rate=0.0000  epoch=0.6970
2026-09-19 20:40:53 [INFO] step 610  loss=0.1675  grad_norm=0.4823  learning_rate=0.0000  epoch=0.7028
2026-09-19 20:40:55 [INFO] step 615  loss=0.1616  grad_norm=0.3945  learning_rate=0.0000  epoch=0.7085
2026-09-19 20:40:57 [INFO] step 620  loss=0.1671  grad_norm=0.4094  learning_rate=0.0000  epoch=0.7143
2026-09-19 20:41:12 [INFO] [eval-sample 0] step=620
  expected: {"reasoning":"The candidate code correctly implements the algorithm by using a frequency map to count occurrences and then filtering the array to include only elements with a frequency of 1. The order
  generated: {"reasoning":"The code correctly tracks the frequency of each element and constructs a new array with elements that appear exactly once, preserving their order. It handles edge cases like empty arrays and arrays with all elements duplicated. The function is complete and ready for the evaluator to te
2026-09-19 20:41:18 [INFO] [eval-sample 1] step=620
  expected: {"reasoning":"The candidate code uses a set to efficiently check for the complement of each element. This ensures that the solution runs in O(n) time complexity. I will confirm the correctness of this
  generated: {"reasoning":"The candidate code uses a set to track seen elements and checks for the complement of the current element. This approach is efficient and handles the problem correctly. However, I need to verify that the code correctly handles edge cases, such as duplicate elements and the case where t
2026-09-19 20:41:25 [INFO] [eval-sample 2] step=620
  expected: {"reasoning":"The algorithm correctly maps human age to dog's age using the standard conversion formula. It handles edge cases like h_age <= 0 and h_age <= 2, and the formula for h_age > 2 is accurate
  generated: {"reasoning":"The candidate code correctly implements the logic for converting human age to dog's age using the standard formula. It handles edge cases like ages less than or equal to 0 and less than or equal to 2, and applies the correct conversion for ages greater than 2. The code is syntactically
2026-09-19 20:41:33 [INFO] [eval-sample 3] step=620
  expected: {"reasoning":"I need to verify the logic for edge cases such as when the input is 0 or has leading zeros. Also, I should ensure the code handles all digits correctly and returns the expected boolean v
  generated: {"reasoning":"The code needs to handle edge cases like when the input is 0 or has leading zeros. Also, the code should ensure that the frequency of each digit is correctly compared to the digit itself. The current code may not handle these cases properly.","tentative_completion":"$n = (int)$n;\n$dig
2026-09-19 20:41:33 [INFO] step 620  eval_loss=0.1861  eval_runtime=36.3657  eval_samples_per_second=10.5870  eval_steps_per_second=2.6670  epoch=0.7143
2026-09-19 20:41:36 [INFO] step 625  loss=0.1752  grad_norm=0.2858  learning_rate=0.0000  epoch=0.7200
2026-09-19 20:41:38 [INFO] step 630  loss=0.1751  grad_norm=0.5582  learning_rate=0.0000  epoch=0.7258
2026-09-19 20:41:40 [INFO] step 635  loss=0.1964  grad_norm=0.6452  learning_rate=0.0000  epoch=0.7316
2026-09-19 20:41:41 [INFO] step 640  loss=0.1664  grad_norm=0.4591  learning_rate=0.0000  epoch=0.7373
2026-09-19 20:41:56 [INFO] [eval-sample 0] step=640
  expected: {"reasoning":"The candidate code correctly implements the algorithm by using a frequency map to count occurrences and then filtering the array to include only elements with a frequency of 1. The order
  generated: {"reasoning":"The code correctly tracks the frequency of each element and constructs a new array with elements that appear exactly once, preserving their order. It handles edge cases like empty arrays and arrays with all elements duplicated. The function is complete and ready for the evaluator to te
2026-09-19 20:42:02 [INFO] [eval-sample 1] step=640
  expected: {"reasoning":"The candidate code uses a set to efficiently check for the complement of each element. This ensures that the solution runs in O(n) time complexity. I will confirm the correctness of this
  generated: {"reasoning":"The candidate code uses a set to track seen elements and checks for the complement of the current element. This approach is efficient and handles the problem correctly. However, I need to verify that the code correctly handles edge cases, such as duplicate elements and the case where t
2026-09-19 20:42:09 [INFO] [eval-sample 2] step=640
  expected: {"reasoning":"The algorithm correctly maps human age to dog's age using the standard conversion formula. It handles edge cases like h_age <= 0 and h_age <= 2, and the formula for h_age > 2 is accurate
  generated: {"reasoning":"The candidate code correctly implements the logic for converting human age to dog's age using the standard formula. It handles edge cases like ages less than or equal to 0 and less than or equal to 2, and applies the correct conversion for ages greater than 2. The code is syntactically
2026-09-19 20:42:17 [INFO] [eval-sample 3] step=640
  expected: {"reasoning":"I need to verify the logic for edge cases such as when the input is 0 or has leading zeros. Also, I should ensure the code handles all digits correctly and returns the expected boolean v
  generated: {"reasoning":"The code needs to handle edge cases like when the input is 0 or has leading zeros. Also, the code should ensure that the frequency of each digit is correctly compared to the digit itself. The current code may not handle these cases properly.","tentative_completion":"$n = (int)$n;\n$dig
2026-09-19 20:42:17 [INFO] step 640  eval_loss=0.1856  eval_runtime=36.1774  eval_samples_per_second=10.6420  eval_steps_per_second=2.6810  epoch=0.7373
2026-09-19 20:42:20 [INFO] step 645  loss=0.1953  grad_norm=0.5066  learning_rate=0.0000  epoch=0.7431
2026-09-19 20:42:22 [INFO] step 650  loss=0.2023  grad_norm=0.5390  learning_rate=0.0000  epoch=0.7488
2026-09-19 20:42:23 [INFO] step 655  loss=0.1804  grad_norm=0.5371  learning_rate=0.0000  epoch=0.7546
2026-09-19 20:42:25 [INFO] step 660  loss=0.2001  grad_norm=0.3853  learning_rate=0.0000  epoch=0.7604
2026-09-19 20:42:40 [INFO] [eval-sample 0] step=660
  expected: {"reasoning":"The candidate code correctly implements the algorithm by using a frequency map to count occurrences and then filtering the array to include only elements with a frequency of 1. The order
  generated: {"reasoning":"The code correctly tracks the frequency of each element and constructs a new array with elements that appear exactly once, preserving their order. It handles edge cases like empty arrays and arrays with all elements duplicated. The function is complete and ready for the evaluator to te
2026-09-19 20:42:47 [INFO] [eval-sample 1] step=660
  expected: {"reasoning":"The candidate code uses a set to efficiently check for the complement of each element. This ensures that the solution runs in O(n) time complexity. I will confirm the correctness of this
  generated: {"reasoning":"The candidate code uses a set to track seen elements and checks for the complement of the current element. This approach is efficient and handles the problem correctly. However, I need to verify that the code correctly handles edge cases, such as duplicate elements and the case where t
2026-09-19 20:42:53 [INFO] [eval-sample 2] step=660
  expected: {"reasoning":"The algorithm correctly maps human age to dog's age using the standard conversion formula. It handles edge cases like h_age <= 0 and h_age <= 2, and the formula for h_age > 2 is accurate
  generated: {"reasoning":"The candidate code correctly implements the logic for converting human age to dog's age using the standard formula. It handles edge cases like ages less than or equal to 0 and less than or equal to 2, and applies the correct calculation for ages greater than 2. The code is syntacticall
2026-09-19 20:43:01 [INFO] [eval-sample 3] step=660
  expected: {"reasoning":"I need to verify the logic for edge cases such as when the input is 0 or has leading zeros. Also, I should ensure the code handles all digits correctly and returns the expected boolean v
  generated: {"reasoning":"The candidate code needs to be verified for edge cases, such as when the input is 0 or has leading zeros. Also, the code should handle all digits correctly and return the expected boolean value.","tentative_completion":"$digits = str_split(strval($n));\n$freq = array_count_values($digi
2026-09-19 20:43:01 [INFO] step 660  eval_loss=0.1858  eval_runtime=36.0788  eval_samples_per_second=10.6710  eval_steps_per_second=2.6890  epoch=0.7604
2026-09-19 20:43:04 [INFO] step 665  loss=0.1842  grad_norm=0.4956  learning_rate=0.0000  epoch=0.7661
2026-09-19 20:43:06 [INFO] step 670  loss=0.2000  grad_norm=0.4583  learning_rate=0.0000  epoch=0.7719
2026-09-19 20:43:07 [INFO] step 675  loss=0.2005  grad_norm=0.3706  learning_rate=0.0000  epoch=0.7776
2026-09-19 20:43:09 [INFO] step 680  loss=0.1901  grad_norm=0.5898  learning_rate=0.0000  epoch=0.7834
2026-09-19 20:43:24 [INFO] [eval-sample 0] step=680
  expected: {"reasoning":"The candidate code correctly implements the algorithm by using a frequency map to count occurrences and then filtering the array to include only elements with a frequency of 1. The order
  generated: {"reasoning":"The code correctly tracks the frequency of each element and constructs a new array with elements that appear exactly once, preserving their order. It handles edge cases like empty arrays and arrays with all elements duplicated. The function is complete and ready for the evaluator to te
2026-09-19 20:43:30 [INFO] [eval-sample 1] step=680
  expected: {"reasoning":"The candidate code uses a set to efficiently check for the complement of each element. This ensures that the solution runs in O(n) time complexity. I will confirm the correctness of this
  generated: {"reasoning":"The candidate code uses a set to track seen elements and checks for the complement of the current element. This approach is efficient and handles the problem correctly. However, I need to verify that the code correctly handles edge cases, such as duplicate elements and the case where t
2026-09-19 20:43:37 [INFO] [eval-sample 2] step=680
  expected: {"reasoning":"The algorithm correctly maps human age to dog's age using the standard conversion formula. It handles edge cases like h_age <= 0 and h_age <= 2, and the formula for h_age > 2 is accurate
  generated: {"reasoning":"The candidate code correctly implements the logic for converting human age to dog's age using the standard formula. It handles edge cases like ages less than or equal to 0 and less than or equal to 2, and applies the correct calculation for ages greater than 2. The code is syntacticall
2026-09-19 20:43:45 [INFO] [eval-sample 3] step=680
  expected: {"reasoning":"I need to verify the logic for edge cases such as when the input is 0 or has leading zeros. Also, I should ensure the code handles all digits correctly and returns the expected boolean v
  generated: {"reasoning":"The candidate code needs to be verified for edge cases, such as when the input is 0 or has leading zeros. Also, the code should handle all digits correctly and return the expected boolean value.","tentative_completion":"$digits = str_split(strval($n));\n$freq = array_count_values($digi
2026-09-19 20:43:45 [INFO] step 680  eval_loss=0.1855  eval_runtime=35.6342  eval_samples_per_second=10.8040  eval_steps_per_second=2.7220  epoch=0.7834
2026-09-19 20:43:47 [INFO] step 685  loss=0.1684  grad_norm=0.3998  learning_rate=0.0000  epoch=0.7892
2026-09-19 20:43:49 [INFO] step 690  loss=0.1918  grad_norm=0.5932  learning_rate=0.0000  epoch=0.7949
2026-09-19 20:43:51 [INFO] step 695  loss=0.1751  grad_norm=0.2910  learning_rate=0.0000  epoch=0.8007
2026-09-19 20:43:53 [INFO] step 700  loss=0.2030  grad_norm=0.7153  learning_rate=0.0000  epoch=0.8065
2026-09-19 20:44:07 [INFO] [eval-sample 0] step=700
  expected: {"reasoning":"The candidate code correctly implements the algorithm by using a frequency map to count occurrences and then filtering the array to include only elements with a frequency of 1. The order
  generated: {"reasoning":"The code correctly tracks the frequency of each element and constructs a new array with elements that appear exactly once, preserving their order. It handles edge cases like empty arrays and arrays with all elements duplicated. The function is complete and ready for the evaluator to te
2026-09-19 20:44:14 [INFO] [eval-sample 1] step=700
  expected: {"reasoning":"The candidate code uses a set to efficiently check for the complement of each element. This ensures that the solution runs in O(n) time complexity. I will confirm the correctness of this
  generated: {"reasoning":"The candidate code uses a set to track seen elements and checks for the complement of the current element. This approach is efficient and handles the problem correctly. However, I need to verify that the code correctly handles edge cases, such as duplicate elements and the case where t
2026-09-19 20:44:20 [INFO] [eval-sample 2] step=700
  expected: {"reasoning":"The algorithm correctly maps human age to dog's age using the standard conversion formula. It handles edge cases like h_age <= 0 and h_age <= 2, and the formula for h_age > 2 is accurate
  generated: {"reasoning":"The candidate code correctly implements the logic for converting human age to dog's age, including edge cases. The formula accounts for the first two years as 10.5 years each and subsequent years as 4 years each. The code is syntactically correct and handles all specified scenarios.","
2026-09-19 20:44:28 [INFO] [eval-sample 3] step=700
  expected: {"reasoning":"I need to verify the logic for edge cases such as when the input is 0 or has leading zeros. Also, I should ensure the code handles all digits correctly and returns the expected boolean v
  generated: {"reasoning":"The candidate code needs to be verified for edge cases, such as when the input is 0 or has leading zeros. Also, the code should handle all digits correctly and return the expected boolean value.","tentative_completion":"$digits = str_split(strval($n));\n$freq = array_count_values($digi
2026-09-19 20:44:28 [INFO] step 700  eval_loss=0.1854  eval_runtime=35.4169  eval_samples_per_second=10.8710  eval_steps_per_second=2.7390  epoch=0.8065
2026-09-19 20:44:31 [INFO] step 705  loss=0.1730  grad_norm=0.4389  learning_rate=0.0000  epoch=0.8122
2026-09-19 20:44:33 [INFO] step 710  loss=0.2061  grad_norm=0.7696  learning_rate=0.0000  epoch=0.8180
2026-09-19 20:44:34 [INFO] step 715  loss=0.1791  grad_norm=0.4355  learning_rate=0.0000  epoch=0.8237
2026-09-19 20:44:36 [INFO] step 720  loss=0.1936  grad_norm=0.5165  learning_rate=0.0000  epoch=0.8295
2026-09-19 20:44:51 [INFO] [eval-sample 0] step=720
  expected: {"reasoning":"The candidate code correctly implements the algorithm by using a frequency map to count occurrences and then filtering the array to include only elements with a frequency of 1. The order
  generated: {"reasoning":"The code correctly tracks the frequency of each element and constructs a new array with elements that appear exactly once, preserving their order. It handles edge cases like empty arrays and arrays with all elements duplicated. The function is complete and ready for the evaluator to te
2026-09-19 20:44:57 [INFO] [eval-sample 1] step=720
  expected: {"reasoning":"The candidate code uses a set to efficiently check for the complement of each element. This ensures that the solution runs in O(n) time complexity. I will confirm the correctness of this
  generated: {"reasoning":"The candidate code uses a set to track seen elements and checks for the complement of the current element. This approach is efficient and handles the problem correctly. However, I need to verify that the code correctly handles edge cases, such as duplicate elements and the case where t
2026-09-19 20:45:04 [INFO] [eval-sample 2] step=720
  expected: {"reasoning":"The algorithm correctly maps human age to dog's age using the standard conversion formula. It handles edge cases like h_age <= 0 and h_age <= 2, and the formula for h_age > 2 is accurate
  generated: {"reasoning":"The candidate code correctly implements the logic for converting human age to dog's age using the standard formula. It handles edge cases like ages less than or equal to 0 and less than or equal to 2, and applies the correct conversion for ages greater than 2. The code is syntactically
2026-09-19 20:45:11 [INFO] [eval-sample 3] step=720
  expected: {"reasoning":"I need to verify the logic for edge cases such as when the input is 0 or has leading zeros. Also, I should ensure the code handles all digits correctly and returns the expected boolean v
  generated: {"reasoning":"The candidate code needs to be verified for edge cases, such as when the input is 0 or has leading zeros. Also, the code should handle all digits correctly and return the expected boolean value.","tentative_completion":"$digits = str_split(strval($n));\n$freq = array_count_values($digi
2026-09-19 20:45:11 [INFO] step 720  eval_loss=0.1852  eval_runtime=35.3200  eval_samples_per_second=10.9000  eval_steps_per_second=2.7460  epoch=0.8295
2026-09-19 20:45:14 [INFO] step 725  loss=0.2109  grad_norm=0.4840  learning_rate=0.0000  epoch=0.8353
2026-09-19 20:45:16 [INFO] step 730  loss=0.1768  grad_norm=0.4311  learning_rate=0.0000  epoch=0.8410
2026-09-19 20:45:18 [INFO] step 735  loss=0.1758  grad_norm=0.6622  learning_rate=0.0000  epoch=0.8468
2026-09-19 20:45:19 [INFO] step 740  loss=0.1768  grad_norm=0.4206  learning_rate=0.0000  epoch=0.8525
2026-09-19 20:45:34 [INFO] [eval-sample 0] step=740
  expected: {"reasoning":"The candidate code correctly implements the algorithm by using a frequency map to count occurrences and then filtering the array to include only elements with a frequency of 1. The order
  generated: {"reasoning":"The code correctly tracks the frequency of each element and constructs a new array with elements that appear exactly once, preserving their order. It handles edge cases like empty arrays and arrays with all elements duplicated. The function is complete and ready for the evaluator to te
2026-09-19 20:45:40 [INFO] [eval-sample 1] step=740
  expected: {"reasoning":"The candidate code uses a set to efficiently check for the complement of each element. This ensures that the solution runs in O(n) time complexity. I will confirm the correctness of this
  generated: {"reasoning":"The candidate code uses a set to track seen elements and checks for the complement of the current element. This approach is efficient and handles the problem correctly. However, I need to verify that the code correctly handles edge cases, such as duplicate elements and the case where t
2026-09-19 20:45:47 [INFO] [eval-sample 2] step=740
  expected: {"reasoning":"The algorithm correctly maps human age to dog's age using the standard conversion formula. It handles edge cases like h_age <= 0 and h_age <= 2, and the formula for h_age > 2 is accurate
  generated: {"reasoning":"The candidate code correctly implements the logic for converting human age to dog's age using the standard formula. It handles edge cases like ages less than or equal to 0 and less than or equal to 2, and applies the correct calculation for ages greater than 2. The code is syntacticall
2026-09-19 20:45:55 [INFO] [eval-sample 3] step=740
  expected: {"reasoning":"I need to verify the logic for edge cases such as when the input is 0 or has leading zeros. Also, I should ensure the code handles all digits correctly and returns the expected boolean v
  generated: {"reasoning":"The candidate code needs to be verified for edge cases, such as when the input is 0 or has leading zeros. Also, the code should handle all digits correctly and return the expected boolean value.","tentative_completion":"$digits = str_split(strval($n));\n$freq = array_count_values($digi
2026-09-19 20:45:55 [INFO] step 740  eval_loss=0.1851  eval_runtime=35.2899  eval_samples_per_second=10.9100  eval_steps_per_second=2.7490  epoch=0.8525
2026-09-19 20:45:57 [INFO] step 745  loss=0.1554  grad_norm=0.4243  learning_rate=0.0000  epoch=0.8583
2026-09-19 20:45:59 [INFO] step 750  loss=0.1625  grad_norm=0.3735  learning_rate=0.0000  epoch=0.8641
2026-09-19 20:46:01 [INFO] step 755  loss=0.1742  grad_norm=0.3852  learning_rate=0.0000  epoch=0.8698
2026-09-19 20:46:03 [INFO] step 760  loss=0.1643  grad_norm=0.5338  learning_rate=0.0000  epoch=0.8756
2026-09-19 20:46:18 [INFO] [eval-sample 0] step=760
  expected: {"reasoning":"The candidate code correctly implements the algorithm by using a frequency map to count occurrences and then filtering the array to include only elements with a frequency of 1. The order
  generated: {"reasoning":"The code correctly tracks the frequency of each element and constructs a new array with elements that appear exactly once, preserving their order. It handles edge cases like empty arrays and arrays with all elements duplicated. The function is complete and ready for the evaluator to te
2026-09-19 20:46:24 [INFO] [eval-sample 1] step=760
  expected: {"reasoning":"The candidate code uses a set to efficiently check for the complement of each element. This ensures that the solution runs in O(n) time complexity. I will confirm the correctness of this
  generated: {"reasoning":"The candidate code uses a set to track seen elements and checks for the complement of the current element. This approach is efficient and handles the problem correctly. However, I need to verify that the code correctly handles edge cases, such as duplicate elements and the case where t
2026-09-19 20:46:31 [INFO] [eval-sample 2] step=760
  expected: {"reasoning":"The algorithm correctly maps human age to dog's age using the standard conversion formula. It handles edge cases like h_age <= 0 and h_age <= 2, and the formula for h_age > 2 is accurate
  generated: {"reasoning":"The candidate code correctly implements the logic for converting human age to dog's age using the standard formula. It handles edge cases like ages less than or equal to 0 and less than or equal to 2, and applies the correct calculation for ages greater than 2. The code is syntacticall
2026-09-19 20:46:38 [INFO] [eval-sample 3] step=760
  expected: {"reasoning":"I need to verify the logic for edge cases such as when the input is 0 or has leading zeros. Also, I should ensure the code handles all digits correctly and returns the expected boolean v
  generated: {"reasoning":"The candidate code needs to be verified for edge cases, such as when the input is 0 or has leading zeros. Also, the code should handle all digits correctly and return the expected boolean value.","tentative_completion":"$digits = str_split(strval($n));\n$freq = array_count_values($digi
2026-09-19 20:46:38 [INFO] step 760  eval_loss=0.1851  eval_runtime=35.2800  eval_samples_per_second=10.9130  eval_steps_per_second=2.7490  epoch=0.8756
2026-09-19 20:46:41 [INFO] step 765  loss=0.1608  grad_norm=0.3682  learning_rate=0.0000  epoch=0.8813
2026-09-19 20:46:43 [INFO] step 770  loss=0.1639  grad_norm=0.5173  learning_rate=0.0000  epoch=0.8871
2026-09-19 20:46:44 [INFO] step 775  loss=0.1822  grad_norm=0.4273  learning_rate=0.0000  epoch=0.8929
2026-09-19 20:46:46 [INFO] step 780  loss=0.1960  grad_norm=0.6973  learning_rate=0.0000  epoch=0.8986
2026-09-19 20:47:01 [INFO] [eval-sample 0] step=780
  expected: {"reasoning":"The candidate code correctly implements the algorithm by using a frequency map to count occurrences and then filtering the array to include only elements with a frequency of 1. The order
  generated: {"reasoning":"The code correctly tracks the frequency of each element and constructs a new array with elements that appear exactly once, preserving their order. It handles edge cases like empty arrays and arrays with all elements duplicated. The function is complete and ready for the evaluator to te
2026-09-19 20:47:07 [INFO] [eval-sample 1] step=780
  expected: {"reasoning":"The candidate code uses a set to efficiently check for the complement of each element. This ensures that the solution runs in O(n) time complexity. I will confirm the correctness of this
  generated: {"reasoning":"The candidate code uses a set to track seen elements and checks for the complement of the current element. This approach is efficient and handles the problem correctly. However, I need to verify that the code correctly handles edge cases, such as duplicate elements and the case where t
2026-09-19 20:47:14 [INFO] [eval-sample 2] step=780
  expected: {"reasoning":"The algorithm correctly maps human age to dog's age using the standard conversion formula. It handles edge cases like h_age <= 0 and h_age <= 2, and the formula for h_age > 2 is accurate
  generated: {"reasoning":"The candidate code correctly implements the logic for converting human age to dog's age using the standard formula. It handles edge cases like zero or negative input by returning 0, and correctly applies the 10.5 years for the first two years and 4 years for each subsequent year. The c
2026-09-19 20:47:22 [INFO] [eval-sample 3] step=780
  expected: {"reasoning":"I need to verify the logic for edge cases such as when the input is 0 or has leading zeros. Also, I should ensure the code handles all digits correctly and returns the expected boolean v
  generated: {"reasoning":"The candidate code needs to be verified for edge cases, such as when the input is 0 or has leading zeros. Also, the code should handle all digits correctly and return the expected boolean value.","tentative_completion":"$digits = str_split(strval($n));\n$freq = array_count_values($digi
2026-09-19 20:47:22 [INFO] step 780  eval_loss=0.1851  eval_runtime=35.9292  eval_samples_per_second=10.7160  eval_steps_per_second=2.7000  epoch=0.8986
2026-09-19 20:47:25 [INFO] step 785  loss=0.1931  grad_norm=0.3713  learning_rate=0.0000  epoch=0.9044
2026-09-19 20:47:26 [INFO] step 790  loss=0.1683  grad_norm=0.3119  learning_rate=0.0000  epoch=0.9101
2026-09-19 20:47:28 [INFO] step 795  loss=0.1501  grad_norm=0.4380  learning_rate=0.0000  epoch=0.9159
2026-09-19 20:47:30 [INFO] step 800  loss=0.1704  grad_norm=0.4416  learning_rate=0.0000  epoch=0.9217
2026-09-19 20:47:45 [INFO] [eval-sample 0] step=800
  expected: {"reasoning":"The candidate code correctly implements the algorithm by using a frequency map to count occurrences and then filtering the array to include only elements with a frequency of 1. The order
  generated: {"reasoning":"The code correctly tracks the frequency of each element and constructs a new array with elements that appear exactly once, preserving their order. It handles edge cases like empty arrays and arrays with all elements duplicated. The function is complete and ready for the evaluator to te
2026-09-19 20:47:52 [INFO] [eval-sample 1] step=800
  expected: {"reasoning":"The candidate code uses a set to efficiently check for the complement of each element. This ensures that the solution runs in O(n) time complexity. I will confirm the correctness of this
  generated: {"reasoning":"The candidate code uses a set to track seen elements and checks for the complement of the current element. This approach is efficient and handles the problem correctly. However, I need to verify that the code correctly handles edge cases, such as duplicate elements and the case where t
2026-09-19 20:47:58 [INFO] [eval-sample 2] step=800
  expected: {"reasoning":"The algorithm correctly maps human age to dog's age using the standard conversion formula. It handles edge cases like h_age <= 0 and h_age <= 2, and the formula for h_age > 2 is accurate
  generated: {"reasoning":"The candidate code correctly implements the logic for converting human age to dog's age using the standard formula. It handles edge cases like ages less than or equal to 0 and less than or equal to 2, and applies the correct calculation for ages greater than 2. The code is syntacticall
2026-09-19 20:48:06 [INFO] [eval-sample 3] step=800
  expected: {"reasoning":"I need to verify the logic for edge cases such as when the input is 0 or has leading zeros. Also, I should ensure the code handles all digits correctly and returns the expected boolean v
  generated: {"reasoning":"The candidate code needs to be verified for edge cases, such as when the input is 0 or has leading zeros. Also, the code should handle all digits correctly and return the expected boolean value.","tentative_completion":"$digits = str_split(strval($n));\n$freq = array_count_values($digi
2026-09-19 20:48:06 [INFO] step 800  eval_loss=0.1850  eval_runtime=36.2250  eval_samples_per_second=10.6280  eval_steps_per_second=2.6780  epoch=0.9217
2026-09-19 20:48:09 [INFO] step 805  loss=0.2074  grad_norm=0.3729  learning_rate=0.0000  epoch=0.9274
2026-09-19 20:48:10 [INFO] step 810  loss=0.1776  grad_norm=0.5486  learning_rate=0.0000  epoch=0.9332
2026-09-19 20:48:12 [INFO] step 815  loss=0.1700  grad_norm=0.4293  learning_rate=0.0000  epoch=0.9389
2026-09-19 20:48:14 [INFO] step 820  loss=0.1573  grad_norm=0.7743  learning_rate=0.0000  epoch=0.9447
2026-09-19 20:48:29 [INFO] [eval-sample 0] step=820
  expected: {"reasoning":"The candidate code correctly implements the algorithm by using a frequency map to count occurrences and then filtering the array to include only elements with a frequency of 1. The order
  generated: {"reasoning":"The code correctly tracks the frequency of each element and constructs a new array with elements that appear exactly once, preserving their order. It handles edge cases like empty arrays and arrays with all elements duplicated. The function is complete and ready for the evaluator to te
2026-09-19 20:48:36 [INFO] [eval-sample 1] step=820
  expected: {"reasoning":"The candidate code uses a set to efficiently check for the complement of each element. This ensures that the solution runs in O(n) time complexity. I will confirm the correctness of this
  generated: {"reasoning":"The candidate code uses a set to track seen elements and checks for the complement of the current element. This approach is efficient and handles the problem correctly. However, I need to verify that the code correctly handles edge cases, such as duplicate elements and the case where t
2026-09-19 20:48:42 [INFO] [eval-sample 2] step=820
  expected: {"reasoning":"The algorithm correctly maps human age to dog's age using the standard conversion formula. It handles edge cases like h_age <= 0 and h_age <= 2, and the formula for h_age > 2 is accurate
  generated: {"reasoning":"The candidate code correctly implements the logic for converting human age to dog's age using the standard formula. It handles edge cases like ages less than or equal to 0 and less than or equal to 2, and applies the correct calculation for ages greater than 2. The code is syntacticall
2026-09-19 20:48:50 [INFO] [eval-sample 3] step=820
  expected: {"reasoning":"I need to verify the logic for edge cases such as when the input is 0 or has leading zeros. Also, I should ensure the code handles all digits correctly and returns the expected boolean v
  generated: {"reasoning":"The candidate code needs to be verified for edge cases, such as when the input is 0 or has leading zeros. Also, the code should handle all digits correctly and return the expected boolean value.","tentative_completion":"$digits = str_split(strval($n));\n$freq = array_count_values($digi
2026-09-19 20:48:50 [INFO] step 820  eval_loss=0.1851  eval_runtime=35.9344  eval_samples_per_second=10.7140  eval_steps_per_second=2.6990  epoch=0.9447
2026-09-19 20:48:53 [INFO] step 825  loss=0.1861  grad_norm=0.4481  learning_rate=0.0000  epoch=0.9505
2026-09-19 20:48:55 [INFO] step 830  loss=0.1996  grad_norm=0.3955  learning_rate=0.0000  epoch=0.9562
2026-09-19 20:48:56 [INFO] step 835  loss=0.1778  grad_norm=0.3732  learning_rate=0.0000  epoch=0.9620
2026-09-19 20:48:58 [INFO] step 840  loss=0.1997  grad_norm=0.5193  learning_rate=0.0000  epoch=0.9677
2026-09-19 20:49:13 [INFO] [eval-sample 0] step=840
  expected: {"reasoning":"The candidate code correctly implements the algorithm by using a frequency map to count occurrences and then filtering the array to include only elements with a frequency of 1. The order
  generated: {"reasoning":"The code correctly tracks the frequency of each element and constructs a new array with elements that appear exactly once, preserving their order. It handles edge cases like empty arrays and arrays with all elements duplicated. The function is complete and ready for the evaluator to te
2026-09-19 20:49:19 [INFO] [eval-sample 1] step=840
  expected: {"reasoning":"The candidate code uses a set to efficiently check for the complement of each element. This ensures that the solution runs in O(n) time complexity. I will confirm the correctness of this
  generated: {"reasoning":"The candidate code uses a set to track seen elements and checks for the complement of the current element. This approach is efficient and handles the problem correctly. However, I need to verify that the code correctly handles edge cases, such as duplicate elements and the case where t
2026-09-19 20:49:26 [INFO] [eval-sample 2] step=840
  expected: {"reasoning":"The algorithm correctly maps human age to dog's age using the standard conversion formula. It handles edge cases like h_age <= 0 and h_age <= 2, and the formula for h_age > 2 is accurate
  generated: {"reasoning":"The candidate code correctly implements the logic for converting human age to dog's age using the standard formula. It handles edge cases like zero or negative input by returning 0, and correctly applies the 10.5 years for the first two years and 4 years for each subsequent year. The c
2026-09-19 20:49:34 [INFO] [eval-sample 3] step=840
  expected: {"reasoning":"I need to verify the logic for edge cases such as when the input is 0 or has leading zeros. Also, I should ensure the code handles all digits correctly and returns the expected boolean v
  generated: {"reasoning":"The candidate code needs to be verified for edge cases, such as when the input is 0 or has leading zeros. Also, the code should handle all digits correctly and return the expected boolean value.","tentative_completion":"$digits = str_split(strval($n));\n$freq = array_count_values($digi
2026-09-19 20:49:34 [INFO] step 840  eval_loss=0.1852  eval_runtime=35.9950  eval_samples_per_second=10.6960  eval_steps_per_second=2.6950  epoch=0.9677
2026-09-19 20:49:35 [INFO] step 840  train_runtime=1823.1331  train_samples_per_second=1.9040  train_steps_per_second=0.4760  total_flos=77078005972729856.0000  train_loss=0.2127  epoch=0.9677
2026-09-19 20:49:50 [INFO] [eval-sample 0] step=840
  expected: {"reasoning":"The candidate code correctly implements the algorithm by using a frequency map to count occurrences and then filtering the array to include only elements with a frequency of 1. The order
  generated: {"reasoning":"The code correctly tracks the frequency of each element and constructs a new array with elements that appear exactly once, preserving their order. It handles edge cases like empty arrays and arrays with all elements duplicated. The function is complete and ready for the evaluator to te
2026-09-19 20:49:57 [INFO] [eval-sample 1] step=840
  expected: {"reasoning":"The candidate code uses a set to efficiently check for the complement of each element. This ensures that the solution runs in O(n) time complexity. I will confirm the correctness of this
  generated: {"reasoning":"The candidate code uses a set to track seen elements and checks for the complement of the current element. This approach is efficient and handles the problem correctly. However, I need to verify that the code correctly handles edge cases, such as duplicate elements and the case where t
2026-09-19 20:50:03 [INFO] [eval-sample 2] step=840
  expected: {"reasoning":"The algorithm correctly maps human age to dog's age using the standard conversion formula. It handles edge cases like h_age <= 0 and h_age <= 2, and the formula for h_age > 2 is accurate
  generated: {"reasoning":"The candidate code correctly implements the logic for converting human age to dog's age using the standard formula. It handles edge cases like zero or negative input by returning 0, and correctly applies the 10.5 years for the first two years and 4 years for each subsequent year. The c
2026-09-19 20:50:11 [INFO] [eval-sample 3] step=840
  expected: {"reasoning":"I need to verify the logic for edge cases such as when the input is 0 or has leading zeros. Also, I should ensure the code handles all digits correctly and returns the expected boolean v
  generated: {"reasoning":"The candidate code needs to be verified for edge cases, such as when the input is 0 or has leading zeros. Also, the code should handle all digits correctly and return the expected boolean value.","tentative_completion":"$digits = str_split(strval($n));\n$freq = array_count_values($digi
2026-09-19 20:50:11 [INFO] step 840  eval_loss=0.1852  eval_runtime=35.9689  eval_samples_per_second=10.7040  eval_steps_per_second=2.6970  epoch=0.9677
2026-09-19 20:50:11 [INFO] Final eval metrics: {'eval_loss': 0.18518035113811493, 'eval_runtime': 35.9689, 'eval_samples_per_second': 10.704, 'eval_steps_per_second': 2.697, 'epoch': 0.967741935483871}
2026-09-19 20:50:11 [INFO] Final model saved to /data/wangyuheng/jca/sft_runs/multipl_e_3x4b_v1/A2/final
2026-09-19 20:50:11 [INFO] ======================================================================
2026-09-19 20:50:11 [INFO] Training complete.
2026-09-19 20:50:11 [INFO] ======================================================================
